DATE_TIME,SOURCE_KEY,DC_POWER,AC_POWER,DAILY_YIELD,TOTAL_YIELD
2020-05-28 10:00:00,vOuJvMaM2sgwLmb,1090.24,1063.56,2079.21,2.30796e+06
2020-06-16 11:15:00,81aHJ1q11NBPMrL,740.613,724.827,2209.6,1.21548e+09
2020-05-17 18:45:00,Qf4GUc1pJu5T6c6,0,0,7220,8.38443e+08
2020-05-21 23:00:00,q49J1IKaHRwDQnt,0,0,4844,374171
2020-06-05 23:15:00,vOuJvMaM2sgwLmb,0,0,3421,2.35653e+06
2020-05-17 18:45:00,Et9kgGMDl729KT4,0,0,4603,1.71949e+06
2020-05-24 20:30:00,PeE6FRyGXUgsRhN,0,0,8962,1.34841e+09
2020-06-06 12:45:00,rrq4fwE8jgrTyWY,0,0,1063,1.21084e+08
2020-06-03 08:15:00,LYwnQax7tkwH5Cb,432.733,424.913,414.6,1.79506e+09
2020-05-23 10:00:00,Quc1TzYxW2pYoWX,0,0,1322,3.29541e+08
2020-06-10 13:15:00,Qf4GUc1pJu5T6c6,704.84,689.467,4172.13,8.38619e+08
2020-06-12 21:30:00,oZZkBaNadn6DNKz,0,0,4728,1.70827e+09
2020-06-09 02:30:00,xMbIugepa2P7lBB,0,0,9052,1.06848e+08
2020-05-20 20:45:00,LlT2YUhhzqhg5Sw,0,0,3883,2.82631e+08
2020-05-22 15:30:00,Qf4GUc1pJu5T6c6,855.34,836.973,8740.67,8.3848e+08
2020-05-31 10:00:00,xoJJ8DcxJEcupym,606.627,594.36,1337.13,2.09235e+08
2020-05-24 19:45:00,Quc1TzYxW2pYoWX,0,0,4816,3.29548e+08
2020-06-08 07:45:00,xoJJ8DcxJEcupym,460.333,451.407,333.4,2.09277e+08
2020-05-15 20:15:00,IQ2d7wF4YD8zU1Q,0,0,9663,1.99512e+07
2020-06-15 15:00:00,81aHJ1q11NBPMrL,468.007,459.273,5344,1.21548e+09
2020-06-16 08:45:00,rrq4fwE8jgrTyWY,487.021,477.529,626.643,1.21123e+08
2020-05-25 20:00:00,V94E5Ben1TlhnDV,0,0,9011,1.41217e+09
2020-06-06 15:45:00,NgDl19wMapZy17u,725.721,710.371,7114.21,1.11682e+08
2020-06-05 04:15:00,PeE6FRyGXUgsRhN,0,0,6168,1.34848e+09
2020-05-27 00:15:00,vOuJvMaM2sgwLmb,0,0,0,2.29655e+06
2020-06-15 06:15:00,xMbIugepa2P7lBB,32.54,31.44,5.86667,1.0688e+08
2020-06-13 15:15:00,oZZkBaNadn6DNKz,780.207,763.413,5233.67,1.70827e+09
2020-05-24 07:45:00,4UPUqMRk7TRMgml,444.42,436.24,329.733,2.4933e+06
2020-05-25 13:15:00,V94E5Ben1TlhnDV,1214.84,1184.46,5807.29,1.41216e+09
2020-06-14 04:30:00,PeE6FRyGXUgsRhN,0,0,6515,1.34853e+09
2020-06-05 15:15:00,q49J1IKaHRwDQnt,578.064,566.5,1852.57,463824
2020-06-01 11:00:00,vOuJvMaM2sgwLmb,475.367,466.073,2549.47,2.33576e+06
2020-06-17 15:00:00,IQ2d7wF4YD8zU1Q,571.886,560.45,3458.71,2.01843e+07
2020-06-15 14:15:00,mqwcsP2rE7J0TFp,404.933,396.48,4978.2,5.93804e+08
2020-06-11 19:30:00,LlT2YUhhzqhg5Sw,0,0,3814,2.82758e+08
2020-06-02 13:00:00,9kRcWv60rDACzjR,811.333,793.627,3794.8,2.24785e+09
2020-05-25 12:15:00,WcxssY2VbP4hApt,1293.09,1260.78,4649.4,1.8178e+08
2020-05-17 00:45:00,mqwcsP2rE7J0TFp,0,0,0,5.93597e+08
2020-05-20 02:30:00,q49J1IKaHRwDQnt,0,0,2825,365265
2020-06-03 02:15:00,IQ2d7wF4YD8zU1Q,0,0,0,2.00896e+07
2020-05-29 12:30:00,Qf4GUc1pJu5T6c6,995.821,973.7,4488.86,8.38532e+08
2020-06-06 18:30:00,V94E5Ben1TlhnDV,27.14,26.2133,2609.27,1.41224e+09
2020-05-23 00:00:00,Et9kgGMDl729KT4,0,0,238.8,1.73912e+06
2020-06-02 05:30:00,Mx2yZCDsyf6DPfv,0,0,0,2.58992e+06
2020-06-05 22:30:00,LYwnQax7tkwH5Cb,0,0,2878,1.79507e+09
2020-05-15 11:30:00,xoJJ8DcxJEcupym,0,0,1735,2.09145e+08
2020-06-09 18:45:00,rrq4fwE8jgrTyWY,0.614286,0.592857,3378,1.21095e+08
2020-06-11 13:00:00,WcxssY2VbP4hApt,505.829,495.893,2297.64,1.81875e+08
2020-05-18 10:45:00,Mx2yZCDsyf6DPfv,650.293,636.98,1869.2,2.4756e+06
2020-06-16 14:15:00,V94E5Ben1TlhnDV,217.733,213.28,2051.47,6.59067e+08
2020-05-25 05:00:00,vOuJvMaM2sgwLmb,0,0,0,2.27821e+06
2020-06-15 15:45:00,V94E5Ben1TlhnDV,193.336,189.307,1980.14,1.41228e+09
2020-06-12 23:00:00,Qf4GUc1pJu5T6c6,0,0,4455,8.38629e+08
2020-06-05 04:15:00,NgDl19wMapZy17u,0,0,6331,1.11668e+08
2020-05-30 03:45:00,mqwcsP2rE7J0TFp,0,0,0,5.93698e+08
2020-05-27 03:30:00,q49J1IKaHRwDQnt,0,0,4080,405907
2020-06-14 06:45:00,Mx2yZCDsyf6DPfv,166.953,163.22,55,2.66749e+06
2020-05-30 04:45:00,xoJJ8DcxJEcupym,0,0,0,2.09228e+08
2020-06-16 09:00:00,LYwnQax7tkwH5Cb,516.667,506.48,757.933,1.79511e+09
2020-05-18 14:45:00,IQ2d7wF4YD8zU1Q,996.42,974.307,6351.07,1.99727e+07
2020-05-31 09:30:00,oZZkBaNadn6DNKz,980.9,959.187,1026.27,1.70819e+09
2020-06-17 14:00:00,4UPUqMRk7TRMgml,301.586,295.336,1557.21,1.8944e+06
2020-05-26 22:00:00,Mx2yZCDsyf6DPfv,0,0,9175,2.54933e+06
2020-06-16 07:45:00,Quc1TzYxW2pYoWX,246.547,241.773,203.933,3.29638e+08
2020-06-03 20:30:00,9kRcWv60rDACzjR,0,0,4339,2.24785e+09
2020-06-06 04:45:00,vOuJvMaM2sgwLmb,0,0,3421,2.35653e+06
2020-06-06 14:30:00,Quc1TzYxW2pYoWX,0,0,0,2.19738e+07
2020-06-14 16:15:00,Mx2yZCDsyf6DPfv,309.553,304,2820.73,2.67026e+06
2020-05-29 09:30:00,xoJJ8DcxJEcupym,1044.49,1021.04,1396.93,2.09224e+08
2020-05-15 22:00:00,PeE6FRyGXUgsRhN,0,0,9119,1.34836e+09
2020-05-18 00:30:00,NgDl19wMapZy17u,0,0,0,1.11537e+08
2020-05-16 10:30:00,V94E5Ben1TlhnDV,1155.32,1127.18,2593.07,1.4121e+09
2020-05-18 01:15:00,PeE6FRyGXUgsRhN,0,0,0,1.34837e+09
2020-06-05 03:15:00,LlT2YUhhzqhg5Sw,0,0,2927,2.82727e+08
2020-06-06 18:30:00,vOuJvMaM2sgwLmb,26.5,25.58,8246.47,2.36478e+06
2020-05-18 21:00:00,oZZkBaNadn6DNKz,0,0,6786,1.70811e+09
2020-06-12 23:00:00,oZZkBaNadn6DNKz,0,0,4728,1.70827e+09
2020-06-01 01:15:00,vOuJvMaM2sgwLmb,0,0,0,2.33321e+06
2020-06-12 00:00:00,9kRcWv60rDACzjR,0,0,1103.43,2.24789e+09
2020-06-01 13:15:00,mqwcsP2rE7J0TFp,84.6133,82.4533,3884.6,5.93717e+08
2020-05-31 14:30:00,81aHJ1q11NBPMrL,469.329,459.893,5560,1.21539e+09
2020-06-11 01:30:00,q49J1IKaHRwDQnt,0,0,5303,482941
2020-06-06 00:15:00,Mx2yZCDsyf6DPfv,0,0,7726,2.6168e+06
2020-05-16 02:30:00,xoJJ8DcxJEcupym,0,0,0,2.09147e+08
2020-06-07 09:15:00,IQ2d7wF4YD8zU1Q,644.4,630.227,834.667,1.60958e+07
2020-06-02 15:30:00,oZZkBaNadn6DNKz,907.127,887.133,5418.2,1.70821e+09
2020-05-23 07:00:00,Mx2yZCDsyf6DPfv,217.607,213.347,100,2.51648e+06
2020-06-11 18:30:00,xoJJ8DcxJEcupym,8.10667,7.82,3940.2,2.09301e+08
2020-06-06 20:30:00,9kRcWv60rDACzjR,0,0,8190,2.24787e+09
2020-06-02 12:00:00,Quc1TzYxW2pYoWX,575.993,564.367,2585.53,3.2959e+08
2020-06-16 13:45:00,rrq4fwE8jgrTyWY,599.147,587.147,3880.33,1.21126e+08
2020-05-24 09:45:00,9kRcWv60rDACzjR,1003.14,980.833,1750.47,2.24778e+09
2020-06-04 05:15:00,xMbIugepa2P7lBB,0,0,5879,1.06808e+08
2020-05-28 11:15:00,q49J1IKaHRwDQnt,1210.84,1180.57,3449,418372
2020-06-16 15:30:00,9kRcWv60rDACzjR,606.621,594.357,4866.21,2.24791e+09
2020-05-15 05:30:00,4UPUqMRk7TRMgml,0,0,0,2.42901e+06
2020-05-16 09:45:00,LlT2YUhhzqhg5Sw,1008.46,986.029,1774.21,2.82604e+08
2020-05-31 06:00:00,LYwnQax7tkwH5Cb,19.4933,18.82,1.93333,1.79504e+09
2020-06-10 14:30:00,Et9kgGMDl729KT4,461.493,452.687,1760.8,1.82763e+06
2020-06-03 07:15:00,mqwcsP2rE7J0TFp,179.7,176.033,108.933,5.93724e+08
2020-06-14 23:30:00,vOuJvMaM2sgwLmb,0,0,7463,2.41156e+06
2020-06-05 05:45:00,81aHJ1q11NBPMrL,0,0,0,1.21541e+09
2020-05-18 04:15:00,mqwcsP2rE7J0TFp,0,0,0,5.93604e+08
2020-05-26 23:15:00,81aHJ1q11NBPMrL,0,0,0,0
2020-06-04 13:45:00,mqwcsP2rE7J0TFp,30.96,30.3533,4170.2,5.93734e+08
2020-05-17 15:45:00,oZZkBaNadn6DNKz,417.687,410.34,6241.87,1.7081e+09
2020-06-05 09:30:00,IQ2d7wF4YD8zU1Q,1032.83,1008.39,1397.33,2.0104e+07
2020-06-05 01:15:00,Qf4GUc1pJu5T6c6,0,0,6904,8.38575e+08
2020-05-27 03:00:00,LYwnQax7tkwH5Cb,0,0,0,1.79502e+09
2020-06-02 00:45:00,Qf4GUc1pJu5T6c6,0,0,0,8.38554e+08
2020-06-16 11:00:00,mqwcsP2rE7J0TFp,663.06,649.46,2064.6,5.93807e+08
2020-05-21 18:15:00,Quc1TzYxW2pYoWX,30.3467,29.3133,4890.93,3.29536e+08
2020-05-21 02:30:00,Et9kgGMDl729KT4,0,0,0,1.72889e+06
2020-05-17 10:00:00,IQ2d7wF4YD8zU1Q,972.979,951.429,1817.07,1.99609e+07
2020-05-23 08:00:00,LYwnQax7tkwH5Cb,535.373,524.773,459,1.795e+09
2020-05-20 10:30:00,V94E5Ben1TlhnDV,1198.7,1168.92,2459.4,1.41212e+09
2020-05-31 22:45:00,oZ35aAeoifZaQzV,0,0,6678,1.6601e+09
2020-06-07 14:30:00,q49J1IKaHRwDQnt,0,0,1836,470301
2020-06-10 07:30:00,IQ2d7wF4YD8zU1Q,174.129,170.521,109.5,2.01441e+07
2020-06-09 23:45:00,oZ35aAeoifZaQzV,0,0,8094,1.66016e+09
2020-05-17 07:30:00,oZZkBaNadn6DNKz,190.407,186.453,89.7333,1.7081e+09
2020-06-15 08:15:00,oZ35aAeoifZaQzV,599.76,587.767,526.733,1.66018e+09
2020-06-11 16:15:00,oZZkBaNadn6DNKz,178.507,174.967,3709.6,1.70826e+09
2020-06-08 05:15:00,4UPUqMRk7TRMgml,0,0,7826,2.60136e+06
2020-05-18 20:45:00,4UPUqMRk7TRMgml,0,0,7641,2.45287e+06
2020-05-17 10:45:00,xoJJ8DcxJEcupym,879.693,860.407,2268.6,2.09152e+08
2020-06-13 02:00:00,xoJJ8DcxJEcupym,0,0,4788,2.09306e+08
2020-05-24 20:30:00,xoJJ8DcxJEcupym,0,0,9081,2.09196e+08
2020-05-22 15:45:00,q49J1IKaHRwDQnt,749.533,733.86,8436.73,382608
2020-05-23 03:15:00,Quc1TzYxW2pYoWX,0,0,3687,3.29539e+08
2020-05-18 10:45:00,xoJJ8DcxJEcupym,630.52,617.64,966.6,2.09157e+08
2020-06-11 23:00:00,vOuJvMaM2sgwLmb,0,0,3914,2.39294e+06
2020-06-14 18:00:00,9kRcWv60rDACzjR,102.65,99.7429,7426.64,2.2479e+09
2020-06-05 03:30:00,xMbIugepa2P7lBB,0,0,6899,1.06815e+08
2020-05-22 11:00:00,rrq4fwE8jgrTyWY,1184.38,1154.77,3180.13,1.21005e+08
2020-05-18 18:45:00,4UPUqMRk7TRMgml,0,0,7641,2.45287e+06
2020-06-14 12:00:00,oZZkBaNadn6DNKz,0,0,1781,1.70827e+09
2020-06-04 08:30:00,PeE6FRyGXUgsRhN,525.421,515.086,569.286,1.34847e+09
2020-06-15 00:00:00,NgDl19wMapZy17u,0,0,6277,1.1173e+08
2020-06-03 01:15:00,LlT2YUhhzqhg5Sw,0,0,0,2.8272e+08
2020-06-07 02:45:00,xoJJ8DcxJEcupym,0,0,2354,2.09269e+08
2020-06-17 05:00:00,xoJJ8DcxJEcupym,0,0,0,2.09331e+08
2020-06-01 19:45:00,Quc1TzYxW2pYoWX,0,0,3649,3.29588e+08
2020-05-25 23:15:00,V94E5Ben1TlhnDV,0,0,9011,1.41217e+09
2020-05-19 10:00:00,LYwnQax7tkwH5Cb,384.414,377.714,1247,1.79498e+09
2020-06-10 20:00:00,Qf4GUc1pJu5T6c6,0,0,5556,8.38621e+08
2020-05-16 10:30:00,q49J1IKaHRwDQnt,0,0,1816,350835
2020-06-11 06:15:00,vOuJvMaM2sgwLmb,13.9733,13.48,1.4,2.38903e+06
2020-06-10 15:00:00,LlT2YUhhzqhg5Sw,306.647,300.887,4802.73,2.82754e+08
2020-06-04 17:15:00,9kRcWv60rDACzjR,199.38,195.433,2782.93,2.24786e+09
2020-05-30 22:30:00,Mx2yZCDsyf6DPfv,0,0,8199,2.57894e+06
2020-05-22 13:30:00,xoJJ8DcxJEcupym,0,0,2091,2.09175e+08
2020-05-16 05:15:00,LlT2YUhhzqhg5Sw,0,0,0,2.82602e+08
2020-06-07 15:15:00,xoJJ8DcxJEcupym,37.0933,36.3533,1373.53,4.18552e+07
2020-06-08 21:00:00,LYwnQax7tkwH5Cb,0,0,2702,1.79507e+09
2020-06-14 06:45:00,oZZkBaNadn6DNKz,169.221,165.493,55,1.70827e+09
2020-06-02 23:30:00,Qf4GUc1pJu5T6c6,0,0,7298,8.38562e+08
2020-06-17 03:15:00,q49J1IKaHRwDQnt,0,0,0,516601
2020-05-18 05:30:00,LlT2YUhhzqhg5Sw,0,0,0,2.82616e+08
2020-06-01 22:15:00,xoJJ8DcxJEcupym,0,0,4208,2.09244e+08
2020-05-28 21:30:00,Qf4GUc1pJu5T6c6,0,0,3968,8.38527e+08
2020-05-29 23:15:00,Qf4GUc1pJu5T6c6,0,0,8165,8.38535e+08
2020-05-31 13:15:00,Mx2yZCDsyf6DPfv,1282.13,1250.08,4449,2.58339e+06
2020-05-23 03:30:00,9kRcWv60rDACzjR,0,0,0,2.24777e+09
2020-05-30 06:15:00,9kRcWv60rDACzjR,20.8333,20.1267,4.33333,2.24782e+09
2020-05-15 20:15:00,PeE6FRyGXUgsRhN,0,0,9119,1.34836e+09
2020-05-31 08:15:00,9kRcWv60rDACzjR,439.086,431.014,327.643,2.24783e+09
2020-06-05 00:15:00,IQ2d7wF4YD8zU1Q,0,0,7020,2.01026e+07
2020-06-07 19:30:00,LlT2YUhhzqhg5Sw,0,0,7771,2.82743e+08
2020-05-26 19:00:00,xoJJ8DcxJEcupym,0,0,6233,2.09211e+08
2020-05-22 06:15:00,Qf4GUc1pJu5T6c6,53.0071,51.2929,10.5,8.38471e+08
2020-05-27 10:00:00,oZ35aAeoifZaQzV,1084.51,1059.95,2033.53,1.66006e+09
2020-06-08 05:45:00,IQ2d7wF4YD8zU1Q,0,0,7884,2.01265e+07
2020-06-05 21:45:00,vOuJvMaM2sgwLmb,0,0,3421,2.35653e+06
2020-06-08 03:15:00,PeE6FRyGXUgsRhN,0,0,7544,1.3485e+09
2020-05-15 07:45:00,Mx2yZCDsyf6DPfv,562.129,550.921,418.786,2.45406e+06
2020-06-16 02:45:00,PeE6FRyGXUgsRhN,0,0,2801,1.34854e+09
2020-06-16 23:45:00,LlT2YUhhzqhg5Sw,0,0,5357,2.82785e+08
2020-06-02 04:00:00,rrq4fwE8jgrTyWY,0,0,0,1.21065e+08
2020-06-11 20:30:00,Et9kgGMDl729KT4,0,0,3299,1.83162e+06
2020-06-01 17:30:00,WcxssY2VbP4hApt,9.95,9.59167,4296.17,1.81834e+08
2020-06-07 22:45:00,Mx2yZCDsyf6DPfv,0,0,7818,2.63293e+06
2020-06-13 04:00:00,Mx2yZCDsyf6DPfv,0,0,4576,2.66424e+06
2020-06-04 15:45:00,V94E5Ben1TlhnDV,398.479,391.486,3055.86,1.41223e+09
2020-05-29 18:30:00,LlT2YUhhzqhg5Sw,15.4133,14.88,7232.4,2.82698e+08
2020-06-02 07:15:00,Quc1TzYxW2pYoWX,255.513,250.587,164.667,3.29588e+08
2020-06-08 17:30:00,Mx2yZCDsyf6DPfv,266.26,261.14,9019.6,2.64195e+06
2020-05-18 12:30:00,q49J1IKaHRwDQnt,718.353,700.707,3120.73,361400
2020-05-24 01:30:00,9kRcWv60rDACzjR,0,0,0,2.24778e+09
2020-06-12 02:30:00,mqwcsP2rE7J0TFp,0,0,0,5.93782e+08
2020-06-13 08:00:00,IQ2d7wF4YD8zU1Q,379.553,372.907,303.067,2.01587e+07
2020-05-22 07:15:00,oZ35aAeoifZaQzV,289.467,284.193,168.4,1.66002e+09
2020-06-02 08:30:00,Quc1TzYxW2pYoWX,441.927,433.867,613.867,3.29589e+08
2020-05-27 12:00:00,81aHJ1q11NBPMrL,0,0,0,0
2020-05-31 05:45:00,rrq4fwE8jgrTyWY,0,0,0,1.21055e+08
2020-06-05 05:00:00,oZZkBaNadn6DNKz,0,0,0,1.70822e+09
2020-05-15 03:00:00,oZZkBaNadn6DNKz,0,0,0,1.70808e+09
2020-06-02 15:30:00,V94E5Ben1TlhnDV,917.56,897.32,5342.33,1.41222e+09
2020-06-10 01:30:00,NgDl19wMapZy17u,0,0,8067,1.11708e+08
2020-06-05 17:15:00,NgDl19wMapZy17u,290.487,285.227,7470.33,1.11675e+08
2020-05-26 23:30:00,PeE6FRyGXUgsRhN,0,0,6704,1.34843e+09
2020-06-10 21:30:00,vOuJvMaM2sgwLmb,0,0,5480,2.38903e+06
2020-05-29 06:45:00,4UPUqMRk7TRMgml,130.136,126.621,62.1429,2.52962e+06
2020-05-22 19:15:00,LlT2YUhhzqhg5Sw,0,0,5052,2.82642e+08
2020-05-28 18:00:00,oZZkBaNadn6DNKz,95.9533,93.2,9018.27,1.70818e+09
2020-06-03 11:00:00,LlT2YUhhzqhg5Sw,62.2,60.84,1003.2,2.26177e+08
2020-05-21 23:15:00,oZZkBaNadn6DNKz,0,0,4934,1.70812e+09
2020-05-18 22:45:00,oZZkBaNadn6DNKz,0,0,6786,1.70811e+09
2020-05-17 10:30:00,xMbIugepa2P7lBB,908.88,889.073,2188.13,1.06676e+08
2020-06-08 09:30:00,Mx2yZCDsyf6DPfv,936.015,915.1,1433.38,2.63436e+06
2020-05-31 17:45:00,vOuJvMaM2sgwLmb,73.68,71.48,6490.6,2.33318e+06
2020-06-01 12:45:00,Mx2yZCDsyf6DPfv,809.829,792.514,3772.71,2.58936e+06
2020-06-03 03:00:00,Qf4GUc1pJu5T6c6,0,0,0,8.38562e+08
2020-06-08 17:30:00,LlT2YUhhzqhg5Sw,251.387,246.507,2692.27,2.82745e+08
2020-05-28 16:15:00,WcxssY2VbP4hApt,497.936,487.95,7412.79,1.55834e+08
2020-05-18 13:45:00,q49J1IKaHRwDQnt,0,0,3179,361458
2020-05-19 18:15:00,4UPUqMRk7TRMgml,1.58,1.52667,1968,2.45484e+06
2020-06-01 03:00:00,rrq4fwE8jgrTyWY,0,0,0,1.21061e+08
2020-05-17 18:30:00,WcxssY2VbP4hApt,7.53333,7.26,7265.53,1.8172e+08
2020-05-21 09:45:00,LYwnQax7tkwH5Cb,614.927,601.2,1216.47,1.31632e+09
2020-06-09 08:30:00,NgDl19wMapZy17u,722.267,707.233,799.467,1.11701e+08
2020-06-05 11:30:00,LlT2YUhhzqhg5Sw,0,0,1387,2.82729e+08
2020-06-01 20:15:00,xMbIugepa2P7lBB,0,0,4143,1.06795e+08
2020-05-28 22:30:00,9kRcWv60rDACzjR,0,0,8932,2.24782e+09
2020-06-07 09:15:00,oZZkBaNadn6DNKz,686.779,671.536,820.143,1.34218e+09
2020-05-24 15:45:00,Quc1TzYxW2pYoWX,570.753,559.353,4125.8,3.29547e+08
2020-05-19 21:30:00,xoJJ8DcxJEcupym,0,0,6155,2.09166e+08
2020-06-03 10:15:00,Mx2yZCDsyf6DPfv,432.747,424.293,1547.73,2.5988e+06
2020-06-03 05:15:00,vOuJvMaM2sgwLmb,0,0,0,2.34127e+06
2020-05-26 09:30:00,Quc1TzYxW2pYoWX,760.707,744.733,1236.07,3.29553e+08
2020-05-31 23:30:00,LlT2YUhhzqhg5Sw,0,0,6364,2.82712e+08
2020-05-22 04:30:00,81aHJ1q11NBPMrL,0,0,0,1.21531e+09
2020-06-01 08:45:00,oZ35aAeoifZaQzV,801.267,784.28,598.933,1.6601e+09
2020-06-10 13:30:00,Et9kgGMDl729KT4,548.66,537.893,1373.2,1.82724e+06
2020-05-27 16:45:00,WcxssY2VbP4hApt,334.193,328.26,3139.67,1.45438e+08
2020-06-06 07:15:00,9kRcWv60rDACzjR,185.28,181.613,135.8,2.24786e+09
2020-06-04 13:45:00,xoJJ8DcxJEcupym,411.3,403.92,4496.6,2.09258e+08
2020-06-13 12:00:00,Quc1TzYxW2pYoWX,864.467,845.113,2002.8,3.2963e+08
2020-06-15 16:15:00,LlT2YUhhzqhg5Sw,356.633,350.473,5331.53,2.63927e+08
2020-05-18 08:15:00,vOuJvMaM2sgwLmb,331.36,325.633,108.067,2.2319e+06
2020-06-04 16:00:00,q49J1IKaHRwDQnt,277.014,271.8,5164.36,461425
2020-05-26 13:30:00,oZZkBaNadn6DNKz,1165.38,1136.83,6310.53,1.70816e+09
2020-05-31 07:00:00,4UPUqMRk7TRMgml,136.936,133.271,93.9286,2.54596e+06
2020-05-29 17:45:00,4UPUqMRk7TRMgml,159.907,156.287,8071.6,2.53763e+06
2020-06-12 21:00:00,Qf4GUc1pJu5T6c6,0,0,4455,8.38629e+08
2020-06-07 17:30:00,LlT2YUhhzqhg5Sw,238.16,233.527,7657.33,2.82743e+08
2020-06-16 18:00:00,LlT2YUhhzqhg5Sw,38.0071,36.75,5344.64,2.82785e+08
2020-06-02 13:45:00,mqwcsP2rE7J0TFp,1292.4,1260.47,4697.2,5.93722e+08
2020-05-19 09:15:00,PeE6FRyGXUgsRhN,426.533,418.74,1034.87,1.34838e+09
2020-06-11 22:30:00,4UPUqMRk7TRMgml,0,0,3930,2.62822e+06
2020-06-04 01:45:00,V94E5Ben1TlhnDV,0,0,0,1.41223e+09
2020-06-01 14:00:00,IQ2d7wF4YD8zU1Q,90.8071,88.1857,3992.14,2.0082e+07
2020-05-21 18:45:00,Mx2yZCDsyf6DPfv,0,0,9059,2.50657e+06
2020-05-22 11:00:00,WcxssY2VbP4hApt,0,0,1224,1.81755e+08
2020-06-03 08:15:00,oZ35aAeoifZaQzV,461.736,453.036,443.857,1.66011e+09
2020-05-15 02:15:00,mqwcsP2rE7J0TFp,0,0,0,5.9358e+08
2020-06-16 01:00:00,Et9kgGMDl729KT4,0,0,2199,1.84554e+06
2020-06-05 11:00:00,rrq4fwE8jgrTyWY,0,0,1295,1.21081e+08
2020-05-27 13:15:00,4UPUqMRk7TRMgml,1264.95,1233.31,6046.07,2.52237e+06
2020-05-17 17:30:00,xoJJ8DcxJEcupym,216.347,212.113,6102.53,2.09156e+08
2020-06-06 09:30:00,oZZkBaNadn6DNKz,0,0,909,1.70822e+09
2020-05-31 09:00:00,rrq4fwE8jgrTyWY,394.5,387.627,632.867,1.21055e+08
2020-06-11 09:30:00,oZ35aAeoifZaQzV,292.55,287.264,650.071,1.66016e+09
2020-06-10 04:00:00,IQ2d7wF4YD8zU1Q,0,0,8151,2.0144e+07
2020-05-27 12:15:00,oZZkBaNadn6DNKz,0,0,2650,1.70817e+09
2020-06-10 23:45:00,LlT2YUhhzqhg5Sw,0,0,5452,2.82755e+08
2020-05-16 02:45:00,LlT2YUhhzqhg5Sw,0,0,0,2.82602e+08
2020-05-31 05:30:00,q49J1IKaHRwDQnt,0,0,521.533,437952
2020-05-31 08:30:00,oZZkBaNadn6DNKz,546.371,535.614,474.643,1.70819e+09
2020-05-27 14:45:00,PeE6FRyGXUgsRhN,953.064,932.813,2182,1.34843e+09
2020-05-15 07:00:00,PeE6FRyGXUgsRhN,300.18,294.853,93.8,1.34835e+09
2020-05-18 06:45:00,rrq4fwE8jgrTyWY,0,0,0,1.20982e+08
2020-05-30 21:00:00,LlT2YUhhzqhg5Sw,0,0,7952,2.82706e+08
2020-05-25 21:00:00,rrq4fwE8jgrTyWY,0,0,4163,1.21023e+08
2020-06-10 01:15:00,LYwnQax7tkwH5Cb,0,0,3308,1.79508e+09
2020-06-14 08:00:00,Qf4GUc1pJu5T6c6,534.86,524.24,484,8.38633e+08
2020-06-03 11:45:00,vOuJvMaM2sgwLmb,858.28,839.213,2376.33,2.34365e+06
2020-05-27 23:00:00,oZ35aAeoifZaQzV,0,0,9463,1.66007e+09
2020-05-29 02:15:00,4UPUqMRk7TRMgml,0,0,3729,2.52956e+06
2020-05-16 14:30:00,oZZkBaNadn6DNKz,1091.59,1066.1,5130.07,1.70809e+09
2020-06-05 10:00:00,WcxssY2VbP4hApt,0,0,1710,1.8185e+08
2020-06-15 10:30:00,Quc1TzYxW2pYoWX,0,0,487,3.29636e+08
2020-06-03 18:00:00,PeE6FRyGXUgsRhN,77.9733,75.6333,3518.33,1.34847e+09
2020-05-17 22:30:00,q49J1IKaHRwDQnt,0,0,5727,358279
2020-06-10 03:45:00,Mx2yZCDsyf6DPfv,0,0,8042,2.65015e+06
2020-05-30 19:00:00,Qf4GUc1pJu5T6c6,0,0,8078,8.38544e+08
2020-06-05 02:45:00,IQ2d7wF4YD8zU1Q,0,0,0,2.01026e+07
2020-05-29 14:15:00,PeE6FRyGXUgsRhN,784.053,767.52,4537.6,1.34845e+09
2020-06-12 16:15:00,xMbIugepa2P7lBB,239.007,234.413,4321.2,1.06869e+08
2020-05-29 20:00:00,xMbIugepa2P7lBB,0,0,8095,1.06776e+08
2020-06-11 22:00:00,9kRcWv60rDACzjR,0,0,3862,2.24789e+09
2020-05-26 22:30:00,Quc1TzYxW2pYoWX,0,0,7269,3.29559e+08
2020-05-25 17:15:00,oZZkBaNadn6DNKz,122.687,119.533,9036.27,1.70816e+09
2020-06-04 21:15:00,xoJJ8DcxJEcupym,0,0,6168,2.09259e+08
2020-06-08 23:45:00,Quc1TzYxW2pYoWX,0,0,3027,3.29615e+08
2020-06-17 22:45:00,xoJJ8DcxJEcupym,0,0,4316,2.09336e+08
2020-06-12 05:30:00,V94E5Ben1TlhnDV,0,0,0,1.41227e+09
2020-06-02 10:30:00,LlT2YUhhzqhg5Sw,636.264,623.307,2008,2.82718e+08
2020-06-04 16:15:00,WcxssY2VbP4hApt,347.893,341.9,3340.07,1.81847e+08
2020-05-19 19:00:00,V94E5Ben1TlhnDV,0,0,6710,1.41212e+09
2020-06-12 00:45:00,q49J1IKaHRwDQnt,0,0,3814,486755
2020-05-21 10:30:00,oZ35aAeoifZaQzV,0,0,2028,1.66001e+09
2020-05-24 23:30:00,Mx2yZCDsyf6DPfv,0,0,4962,2.53099e+06
2020-05-19 07:30:00,vOuJvMaM2sgwLmb,478.527,469.153,240.867,2.23728e+06
2020-05-28 11:45:00,Et9kgGMDl729KT4,1190.29,1160.54,3860,1.77489e+06
2020-05-26 11:15:00,q49J1IKaHRwDQnt,0,0,1870,403697
2020-05-16 15:00:00,oZ35aAeoifZaQzV,683.413,668.88,7315,1.65998e+09
2020-06-03 18:45:00,Qf4GUc1pJu5T6c6,0,0,6027,8.38568e+08
2020-06-10 04:00:00,oZ35aAeoifZaQzV,0,0,8094,1.66016e+09
2020-05-22 15:15:00,Quc1TzYxW2pYoWX,666.664,653,2650.43,3.29538e+08
2020-06-17 16:00:00,4UPUqMRk7TRMgml,311.767,306.2,4082.93,2.65313e+06
2020-05-31 10:30:00,oZ35aAeoifZaQzV,898.671,879.143,1826.5,1.66009e+09
2020-05-16 05:45:00,xMbIugepa2P7lBB,0,0,0,1.06666e+08
2020-06-14 08:15:00,IQ2d7wF4YD8zU1Q,377.547,370.567,353.333,2.0162e+07
2020-06-11 23:00:00,PeE6FRyGXUgsRhN,0,0,3834,1.34852e+09
2020-06-15 08:00:00,LYwnQax7tkwH5Cb,477.447,468.127,374.267,1.7951e+09
2020-06-03 02:30:00,Qf4GUc1pJu5T6c6,0,0,0,8.38562e+08
2020-06-10 14:15:00,4UPUqMRk7TRMgml,288.587,282.86,2183.87,1.9238e+06
2020-06-16 20:15:00,LYwnQax7tkwH5Cb,0,0,5208,1.79511e+09
2020-05-23 04:00:00,Et9kgGMDl729KT4,0,0,0,1.73912e+06
2020-05-30 04:00:00,LYwnQax7tkwH5Cb,0,0,0,1.79503e+09
2020-05-29 01:00:00,Mx2yZCDsyf6DPfv,0,0,0,2.5625e+06
2020-06-17 05:30:00,PeE6FRyGXUgsRhN,0,0,0,1.34854e+09
2020-05-16 16:45:00,oZZkBaNadn6DNKz,108.464,105.621,6191.14,1.70809e+09
2020-05-30 07:45:00,xMbIugepa2P7lBB,192.187,188.1,155.133,1.06777e+08
2020-05-17 15:15:00,rrq4fwE8jgrTyWY,362.78,356.587,4015.87,1.20981e+08
2020-06-16 16:15:00,vOuJvMaM2sgwLmb,372.087,365.233,5287.13,2.42312e+06
2020-06-10 14:30:00,vOuJvMaM2sgwLmb,490.033,480.433,4679.67,2.38823e+06
2020-06-03 16:15:00,4UPUqMRk7TRMgml,316.753,311.14,5725.13,2.57003e+06
2020-05-20 18:15:00,81aHJ1q11NBPMrL,52.4214,50.7,3429.71,1.21531e+09
2020-06-15 13:00:00,WcxssY2VbP4hApt,635.333,622.313,4267.07,1.819e+08
2020-06-05 14:00:00,mqwcsP2rE7J0TFp,384.353,377.707,5932.13,5.93741e+08
2020-05-24 10:15:00,oZZkBaNadn6DNKz,1120.56,1094.97,2320.4,1.70814e+09
2020-05-29 00:45:00,Quc1TzYxW2pYoWX,0,0,4863,3.29571e+08
2020-05-29 09:00:00,oZZkBaNadn6DNKz,965.873,944.567,929.8,1.70818e+09
2020-05-24 05:15:00,oZZkBaNadn6DNKz,0,0,0,1.70814e+09
2020-06-16 14:00:00,Qf4GUc1pJu5T6c6,748.72,733.033,3956.33,8.38641e+08
2020-05-19 04:00:00,Qf4GUc1pJu5T6c6,0,0,0,8.38451e+08
2020-06-13 04:45:00,vOuJvMaM2sgwLmb,0,0,4778,2.39772e+06
2020-05-15 04:45:00,WcxssY2VbP4hApt,0,0,0,1.81695e+08
2020-06-02 01:45:00,PeE6FRyGXUgsRhN,0,0,0,1.34846e+09
2020-06-16 21:15:00,oZ35aAeoifZaQzV,0,0,5623,1.66018e+09
2020-05-18 15:30:00,LYwnQax7tkwH5Cb,533.407,522.98,2728,1.79498e+09
2020-06-13 13:15:00,PeE6FRyGXUgsRhN,960.96,938.647,3770.27,1.34853e+09
2020-06-07 06:15:00,PeE6FRyGXUgsRhN,42.0933,40.7,8.4,1.34849e+09
2020-05-27 14:45:00,9kRcWv60rDACzjR,0,0,0,0
2020-06-15 20:15:00,xoJJ8DcxJEcupym,0,0,6083,2.09326e+08
2020-06-04 07:00:00,81aHJ1q11NBPMrL,165.2,161.653,67.9333,1.2154e+09
2020-06-13 19:30:00,rrq4fwE8jgrTyWY,0,0,6127,1.21111e+08
2020-06-16 01:15:00,xoJJ8DcxJEcupym,0,0,6083,2.09326e+08
2020-05-24 09:30:00,9kRcWv60rDACzjR,936.621,916.121,1514.86,2.24778e+09
2020-06-07 06:45:00,Quc1TzYxW2pYoWX,64.8467,62.7867,31.8,3.29609e+08
2020-06-06 01:30:00,oZZkBaNadn6DNKz,0,0,0,1.70822e+09
2020-06-15 04:30:00,q49J1IKaHRwDQnt,0,0,7476,505265
2020-06-05 08:30:00,oZZkBaNadn6DNKz,790.56,773.84,569.933,1.70822e+09
2020-05-15 20:45:00,oZZkBaNadn6DNKz,0,0,5396,1.70809e+09
2020-05-21 05:00:00,Et9kgGMDl729KT4,0,0,0,1.72889e+06
2020-06-10 15:00:00,q49J1IKaHRwDQnt,297.727,292.153,4659.27,482297
2020-05-30 07:30:00,NgDl19wMapZy17u,150.943,147.486,119,1.1163e+08
2020-05-26 23:15:00,Et9kgGMDl729KT4,0,0,8289,1.76237e+06
2020-06-17 19:15:00,IQ2d7wF4YD8zU1Q,0,0,4251,2.01851e+07
2020-05-19 00:45:00,PeE6FRyGXUgsRhN,0,0,0,1.34838e+09
2020-05-21 14:15:00,WcxssY2VbP4hApt,1117.88,1092.37,6897.2,1.81751e+08
2020-05-26 13:00:00,Mx2yZCDsyf6DPfv,1276.36,1244.45,5765.67,2.54592e+06
2020-05-18 07:00:00,oZZkBaNadn6DNKz,4.42667,4.26667,0.333333,1.7081e+09
2020-06-14 23:00:00,Quc1TzYxW2pYoWX,0,0,2058,3.29636e+08
2020-06-13 03:15:00,LYwnQax7tkwH5Cb,0,0,4500,1.79509e+09
2020-06-09 08:30:00,vOuJvMaM2sgwLmb,716.807,701.713,836.267,2.37652e+06
2020-05-29 12:00:00,Qf4GUc1pJu5T6c6,1035.43,1012.22,3975.4,8.38531e+08
2020-05-17 04:45:00,vOuJvMaM2sgwLmb,0,0,0,2.22643e+06
2020-05-28 21:15:00,Mx2yZCDsyf6DPfv,0,0,3727,2.5625e+06
2020-06-01 06:15:00,IQ2d7wF4YD8zU1Q,29.7267,28.72,3.6,2.0078e+07
2020-05-20 23:15:00,V94E5Ben1TlhnDV,0,0,9237,1.41213e+09
2020-06-14 12:00:00,xMbIugepa2P7lBB,833.614,815.329,3106.64,1.06876e+08
2020-05-24 11:15:00,oZ35aAeoifZaQzV,418.62,408.16,3429.73,1.66004e+09
2020-05-19 08:00:00,Quc1TzYxW2pYoWX,348.727,342.587,361.133,3.29526e+08
2020-05-21 09:15:00,WcxssY2VbP4hApt,859.707,841.227,1313.8,1.81746e+08
2020-05-21 18:00:00,WcxssY2VbP4hApt,77.4933,75.1667,9146.07,1.81753e+08
2020-06-14 23:15:00,vOuJvMaM2sgwLmb,0,0,7463,2.41156e+06
2020-05-19 21:00:00,81aHJ1q11NBPMrL,0,0,6771,1.2153e+09
2020-05-22 19:30:00,LlT2YUhhzqhg5Sw,0,0,5052,2.82642e+08
2020-06-15 00:00:00,4UPUqMRk7TRMgml,0,0,1868,2.64132e+06
2020-05-16 00:30:00,rrq4fwE8jgrTyWY,0,0,0,1.2097e+08
2020-05-30 23:30:00,LlT2YUhhzqhg5Sw,0,0,7952,2.82706e+08
2020-05-17 01:30:00,V94E5Ben1TlhnDV,0,0,0,1.4121e+09
2020-06-08 00:15:00,oZ35aAeoifZaQzV,0,0,7860,1.66014e+09
2020-06-15 06:15:00,LlT2YUhhzqhg5Sw,31.8267,30.7667,4.86667,2.82773e+08
2020-05-15 03:00:00,PeE6FRyGXUgsRhN,0,0,0,1.34835e+09
2020-05-27 11:15:00,Quc1TzYxW2pYoWX,871.333,852.54,2729,3.29561e+08
2020-06-10 21:45:00,NgDl19wMapZy17u,0,0,2618,1.11711e+08
2020-05-17 02:45:00,vOuJvMaM2sgwLmb,0,0,0,2.22643e+06
2020-06-03 19:15:00,LYwnQax7tkwH5Cb,0,0,4135,1.79506e+09
2020-06-10 16:15:00,IQ2d7wF4YD8zU1Q,462.4,453.7,5367.47,2.01493e+07
2020-06-09 01:15:00,LlT2YUhhzqhg5Sw,0,0,2841,2.82746e+08
2020-06-14 08:00:00,Et9kgGMDl729KT4,425.14,416.92,438.8,1.84173e+06
2020-05-18 02:45:00,q49J1IKaHRwDQnt,0,0,5727,358279
2020-06-07 04:00:00,NgDl19wMapZy17u,0,0,8134,1.11683e+08
2020-06-12 14:00:00,V94E5Ben1TlhnDV,764.147,748.107,2878.53,1.41227e+09
2020-05-25 11:00:00,81aHJ1q11NBPMrL,1195.24,1165.83,3017.2,1.21534e+09
2020-05-23 13:45:00,Mx2yZCDsyf6DPfv,1212.04,1181.75,6773.4,2.52315e+06
2020-06-12 13:00:00,q49J1IKaHRwDQnt,111.12,108.947,486.733,195673
2020-06-12 16:00:00,rrq4fwE8jgrTyWY,427.033,419.347,4005,1.21105e+08
2020-05-26 11:45:00,oZ35aAeoifZaQzV,1294.85,1262.47,4187.53,1.66006e+09
2020-06-16 00:00:00,xoJJ8DcxJEcupym,0,0,6083,2.09326e+08
2020-06-15 04:00:00,WcxssY2VbP4hApt,0,0,7634,1.81896e+08
2020-06-08 07:45:00,Mx2yZCDsyf6DPfv,486.093,476.62,354.133,2.63328e+06
2020-06-16 18:00:00,PeE6FRyGXUgsRhN,39.5467,38.22,3799.8,1.34854e+09
2020-06-17 12:45:00,oZZkBaNadn6DNKz,803.747,786.713,2380.13,1.70829e+09
2020-05-29 13:15:00,vOuJvMaM2sgwLmb,869.42,850.42,2063.6,2.31708e+06
2020-05-15 21:00:00,NgDl19wMapZy17u,0,0,9475,1.11522e+08
2020-06-07 12:45:00,Qf4GUc1pJu5T6c6,914.253,893.367,4561.13,8.38595e+08
2020-06-11 10:15:00,xoJJ8DcxJEcupym,502.42,492.573,940.8,2.09298e+08
2020-05-15 15:30:00,oZZkBaNadn6DNKz,659.647,646.153,4482.8,1.70809e+09
2020-05-24 17:45:00,q49J1IKaHRwDQnt,122.187,118.847,8826.47,395584
2020-05-19 05:15:00,xoJJ8DcxJEcupym,0,0,0,2.0916e+08
2020-06-09 05:30:00,Quc1TzYxW2pYoWX,0,0,2825.2,3.0764e+08
2020-05-28 11:00:00,rrq4fwE8jgrTyWY,0,0,1645,1.21038e+08
2020-06-04 09:45:00,xoJJ8DcxJEcupym,700.3,685.471,1344.86,2.09255e+08
2020-06-11 08:45:00,oZ35aAeoifZaQzV,360.953,354.733,308.933,1.66016e+09
2020-05-15 01:15:00,mqwcsP2rE7J0TFp,0,0,0,5.9358e+08
2020-05-21 13:30:00,Qf4GUc1pJu5T6c6,1269.56,1237.82,6044.36,8.38468e+08
2020-05-25 22:30:00,LYwnQax7tkwH5Cb,0,0,4940,1.79501e+09
2020-06-15 19:30:00,81aHJ1q11NBPMrL,0,0,6307,1.21548e+09
2020-05-25 17:00:00,LlT2YUhhzqhg5Sw,286.247,280.967,8726.27,2.82664e+08
2020-05-30 00:30:00,oZZkBaNadn6DNKz,0,0,0,1.70819e+09
2020-05-18 02:00:00,Quc1TzYxW2pYoWX,0,0,3548,3.29523e+08
2020-06-04 17:45:00,Quc1TzYxW2pYoWX,101.88,98.9867,5218.13,3.29602e+08
2020-05-27 21:15:00,q49J1IKaHRwDQnt,0,0,9016,414923
2020-06-15 15:15:00,vOuJvMaM2sgwLmb,662.553,648.827,5443.33,2.417e+06
2020-06-04 18:30:00,oZ35aAeoifZaQzV,23.9333,23.1333,3736.87,1.66012e+09
2020-05-31 10:30:00,mqwcsP2rE7J0TFp,909.633,889.78,1815.87,5.93708e+08
2020-05-21 05:15:00,xoJJ8DcxJEcupym,0,0,0,2.09169e+08
2020-06-06 11:15:00,9kRcWv60rDACzjR,1081.98,1055.41,3328.47,2.24786e+09
2020-05-20 17:30:00,PeE6FRyGXUgsRhN,231.14,226.633,2598.47,1.34838e+09
2020-06-11 03:15:00,Qf4GUc1pJu5T6c6,0,0,5556,8.38621e+08
2020-05-18 17:15:00,V94E5Ben1TlhnDV,195.029,191.171,4721,1.41211e+09
2020-06-04 19:15:00,vOuJvMaM2sgwLmb,0,0,6885,2.35311e+06
2020-06-11 20:15:00,PeE6FRyGXUgsRhN,0,0,3834,1.34852e+09
2020-05-31 05:15:00,vOuJvMaM2sgwLmb,0,0,0,2.32669e+06
2020-06-13 18:30:00,Quc1TzYxW2pYoWX,24.08,23.2533,5474.93,3.29633e+08
2020-06-14 04:45:00,LlT2YUhhzqhg5Sw,0,0,2911,2.82766e+08
2020-05-24 04:45:00,Quc1TzYxW2pYoWX,0,0,0,3.29543e+08
2020-06-02 08:30:00,xoJJ8DcxJEcupym,510.38,500.373,738.533,2.09245e+08
2020-06-08 14:00:00,V94E5Ben1TlhnDV,1239.84,1209.04,6351.73,1.41225e+09
2020-06-14 08:45:00,mqwcsP2rE7J0TFp,378.786,372.064,775.643,5.93794e+08
2020-06-08 12:45:00,V94E5Ben1TlhnDV,1285.93,1254.17,5032.73,1.41225e+09
2020-06-07 06:30:00,IQ2d7wF4YD8zU1Q,68.5857,66.4286,21.7143,2.01187e+07
2020-05-30 12:15:00,WcxssY2VbP4hApt,623.8,609.98,2308.87,1.21213e+08
2020-06-03 17:00:00,oZZkBaNadn6DNKz,274.847,269.68,4631.67,1.70821e+09
2020-05-31 01:00:00,xMbIugepa2P7lBB,0,0,8093,1.06784e+08
2020-06-09 00:45:00,Et9kgGMDl729KT4,0,0,3189,1.82197e+06
2020-06-04 21:45:00,PeE6FRyGXUgsRhN,0,0,6168,1.34848e+09
2020-05-19 15:30:00,NgDl19wMapZy17u,182.587,178.753,6593.87,1.11551e+08
2020-06-15 02:30:00,Mx2yZCDsyf6DPfv,0,0,3304,2.67074e+06
2020-06-06 17:45:00,WcxssY2VbP4hApt,170.207,166.527,8315.6,1.8186e+08
2020-06-03 00:45:00,Quc1TzYxW2pYoWX,0,0,4962,3.29593e+08
2020-06-04 10:15:00,Et9kgGMDl729KT4,0,0,1327,1.8098e+06
2020-05-19 21:15:00,LlT2YUhhzqhg5Sw,0,0,6554,2.82628e+08
2020-06-02 20:45:00,NgDl19wMapZy17u,0,0,7098,1.11656e+08
2020-05-25 09:15:00,q49J1IKaHRwDQnt,848.8,830.587,1265.87,396896
2020-06-09 02:45:00,WcxssY2VbP4hApt,0,0,3585,1.81865e+08
2020-06-14 11:15:00,oZ35aAeoifZaQzV,0,0,1745,1.66017e+09
2020-05-23 02:00:00,81aHJ1q11NBPMrL,0,0,0,1.21532e+09
2020-06-16 03:15:00,oZ35aAeoifZaQzV,0,0,2711,1.66018e+09
2020-06-17 20:45:00,Mx2yZCDsyf6DPfv,0,0,4441,2.68335e+06
2020-06-16 23:15:00,Mx2yZCDsyf6DPfv,0,0,5526,2.67891e+06
2020-06-12 23:00:00,9kRcWv60rDACzjR,0,0,4693,2.24789e+09
2020-06-10 05:15:00,4UPUqMRk7TRMgml,0,0,8098,2.6187e+06
2020-05-16 04:45:00,vOuJvMaM2sgwLmb,0,0,0,2.22154e+06
2020-06-17 16:30:00,xMbIugepa2P7lBB,292.287,286.907,4000.4,1.06896e+08
2020-05-31 16:15:00,vOuJvMaM2sgwLmb,221.907,217.587,6310.33,2.333e+06
2020-05-17 19:15:00,Quc1TzYxW2pYoWX,0,0,3548,3.29523e+08
2020-06-13 15:45:00,4UPUqMRk7TRMgml,739.28,723.7,5371.93,2.63823e+06
2020-06-15 03:30:00,LlT2YUhhzqhg5Sw,0,0,7445,2.82773e+08
2020-05-25 02:45:00,81aHJ1q11NBPMrL,0,0,0,0
2020-05-31 01:00:00,V94E5Ben1TlhnDV,0,0,0,1.41221e+09
2020-06-06 14:15:00,4UPUqMRk7TRMgml,838.393,818.42,5229.33,2.07336e+06
2020-06-10 12:15:00,oZZkBaNadn6DNKz,1236.51,1206.2,3137.93,1.70825e+09
2020-06-01 02:00:00,rrq4fwE8jgrTyWY,0,0,0,1.21061e+08
2020-05-31 23:15:00,Quc1TzYxW2pYoWX,0,0,5399,3.29584e+08
2020-05-15 12:30:00,rrq4fwE8jgrTyWY,0,0,2300,1.20966e+08
2020-05-26 16:45:00,WcxssY2VbP4hApt,473.093,464.12,9146.47,1.81793e+08
2020-05-31 16:30:00,Mx2yZCDsyf6DPfv,199.087,195.16,6479.27,2.58542e+06
2020-06-08 00:30:00,V94E5Ben1TlhnDV,0,0,0,1.41224e+09
2020-06-04 05:45:00,oZ35aAeoifZaQzV,0,0,0,1.66011e+09
2020-05-25 16:30:00,vOuJvMaM2sgwLmb,321.414,315.45,8784.43,2.28699e+06
2020-06-14 04:15:00,Quc1TzYxW2pYoWX,0,0,5477,3.29633e+08
2020-06-09 23:30:00,oZZkBaNadn6DNKz,0,0,7902,1.70825e+09
2020-05-27 16:15:00,Quc1TzYxW2pYoWX,476.686,467.529,6896.43,3.29566e+08
2020-06-05 03:45:00,LlT2YUhhzqhg5Sw,0,0,2927,2.82727e+08
2020-06-14 04:00:00,V94E5Ben1TlhnDV,0,0,0,1.41228e+09
2020-05-21 04:15:00,oZZkBaNadn6DNKz,0,0,0,1.70811e+09
2020-05-15 01:45:00,IQ2d7wF4YD8zU1Q,0,0,0,1.99415e+07
2020-05-30 20:15:00,81aHJ1q11NBPMrL,0,0,7156,1.21538e+09
2020-06-03 09:45:00,Qf4GUc1pJu5T6c6,760.153,743.833,1228.27,8.38563e+08
2020-06-16 23:15:00,PeE6FRyGXUgsRhN,0,0,3812,1.34854e+09
2020-05-25 16:45:00,xoJJ8DcxJEcupym,382.2,375.621,8663.64,2.09204e+08
2020-06-08 07:30:00,4UPUqMRk7TRMgml,409.753,402.233,220,2.6016e+06
2020-05-15 03:00:00,Et9kgGMDl729KT4,0,0,0,1.70425e+06
2020-05-28 02:00:00,V94E5Ben1TlhnDV,0,0,0,1.41218e+09
2020-06-03 06:00:00,4UPUqMRk7TRMgml,2.33333,2.25333,0,2.5643e+06
2020-05-20 19:45:00,LYwnQax7tkwH5Cb,0,0,4592,1.79499e+09
2020-05-29 02:30:00,xoJJ8DcxJEcupym,0,0,0,2.09223e+08
2020-06-09 20:45:00,IQ2d7wF4YD8zU1Q,0,0,8151,2.0144e+07
2020-06-05 06:00:00,WcxssY2VbP4hApt,3.51333,3.39333,0,1.81848e+08
2020-05-30 08:00:00,rrq4fwE8jgrTyWY,353.853,347.473,227.6,1.21047e+08
2020-05-18 17:15:00,Qf4GUc1pJu5T6c6,198.121,194.229,7686.5,8.38451e+08
2020-06-08 05:45:00,NgDl19wMapZy17u,0,0,0,1.11691e+08
2020-05-16 18:15:00,LlT2YUhhzqhg5Sw,0,0,7542,2.8261e+08
2020-05-22 01:00:00,81aHJ1q11NBPMrL,0,0,0,1.21531e+09
2020-06-07 15:15:00,Et9kgGMDl729KT4,0,0,254.429,259716
2020-06-06 15:45:00,PeE6FRyGXUgsRhN,640.58,627.08,1231.67,1.34849e+09
2020-05-28 17:30:00,xoJJ8DcxJEcupym,199.943,195.993,8553.43,2.09223e+08
2020-05-16 09:15:00,LYwnQax7tkwH5Cb,905.52,885.833,1322.93,1.79497e+09
2020-06-06 04:30:00,NgDl19wMapZy17u,0,0,7629,1.11675e+08
2020-06-05 23:00:00,Quc1TzYxW2pYoWX,0,0,3779,3.29606e+08
2020-05-25 11:00:00,oZ35aAeoifZaQzV,1233.29,1202.45,3134.4,1.66005e+09
2020-05-15 07:45:00,mqwcsP2rE7J0TFp,560.853,549.673,422.133,5.9358e+08
2020-05-17 10:15:00,Quc1TzYxW2pYoWX,74.7467,73.2533,969.067,3.29521e+08
2020-06-04 10:30:00,LYwnQax7tkwH5Cb,0,0,1420,1.79506e+09
2020-05-30 08:30:00,9kRcWv60rDACzjR,223.773,219.4,379.133,2.24782e+09
2020-05-17 02:45:00,V94E5Ben1TlhnDV,0,0,0,1.4121e+09
2020-05-30 17:15:00,PeE6FRyGXUgsRhN,289.74,284.407,3912.13,1.34845e+09
2020-06-06 00:45:00,q49J1IKaHRwDQnt,0,0,2895,464866
2020-06-10 18:15:00,oZZkBaNadn6DNKz,0,0,5460,1.70826e+09
2020-06-02 04:30:00,LlT2YUhhzqhg5Sw,0,0,0,2.82716e+08
2020-05-26 03:00:00,Mx2yZCDsyf6DPfv,0,0,0,2.54016e+06
2020-06-06 18:30:00,NgDl19wMapZy17u,27.2933,26.3667,8130.67,1.11683e+08
2020-06-01 09:00:00,xMbIugepa2P7lBB,888,868.779,763.5,1.06792e+08
2020-06-13 14:30:00,WcxssY2VbP4hApt,1185.59,1157.07,4633.47,1.81886e+08
2020-06-07 08:30:00,Mx2yZCDsyf6DPfv,549.213,538.32,504.067,2.62562e+06
2020-06-14 14:45:00,NgDl19wMapZy17u,1000.14,977.053,4911.27,1.11728e+08
2020-06-12 02:15:00,rrq4fwE8jgrTyWY,0,0,3650,1.21101e+08
2020-06-14 17:15:00,V94E5Ben1TlhnDV,220.693,216.357,3152.21,1.41228e+09
2020-06-05 00:00:00,q49J1IKaHRwDQnt,0,0,5710,461971
2020-06-03 23:15:00,oZZkBaNadn6DNKz,0,0,4809,1.70821e+09
2020-06-17 08:00:00,vOuJvMaM2sgwLmb,186.093,182.427,146.8,2.42352e+06
2020-06-12 03:45:00,xoJJ8DcxJEcupym,0,0,3941,2.09301e+08
2020-06-11 12:15:00,Et9kgGMDl729KT4,52.3846,51.5,251.231,703827
2020-06-16 03:00:00,Et9kgGMDl729KT4,0,0,2199,1.84554e+06
2020-06-03 00:15:00,Quc1TzYxW2pYoWX,0,0,4962,3.29593e+08
2020-05-22 07:30:00,oZZkBaNadn6DNKz,413.093,405.813,253.2,1.70812e+09
2020-05-31 13:30:00,81aHJ1q11NBPMrL,1125.69,1098.85,4556.47,1.21539e+09
2020-06-12 07:45:00,IQ2d7wF4YD8zU1Q,280.607,275.48,181.6,2.01537e+07
2020-06-17 09:00:00,oZ35aAeoifZaQzV,198.54,194.607,370.133,1.66018e+09
2020-06-07 17:15:00,vOuJvMaM2sgwLmb,301.007,295.787,1726.8,2.3665e+06
2020-06-11 15:00:00,xoJJ8DcxJEcupym,388.4,381.507,3252.6,2.093e+08
2020-05-22 22:45:00,oZ35aAeoifZaQzV,0,0,9866,1.66003e+09
2020-06-09 17:30:00,oZZkBaNadn6DNKz,174.38,170.793,7814.33,1.70825e+09
2020-05-27 10:15:00,vOuJvMaM2sgwLmb,0,0,0,0
2020-06-11 22:30:00,oZZkBaNadn6DNKz,0,0,3921,1.70826e+09
2020-06-13 19:45:00,q49J1IKaHRwDQnt,0,0,6393,497789
2020-05-16 20:30:00,LYwnQax7tkwH5Cb,0,0,3176,1.79497e+09
2020-06-02 02:45:00,Mx2yZCDsyf6DPfv,0,0,0,2.58992e+06
2020-05-19 16:30:00,WcxssY2VbP4hApt,88.5214,85.9286,6802.86,1.81735e+08
2020-05-29 01:15:00,9kRcWv60rDACzjR,0,0,0,2.24782e+09
2020-05-22 08:00:00,oZZkBaNadn6DNKz,559.847,548.707,495.533,1.70812e+09
2020-06-02 21:00:00,WcxssY2VbP4hApt,0,0,3877,1.81838e+08
2020-06-14 13:30:00,LYwnQax7tkwH5Cb,1115.33,1088.55,4992.07,1.7951e+09
2020-06-12 18:15:00,vOuJvMaM2sgwLmb,93.0733,90.4,4759.33,2.3977e+06
2020-06-17 12:30:00,Mx2yZCDsyf6DPfv,762.107,746.12,2220.6,2.68113e+06
2020-05-24 20:30:00,Et9kgGMDl729KT4,0,0,3416,1.74713e+06
2020-06-11 05:00:00,IQ2d7wF4YD8zU1Q,0,0,5627,2.01496e+07
2020-06-13 04:45:00,Quc1TzYxW2pYoWX,0,0,3668,3.29628e+08
2020-05-20 08:15:00,oZZkBaNadn6DNKz,545.08,534.453,548.533,1.70811e+09
2020-06-01 10:30:00,mqwcsP2rE7J0TFp,1009.07,985.34,2158.47,5.93715e+08
2020-06-14 11:15:00,xMbIugepa2P7lBB,959.4,937.057,2479.29,1.06876e+08
2020-05-31 09:00:00,oZZkBaNadn6DNKz,425.827,418.287,683.267,1.70819e+09
2020-06-13 18:00:00,81aHJ1q11NBPMrL,128.06,124.647,6617.47,1.21546e+09
2020-06-06 17:45:00,NgDl19wMapZy17u,169,165.36,8067.33,1.11683e+08
2020-06-12 15:00:00,q49J1IKaHRwDQnt,681.386,667.379,3603.29,490358
2020-06-14 16:45:00,Quc1TzYxW2pYoWX,237.167,232.38,1824.4,3.29635e+08
2020-06-06 11:30:00,9kRcWv60rDACzjR,1196.81,1167.49,3578.57,2.24786e+09
2020-06-10 00:15:00,xMbIugepa2P7lBB,0,0,7997,1.06856e+08
2020-06-16 07:15:00,mqwcsP2rE7J0TFp,202.067,198.093,119.533,5.93805e+08
2020-06-05 01:00:00,mqwcsP2rE7J0TFp,0,0,0,5.93735e+08
2020-05-28 20:00:00,Et9kgGMDl729KT4,0,0,7975,1.779e+06
2020-06-10 12:30:00,xMbIugepa2P7lBB,1136.32,1108.79,3528.29,1.06859e+08
2020-06-13 23:45:00,PeE6FRyGXUgsRhN,0,0,6515,1.34853e+09
2020-06-09 06:30:00,9kRcWv60rDACzjR,78.7267,76.3467,22.0667,2.24787e+09
2020-05-21 10:15:00,Qf4GUc1pJu5T6c6,1190.33,1160.57,2017.53,8.38464e+08
2020-06-14 10:30:00,9kRcWv60rDACzjR,1165.96,1137.8,2074.86,2.2479e+09
2020-05-29 07:30:00,9kRcWv60rDACzjR,195.253,191.4,167.067,2.24782e+09
2020-05-24 21:45:00,PeE6FRyGXUgsRhN,0,0,8962,1.34841e+09
2020-06-16 22:00:00,oZ35aAeoifZaQzV,0,0,5623,1.66018e+09
2020-05-19 07:15:00,rrq4fwE8jgrTyWY,331.7,325.76,132.8,1.20986e+08
2020-05-21 16:15:00,Et9kgGMDl729KT4,485.471,475.979,6132.43,1.73502e+06
2020-06-16 10:45:00,LYwnQax7tkwH5Cb,648.773,635.493,1792.47,1.79511e+09
2020-05-31 19:45:00,LlT2YUhhzqhg5Sw,0,0,6364,2.82712e+08
2020-06-05 10:00:00,Et9kgGMDl729KT4,0,0,1041,1.81221e+06
2020-05-17 17:15:00,xMbIugepa2P7lBB,170.793,167.087,6939.47,1.06681e+08
2020-05-23 11:30:00,Qf4GUc1pJu5T6c6,1309.31,1276.59,3976.64,8.38485e+08
2020-05-15 19:00:00,WcxssY2VbP4hApt,0,0,9621,1.81705e+08
2020-05-15 20:30:00,81aHJ1q11NBPMrL,0,0,3214,1.21528e+09
2020-05-21 17:15:00,LlT2YUhhzqhg5Sw,275.287,270.14,5710.47,2.82637e+08
2020-06-14 07:30:00,mqwcsP2rE7J0TFp,381.214,374.379,256.214,5.93793e+08
2020-06-05 20:45:00,LlT2YUhhzqhg5Sw,0,0,2849.47,2.63882e+08
2020-06-16 11:00:00,vOuJvMaM2sgwLmb,677.714,663.607,2055.07,2.41989e+06
2020-05-18 07:30:00,xMbIugepa2P7lBB,29.5267,28.5133,8.33333,1.06681e+08
2020-06-11 21:45:00,IQ2d7wF4YD8zU1Q,0,0,3920,2.01535e+07
2020-06-06 01:30:00,vOuJvMaM2sgwLmb,0,0,3421,2.35653e+06
2020-05-17 22:00:00,Mx2yZCDsyf6DPfv,0,0,6481,2.47373e+06
2020-06-03 13:00:00,oZZkBaNadn6DNKz,105.286,102.443,3346.29,1.70821e+09
2020-06-08 17:30:00,WcxssY2VbP4hApt,258.267,253.273,3432.53,1.81865e+08
2020-06-12 02:45:00,9kRcWv60rDACzjR,0,0,0,2.24789e+09
2020-06-03 21:45:00,mqwcsP2rE7J0TFp,0,0,5344,5.93729e+08
2020-06-04 09:15:00,4UPUqMRk7TRMgml,723.667,708.627,1050.93,2.57146e+06
2020-06-16 02:00:00,Et9kgGMDl729KT4,0,0,2199,1.84554e+06
2020-06-08 19:45:00,WcxssY2VbP4hApt,0,0,3585,1.81865e+08
2020-05-19 20:45:00,WcxssY2VbP4hApt,0,0,6831,1.81735e+08
2020-05-19 02:30:00,q49J1IKaHRwDQnt,0,0,4161,362440
2020-06-04 16:45:00,IQ2d7wF4YD8zU1Q,458.333,449.84,6729.13,2.01023e+07
2020-06-14 21:30:00,Mx2yZCDsyf6DPfv,0,0,3304,2.67074e+06
2020-06-11 00:15:00,mqwcsP2rE7J0TFp,0,0,0,5.93778e+08
2020-05-19 03:30:00,xoJJ8DcxJEcupym,0,0,0,2.0916e+08
2020-06-13 10:00:00,oZZkBaNadn6DNKz,669.36,654.4,972,1.4805e+09
2020-06-08 23:00:00,81aHJ1q11NBPMrL,0,0,9171,1.21544e+09
2020-06-07 08:45:00,xoJJ8DcxJEcupym,704.873,690.047,627.133,2.0927e+08
2020-06-11 17:30:00,Quc1TzYxW2pYoWX,73.9667,71.7133,3135.13,3.29624e+08
2020-06-02 01:15:00,V94E5Ben1TlhnDV,0,0,0,1.41222e+09
2020-06-04 07:30:00,Mx2yZCDsyf6DPfv,252.073,247.207,174.133,2.60227e+06
2020-05-18 23:30:00,WcxssY2VbP4hApt,0,0,7740,1.81728e+08
2020-05-24 15:00:00,q49J1IKaHRwDQnt,891.1,871.793,7441.2,394199
2020-06-06 17:45:00,Quc1TzYxW2pYoWX,139.84,136.367,3359.13,3.29609e+08
2020-06-07 20:45:00,LlT2YUhhzqhg5Sw,0,0,7771,2.82743e+08
2020-06-13 22:45:00,Et9kgGMDl729KT4,0,0,5929,1.84129e+06
2020-06-06 16:15:00,xMbIugepa2P7lBB,663.733,650.033,7449.33,1.0683e+08
2020-06-07 19:30:00,WcxssY2VbP4hApt,0,0,1950,1.81862e+08
2020-05-19 05:45:00,xMbIugepa2P7lBB,0,0,0,1.06689e+08
2020-05-15 10:15:00,4UPUqMRk7TRMgml,0,0,2171,2.43118e+06
2020-06-13 01:15:00,mqwcsP2rE7J0TFp,0,0,0,5.93787e+08
2020-05-18 05:45:00,vOuJvMaM2sgwLmb,0,0,0,2.23179e+06
2020-05-29 17:45:00,oZZkBaNadn6DNKz,158.74,155.167,7075.2,1.70819e+09
2020-06-13 20:45:00,rrq4fwE8jgrTyWY,0,0,6127,1.21111e+08
2020-05-24 00:15:00,LYwnQax7tkwH5Cb,0,0,0,1.795e+09
2020-05-19 00:15:00,LYwnQax7tkwH5Cb,0,0,0,1.79498e+09
2020-05-26 22:45:00,rrq4fwE8jgrTyWY,0,0,7776,1.2103e+08
2020-06-15 06:45:00,mqwcsP2rE7J0TFp,125.253,121.853,46.8,5.93799e+08
2020-05-23 07:30:00,xoJJ8DcxJEcupym,367.993,361.707,235.733,2.09178e+08
2020-05-29 01:00:00,PeE6FRyGXUgsRhN,0,0,0,1.34844e+09
2020-06-14 10:00:00,oZZkBaNadn6DNKz,684.867,670.427,1602.47,1.70827e+09
2020-06-17 21:30:00,81aHJ1q11NBPMrL,0,0,4306,1.21549e+09
2020-05-23 13:00:00,Quc1TzYxW2pYoWX,0,0,1322,3.29541e+08
2020-06-16 10:30:00,Mx2yZCDsyf6DPfv,710.64,695.92,1744.2,2.67513e+06
2020-06-14 23:30:00,Et9kgGMDl729KT4,0,0,2048,1.84334e+06
2020-05-24 15:00:00,xoJJ8DcxJEcupym,910.85,891.029,7628.71,2.09194e+08
2020-06-07 11:15:00,LYwnQax7tkwH5Cb,0,0,1036,1.79507e+09
2020-05-16 15:15:00,xMbIugepa2P7lBB,443.72,435.707,7108.67,1.06673e+08
2020-06-04 06:45:00,oZZkBaNadn6DNKz,110.087,107.02,36.4,1.70821e+09
2020-05-23 18:45:00,9kRcWv60rDACzjR,0,0,4543,2.24778e+09
2020-05-27 18:30:00,oZ35aAeoifZaQzV,24.7357,23.8857,9459.71,1.66007e+09
2020-06-13 07:45:00,V94E5Ben1TlhnDV,304.047,298.453,267.667,1.41227e+09
2020-06-16 18:30:00,mqwcsP2rE7J0TFp,12.72,12.2467,5604.93,5.93811e+08
2020-05-22 03:30:00,LYwnQax7tkwH5Cb,0,0,0,1.79499e+09
2020-06-11 09:45:00,xMbIugepa2P7lBB,357.073,350.753,712.267,1.06862e+08
2020-05-29 00:00:00,Mx2yZCDsyf6DPfv,0,0,2129.71,2.5625e+06
2020-06-09 22:45:00,4UPUqMRk7TRMgml,0,0,8098,2.6187e+06
2020-06-01 03:15:00,rrq4fwE8jgrTyWY,0,0,0,1.21061e+08
2020-06-13 09:45:00,Mx2yZCDsyf6DPfv,285.38,279.367,647.2,1.42157e+06
2020-05-27 16:30:00,LlT2YUhhzqhg5Sw,487.06,477.613,8657.47,2.82681e+08
2020-06-17 10:15:00,Qf4GUc1pJu5T6c6,492.393,482.967,874.8,8.38643e+08
2020-06-06 07:30:00,81aHJ1q11NBPMrL,133.78,130.38,170.8,1.21542e+09
2020-06-08 09:00:00,NgDl19wMapZy17u,631.187,617.887,1000.73,1.11692e+08
2020-05-23 11:45:00,vOuJvMaM2sgwLmb,1298.97,1266.49,4242.07,2.26964e+06
2020-05-31 07:00:00,rrq4fwE8jgrTyWY,128.287,124.807,89.4,1.21055e+08
2020-06-04 00:00:00,9kRcWv60rDACzjR,0,0,1549.64,2.24785e+09
2020-05-30 23:30:00,WcxssY2VbP4hApt,0,0,0,0
2020-06-04 22:30:00,mqwcsP2rE7J0TFp,0,0,5742,5.93735e+08
2020-05-21 18:15:00,4UPUqMRk7TRMgml,39.44,38.1333,9143.8,2.47341e+06
2020-05-27 03:30:00,rrq4fwE8jgrTyWY,0,0,0,1.2103e+08
2020-06-06 19:45:00,rrq4fwE8jgrTyWY,0,0,2342,1.21085e+08
2020-06-10 00:30:00,81aHJ1q11NBPMrL,0,0,0,1.21544e+09
2020-05-19 05:45:00,IQ2d7wF4YD8zU1Q,0,0,0,1.99741e+07
2020-06-13 15:45:00,rrq4fwE8jgrTyWY,618.32,605.807,5291.87,1.2111e+08
2020-06-05 18:00:00,9kRcWv60rDACzjR,73.5,71.2533,3330.8,2.24786e+09
2020-05-23 13:00:00,Qf4GUc1pJu5T6c6,1243.66,1212.72,5856.47,8.38487e+08
2020-06-03 23:30:00,WcxssY2VbP4hApt,0,0,5691,1.81844e+08
2020-05-18 12:00:00,xMbIugepa2P7lBB,1216.24,1186.01,3138.36,1.06684e+08
2020-06-16 13:00:00,V94E5Ben1TlhnDV,828.82,811.08,3591,1.41229e+09
2020-06-07 15:30:00,LYwnQax7tkwH5Cb,192.3,188.129,186.786,6.41096e+08
2020-05-22 21:45:00,LlT2YUhhzqhg5Sw,0,0,5052,2.82642e+08
2020-05-30 03:00:00,Qf4GUc1pJu5T6c6,0,0,0,8.38535e+08
2020-06-16 12:45:00,LYwnQax7tkwH5Cb,813.5,796.153,3247.87,1.79511e+09
2020-05-31 20:00:00,oZZkBaNadn6DNKz,0,0,6617,1.7082e+09
2020-05-17 16:30:00,NgDl19wMapZy17u,611.38,599.02,6658.53,1.11536e+08
2020-06-08 10:30:00,PeE6FRyGXUgsRhN,1185.98,1157.32,2351.67,1.3485e+09
2020-06-06 03:45:00,IQ2d7wF4YD8zU1Q,0,0,0,2.01104e+07
2020-06-01 01:30:00,NgDl19wMapZy17u,0,0,0,1.11645e+08
2020-06-11 11:15:00,xoJJ8DcxJEcupym,695.033,680.7,1505.07,2.09298e+08
2020-06-11 10:30:00,LYwnQax7tkwH5Cb,502.367,492.673,1014.13,1.79508e+09
2020-05-20 15:45:00,Et9kgGMDl729KT4,706.64,692.013,3751,1.72815e+06
2020-06-07 12:15:00,4UPUqMRk7TRMgml,1326.19,1293.23,4010.8,2.59755e+06
2020-06-11 21:00:00,xoJJ8DcxJEcupym,0,0,3941,2.09301e+08
2020-06-05 14:30:00,mqwcsP2rE7J0TFp,519.633,509.427,6153.8,5.93741e+08
2020-05-26 19:15:00,LlT2YUhhzqhg5Sw,0,0,9079,2.82673e+08
2020-06-08 01:45:00,oZ35aAeoifZaQzV,0,0,7860,1.66014e+09
2020-06-11 19:30:00,4UPUqMRk7TRMgml,0,0,3930,2.62822e+06
2020-06-07 21:45:00,IQ2d7wF4YD8zU1Q,0,0,7884,2.01265e+07
2020-06-12 11:30:00,WcxssY2VbP4hApt,734.24,718.947,1678.93,1.81878e+08
2020-05-21 05:30:00,Mx2yZCDsyf6DPfv,0,0,0,2.49752e+06
2020-06-12 08:15:00,xMbIugepa2P7lBB,243.079,238.35,295.071,1.06865e+08
2020-05-22 22:00:00,V94E5Ben1TlhnDV,0,0,8470,1.41214e+09
2020-05-22 16:45:00,Quc1TzYxW2pYoWX,353.887,347.867,3442.2,3.29539e+08
2020-06-12 18:15:00,V94E5Ben1TlhnDV,93.8929,91.1857,4519.21,1.41227e+09
2020-05-20 23:45:00,9kRcWv60rDACzjR,0,0,3994,2.24776e+09
2020-06-10 17:00:00,q49J1IKaHRwDQnt,97.0667,94.38,5277.93,482916
2020-05-19 06:00:00,V94E5Ben1TlhnDV,8.65714,8.37143,0.357143,1.41211e+09
2020-06-11 07:30:00,vOuJvMaM2sgwLmb,153.82,150.66,95.8,2.38913e+06
2020-05-17 11:00:00,4UPUqMRk7TRMgml,1042.14,1018.13,2621.6,2.44151e+06
2020-06-10 22:00:00,Mx2yZCDsyf6DPfv,0,0,5563,2.65571e+06
2020-05-24 08:30:00,vOuJvMaM2sgwLmb,686.32,672.013,732.867,2.27567e+06
2020-06-10 02:00:00,9kRcWv60rDACzjR,0,0,0,2.24788e+09
2020-06-10 02:45:00,81aHJ1q11NBPMrL,0,0,0,1.21544e+09
2020-06-06 01:15:00,Quc1TzYxW2pYoWX,0,0,3779,3.29606e+08
2020-06-07 08:00:00,xMbIugepa2P7lBB,301.26,295.72,266.933,1.06831e+08
2020-06-15 05:30:00,vOuJvMaM2sgwLmb,0,0,0,2.41156e+06
2020-06-02 01:00:00,Quc1TzYxW2pYoWX,0,0,3649,3.29588e+08
2020-05-19 19:00:00,q49J1IKaHRwDQnt,0,0,2825,365265
2020-06-05 06:00:00,q49J1IKaHRwDQnt,4.68,4.51333,0.6,461972
2020-05-31 04:00:00,Qf4GUc1pJu5T6c6,0,0,0,8.38544e+08
2020-05-29 12:30:00,oZ35aAeoifZaQzV,999.614,977.4,4516.5,1.66008e+09
2020-06-13 15:30:00,xMbIugepa2P7lBB,665.373,651.233,1889.73,1.06872e+08
2020-05-16 07:00:00,81aHJ1q11NBPMrL,169.887,166.507,87.6667,1.21528e+09
2020-06-02 00:30:00,Qf4GUc1pJu5T6c6,0,0,0,8.38554e+08
2020-05-25 08:15:00,PeE6FRyGXUgsRhN,554.907,543.893,561.067,1.34841e+09
2020-06-11 05:45:00,rrq4fwE8jgrTyWY,0,0,0,1.21097e+08
2020-06-03 04:00:00,Quc1TzYxW2pYoWX,0,0,4962,3.29593e+08
2020-06-05 13:15:00,Quc1TzYxW2pYoWX,413.627,403.367,2250,3.29604e+08
2020-06-07 18:00:00,LlT2YUhhzqhg5Sw,94.9286,92.2,7738.86,2.82743e+08
2020-05-19 10:45:00,q49J1IKaHRwDQnt,551.287,537.793,1726.27,364166
2020-06-08 08:30:00,oZ35aAeoifZaQzV,719.314,704.321,753.429,1.66014e+09
2020-06-06 16:15:00,PeE6FRyGXUgsRhN,636.771,623.821,1557.36,1.34849e+09
2020-06-16 13:45:00,4UPUqMRk7TRMgml,683.38,669.133,3576.6,2.64762e+06
2020-05-30 03:30:00,Mx2yZCDsyf6DPfv,0,0,0,2.57074e+06
2020-05-20 08:15:00,vOuJvMaM2sgwLmb,563.133,551.887,551.6,2.24431e+06
2020-05-29 15:15:00,81aHJ1q11NBPMrL,841.747,823.74,3419.53,1.21538e+09
2020-06-12 08:30:00,4UPUqMRk7TRMgml,335.714,329.7,380.071,2.62863e+06
2020-06-04 16:00:00,Qf4GUc1pJu5T6c6,283.04,277.76,6342.4,8.38574e+08
2020-06-05 17:30:00,mqwcsP2rE7J0TFp,185.48,181.473,7457.8,5.93743e+08
2020-06-12 10:45:00,Mx2yZCDsyf6DPfv,332.027,325.693,1222.4,2.66088e+06
2020-06-12 05:00:00,PeE6FRyGXUgsRhN,0,0,3834,1.34852e+09
2020-05-30 15:15:00,xoJJ8DcxJEcupym,893.113,873.767,3743,2.09232e+08
2020-05-18 03:45:00,V94E5Ben1TlhnDV,0,0,0,1.41211e+09
2020-05-29 11:30:00,4UPUqMRk7TRMgml,1038.17,1014.91,3339.14,2.5329e+06
2020-05-21 05:30:00,81aHJ1q11NBPMrL,0,0,0,1.21531e+09
2020-06-04 19:00:00,WcxssY2VbP4hApt,0,0,3834,1.81848e+08
2020-06-03 10:00:00,LlT2YUhhzqhg5Sw,534.333,523.7,1352.8,2.82721e+08
2020-05-17 00:15:00,NgDl19wMapZy17u,0,0,0,1.1153e+08
2020-06-05 18:45:00,Quc1TzYxW2pYoWX,0,0,3779,3.29606e+08
2020-06-10 21:00:00,Quc1TzYxW2pYoWX,0,0,2508,3.29621e+08
2020-06-01 09:15:00,Qf4GUc1pJu5T6c6,960.34,939.147,1023.27,8.38551e+08
2020-06-07 02:00:00,oZ35aAeoifZaQzV,0,0,8368,1.66013e+09
2020-05-31 09:45:00,rrq4fwE8jgrTyWY,827.167,809.44,1173.33,1.21056e+08
2020-06-13 01:00:00,xMbIugepa2P7lBB,0,0,4716,1.0687e+08
2020-06-03 07:15:00,WcxssY2VbP4hApt,175.627,172.087,106.867,1.81838e+08
2020-06-02 03:45:00,xoJJ8DcxJEcupym,0,0,0,2.09244e+08
2020-05-18 03:00:00,Mx2yZCDsyf6DPfv,0,0,0,2.47373e+06
2020-05-28 04:30:00,81aHJ1q11NBPMrL,0,0,0,1.21536e+09
2020-05-23 17:45:00,oZZkBaNadn6DNKz,129.773,126.32,9475.93,1.70814e+09
2020-05-17 11:15:00,WcxssY2VbP4hApt,953.813,932.807,3006.93,1.81716e+08
2020-06-02 08:15:00,81aHJ1q11NBPMrL,516.033,505.907,608.067,1.2154e+09
2020-05-26 05:30:00,q49J1IKaHRwDQnt,0,0,0,401827
2020-05-24 05:45:00,LlT2YUhhzqhg5Sw,0,0,0,2.82646e+08
2020-06-11 16:00:00,9kRcWv60rDACzjR,297.887,292.58,3590.13,2.24789e+09
2020-05-28 15:15:00,Et9kgGMDl729KT4,862.46,843.933,6755.07,1.77778e+06
2020-06-06 12:30:00,LlT2YUhhzqhg5Sw,0,0,3443,2.82734e+08
2020-06-08 04:30:00,WcxssY2VbP4hApt,0,0,1950,1.81862e+08
2020-05-18 12:00:00,PeE6FRyGXUgsRhN,1210.64,1180.53,2284.07,1.34837e+09
2020-06-04 14:15:00,LYwnQax7tkwH5Cb,624.287,611.607,1513.4,1.79506e+09
2020-05-26 16:45:00,Et9kgGMDl729KT4,444.033,435.773,8071.4,1.76216e+06
2020-06-17 23:30:00,Et9kgGMDl729KT4,0,0,4020,1.85416e+06
2020-05-19 18:45:00,NgDl19wMapZy17u,0,0,6688,1.11551e+08
2020-06-05 07:45:00,NgDl19wMapZy17u,271.587,266.36,228.067,1.11668e+08
2020-06-01 08:15:00,4UPUqMRk7TRMgml,323.767,317.993,350.333,2.55291e+06
2020-06-02 16:00:00,xMbIugepa2P7lBB,403.247,394.607,4783,7.83212e+07
2020-05-25 05:15:00,oZ35aAeoifZaQzV,0,0,0,1.66004e+09
2020-06-02 17:00:00,PeE6FRyGXUgsRhN,498.967,489.48,5668,1.34847e+09
2020-06-10 01:00:00,PeE6FRyGXUgsRhN,0,0,6456,1.34851e+09
2020-05-29 06:15:00,Et9kgGMDl729KT4,59.56,57.6667,10.8,1.77901e+06
2020-06-04 15:30:00,V94E5Ben1TlhnDV,478.68,469.62,2955.27,1.41223e+09
2020-05-19 15:30:00,Et9kgGMDl729KT4,136.507,133.247,2513.47,1.72432e+06
2020-06-07 06:45:00,Qf4GUc1pJu5T6c6,77.14,74.8067,40,8.3859e+08
2020-05-19 02:30:00,xoJJ8DcxJEcupym,0,0,0,2.0916e+08
2020-05-27 05:30:00,9kRcWv60rDACzjR,0,0,0,2.2478e+09
2020-06-02 10:00:00,Et9kgGMDl729KT4,646.407,633.193,1549.4,1.80045e+06
2020-06-06 17:15:00,mqwcsP2rE7J0TFp,312.167,306.653,8177.53,5.93751e+08
2020-05-16 05:00:00,4UPUqMRk7TRMgml,0,0,0,2.43321e+06
2020-05-30 13:00:00,81aHJ1q11NBPMrL,1140.36,1113.27,3422.2,1.21538e+09
2020-05-24 16:30:00,q49J1IKaHRwDQnt,485.307,475.94,8467.6,395226
2020-05-21 09:00:00,4UPUqMRk7TRMgml,800.66,783.713,1099.2,2.46536e+06
2020-06-15 04:00:00,vOuJvMaM2sgwLmb,0,0,7463,2.41156e+06
2020-06-10 21:30:00,NgDl19wMapZy17u,0,0,2618,1.11711e+08
2020-05-18 10:30:00,xMbIugepa2P7lBB,662.1,648.533,1706.53,1.06683e+08
2020-06-08 19:30:00,Et9kgGMDl729KT4,0,0,3189,1.82197e+06
2020-05-29 18:30:00,81aHJ1q11NBPMrL,15.58,15.0333,4810.67,1.21538e+09
2020-06-09 22:30:00,IQ2d7wF4YD8zU1Q,0,0,8151,2.0144e+07
2020-06-03 06:15:00,Quc1TzYxW2pYoWX,22.42,21.6533,2.26667,3.29593e+08
2020-06-14 11:00:00,WcxssY2VbP4hApt,1084.59,1058.81,2553.27,1.81891e+08
2020-05-18 02:15:00,mqwcsP2rE7J0TFp,0,0,0,5.93604e+08
2020-06-16 10:45:00,vOuJvMaM2sgwLmb,721.3,706.093,1895.73,2.41973e+06
2020-05-22 16:15:00,LYwnQax7tkwH5Cb,587.7,575.907,8810.8,1.795e+09
2020-05-31 14:15:00,Quc1TzYxW2pYoWX,667.613,653.46,4565.13,3.29583e+08
2020-06-16 18:30:00,LYwnQax7tkwH5Cb,11.0933,10.7133,5206.4,1.79511e+09
2020-06-16 10:00:00,oZ35aAeoifZaQzV,689.207,675.007,1382.67,1.66018e+09
2020-06-07 14:30:00,oZ35aAeoifZaQzV,1031.1,1006.63,6426.53,1.66014e+09
2020-06-17 04:30:00,xMbIugepa2P7lBB,0,0,0,1.06892e+08
2020-06-03 21:15:00,NgDl19wMapZy17u,0,0,5288,1.11661e+08
2020-06-12 08:00:00,NgDl19wMapZy17u,226.727,222.293,263.667,1.11715e+08
2020-06-08 20:00:00,Et9kgGMDl729KT4,0,0,3189,1.82197e+06
2020-05-30 11:45:00,oZ35aAeoifZaQzV,1263.64,1232.77,3031.43,1.66009e+09
2020-05-28 04:45:00,Et9kgGMDl729KT4,0,0,0,1.77103e+06
2020-06-05 05:15:00,vOuJvMaM2sgwLmb,0,0,6885,2.35311e+06
2020-05-18 23:15:00,Et9kgGMDl729KT4,0,0,2320,1.72181e+06
2020-06-11 21:15:00,NgDl19wMapZy17u,0,0,3884,1.11715e+08
2020-06-02 14:45:00,Et9kgGMDl729KT4,888.053,868.66,4102.6,1.803e+06
2020-06-11 07:00:00,IQ2d7wF4YD8zU1Q,89.6467,87.0467,25.3333,2.01496e+07
2020-06-02 13:45:00,NgDl19wMapZy17u,1291.77,1260.01,4623.53,1.11653e+08
2020-06-08 19:30:00,4UPUqMRk7TRMgml,0,0,9210,2.61059e+06
2020-06-14 17:30:00,Qf4GUc1pJu5T6c6,176.033,172.42,2001.73,8.38635e+08
2020-06-16 02:15:00,oZ35aAeoifZaQzV,0,0,2530.27,1.5495e+09
2020-05-23 00:15:00,oZZkBaNadn6DNKz,0,0,0,1.70813e+09
2020-05-18 15:00:00,IQ2d7wF4YD8zU1Q,938.733,918.14,6596.53,1.99729e+07
2020-06-05 21:30:00,4UPUqMRk7TRMgml,0,0,7756,2.58516e+06
2020-05-15 13:45:00,Et9kgGMDl729KT4,0,0,1844,1.70609e+06
2020-05-16 10:00:00,LYwnQax7tkwH5Cb,0,0,1828,1.79497e+09
2020-06-08 18:45:00,PeE6FRyGXUgsRhN,4.72857,4.56429,8836.64,1.3485e+09
2020-06-17 21:30:00,V94E5Ben1TlhnDV,0,0,4324,1.41229e+09
2020-06-02 19:00:00,xMbIugepa2P7lBB,0,0,7138,1.06802e+08
2020-06-02 03:00:00,WcxssY2VbP4hApt,0,0,0,1.81834e+08
2020-05-30 17:30:00,LYwnQax7tkwH5Cb,206.357,202.307,7687.93,1.79504e+09
2020-05-24 10:00:00,PeE6FRyGXUgsRhN,1033.95,1010.79,1969.13,1.34841e+09
2020-06-17 13:00:00,Mx2yZCDsyf6DPfv,796.327,779.46,2600.2,2.68151e+06
2020-05-25 01:45:00,oZZkBaNadn6DNKz,0,0,0,1.70815e+09
2020-06-15 11:45:00,oZZkBaNadn6DNKz,106.013,104.047,1121.13,1.70828e+09
2020-05-29 03:00:00,Mx2yZCDsyf6DPfv,0,0,0,2.5625e+06
2020-06-04 05:00:00,WcxssY2VbP4hApt,0,0,0,1.81844e+08
2020-05-19 15:45:00,Qf4GUc1pJu5T6c6,96.5214,94.05,1849.14,8.38453e+08
2020-05-19 07:00:00,rrq4fwE8jgrTyWY,145.9,142.313,78.8667,1.20986e+08
2020-05-24 14:45:00,vOuJvMaM2sgwLmb,760.964,743.914,1564.71,2.2765e+06
2020-05-22 05:15:00,rrq4fwE8jgrTyWY,0,0,0,1.21001e+08
2020-06-16 03:45:00,LlT2YUhhzqhg5Sw,0,0,6151,2.82779e+08
2020-05-21 05:15:00,oZZkBaNadn6DNKz,0,0,0,1.70811e+09
2020-06-12 13:00:00,Quc1TzYxW2pYoWX,130.033,127.533,529.667,1.53826e+08
2020-06-01 01:00:00,Qf4GUc1pJu5T6c6,0,0,0,8.3855e+08
2020-05-30 22:00:00,LYwnQax7tkwH5Cb,0,0,7771,1.79504e+09
2020-05-18 13:00:00,q49J1IKaHRwDQnt,0,0,3179,361458
2020-06-04 14:00:00,Qf4GUc1pJu5T6c6,336.747,330.727,5351.87,8.38573e+08
2020-06-07 02:45:00,Et9kgGMDl729KT4,0,0,2296,1.81623e+06
2020-06-17 13:15:00,rrq4fwE8jgrTyWY,627.9,615.167,2428.67,1.2113e+08
2020-06-08 03:30:00,LYwnQax7tkwH5Cb,0,0,2070,1.79507e+09
2020-05-25 19:30:00,PeE6FRyGXUgsRhN,0,0,8737,1.34842e+09
2020-06-13 14:15:00,vOuJvMaM2sgwLmb,670.14,655.68,4341.8,2.40206e+06
2020-06-08 20:45:00,rrq4fwE8jgrTyWY,0,0,3457,1.21091e+08
2020-06-15 21:15:00,LYwnQax7tkwH5Cb,0,0,5604,1.79511e+09
2020-05-31 19:15:00,Mx2yZCDsyf6DPfv,0,0,6639,2.58558e+06
2020-05-30 05:45:00,q49J1IKaHRwDQnt,0,0,0,430129
2020-05-15 13:45:00,Quc1TzYxW2pYoWX,956.747,935.707,2119.53,3.29511e+08
2020-05-23 11:00:00,Et9kgGMDl729KT4,0,0,2426,1.74154e+06
2020-06-02 21:00:00,NgDl19wMapZy17u,0,0,7098,1.11656e+08
2020-06-02 15:15:00,LYwnQax7tkwH5Cb,558.247,546.2,3784.33,1.79505e+09
2020-05-24 04:15:00,Et9kgGMDl729KT4,0,0,0,1.74372e+06
2020-05-20 12:45:00,PeE6FRyGXUgsRhN,0,0,1235,1.34838e+09
2020-05-15 09:30:00,WcxssY2VbP4hApt,1033.36,1010.22,1777.33,1.81697e+08
2020-06-11 02:45:00,xMbIugepa2P7lBB,0,0,5523,1.06861e+08
2020-06-14 02:45:00,oZ35aAeoifZaQzV,0,0,3472,1.66017e+09
2020-05-24 22:45:00,xoJJ8DcxJEcupym,0,0,9081,2.09196e+08
2020-05-26 11:30:00,oZ35aAeoifZaQzV,1288.92,1256.7,3866.93,1.66006e+09
2020-05-21 17:30:00,4UPUqMRk7TRMgml,204.947,200.92,9062.27,2.47333e+06
2020-06-13 09:30:00,xoJJ8DcxJEcupym,684.16,669.613,1014.87,2.09307e+08
2020-06-16 07:30:00,rrq4fwE8jgrTyWY,240.567,235.907,166.667,1.21122e+08
2020-06-17 17:30:00,Quc1TzYxW2pYoWX,119.36,116.09,3641.8,3.29646e+08
2020-05-23 16:15:00,oZ35aAeoifZaQzV,608.667,596.4,9081.4,1.66004e+09
2020-05-21 14:15:00,oZ35aAeoifZaQzV,1126.97,1101.19,6053.4,1.66002e+09
2020-05-31 18:00:00,4UPUqMRk7TRMgml,51.5267,49.8467,6679.93,2.55255e+06
2020-05-15 21:45:00,q49J1IKaHRwDQnt,0,0,9096,349019
2020-06-10 04:30:00,Quc1TzYxW2pYoWX,0,0,3796,3.29618e+08
2020-06-08 05:15:00,xoJJ8DcxJEcupym,0,0,7674,2.09277e+08
2020-06-13 07:15:00,q49J1IKaHRwDQnt,182.607,178.871,124,491520
2020-06-17 19:30:00,q49J1IKaHRwDQnt,0,0,4157,520758
2020-06-04 23:45:00,oZ35aAeoifZaQzV,0,0,3739,1.66012e+09
2020-06-07 06:15:00,9kRcWv60rDACzjR,42.2,40.8,7.86667,2.24787e+09
2020-06-04 12:00:00,rrq4fwE8jgrTyWY,977.207,954.6,3286.33,1.21076e+08
2020-06-14 12:15:00,xoJJ8DcxJEcupym,1202.55,1173.25,3462.33,2.09316e+08
2020-05-22 15:15:00,q49J1IKaHRwDQnt,857.273,838.847,8047.67,382219
2020-06-10 05:30:00,NgDl19wMapZy17u,0,0,537.8,1.11708e+08
2020-06-06 14:00:00,9kRcWv60rDACzjR,1075.45,1049.39,6175.5,2.24787e+09
2020-05-15 19:15:00,9kRcWv60rDACzjR,0,0,9246,2.24773e+09
2020-06-01 09:15:00,81aHJ1q11NBPMrL,931.153,910.727,974.8,1.21539e+09
2020-05-17 20:00:00,NgDl19wMapZy17u,0,0,7041,1.11537e+08
2020-05-16 13:45:00,Qf4GUc1pJu5T6c6,679.46,665.067,6239.2,8.38434e+08
2020-05-25 19:30:00,LlT2YUhhzqhg5Sw,0,0,8810,2.82664e+08
2020-05-18 23:30:00,rrq4fwE8jgrTyWY,0,0,4215,1.20986e+08
2020-06-15 06:15:00,WcxssY2VbP4hApt,33.8467,32.7267,6,1.81896e+08
2020-05-25 20:15:00,q49J1IKaHRwDQnt,0,0,6197,401827
2020-06-13 03:15:00,Mx2yZCDsyf6DPfv,0,0,4576,2.66424e+06
2020-05-27 15:45:00,LlT2YUhhzqhg5Sw,709.013,694.327,8219,2.82681e+08
2020-06-16 12:30:00,vOuJvMaM2sgwLmb,771.48,754.947,3238.33,2.42107e+06
2020-06-13 13:00:00,9kRcWv60rDACzjR,0,0,1366,2.24789e+09
2020-06-05 11:45:00,PeE6FRyGXUgsRhN,530.733,520.173,3678.2,1.34848e+09
2020-05-31 07:30:00,PeE6FRyGXUgsRhN,131.687,128.133,150.933,1.34845e+09
2020-06-12 00:00:00,WcxssY2VbP4hApt,0,0,3947,1.81877e+08
2020-05-27 17:45:00,9kRcWv60rDACzjR,132.107,128.787,3577.53,2.09795e+09
2020-05-27 20:15:00,q49J1IKaHRwDQnt,0,0,9016,414923
2020-05-19 23:15:00,xoJJ8DcxJEcupym,0,0,6155,2.09166e+08
2020-05-30 18:30:00,Qf4GUc1pJu5T6c6,13.2,12.7333,8077,8.38544e+08
2020-05-29 19:30:00,Quc1TzYxW2pYoWX,0,0,4046,3.29575e+08
2020-06-05 14:45:00,rrq4fwE8jgrTyWY,365.907,359.647,1737.47,1.21081e+08
2020-05-22 00:00:00,WcxssY2VbP4hApt,0,0,0,1.81753e+08
2020-06-11 08:15:00,Et9kgGMDl729KT4,149.873,146.307,158.667,1.82848e+06
2020-06-02 09:45:00,vOuJvMaM2sgwLmb,622.533,609.7,1530.93,2.339e+06
2020-06-05 00:15:00,mqwcsP2rE7J0TFp,0,0,0,5.93735e+08
2020-05-19 19:30:00,V94E5Ben1TlhnDV,0,0,6710,1.41212e+09
2020-05-29 02:30:00,q49J1IKaHRwDQnt,0,0,7799,422722
2020-05-17 18:15:00,xMbIugepa2P7lBB,38.5667,37.2933,7081.53,1.06681e+08
2020-06-15 01:00:00,mqwcsP2rE7J0TFp,0,0,0,5.93799e+08
2020-06-11 05:45:00,81aHJ1q11NBPMrL,0,0,0,1.21545e+09
2020-05-26 16:15:00,4UPUqMRk7TRMgml,615.136,602.7,8989.93,2.51581e+06
2020-06-17 15:00:00,NgDl19wMapZy17u,570.386,558.986,3446.86,1.11745e+08
2020-05-22 23:45:00,Et9kgGMDl729KT4,0,0,3582,1.73912e+06
2020-05-29 11:30:00,9kRcWv60rDACzjR,0,0,2691,2.24782e+09
2020-05-15 14:30:00,PeE6FRyGXUgsRhN,941.136,920.443,7382.64,1.34836e+09
2020-06-01 09:15:00,Mx2yZCDsyf6DPfv,902.513,882.773,1027.07,2.58661e+06
2020-05-19 13:00:00,PeE6FRyGXUgsRhN,0,0,1449,1.34838e+09
2020-06-09 20:00:00,q49J1IKaHRwDQnt,0,0,3601,477638
2020-05-19 05:15:00,vOuJvMaM2sgwLmb,0,0,0,2.23704e+06
2020-05-27 02:30:00,Qf4GUc1pJu5T6c6,0,0,0,8.38514e+08
2020-06-08 14:00:00,Mx2yZCDsyf6DPfv,1164.2,1135.81,6328.13,2.63926e+06
2020-06-02 12:15:00,9kRcWv60rDACzjR,594.273,581.187,3163.53,2.09799e+09
2020-06-13 12:45:00,Quc1TzYxW2pYoWX,713.107,697.827,2720.93,3.29631e+08
2020-05-31 12:45:00,Mx2yZCDsyf6DPfv,1233.72,1203.78,3891,2.58283e+06
2020-05-29 06:00:00,Mx2yZCDsyf6DPfv,21.5333,20.8067,1.2,2.56251e+06
2020-06-02 06:45:00,V94E5Ben1TlhnDV,243.973,239.333,75.8,1.41222e+09
2020-05-19 10:15:00,xoJJ8DcxJEcupym,163.407,159.813,346.867,9.76087e+07
2020-05-18 06:30:00,Qf4GUc1pJu5T6c6,0,0,0,8.38443e+08
2020-05-15 22:30:00,Qf4GUc1pJu5T6c6,0,0,6416,8.38428e+08
2020-06-07 01:00:00,xMbIugepa2P7lBB,0,0,8142,1.06831e+08
2020-06-11 12:00:00,PeE6FRyGXUgsRhN,0,0,126.933,8.99011e+07
2020-06-03 13:30:00,V94E5Ben1TlhnDV,640.68,627.613,2429.2,1.41223e+09
2020-05-21 06:30:00,Qf4GUc1pJu5T6c6,90.3733,87.7333,24.8667,8.38462e+08
2020-06-01 12:00:00,xMbIugepa2P7lBB,451.553,440.267,790.667,5.69568e+07
2020-06-17 03:45:00,LYwnQax7tkwH5Cb,0,0,0,1.79511e+09
2020-06-12 23:45:00,Et9kgGMDl729KT4,0,0,3743,1.83536e+06
2020-05-15 23:30:00,WcxssY2VbP4hApt,0,0,9621,1.81705e+08
2020-06-03 15:00:00,Mx2yZCDsyf6DPfv,0,0,4010,2.60127e+06
2020-05-25 13:30:00,V94E5Ben1TlhnDV,1192.23,1162.41,6105.93,1.41216e+09
2020-06-17 23:30:00,IQ2d7wF4YD8zU1Q,0,0,4251,2.01851e+07
2020-06-15 05:00:00,vOuJvMaM2sgwLmb,0,0,7463,2.41156e+06
2020-05-25 05:45:00,9kRcWv60rDACzjR,0,0,0,2.24779e+09
2020-06-15 07:45:00,LlT2YUhhzqhg5Sw,435.553,427.34,264.467,2.82774e+08
2020-06-05 20:45:00,xMbIugepa2P7lBB,0,0,7722,1.06823e+08
2020-06-02 01:00:00,LYwnQax7tkwH5Cb,0,0,0,1.79505e+09
2020-06-11 00:30:00,rrq4fwE8jgrTyWY,0,0,2369,1.21097e+08
2020-06-16 19:00:00,NgDl19wMapZy17u,0,0,5537,1.11742e+08
2020-05-25 02:00:00,81aHJ1q11NBPMrL,0,0,0,0
2020-05-23 00:15:00,Et9kgGMDl729KT4,0,0,0,1.73912e+06
2020-06-03 16:30:00,Et9kgGMDl729KT4,233.4,228.853,3797.53,1.80818e+06
2020-05-15 12:15:00,vOuJvMaM2sgwLmb,1306.39,1273.73,5047.2,2.21701e+06
2020-06-13 01:15:00,Et9kgGMDl729KT4,0,0,3743,1.83536e+06
2020-06-04 09:00:00,LYwnQax7tkwH5Cb,561.98,550.767,847.733,1.79506e+09
2020-05-30 18:00:00,81aHJ1q11NBPMrL,67.5643,65.4357,7135.64,1.21538e+09
2020-06-02 03:15:00,LYwnQax7tkwH5Cb,0,0,0,1.79505e+09
2020-06-10 16:45:00,vOuJvMaM2sgwLmb,224.06,219.847,5416.27,2.38897e+06
2020-06-16 04:30:00,9kRcWv60rDACzjR,0,0,0,2.24791e+09
2020-06-12 18:15:00,PeE6FRyGXUgsRhN,92.8786,90.2071,4666,1.34852e+09
2020-05-17 22:45:00,Mx2yZCDsyf6DPfv,0,0,6481,2.47373e+06
2020-05-17 11:45:00,Qf4GUc1pJu5T6c6,677.893,663.95,3361.43,8.38439e+08
2020-06-12 00:30:00,9kRcWv60rDACzjR,0,0,0,2.24789e+09
2020-05-24 20:00:00,WcxssY2VbP4hApt,0,0,9373,1.81775e+08
2020-06-10 16:30:00,V94E5Ben1TlhnDV,415.98,408.367,5285.2,1.41226e+09
2020-05-27 23:15:00,q49J1IKaHRwDQnt,0,0,9016,414923
2020-05-26 15:30:00,vOuJvMaM2sgwLmb,819.467,801.78,8260.87,2.29551e+06
2020-06-01 09:15:00,LYwnQax7tkwH5Cb,942.693,922.027,962.2,1.79505e+09
2020-05-24 22:30:00,rrq4fwE8jgrTyWY,0,0,4924,1.21018e+08
2020-06-05 08:45:00,NgDl19wMapZy17u,750.113,734.12,702.467,1.04224e+08
2020-05-20 20:45:00,Quc1TzYxW2pYoWX,0,0,2419,3.29531e+08
2020-06-14 00:00:00,xoJJ8DcxJEcupym,0,0,6632,2.09312e+08
2020-05-24 08:00:00,PeE6FRyGXUgsRhN,505.827,495.9,423.467,1.3484e+09
2020-05-27 21:30:00,Et9kgGMDl729KT4,0,0,8653,1.77103e+06
2020-05-24 15:15:00,V94E5Ben1TlhnDV,861.7,843.18,7987.87,1.41216e+09
2020-06-02 21:15:00,IQ2d7wF4YD8zU1Q,0,0,7297,2.00896e+07
2020-06-07 07:00:00,xoJJ8DcxJEcupym,99.26,96.4267,59.3333,2.09269e+08
2020-05-25 19:30:00,q49J1IKaHRwDQnt,0,0,6197,401827
2020-06-17 11:15:00,vOuJvMaM2sgwLmb,338.467,332.28,1329.87,2.4247e+06
2020-05-31 12:30:00,81aHJ1q11NBPMrL,432.66,424.86,3504.13,1.21539e+09
2020-05-24 17:00:00,vOuJvMaM2sgwLmb,335.74,330.02,3064.87,2.278e+06
2020-05-28 09:15:00,rrq4fwE8jgrTyWY,871.56,852.773,1250.4,1.21037e+08
2020-06-01 00:15:00,LlT2YUhhzqhg5Sw,0,0,0,2.82712e+08
2020-06-16 22:45:00,IQ2d7wF4YD8zU1Q,0,0,5596,2.01808e+07
2020-05-30 17:00:00,xMbIugepa2P7lBB,386.721,380.029,7843.71,1.06784e+08
2020-05-24 05:00:00,vOuJvMaM2sgwLmb,0,0,0,2.27493e+06
2020-05-20 00:15:00,xoJJ8DcxJEcupym,0,0,0,2.09166e+08
2020-06-13 14:45:00,PeE6FRyGXUgsRhN,557.147,546.113,4980.13,1.34853e+09
2020-05-31 00:30:00,PeE6FRyGXUgsRhN,0,0,0,1.34845e+09
2020-05-31 09:15:00,LlT2YUhhzqhg5Sw,564.233,553.073,773.867,2.82707e+08
2020-05-24 02:15:00,V94E5Ben1TlhnDV,0,0,0,1.41215e+09
2020-05-30 02:00:00,oZ35aAeoifZaQzV,0,0,0,1.66008e+09
2020-05-23 16:15:00,rrq4fwE8jgrTyWY,555.253,544.213,2459.53,1.21013e+08
2020-05-20 18:15:00,WcxssY2VbP4hApt,54.5143,52.7571,9470.64,1.81744e+08
2020-05-19 22:00:00,9kRcWv60rDACzjR,0,0,6391,2.24776e+09
2020-06-16 08:00:00,PeE6FRyGXUgsRhN,359.42,353.287,292.2,1.34854e+09
2020-05-16 22:00:00,4UPUqMRk7TRMgml,0,0,5677,2.43889e+06
2020-06-01 17:30:00,LlT2YUhhzqhg5Sw,7.15385,6.9,4045.69,2.82716e+08
2020-06-14 08:45:00,vOuJvMaM2sgwLmb,473.493,464.327,794.933,2.40489e+06
2020-05-29 06:30:00,q49J1IKaHRwDQnt,102.667,99.76,31.4667,422753
2020-05-24 06:45:00,xoJJ8DcxJEcupym,143.12,139.58,53.2667,2.09187e+08
2020-06-05 02:30:00,LYwnQax7tkwH5Cb,0,0,2885,1.79506e+09
2020-05-23 08:45:00,Qf4GUc1pJu5T6c6,817.72,800.32,988.933,8.38482e+08
2020-05-15 20:45:00,Qf4GUc1pJu5T6c6,0,0,6416,8.38428e+08
2020-06-02 03:30:00,vOuJvMaM2sgwLmb,0,0,0,2.33747e+06
2020-06-12 09:15:00,xoJJ8DcxJEcupym,380.64,373.953,612.2,2.09301e+08
2020-05-30 14:00:00,4UPUqMRk7TRMgml,1177.3,1147.95,5510.53,2.54319e+06
2020-05-19 00:30:00,xMbIugepa2P7lBB,0,0,7696,1.06689e+08
2020-05-25 16:45:00,9kRcWv60rDACzjR,378.82,372.293,8678.13,2.2478e+09
2020-05-21 21:45:00,Et9kgGMDl729KT4,0,0,6646,1.73554e+06
2020-05-28 09:30:00,oZ35aAeoifZaQzV,998.307,976.12,1585.27,1.66007e+09
2020-06-04 20:45:00,vOuJvMaM2sgwLmb,0,0,6885,2.35311e+06
2020-05-18 23:15:00,81aHJ1q11NBPMrL,0,0,3485,1.2153e+09
2020-06-03 23:30:00,Mx2yZCDsyf6DPfv,0,0,4836,2.60209e+06
2020-06-16 23:30:00,LYwnQax7tkwH5Cb,0,0,5208,1.79511e+09
2020-06-02 09:45:00,PeE6FRyGXUgsRhN,581.627,569.967,1480.13,1.34846e+09
2020-06-17 19:15:00,81aHJ1q11NBPMrL,0,0,4306,1.21549e+09
2020-05-28 14:00:00,rrq4fwE8jgrTyWY,0,0,1661,1.21038e+08
2020-06-14 09:15:00,WcxssY2VbP4hApt,606.693,594.25,1153.86,1.81889e+08
2020-06-08 15:30:00,mqwcsP2rE7J0TFp,969.273,947.887,7873.8,5.93766e+08
2020-06-11 05:15:00,xoJJ8DcxJEcupym,0,0,3971,2.09297e+08
2020-05-15 13:00:00,rrq4fwE8jgrTyWY,0,0,2146.67,1.12902e+08
2020-06-05 09:45:00,q49J1IKaHRwDQnt,0,0,1221,463192
2020-05-15 02:00:00,4UPUqMRk7TRMgml,0,0,0,2.42901e+06
2020-06-10 01:00:00,9kRcWv60rDACzjR,0,0,0,2.24788e+09
2020-05-31 11:00:00,xMbIugepa2P7lBB,715.367,700.487,2266.73,1.06787e+08
2020-05-19 20:00:00,NgDl19wMapZy17u,0,0,6688,1.11551e+08
2020-06-13 20:00:00,xoJJ8DcxJEcupym,0,0,6632,2.09312e+08
2020-05-28 13:45:00,Et9kgGMDl729KT4,0,0,3085.87,1.303e+06
2020-05-17 10:15:00,Qf4GUc1pJu5T6c6,784.393,767.787,2040.2,8.38438e+08
2020-05-17 12:30:00,V94E5Ben1TlhnDV,875.913,857.02,3835.6,1.4121e+09
2020-05-15 10:30:00,V94E5Ben1TlhnDV,1193.28,1163.44,2796.27,1.41209e+09
2020-06-01 10:45:00,mqwcsP2rE7J0TFp,432.48,424.587,2332.8,5.93715e+08
2020-06-09 19:30:00,V94E5Ben1TlhnDV,0,0,7802,1.41226e+09
2020-05-31 02:15:00,oZZkBaNadn6DNKz,0,0,0,1.70819e+09
2020-05-29 10:15:00,rrq4fwE8jgrTyWY,884.214,865.1,2043.64,1.21042e+08
2020-05-24 12:15:00,9kRcWv60rDACzjR,1245.89,1214.74,4605.21,2.24778e+09
2020-05-17 08:45:00,PeE6FRyGXUgsRhN,641.453,628.373,719.667,1.34836e+09
2020-06-07 22:45:00,9kRcWv60rDACzjR,0,0,2021,2.24787e+09
2020-05-16 02:15:00,Mx2yZCDsyf6DPfv,0,0,0,2.46145e+06
2020-06-14 03:15:00,NgDl19wMapZy17u,0,0,3972,1.11724e+08
2020-05-22 22:00:00,oZZkBaNadn6DNKz,0,0,9729,1.70813e+09
2020-06-03 00:00:00,Et9kgGMDl729KT4,0,0,365.067,1.80438e+06
2020-06-13 18:45:00,NgDl19wMapZy17u,1.81333,1.75333,3971.8,1.11724e+08
2020-05-18 01:30:00,vOuJvMaM2sgwLmb,0,0,0,2.23179e+06
2020-06-08 12:00:00,Mx2yZCDsyf6DPfv,1023.68,999.457,4136.93,2.63707e+06
2020-05-29 11:00:00,9kRcWv60rDACzjR,0,0,2691,2.24782e+09
2020-05-17 04:30:00,Quc1TzYxW2pYoWX,0,0,0,3.2952e+08
2020-05-30 18:00:00,oZZkBaNadn6DNKz,69.6733,67.52,3668.27,1.70819e+09
2020-06-17 23:00:00,Et9kgGMDl729KT4,0,0,4020,1.85416e+06
2020-06-13 22:00:00,9kRcWv60rDACzjR,0,0,2777,2.24789e+09
2020-05-16 12:15:00,Et9kgGMDl729KT4,722.653,707.16,3512.67,1.71192e+06
2020-05-15 15:30:00,LlT2YUhhzqhg5Sw,467.36,457.84,8362.93,2.82601e+08
2020-05-16 14:45:00,WcxssY2VbP4hApt,679.22,665.173,7092.8,1.81712e+08
2020-05-20 05:30:00,LlT2YUhhzqhg5Sw,0,0,0,2.82628e+08
2020-06-12 07:00:00,81aHJ1q11NBPMrL,130.96,127.607,54.9333,1.21545e+09
2020-06-07 20:45:00,PeE6FRyGXUgsRhN,0,0,7544,1.3485e+09
2020-06-14 12:30:00,xMbIugepa2P7lBB,1270.53,1239.18,3633.6,1.06877e+08
2020-05-28 05:15:00,Quc1TzYxW2pYoWX,0,0,0,3.29566e+08
2020-05-25 07:30:00,oZZkBaNadn6DNKz,352.18,346.2,247.267,1.70815e+09
2020-05-29 10:45:00,Mx2yZCDsyf6DPfv,987.073,965.173,2703.47,2.56521e+06
2020-05-19 01:45:00,81aHJ1q11NBPMrL,0,0,0,1.2153e+09
2020-06-08 19:15:00,PeE6FRyGXUgsRhN,0,0,8837,1.3485e+09
2020-05-20 10:15:00,xoJJ8DcxJEcupym,0,0,1106,2.09167e+08
2020-06-15 10:45:00,oZZkBaNadn6DNKz,0,0,1113,1.70828e+09
2020-06-03 10:00:00,81aHJ1q11NBPMrL,577.18,565.26,1352.27,1.2154e+09
2020-05-18 02:15:00,Et9kgGMDl729KT4,0,0,0,1.71949e+06
2020-06-06 20:00:00,oZ35aAeoifZaQzV,0,0,8368,1.66013e+09
2020-06-15 05:00:00,4UPUqMRk7TRMgml,0,0,1868,2.64132e+06
2020-05-29 08:15:00,oZZkBaNadn6DNKz,496.243,486.693,377.357,1.70818e+09
2020-05-16 10:45:00,xMbIugepa2P7lBB,1155.86,1128.21,2869.4,1.06669e+08
2020-05-31 16:30:00,4UPUqMRk7TRMgml,199.3,195.38,6533.33,2.5524e+06
2020-05-15 01:30:00,V94E5Ben1TlhnDV,0,0,0,1.41208e+09
2020-06-13 06:45:00,V94E5Ben1TlhnDV,114.564,111.536,39.7857,1.41227e+09
2020-05-31 12:15:00,WcxssY2VbP4hApt,91.5267,89.24,235.6,1.21218e+07
2020-06-12 06:45:00,LYwnQax7tkwH5Cb,92.26,89.58,25.6,1.79508e+09
2020-06-11 12:15:00,oZ35aAeoifZaQzV,62.2154,61.1308,303.077,6.38524e+08
2020-05-27 11:00:00,Quc1TzYxW2pYoWX,925.5,905.28,2506.27,3.29561e+08
2020-06-08 14:00:00,NgDl19wMapZy17u,1222.01,1191.85,6291.53,1.11697e+08
2020-05-17 23:15:00,PeE6FRyGXUgsRhN,0,0,6960,1.34837e+09
2020-06-03 09:15:00,rrq4fwE8jgrTyWY,418.58,410.587,934.867,1.2107e+08
2020-06-16 20:30:00,xMbIugepa2P7lBB,0,0,5502,1.06892e+08
2020-06-06 16:30:00,4UPUqMRk7TRMgml,619.813,607.26,7841.07,2.593e+06
2020-06-04 17:30:00,Mx2yZCDsyf6DPfv,150.693,147.14,6893.13,2.60899e+06
2020-06-16 04:30:00,Et9kgGMDl729KT4,0,0,2199,1.84554e+06
2020-06-17 05:30:00,Qf4GUc1pJu5T6c6,0,0,0,8.38642e+08
2020-06-13 08:00:00,mqwcsP2rE7J0TFp,387.5,380.627,345.933,5.93787e+08
2020-06-02 07:30:00,NgDl19wMapZy17u,377,370.52,294.733,1.11649e+08
2020-06-01 14:30:00,vOuJvMaM2sgwLmb,58.0733,56.2133,4035.13,2.33724e+06
2020-05-31 03:30:00,V94E5Ben1TlhnDV,0,0,0,1.41221e+09
2020-06-06 15:30:00,81aHJ1q11NBPMrL,621.367,608.32,7064.87,1.21542e+09
2020-05-27 07:00:00,LYwnQax7tkwH5Cb,183.067,179.407,84.7333,1.79502e+09
2020-05-26 22:15:00,4UPUqMRk7TRMgml,0,0,9501,2.51633e+06
2020-05-17 07:45:00,4UPUqMRk7TRMgml,350.78,344.52,154.267,2.43904e+06
2020-06-16 04:15:00,Mx2yZCDsyf6DPfv,0,0,2643,2.67338e+06
2020-06-07 02:15:00,81aHJ1q11NBPMrL,0,0,0,1.21543e+09
2020-05-22 05:30:00,rrq4fwE8jgrTyWY,0,0,0,1.21001e+08
2020-05-27 20:00:00,9kRcWv60rDACzjR,0,0,3895,2.24781e+09
2020-05-31 12:45:00,mqwcsP2rE7J0TFp,1092.1,1065.64,3863.43,5.9371e+08
2020-05-19 12:45:00,Qf4GUc1pJu5T6c6,0,0,1470,8.38452e+08
2020-06-08 05:15:00,vOuJvMaM2sgwLmb,0,0,1910,2.36669e+06
2020-05-19 20:45:00,Quc1TzYxW2pYoWX,0,0,2229,3.29528e+08
2020-05-23 11:15:00,Qf4GUc1pJu5T6c6,1288.93,1256.7,3666.13,8.38485e+08
2020-06-14 12:30:00,xoJJ8DcxJEcupym,1216.71,1186.92,3723.93,2.09316e+08
2020-06-08 03:15:00,Mx2yZCDsyf6DPfv,0,0,7818,2.63293e+06
2020-06-07 01:30:00,mqwcsP2rE7J0TFp,0,0,0,5.93751e+08
2020-05-15 07:45:00,vOuJvMaM2sgwLmb,566.65,555.236,424.071,2.21239e+06
2020-05-23 02:30:00,LlT2YUhhzqhg5Sw,0,0,0,2.82642e+08
2020-05-24 19:00:00,LYwnQax7tkwH5Cb,0,0,4713,1.79501e+09
2020-05-29 18:15:00,oZ35aAeoifZaQzV,36.4429,35.2143,8248.14,1.66008e+09
2020-06-06 09:15:00,9kRcWv60rDACzjR,886.3,866.936,1169.36,2.24786e+09
2020-06-06 22:30:00,vOuJvMaM2sgwLmb,0,0,8249,2.36478e+06
2020-05-25 08:30:00,xoJJ8DcxJEcupym,632.68,619.833,709.267,2.09197e+08
2020-05-17 01:30:00,9kRcWv60rDACzjR,0,0,0,2.24774e+09
2020-06-06 06:00:00,81aHJ1q11NBPMrL,12.72,12.2667,0.533333,1.21542e+09
2020-05-20 03:00:00,q49J1IKaHRwDQnt,0,0,2825,365265
2020-06-10 17:00:00,LlT2YUhhzqhg5Sw,97.4467,94.7467,5426.67,2.82755e+08
2020-06-05 21:15:00,Quc1TzYxW2pYoWX,0,0,3779,3.29606e+08
2020-06-03 23:15:00,NgDl19wMapZy17u,0,0,5288,1.11661e+08
2020-06-12 21:00:00,mqwcsP2rE7J0TFp,0,0,4764,5.93787e+08
2020-06-15 07:15:00,q49J1IKaHRwDQnt,233.879,229.321,139.571,505405
2020-06-02 06:45:00,vOuJvMaM2sgwLmb,249.707,245.014,77.4286,2.33755e+06
2020-06-12 08:45:00,Mx2yZCDsyf6DPfv,195.607,191.513,463.8,2.66012e+06
2020-05-25 11:15:00,V94E5Ben1TlhnDV,1224.02,1193.42,3367.2,1.41216e+09
2020-05-26 21:15:00,LYwnQax7tkwH5Cb,0,0,3874,1.79502e+09
2020-06-13 21:45:00,9kRcWv60rDACzjR,0,0,2777,2.24789e+09
2020-05-15 01:15:00,4UPUqMRk7TRMgml,0,0,0,2.42901e+06
2020-06-07 20:15:00,Et9kgGMDl729KT4,0,0,2554,1.81878e+06
2020-06-14 07:15:00,Quc1TzYxW2pYoWX,243.473,238.967,5619.8,3.29634e+08
2020-06-02 12:00:00,WcxssY2VbP4hApt,0,0,2565,1.81837e+08
2020-06-05 23:45:00,IQ2d7wF4YD8zU1Q,0,0,7779,2.01104e+07
2020-05-26 13:30:00,q49J1IKaHRwDQnt,0,0,1870,403697
2020-05-17 18:00:00,9kRcWv60rDACzjR,104.693,101.743,6652.43,2.24774e+09
2020-06-11 08:30:00,81aHJ1q11NBPMrL,230.707,226.207,236.214,1.21545e+09
2020-06-06 17:30:00,xoJJ8DcxJEcupym,222.264,217.864,2239.14,2.09269e+08
2020-06-04 12:00:00,xMbIugepa2P7lBB,935.273,914.42,3403.33,1.06812e+08
2020-05-27 04:00:00,LlT2YUhhzqhg5Sw,0,0,0,2.82673e+08
2020-06-05 00:30:00,LlT2YUhhzqhg5Sw,0,0,2927,2.82727e+08
2020-05-16 05:00:00,Quc1TzYxW2pYoWX,0,0,0,3.29513e+08
2020-05-23 04:45:00,oZ35aAeoifZaQzV,0,0,0,1.66003e+09
2020-05-30 13:15:00,Quc1TzYxW2pYoWX,0,0,1695,3.29577e+08
2020-06-13 02:00:00,mqwcsP2rE7J0TFp,0,0,0,5.93787e+08
2020-05-31 18:30:00,oZZkBaNadn6DNKz,1.4,1.35333,6617,1.7082e+09
2020-05-26 14:45:00,Quc1TzYxW2pYoWX,812.407,795.147,5985.47,3.29557e+08
2020-06-13 07:00:00,oZZkBaNadn6DNKz,195.853,191.993,78.9333,1.70827e+09
2020-06-06 10:00:00,oZZkBaNadn6DNKz,0,0,909,1.70822e+09
2020-06-11 20:15:00,q49J1IKaHRwDQnt,0,0,3814,486755
2020-06-06 02:45:00,Qf4GUc1pJu5T6c6,0,0,7599,8.38582e+08
2020-06-02 22:00:00,NgDl19wMapZy17u,0,0,7098,1.11656e+08
2020-06-15 19:45:00,Et9kgGMDl729KT4,0,0,2199,1.84554e+06
2020-05-15 13:00:00,xoJJ8DcxJEcupym,0,0,1735,2.09145e+08
2020-05-25 17:45:00,9kRcWv60rDACzjR,25.7571,24.8714,8846.86,2.2478e+09
2020-05-29 08:30:00,LYwnQax7tkwH5Cb,674.353,660.5,509.533,1.79503e+09
2020-05-27 20:30:00,WcxssY2VbP4hApt,0,0,2548.2,1.09079e+08
2020-05-19 17:00:00,9kRcWv60rDACzjR,21.72,20.98,6386.53,2.24776e+09
2020-05-17 20:15:00,LYwnQax7tkwH5Cb,0,0,5519,1.79498e+09
2020-05-26 00:30:00,xoJJ8DcxJEcupym,0,0,0,2.09205e+08
2020-06-01 04:15:00,Mx2yZCDsyf6DPfv,0,0,0,2.58558e+06
2020-05-30 09:30:00,oZ35aAeoifZaQzV,585.067,573.293,794.4,1.66008e+09
2020-05-20 22:00:00,81aHJ1q11NBPMrL,0,0,3439,1.21531e+09
2020-05-28 21:15:00,LYwnQax7tkwH5Cb,0,0,3474,1.79502e+09
2020-05-31 02:00:00,rrq4fwE8jgrTyWY,0,0,0,1.21055e+08
2020-06-14 03:00:00,xoJJ8DcxJEcupym,0,0,6632,2.09312e+08
2020-05-21 10:00:00,WcxssY2VbP4hApt,247.671,241.643,395.071,7.78912e+07
2020-06-08 21:45:00,xoJJ8DcxJEcupym,0,0,9070,2.09286e+08
2020-05-25 06:30:00,oZZkBaNadn6DNKz,124.129,120.736,31.5,1.70815e+09
2020-06-14 14:45:00,oZZkBaNadn6DNKz,1062.19,1037.11,2067.8,1.70827e+09
2020-05-29 05:15:00,Qf4GUc1pJu5T6c6,0,0,0,8.38527e+08
2020-05-17 07:15:00,LYwnQax7tkwH5Cb,99.9467,97.1133,52.4667,1.79497e+09
2020-06-15 13:45:00,mqwcsP2rE7J0TFp,738.693,723.24,4542.93,5.93803e+08
2020-05-15 20:30:00,xMbIugepa2P7lBB,0,0,9465,1.06666e+08
2020-05-28 12:00:00,LlT2YUhhzqhg5Sw,1265.07,1233.45,4376.29,2.82686e+08
2020-06-08 16:15:00,rrq4fwE8jgrTyWY,543.833,533.04,2856.8,1.21091e+08
2020-06-03 05:15:00,oZ35aAeoifZaQzV,0,0,0,1.66011e+09
2020-06-09 01:45:00,Mx2yZCDsyf6DPfv,0,0,9179,2.64211e+06
2020-06-16 18:00:00,IQ2d7wF4YD8zU1Q,36,34.8067,5583.47,2.01808e+07
2020-05-16 03:00:00,LYwnQax7tkwH5Cb,0,0,0,1.79497e+09
2020-05-16 12:15:00,WcxssY2VbP4hApt,820.333,802.493,4787.93,1.8171e+08
2020-06-14 07:30:00,IQ2d7wF4YD8zU1Q,371.129,364.45,725,2.01616e+07
2020-06-08 01:15:00,LYwnQax7tkwH5Cb,0,0,2070,1.79507e+09
2020-06-06 23:45:00,IQ2d7wF4YD8zU1Q,0,0,8293,2.01187e+07
2020-06-13 23:30:00,V94E5Ben1TlhnDV,0,0,3615,1.41228e+09
2020-05-24 13:00:00,vOuJvMaM2sgwLmb,0,0,1497,2.27643e+06
2020-06-15 12:15:00,IQ2d7wF4YD8zU1Q,1065.68,1040.5,3661.86,2.01726e+07
2020-05-24 23:30:00,V94E5Ben1TlhnDV,0,0,9263,1.41216e+09
2020-05-15 02:30:00,9kRcWv60rDACzjR,0,0,0,2.24772e+09
2020-06-16 07:30:00,LYwnQax7tkwH5Cb,243.373,238.647,168.733,1.79511e+09
2020-05-22 10:30:00,9kRcWv60rDACzjR,0,0,1121,2.24777e+09
2020-05-24 21:15:00,Et9kgGMDl729KT4,0,0,3416,1.74713e+06
2020-05-15 05:00:00,81aHJ1q11NBPMrL,0,0,0,1.21528e+09
2020-05-21 02:30:00,Qf4GUc1pJu5T6c6,0,0,0,8.38462e+08
2020-05-20 19:30:00,rrq4fwE8jgrTyWY,0,0,6790,1.20997e+08
2020-06-02 16:30:00,xoJJ8DcxJEcupym,0,0,0,0
2020-05-27 05:15:00,9kRcWv60rDACzjR,0,0,0,2.2478e+09
2020-05-15 09:00:00,NgDl19wMapZy17u,863.153,844.58,1264.27,1.11514e+08
2020-06-11 23:15:00,xoJJ8DcxJEcupym,0,0,3941,2.09301e+08
2020-06-05 10:15:00,xoJJ8DcxJEcupym,867.12,847.033,2057.6,2.09261e+08
2020-05-23 06:15:00,oZZkBaNadn6DNKz,50.32,48.66,9.53333,1.70813e+09
2020-06-13 04:00:00,NgDl19wMapZy17u,0,0,4764,1.1172e+08
2020-06-12 22:15:00,Et9kgGMDl729KT4,0,0,3743,1.83536e+06
2020-05-18 18:00:00,mqwcsP2rE7J0TFp,54.3143,52.55,7676,5.93612e+08
2020-06-15 02:45:00,oZZkBaNadn6DNKz,0,0,0,1.70827e+09
2020-06-12 04:45:00,NgDl19wMapZy17u,0,0,3884,1.11715e+08
2020-06-03 05:15:00,Et9kgGMDl729KT4,0,0,0,1.80438e+06
2020-05-16 23:15:00,Et9kgGMDl729KT4,0,0,6483,1.71489e+06
2020-05-22 04:15:00,LlT2YUhhzqhg5Sw,0,0,0,2.82637e+08
2020-05-26 00:30:00,Qf4GUc1pJu5T6c6,0,0,0,8.38504e+08
2020-06-03 00:00:00,9kRcWv60rDACzjR,0,0,2829.2,2.24785e+09
2020-05-28 01:15:00,oZZkBaNadn6DNKz,0,0,0,1.70817e+09
2020-05-25 11:45:00,Et9kgGMDl729KT4,1025.93,1003.02,2632.53,1.74977e+06
2020-05-21 21:30:00,rrq4fwE8jgrTyWY,0,0,4675,1.21001e+08
2020-06-13 04:30:00,PeE6FRyGXUgsRhN,0,0,4685,1.34852e+09
2020-06-14 01:15:00,PeE6FRyGXUgsRhN,0,0,6515,1.34853e+09
2020-06-10 21:30:00,oZZkBaNadn6DNKz,0,0,5460,1.70826e+09
2020-06-12 13:45:00,Qf4GUc1pJu5T6c6,309.593,303.393,2616,8.38627e+08
2020-05-24 11:45:00,oZ35aAeoifZaQzV,0,0,3456,1.66004e+09
2020-06-05 05:30:00,mqwcsP2rE7J0TFp,0,0,0,5.93735e+08
2020-05-31 13:00:00,xoJJ8DcxJEcupym,1181.53,1152.65,4033.07,2.09237e+08
2020-05-16 08:00:00,WcxssY2VbP4hApt,579.667,568.047,443.467,1.81705e+08
2020-06-11 01:15:00,mqwcsP2rE7J0TFp,0,0,0,5.93778e+08
2020-05-16 16:00:00,V94E5Ben1TlhnDV,313.147,307.347,7482.67,1.4121e+09
2020-06-07 19:15:00,NgDl19wMapZy17u,0,0,7778,1.11691e+08
2020-05-25 17:30:00,PeE6FRyGXUgsRhN,47.12,45.56,8722.2,1.34842e+09
2020-06-07 14:45:00,Quc1TzYxW2pYoWX,763.947,747.753,1659.27,3.29611e+08
2020-06-06 01:45:00,xoJJ8DcxJEcupym,0,0,7368,2.09267e+08
2020-05-20 18:15:00,9kRcWv60rDACzjR,53.3,51.5643,3984.14,2.24776e+09
2020-05-24 05:45:00,PeE6FRyGXUgsRhN,0,0,0,1.3484e+09
2020-05-18 17:45:00,oZ35aAeoifZaQzV,86.22,83.7,7717.73,1.65999e+09
2020-06-03 10:15:00,mqwcsP2rE7J0TFp,409.279,401.257,1524.57,5.93726e+08
2020-05-25 16:45:00,81aHJ1q11NBPMrL,377.827,371.313,8686.6,1.21535e+09
2020-05-16 12:15:00,LYwnQax7tkwH5Cb,763.636,746.914,1900.79,1.79497e+09
2020-05-16 01:30:00,Mx2yZCDsyf6DPfv,0,0,0,2.46145e+06
2020-05-17 06:00:00,xoJJ8DcxJEcupym,3.88,3.74,0.4,2.0915e+08
2020-06-14 19:00:00,LlT2YUhhzqhg5Sw,0,0,7445,2.82773e+08
2020-06-02 00:45:00,81aHJ1q11NBPMrL,0,0,0,1.2154e+09
2020-06-12 03:30:00,Qf4GUc1pJu5T6c6,0,0,3887,8.38625e+08
2020-05-27 21:30:00,81aHJ1q11NBPMrL,0,0,9138,1.21536e+09
2020-06-11 16:15:00,IQ2d7wF4YD8zU1Q,186,182.32,3702.47,2.01533e+07
2020-05-25 13:15:00,LlT2YUhhzqhg5Sw,1191.25,1161.45,5687.13,2.8266e+08
2020-05-27 04:15:00,oZ35aAeoifZaQzV,0,0,0,1.66006e+09
2020-06-07 00:30:00,PeE6FRyGXUgsRhN,0,0,2212,1.34849e+09
2020-06-06 12:30:00,IQ2d7wF4YD8zU1Q,1327.35,1294.57,4730.4,2.01151e+07
2020-06-09 22:45:00,Mx2yZCDsyf6DPfv,0,0,8042,2.65015e+06
2020-06-13 06:15:00,xoJJ8DcxJEcupym,43.4867,42.04,4793.47,2.09306e+08
2020-06-06 08:15:00,oZZkBaNadn6DNKz,684.027,669.907,401.667,1.70822e+09
2020-05-16 17:30:00,LYwnQax7tkwH5Cb,17.3133,16.72,3171.27,1.79497e+09
2020-05-19 03:30:00,V94E5Ben1TlhnDV,0,0,0,1.41211e+09
2020-05-22 12:45:00,xoJJ8DcxJEcupym,0,0,2091,2.09175e+08
2020-05-25 05:15:00,PeE6FRyGXUgsRhN,0,0,0,1.34841e+09
2020-06-15 08:15:00,IQ2d7wF4YD8zU1Q,580.633,568.94,521.333,2.01694e+07
2020-06-11 09:45:00,q49J1IKaHRwDQnt,355.553,349.28,710,483651
2020-06-10 06:30:00,LYwnQax7tkwH5Cb,40.0733,38.74,13.6,1.79508e+09
2020-06-15 13:00:00,oZ35aAeoifZaQzV,0,0,1077,1.66018e+09
2020-06-10 22:30:00,q49J1IKaHRwDQnt,0,0,5303,482941
2020-05-24 21:15:00,rrq4fwE8jgrTyWY,0,0,4924,1.21018e+08
2020-05-24 13:45:00,Qf4GUc1pJu5T6c6,0,0,2354,8.38493e+08
2020-05-16 21:30:00,Mx2yZCDsyf6DPfv,0,0,5807,2.46725e+06
2020-06-02 15:00:00,IQ2d7wF4YD8zU1Q,739.247,723.247,6052.87,2.00883e+07
2020-06-08 06:30:00,81aHJ1q11NBPMrL,92.8733,90.2,28.4667,1.21543e+09
2020-05-30 19:15:00,xoJJ8DcxJEcupym,0,0,5088,2.09233e+08
2020-06-12 08:00:00,Qf4GUc1pJu5T6c6,243.613,238.88,261.667,8.38625e+08
2020-05-15 20:30:00,Mx2yZCDsyf6DPfv,0,0,7800,2.46145e+06
2020-05-29 01:15:00,q49J1IKaHRwDQnt,0,0,7799,422722
2020-05-18 22:15:00,mqwcsP2rE7J0TFp,0,0,7690,5.93612e+08
2020-05-24 03:00:00,vOuJvMaM2sgwLmb,0,0,0,2.27493e+06
2020-05-17 06:45:00,vOuJvMaM2sgwLmb,43.6286,42.1857,20.2857,2.22645e+06
2020-06-06 21:30:00,Qf4GUc1pJu5T6c6,0,0,8227,8.3859e+08
2020-06-12 08:45:00,vOuJvMaM2sgwLmb,181.764,177.943,446.071,2.39339e+06
2020-05-22 13:15:00,rrq4fwE8jgrTyWY,1184.54,1154.93,5859,1.21007e+08
2020-06-15 05:30:00,xMbIugepa2P7lBB,0,0,0,1.0688e+08
2020-05-26 12:00:00,vOuJvMaM2sgwLmb,1294.15,1261.79,4448.93,2.2917e+06
2020-06-05 07:30:00,LlT2YUhhzqhg5Sw,213.82,209.613,164.6,2.82727e+08
2020-06-02 22:00:00,q49J1IKaHRwDQnt,0,0,3744,451874
2020-06-16 01:45:00,9kRcWv60rDACzjR,0,0,0,2.24791e+09
2020-06-07 18:15:00,vOuJvMaM2sgwLmb,59.66,57.8,1894.87,2.36667e+06
2020-06-16 21:15:00,PeE6FRyGXUgsRhN,0,0,3812,1.34854e+09
2020-05-15 20:15:00,Qf4GUc1pJu5T6c6,0,0,6416,8.38428e+08
2020-06-06 05:15:00,IQ2d7wF4YD8zU1Q,0,0,0,2.01104e+07
2020-05-24 18:00:00,xoJJ8DcxJEcupym,76.92,74.5867,9058.87,2.09196e+08
2020-06-04 00:00:00,PeE6FRyGXUgsRhN,0,0,3540,1.34847e+09
2020-06-17 23:15:00,81aHJ1q11NBPMrL,0,0,4306,1.21549e+09
2020-05-31 03:15:00,4UPUqMRk7TRMgml,0,0,0,2.54587e+06
2020-05-21 06:45:00,rrq4fwE8jgrTyWY,122.7,119.34,47.4667,1.20997e+08
2020-05-19 13:30:00,Mx2yZCDsyf6DPfv,1179.17,1150.67,5141.2,2.48651e+06
2020-05-29 06:15:00,PeE6FRyGXUgsRhN,60.7067,58.78,11.2667,1.34844e+09
2020-06-07 12:30:00,Mx2yZCDsyf6DPfv,1302.83,1270.65,4320.33,2.62943e+06
2020-05-24 16:30:00,WcxssY2VbP4hApt,506.113,496.187,8951.4,1.81775e+08
2020-05-28 01:00:00,q49J1IKaHRwDQnt,0,0,9016,414923
2020-05-16 11:45:00,rrq4fwE8jgrTyWY,1232.67,1201.87,3973.93,1.20974e+08
2020-06-07 04:45:00,oZ35aAeoifZaQzV,0,0,8368,1.66013e+09
2020-05-15 07:00:00,V94E5Ben1TlhnDV,311.413,305.967,96.4667,1.41208e+09
2020-06-04 16:00:00,V94E5Ben1TlhnDV,282.753,277.493,3139.8,1.41223e+09
2020-05-18 01:45:00,WcxssY2VbP4hApt,0,0,0,1.8172e+08
2020-05-25 06:00:00,Qf4GUc1pJu5T6c6,17.32,16.74,1.53333,8.38495e+08
2020-06-05 04:45:00,NgDl19wMapZy17u,0,0,6331,1.11668e+08
2020-05-18 17:00:00,WcxssY2VbP4hApt,257.78,252.787,7586.73,1.81728e+08
2020-06-01 03:30:00,4UPUqMRk7TRMgml,0,0,0,2.55256e+06
2020-05-17 00:00:00,LlT2YUhhzqhg5Sw,0,0,2011.2,2.8261e+08
2020-06-09 04:00:00,q49J1IKaHRwDQnt,0,0,2786,474037
2020-06-01 10:00:00,LlT2YUhhzqhg5Sw,704.6,689.313,1574.33,2.82714e+08
2020-05-19 17:30:00,Qf4GUc1pJu5T6c6,0,0,1909,8.38453e+08
2020-05-18 09:45:00,81aHJ1q11NBPMrL,983.48,961.707,1040.33,1.21529e+09
2020-05-23 16:30:00,oZ35aAeoifZaQzV,526.793,516.387,9220.93,1.66004e+09
2020-06-16 21:15:00,WcxssY2VbP4hApt,0,0,5587,1.81908e+08
2020-06-07 09:45:00,oZ35aAeoifZaQzV,1143.57,1115.59,1319.4,1.66014e+09
2020-06-02 00:30:00,rrq4fwE8jgrTyWY,0,0,0,1.21065e+08
2020-06-15 11:00:00,xMbIugepa2P7lBB,484.186,474.979,2613.93,1.06883e+08
2020-06-09 09:45:00,Et9kgGMDl729KT4,0,0,749,1.09415e+06
2020-06-07 20:45:00,V94E5Ben1TlhnDV,0,0,1879,1.41224e+09
2020-05-21 11:30:00,oZZkBaNadn6DNKz,0,0,1783,1.70812e+09
2020-06-01 12:30:00,Et9kgGMDl729KT4,1202.12,1172.65,3247.2,1.79811e+06
2020-05-25 19:15:00,PeE6FRyGXUgsRhN,0,0,8737,1.34842e+09
2020-06-05 22:00:00,Et9kgGMDl729KT4,0,0,2769,1.81393e+06
2020-05-22 18:00:00,q49J1IKaHRwDQnt,45.1643,43.6857,9324.57,383496
2020-06-10 04:45:00,Mx2yZCDsyf6DPfv,0,0,8042,2.65015e+06
2020-06-07 18:00:00,WcxssY2VbP4hApt,96.4467,93.6933,1916.47,1.81862e+08
2020-06-08 14:30:00,V94E5Ben1TlhnDV,1185.85,1156.2,6930.8,1.41225e+09
2020-06-01 15:15:00,IQ2d7wF4YD8zU1Q,63.2733,61.2333,4071,2.00821e+07
2020-05-24 14:15:00,V94E5Ben1TlhnDV,1074.14,1049.85,7038.93,1.41216e+09
2020-06-13 07:15:00,Quc1TzYxW2pYoWX,153.187,149.653,60.5333,3.29628e+08
2020-05-24 02:45:00,81aHJ1q11NBPMrL,0,0,0,1.21533e+09
2020-06-08 19:45:00,oZ35aAeoifZaQzV,0,0,4435,1.66015e+09
2020-06-16 00:30:00,Et9kgGMDl729KT4,0,0,2199,1.84554e+06
2020-05-31 19:30:00,9kRcWv60rDACzjR,0,0,6433,2.24784e+09
2020-05-18 10:45:00,q49J1IKaHRwDQnt,618.513,605.987,1828.53,360108
2020-05-18 14:30:00,oZZkBaNadn6DNKz,1022.49,999.653,5128.6,1.70811e+09
2020-05-18 00:15:00,IQ2d7wF4YD8zU1Q,0,0,0,1.99663e+07
2020-05-20 08:00:00,V94E5Ben1TlhnDV,496.24,486.687,421.933,1.41212e+09
2020-06-05 11:15:00,IQ2d7wF4YD8zU1Q,1063.23,1037.83,3320.53,2.01059e+07
2020-05-18 11:30:00,Et9kgGMDl729KT4,0,0,967,1.72046e+06
2020-05-17 20:15:00,NgDl19wMapZy17u,0,0,7041,1.11537e+08
2020-06-13 04:30:00,LYwnQax7tkwH5Cb,0,0,4500,1.79509e+09
2020-06-14 13:30:00,NgDl19wMapZy17u,0,0,4297,1.11728e+08
2020-06-01 11:45:00,LlT2YUhhzqhg5Sw,535.607,523.813,2373.47,2.4502e+08
2020-06-14 10:30:00,NgDl19wMapZy17u,1074.04,1048.52,1966.53,1.11726e+08
2020-06-11 00:45:00,WcxssY2VbP4hApt,0,0,3531,1.81873e+08
2020-06-08 08:30:00,PeE6FRyGXUgsRhN,640.586,627.393,732.357,1.3485e+09
2020-06-02 14:15:00,Quc1TzYxW2pYoWX,991.607,969.407,3302,3.29591e+08
2020-05-30 05:00:00,Mx2yZCDsyf6DPfv,0,0,0,2.57074e+06
2020-06-15 18:00:00,WcxssY2VbP4hApt,95.8429,93.1,6331,1.81902e+08
2020-06-06 09:00:00,rrq4fwE8jgrTyWY,838.6,820.613,886.667,1.21083e+08
2020-06-03 09:30:00,Et9kgGMDl729KT4,453.893,445.3,993.6,1.80537e+06
2020-06-09 12:45:00,oZZkBaNadn6DNKz,1082.49,1056.95,4638.33,1.70825e+09
2020-05-17 03:30:00,xMbIugepa2P7lBB,0,0,7722,1.06674e+08
2020-05-16 00:30:00,Mx2yZCDsyf6DPfv,0,0,0,2.46145e+06
2020-05-29 13:15:00,V94E5Ben1TlhnDV,838.179,820.264,5082.43,1.4122e+09
2020-06-07 12:00:00,81aHJ1q11NBPMrL,0,0,1079,1.21543e+09
2020-06-04 00:45:00,LlT2YUhhzqhg5Sw,0,0,0,2.82724e+08
2020-06-04 16:30:00,oZZkBaNadn6DNKz,388.68,381.713,3309.6,1.70822e+09
2020-06-13 12:30:00,NgDl19wMapZy17u,0,0,1518,1.11721e+08
2020-05-28 16:30:00,oZ35aAeoifZaQzV,510.387,500.347,3349.6,1.66007e+09
2020-06-15 12:30:00,rrq4fwE8jgrTyWY,0,0,2112,1.21121e+08
2020-05-22 22:15:00,Qf4GUc1pJu5T6c6,0,0,9873,8.38481e+08
2020-05-21 22:30:00,vOuJvMaM2sgwLmb,0,0,9088,2.26222e+06
2020-06-08 23:30:00,WcxssY2VbP4hApt,0,0,3585,1.81865e+08
2020-05-18 11:15:00,mqwcsP2rE7J0TFp,1074.53,1050.25,2313.93,5.93607e+08
2020-06-02 22:45:00,xoJJ8DcxJEcupym,0,0,5480,2.0925e+08
2020-06-05 14:30:00,NgDl19wMapZy17u,516.62,506.467,6223.53,1.11674e+08
2020-05-20 07:45:00,xoJJ8DcxJEcupym,443.687,435.413,292.867,2.09167e+08
2020-05-25 00:00:00,oZZkBaNadn6DNKz,0,0,0,1.70815e+09
2020-05-16 19:00:00,oZ35aAeoifZaQzV,0,0,8062,1.65998e+09
2020-05-26 20:00:00,V94E5Ben1TlhnDV,0,0,9347,1.41218e+09
2020-05-15 05:15:00,vOuJvMaM2sgwLmb,0,0,0,2.05396e+06
2020-05-27 16:30:00,Qf4GUc1pJu5T6c6,500.86,491.027,9001.4,8.38523e+08
2020-06-17 14:15:00,xoJJ8DcxJEcupym,624.293,611.65,3134.29,2.09335e+08
2020-06-08 05:00:00,rrq4fwE8jgrTyWY,0,0,3052,1.21088e+08
2020-05-17 15:15:00,xMbIugepa2P7lBB,374.82,368.387,6094.6,1.0668e+08
2020-05-31 23:15:00,oZ35aAeoifZaQzV,0,0,6678,1.6601e+09
2020-05-19 07:00:00,oZ35aAeoifZaQzV,152.407,148.771,82.5714,1.65999e+09
2020-05-25 13:45:00,Mx2yZCDsyf6DPfv,1173.09,1143.99,6501.5,2.53749e+06
2020-06-10 02:15:00,mqwcsP2rE7J0TFp,0,0,0,5.93776e+08
2020-06-11 07:15:00,Quc1TzYxW2pYoWX,127.1,123.78,44.4667,3.29621e+08
2020-05-28 13:45:00,4UPUqMRk7TRMgml,0,0,700,1.85381e+06
2020-06-06 02:00:00,Quc1TzYxW2pYoWX,0,0,3779,3.29606e+08
2020-06-13 10:00:00,rrq4fwE8jgrTyWY,434.807,425.907,793,1.13033e+08
2020-06-16 02:30:00,81aHJ1q11NBPMrL,0,0,0,1.21548e+09
2020-06-12 20:00:00,xMbIugepa2P7lBB,0,0,4716,1.0687e+08
2020-05-16 01:15:00,V94E5Ben1TlhnDV,0,0,0,1.41209e+09
2020-05-17 04:00:00,mqwcsP2rE7J0TFp,0,0,0,5.93597e+08
2020-05-21 19:30:00,oZZkBaNadn6DNKz,0,0,4934,1.70812e+09
2020-05-19 03:30:00,LlT2YUhhzqhg5Sw,0,0,0,2.82621e+08
2020-06-02 05:00:00,q49J1IKaHRwDQnt,0,0,3830,448130
2020-06-07 06:00:00,rrq4fwE8jgrTyWY,14.1071,13.6143,0.571429,1.21085e+08
2020-05-30 18:45:00,LlT2YUhhzqhg5Sw,0,0,7952,2.82706e+08
2020-05-20 21:45:00,9kRcWv60rDACzjR,0,0,3994,2.24776e+09
2020-05-31 12:00:00,Quc1TzYxW2pYoWX,785.779,768.036,2706.57,3.29582e+08
2020-06-06 04:45:00,NgDl19wMapZy17u,0,0,7629,1.11675e+08
2020-06-13 00:45:00,Et9kgGMDl729KT4,0,0,3743,1.83536e+06
2020-06-08 05:15:00,Quc1TzYxW2pYoWX,0,0,2598,3.29612e+08
2020-06-14 12:45:00,81aHJ1q11NBPMrL,1113.94,1087.69,4275.86,1.21547e+09
2020-05-17 16:30:00,rrq4fwE8jgrTyWY,578.593,567.007,4595.13,1.20982e+08
2020-06-09 10:30:00,vOuJvMaM2sgwLmb,1188.45,1159.08,2485.27,2.37817e+06
2020-06-10 11:15:00,mqwcsP2rE7J0TFp,0,0,0,0
2020-06-04 14:15:00,NgDl19wMapZy17u,636.373,623.427,4913.6,1.11666e+08
2020-06-12 06:45:00,Qf4GUc1pJu5T6c6,101.247,98.3733,28.1333,8.38625e+08
2020-05-29 23:15:00,WcxssY2VbP4hApt,0,0,8241,1.81815e+08
2020-06-17 19:00:00,WcxssY2VbP4hApt,0,0,4331,1.81912e+08
2020-06-11 05:30:00,LlT2YUhhzqhg5Sw,0,0,363.467,2.82755e+08
2020-05-27 18:30:00,9kRcWv60rDACzjR,23.46,22.66,3892.2,2.24781e+09
2020-05-15 11:45:00,4UPUqMRk7TRMgml,0,0,2171,2.43118e+06
2020-06-12 15:45:00,oZ35aAeoifZaQzV,568.214,556.807,3975.71,1.66017e+09
2020-05-15 22:45:00,LlT2YUhhzqhg5Sw,0,0,9234,2.82602e+08
2020-05-27 18:45:00,LlT2YUhhzqhg5Sw,1.2,1.16,9086,2.82682e+08
2020-06-15 12:15:00,q49J1IKaHRwDQnt,1112.53,1085.83,3488.6,508754
2020-06-03 04:15:00,mqwcsP2rE7J0TFp,0,0,0,5.93724e+08
2020-06-03 16:15:00,oZZkBaNadn6DNKz,309.64,304.133,4426.4,1.70821e+09
2020-05-22 05:45:00,4UPUqMRk7TRMgml,0.546667,0.526667,0,2.47342e+06
2020-06-09 04:45:00,LYwnQax7tkwH5Cb,0,0,2702,1.79507e+09
2020-06-07 05:00:00,q49J1IKaHRwDQnt,0,0,3599,468465
2020-06-02 07:00:00,IQ2d7wF4YD8zU1Q,242.7,238.1,137.733,2.00824e+07
2020-05-22 05:00:00,4UPUqMRk7TRMgml,0,0,0,2.47342e+06
2020-06-07 20:45:00,rrq4fwE8jgrTyWY,0,0,3052,1.21088e+08
2020-05-21 12:15:00,9kRcWv60rDACzjR,1296.53,1264.11,4231.71,2.24777e+09
2020-06-12 22:00:00,IQ2d7wF4YD8zU1Q,0,0,4802,2.01583e+07
2020-05-31 05:30:00,PeE6FRyGXUgsRhN,0,0,0,1.34845e+09
2020-06-02 05:15:00,rrq4fwE8jgrTyWY,0,0,0,1.21065e+08
2020-06-07 16:15:00,LlT2YUhhzqhg5Sw,564.773,553.06,7257.87,2.82742e+08
2020-06-03 21:30:00,81aHJ1q11NBPMrL,0,0,4685,1.2154e+09
2020-06-01 20:30:00,Mx2yZCDsyf6DPfv,0,0,4334,2.58992e+06
2020-05-31 03:30:00,Quc1TzYxW2pYoWX,0,0,3932,3.29579e+08
2020-05-31 00:15:00,IQ2d7wF4YD8zU1Q,0,0,2742.67,2.00714e+07
2020-05-26 15:45:00,oZZkBaNadn6DNKz,753.213,737.453,8529.4,1.70817e+09
2020-05-19 10:45:00,vOuJvMaM2sgwLmb,1215.35,1185.32,1837.27,2.23887e+06
2020-06-16 08:45:00,xMbIugepa2P7lBB,515.227,505.093,662.333,1.06887e+08
2020-05-17 20:00:00,IQ2d7wF4YD8zU1Q,0,0,7188,1.99663e+07
2020-06-09 05:00:00,Quc1TzYxW2pYoWX,0,0,3027,3.29615e+08
2020-06-14 22:15:00,9kRcWv60rDACzjR,0,0,7458,2.2479e+09
2020-05-25 21:15:00,rrq4fwE8jgrTyWY,0,0,4163,1.21023e+08
2020-05-30 19:45:00,4UPUqMRk7TRMgml,0,0,8185,2.54587e+06
2020-05-16 21:45:00,q49J1IKaHRwDQnt,0,0,3533,352552
2020-06-12 00:45:00,4UPUqMRk7TRMgml,0,0,3930,2.62822e+06
2020-06-10 22:15:00,81aHJ1q11NBPMrL,0,0,5548,1.21545e+09
2020-05-15 09:30:00,LlT2YUhhzqhg5Sw,989.427,967.493,1703.67,2.82595e+08
2020-06-09 21:15:00,rrq4fwE8jgrTyWY,0,0,3378,1.21095e+08
2020-05-26 13:00:00,81aHJ1q11NBPMrL,0,0,0,0
2020-06-11 11:00:00,mqwcsP2rE7J0TFp,603.927,591.747,1346.87,5.9378e+08
2020-05-31 15:15:00,WcxssY2VbP4hApt,0,0,0,0
2020-06-03 16:30:00,9kRcWv60rDACzjR,259.16,254.173,4032,2.24785e+09
2020-05-16 01:30:00,Et9kgGMDl729KT4,0,0,0,1.7084e+06
2020-05-31 01:30:00,IQ2d7wF4YD8zU1Q,0,0,0,2.00714e+07
2020-05-16 13:45:00,NgDl19wMapZy17u,622.993,610.007,5992.14,1.11528e+08
2020-06-11 15:45:00,4UPUqMRk7TRMgml,453.247,444.787,3562.27,2.62785e+06
2020-05-19 16:45:00,vOuJvMaM2sgwLmb,39.7867,38.4867,6709.8,2.24374e+06
2020-05-28 07:30:00,Et9kgGMDl729KT4,351.62,345.613,184.8,1.77121e+06
2020-05-28 04:30:00,Mx2yZCDsyf6DPfv,0,0,0,2.55878e+06
2020-06-05 14:45:00,LYwnQax7tkwH5Cb,368.467,362.153,1643.73,1.79506e+09
2020-05-28 17:30:00,oZZkBaNadn6DNKz,202.257,198.264,8947.57,1.70818e+09
2020-05-16 10:15:00,oZZkBaNadn6DNKz,951.92,930.233,2340.4,1.70809e+09
2020-05-16 09:00:00,Et9kgGMDl729KT4,783.907,767.373,1029.53,1.70943e+06
2020-05-23 17:45:00,vOuJvMaM2sgwLmb,128.633,125.44,9489.8,2.27489e+06
2020-05-16 08:00:00,vOuJvMaM2sgwLmb,567.907,556.447,435.6,2.22197e+06
2020-06-03 03:30:00,Quc1TzYxW2pYoWX,0,0,4962,3.29593e+08
2020-05-16 18:15:00,IQ2d7wF4YD8zU1Q,0,0,7930,1.99591e+07
2020-05-16 15:45:00,vOuJvMaM2sgwLmb,463.357,454.293,4552.29,2.22609e+06
2020-06-08 00:00:00,NgDl19wMapZy17u,0,0,7778,1.11691e+08
2020-05-23 02:15:00,9kRcWv60rDACzjR,0,0,0,2.24777e+09
2020-06-15 08:00:00,IQ2d7wF4YD8zU1Q,508.093,498.2,388.133,2.01693e+07
2020-06-01 16:00:00,NgDl19wMapZy17u,101.787,98.8933,3992.33,1.11649e+08
2020-06-01 20:30:00,4UPUqMRk7TRMgml,0,0,4338,2.5569e+06
2020-06-04 19:15:00,9kRcWv60rDACzjR,0,0,2910,2.24786e+09
2020-06-15 22:15:00,NgDl19wMapZy17u,0,0,6245,1.11736e+08
2020-06-04 07:15:00,Mx2yZCDsyf6DPfv,219.471,215.179,120.571,2.60221e+06
2020-06-05 01:15:00,NgDl19wMapZy17u,0,0,6331,1.11668e+08
2020-06-01 14:45:00,xoJJ8DcxJEcupym,55.2667,53.4667,3997.93,2.09244e+08
2020-05-18 16:30:00,mqwcsP2rE7J0TFp,401.48,394.227,7393.67,5.93612e+08
2020-05-26 05:30:00,Quc1TzYxW2pYoWX,0,0,0,3.29551e+08
2020-06-12 14:00:00,WcxssY2VbP4hApt,762.093,746.073,3145.93,1.8188e+08
2020-05-23 14:45:00,4UPUqMRk7TRMgml,1025.49,1002.57,7899.6,2.49118e+06
2020-06-07 01:15:00,IQ2d7wF4YD8zU1Q,0,0,8293,2.01187e+07
2020-05-29 07:00:00,V94E5Ben1TlhnDV,139.047,135.347,96.0667,1.41219e+09
2020-05-21 01:45:00,Mx2yZCDsyf6DPfv,0,0,0,2.49752e+06
2020-05-19 10:15:00,Et9kgGMDl729KT4,64.1857,62.9929,372,984637
2020-06-10 10:45:00,LlT2YUhhzqhg5Sw,1117.96,1090.95,2252.86,2.82751e+08
2020-05-24 13:45:00,q49J1IKaHRwDQnt,1113.01,1087.64,6206.33,392964
2020-06-14 06:15:00,LYwnQax7tkwH5Cb,45.2267,43.7333,8.33333,1.79509e+09
2020-05-27 00:00:00,4UPUqMRk7TRMgml,0,0,9501,2.51633e+06
2020-06-04 11:15:00,Et9kgGMDl729KT4,0,0,1327,1.8098e+06
2020-06-16 13:45:00,xoJJ8DcxJEcupym,623.127,610.46,3977.13,2.0933e+08
2020-06-02 11:45:00,oZZkBaNadn6DNKz,0,0,2543,1.7082e+09
2020-05-17 18:45:00,NgDl19wMapZy17u,0,0,7041,1.11537e+08
2020-05-20 12:15:00,LlT2YUhhzqhg5Sw,0,0,2227,2.8263e+08
2020-05-22 06:00:00,oZZkBaNadn6DNKz,20.04,19.34,1.93333,1.70812e+09
2020-06-11 19:15:00,81aHJ1q11NBPMrL,0,0,3902,1.21545e+09
2020-06-14 12:30:00,81aHJ1q11NBPMrL,1269.86,1238.72,3982.87,1.21547e+09
2020-06-05 00:30:00,V94E5Ben1TlhnDV,0,0,0,1.41223e+09
2020-06-04 16:30:00,WcxssY2VbP4hApt,391.74,384.713,3428.87,1.81847e+08
2020-06-08 13:45:00,Qf4GUc1pJu5T6c6,1223,1193.16,5978.53,8.38604e+08
2020-06-10 11:45:00,xMbIugepa2P7lBB,624.293,609.867,1643.47,9.26107e+07
2020-06-03 17:30:00,9kRcWv60rDACzjR,151.42,147.847,4258,2.24785e+09
2020-05-16 04:45:00,Mx2yZCDsyf6DPfv,0,0,0,2.46145e+06
2020-06-02 23:30:00,mqwcsP2rE7J0TFp,0,0,7177,5.93724e+08
2020-05-31 22:00:00,9kRcWv60rDACzjR,0,0,6433,2.24784e+09
2020-06-11 20:15:00,LYwnQax7tkwH5Cb,0,0,3718,1.79508e+09
2020-06-16 02:00:00,V94E5Ben1TlhnDV,0,0,0,1.41228e+09
2020-06-02 08:30:00,oZZkBaNadn6DNKz,523.887,513.573,756.533,1.7082e+09
2020-06-11 16:30:00,vOuJvMaM2sgwLmb,176.433,172.88,3744.4,2.39278e+06
2020-06-16 00:45:00,NgDl19wMapZy17u,0,0,6245,1.11736e+08
2020-06-14 08:15:00,9kRcWv60rDACzjR,361.16,354.44,550.667,2.24789e+09
2020-06-11 21:45:00,LYwnQax7tkwH5Cb,0,0,3718,1.79508e+09
2020-06-01 07:45:00,LlT2YUhhzqhg5Sw,192.007,188.22,216.067,2.82712e+08
2020-05-29 11:15:00,WcxssY2VbP4hApt,656.947,641.76,1920.87,1.09086e+08
2020-05-22 21:00:00,81aHJ1q11NBPMrL,0,0,3269,1.21532e+09
2020-05-31 16:30:00,xMbIugepa2P7lBB,192.693,188.893,6368.6,1.06791e+08
2020-05-29 07:15:00,Et9kgGMDl729KT4,139.987,136.313,119.533,1.77912e+06
2020-06-03 09:15:00,Mx2yZCDsyf6DPfv,417.38,409.287,995.933,2.59825e+06
2020-05-15 10:45:00,oZZkBaNadn6DNKz,1242.27,1211.22,3113.57,1.70809e+09
2020-05-16 15:15:00,LYwnQax7tkwH5Cb,426.573,418.933,2586.8,1.79497e+09
2020-06-07 10:00:00,rrq4fwE8jgrTyWY,0,0,1241,1.21086e+08
2020-06-05 22:00:00,IQ2d7wF4YD8zU1Q,0,0,7779,2.01104e+07
2020-05-17 19:45:00,V94E5Ben1TlhnDV,0,0,5735,1.41211e+09
2020-05-30 04:30:00,4UPUqMRk7TRMgml,0,0,0,2.53768e+06
2020-06-06 10:15:00,Mx2yZCDsyf6DPfv,1103.69,1076.66,2142.07,2.61894e+06
2020-06-15 21:30:00,LlT2YUhhzqhg5Sw,0,0,6151,2.82779e+08
2020-06-11 20:15:00,xMbIugepa2P7lBB,0,0,3850,1.06865e+08
2020-05-28 01:30:00,Qf4GUc1pJu5T6c6,0,0,0,8.38523e+08
2020-06-09 23:30:00,WcxssY2VbP4hApt,0,0,4027,1.81869e+08
2020-06-17 11:15:00,rrq4fwE8jgrTyWY,295.264,289.821,1221.43,1.21129e+08
2020-05-18 14:30:00,V94E5Ben1TlhnDV,1006.82,984.4,3158.8,1.41211e+09
2020-06-16 10:15:00,rrq4fwE8jgrTyWY,741.747,726.26,1435.67,1.21124e+08
2020-06-14 08:15:00,xMbIugepa2P7lBB,385.24,378.033,308.667,1.06873e+08
2020-05-28 01:15:00,Mx2yZCDsyf6DPfv,0,0,0,2.55878e+06
2020-05-20 22:15:00,LlT2YUhhzqhg5Sw,0,0,3883,2.82631e+08
2020-05-19 10:00:00,NgDl19wMapZy17u,367.527,361.033,1183.93,1.04109e+08
2020-06-03 07:45:00,Mx2yZCDsyf6DPfv,372.467,365.107,214.933,2.59747e+06
2020-06-13 02:00:00,Qf4GUc1pJu5T6c6,0,0,4455,8.38629e+08
2020-06-14 13:15:00,4UPUqMRk7TRMgml,0,0,673,2.64012e+06
2020-05-24 18:30:00,q49J1IKaHRwDQnt,15.1867,14.66,8870.53,395629
2020-06-05 23:15:00,Mx2yZCDsyf6DPfv,0,0,7726,2.6168e+06
2020-06-04 00:15:00,PeE6FRyGXUgsRhN,0,0,3540,1.34847e+09
2020-06-06 03:30:00,NgDl19wMapZy17u,0,0,7629,1.11675e+08
2020-06-08 23:15:00,Mx2yZCDsyf6DPfv,0,0,9179,2.64211e+06
2020-06-15 05:15:00,LlT2YUhhzqhg5Sw,0,0,7445,2.82773e+08
2020-05-19 17:00:00,V94E5Ben1TlhnDV,22.68,21.88,6705.67,1.41212e+09
2020-05-23 05:00:00,9kRcWv60rDACzjR,0,0,0,2.24777e+09
2020-05-22 03:45:00,oZ35aAeoifZaQzV,0,0,0,1.66002e+09
2020-06-06 00:15:00,mqwcsP2rE7J0TFp,0,0,0,5.93743e+08
2020-05-16 01:45:00,Quc1TzYxW2pYoWX,0,0,4239,3.29513e+08
2020-06-14 11:45:00,WcxssY2VbP4hApt,726.953,711.227,3272.73,1.81891e+08
2020-06-10 12:15:00,vOuJvMaM2sgwLmb,1212.37,1182.45,3179.53,2.38673e+06
2020-06-02 05:15:00,V94E5Ben1TlhnDV,0,0,0,1.41222e+09
2020-06-13 15:30:00,Quc1TzYxW2pYoWX,558.76,547.673,4588.33,3.29632e+08
2020-06-12 09:30:00,rrq4fwE8jgrTyWY,576.913,565.38,689.533,1.21101e+08
2020-06-03 12:15:00,q49J1IKaHRwDQnt,0,0,1802,453676
2020-05-17 17:45:00,Mx2yZCDsyf6DPfv,116.927,113.84,6431.53,2.47368e+06
2020-06-13 09:00:00,V94E5Ben1TlhnDV,643.753,630.507,815.933,1.41227e+09
2020-05-25 10:15:00,rrq4fwE8jgrTyWY,956.387,935.013,2101.13,1.21021e+08
2020-06-10 10:45:00,rrq4fwE8jgrTyWY,0,0,1089,1.21096e+08
2020-06-16 15:45:00,mqwcsP2rE7J0TFp,557.193,545.907,5178.07,5.9381e+08
2020-06-08 16:15:00,V94E5Ben1TlhnDV,622.36,609.747,8495.13,1.41225e+09
2020-05-18 11:00:00,Et9kgGMDl729KT4,130.847,127.947,963.2,1.72045e+06
2020-05-30 21:30:00,NgDl19wMapZy17u,0,0,7983,1.11638e+08
2020-06-01 01:45:00,4UPUqMRk7TRMgml,0,0,6692,2.55256e+06
2020-06-06 06:45:00,WcxssY2VbP4hApt,156.193,152.65,58.7143,1.81851e+08
2020-05-15 15:00:00,9kRcWv60rDACzjR,932.529,912.129,7955.93,2.24773e+09
2020-05-15 09:30:00,4UPUqMRk7TRMgml,1026.06,1003.13,1749.2,2.43076e+06
2020-05-30 13:30:00,4UPUqMRk7TRMgml,1199,1169.79,4913.47,2.5426e+06
2020-06-07 20:00:00,IQ2d7wF4YD8zU1Q,0,0,7884,2.01265e+07
2020-06-13 07:15:00,rrq4fwE8jgrTyWY,170.8,167.107,117.214,1.21105e+08
2020-05-17 06:30:00,oZZkBaNadn6DNKz,37.2286,35.9714,11.3571,1.7081e+09
2020-05-23 09:45:00,rrq4fwE8jgrTyWY,0,0,1414,1.21012e+08
2020-06-08 04:30:00,4UPUqMRk7TRMgml,0,0,7826,2.60136e+06
2020-06-15 01:00:00,vOuJvMaM2sgwLmb,0,0,7463,2.41156e+06
2020-06-05 06:15:00,WcxssY2VbP4hApt,32.2,31.1267,3.86667,1.81848e+08
2020-06-04 09:15:00,LYwnQax7tkwH5Cb,655.771,642.371,990.929,1.79506e+09
2020-05-28 08:15:00,LYwnQax7tkwH5Cb,588.927,577.1,550.867,1.79502e+09
2020-06-15 21:15:00,mqwcsP2rE7J0TFp,0,0,6289,5.93805e+08
2020-06-12 06:00:00,LYwnQax7tkwH5Cb,1.09333,1.05333,0,1.79508e+09
2020-05-17 01:00:00,Et9kgGMDl729KT4,0,0,0,1.71489e+06
2020-06-11 17:45:00,WcxssY2VbP4hApt,83.2267,80.7933,3908.33,1.81877e+08
2020-05-25 01:30:00,oZ35aAeoifZaQzV,0,0,0,1.66004e+09
2020-05-21 11:30:00,Mx2yZCDsyf6DPfv,1266.46,1234.77,3440.8,2.50096e+06
2020-06-13 05:30:00,LlT2YUhhzqhg5Sw,0,0,308.667,2.82763e+08
2020-06-14 06:15:00,mqwcsP2rE7J0TFp,45.42,43.9333,9.13333,5.54207e+08
2020-05-21 16:30:00,Qf4GUc1pJu5T6c6,542.727,531.953,8725.67,8.38471e+08
2020-05-18 11:00:00,NgDl19wMapZy17u,983.173,961.393,2044.33,1.11539e+08
2020-06-16 12:15:00,NgDl19wMapZy17u,551.04,540.24,3043.07,1.11739e+08
2020-05-31 19:30:00,Quc1TzYxW2pYoWX,0,0,5399,3.29584e+08
2020-06-09 06:45:00,rrq4fwE8jgrTyWY,122.14,118.867,42.5333,1.21091e+08
2020-05-25 11:30:00,4UPUqMRk7TRMgml,1241.67,1210.84,3753.79,2.50135e+06
2020-06-02 15:15:00,Et9kgGMDl729KT4,529.98,518.233,4436.4,1.80334e+06
2020-06-17 12:00:00,oZZkBaNadn6DNKz,581.813,570.14,1810.73,1.70829e+09
2020-06-10 09:45:00,mqwcsP2rE7J0TFp,0,0,1110,5.93777e+08
2020-06-04 06:45:00,oZ35aAeoifZaQzV,108.38,105.34,36.3333,1.66011e+09
2020-06-10 20:00:00,Quc1TzYxW2pYoWX,0,0,2508,3.29621e+08
2020-06-12 00:45:00,81aHJ1q11NBPMrL,0,0,0,1.21545e+09
2020-05-19 06:45:00,Et9kgGMDl729KT4,111.029,107.907,43.8571,1.72185e+06
2020-06-08 12:00:00,LlT2YUhhzqhg5Sw,0,0,1427,2.82744e+08
2020-06-11 19:45:00,V94E5Ben1TlhnDV,0,0,3918,1.41227e+09
2020-06-05 02:30:00,xoJJ8DcxJEcupym,0,0,6168,2.09259e+08
2020-06-17 19:45:00,rrq4fwE8jgrTyWY,0,0,3931,1.21131e+08
2020-05-27 07:30:00,PeE6FRyGXUgsRhN,325.121,319.457,204.5,1.34843e+09
2020-05-18 13:45:00,mqwcsP2rE7J0TFp,1151.91,1123.91,5218.87,5.9361e+08
2020-06-17 05:45:00,PeE6FRyGXUgsRhN,0,0,0,1.34854e+09
2020-05-24 19:15:00,PeE6FRyGXUgsRhN,0,0,8962,1.34841e+09
2020-05-29 19:15:00,PeE6FRyGXUgsRhN,0,0,6653,1.34845e+09
2020-05-19 04:30:00,mqwcsP2rE7J0TFp,0,0,0,5.93612e+08
2020-05-30 11:30:00,oZ35aAeoifZaQzV,1222.59,1192.77,2723.6,1.66009e+09
2020-05-17 23:45:00,81aHJ1q11NBPMrL,0,0,4222.53,1.21529e+09
2020-05-15 14:30:00,vOuJvMaM2sgwLmb,985.48,962.493,7751.47,2.21971e+06
2020-06-05 01:15:00,LYwnQax7tkwH5Cb,0,0,2885,1.79506e+09
2020-06-08 15:00:00,4UPUqMRk7TRMgml,897.867,877.24,7526.53,2.6089e+06
2020-05-21 18:15:00,xoJJ8DcxJEcupym,39.15,37.85,4494.21,2.09173e+08
2020-06-06 13:00:00,LYwnQax7tkwH5Cb,0,0,2212,1.79507e+09
2020-06-13 09:00:00,oZZkBaNadn6DNKz,658.007,644.413,822.067,1.70827e+09
2020-06-15 04:45:00,oZZkBaNadn6DNKz,0,0,0,1.70827e+09
2020-06-14 11:00:00,xoJJ8DcxJEcupym,1067.7,1042.34,2317.8,2.09315e+08
2020-06-12 05:00:00,Quc1TzYxW2pYoWX,0,0,3184,3.29624e+08
2020-06-01 11:15:00,Qf4GUc1pJu5T6c6,631.293,618.44,2667.27,8.38553e+08
2020-06-15 19:45:00,LYwnQax7tkwH5Cb,0,0,5604,1.79511e+09
2020-05-19 19:45:00,Quc1TzYxW2pYoWX,0,0,2229,3.29528e+08
2020-05-21 23:45:00,81aHJ1q11NBPMrL,0,0,6733.57,1.21531e+09
2020-06-01 00:00:00,IQ2d7wF4YD8zU1Q,0,0,6664,2.0078e+07
2020-05-23 21:15:00,oZZkBaNadn6DNKz,0,0,9520,1.70814e+09
2020-05-18 23:15:00,V94E5Ben1TlhnDV,0,0,4816,1.41211e+09
2020-05-17 22:45:00,4UPUqMRk7TRMgml,0,0,6342,2.44523e+06
2020-06-16 10:15:00,Quc1TzYxW2pYoWX,624.18,611.54,1270,3.29639e+08
2020-05-30 16:45:00,xMbIugepa2P7lBB,476.8,467.64,7741,1.06784e+08
2020-05-27 09:15:00,LYwnQax7tkwH5Cb,866.56,847.9,1239.87,1.79502e+09
2020-05-21 05:00:00,rrq4fwE8jgrTyWY,0,0,0,1.20997e+08
2020-05-22 03:45:00,PeE6FRyGXUgsRhN,0,0,0,1.34839e+09
2020-05-29 11:00:00,LlT2YUhhzqhg5Sw,0,0,2669,2.82693e+08
2020-06-06 00:30:00,V94E5Ben1TlhnDV,0,0,0,1.41224e+09
2020-05-21 08:45:00,Qf4GUc1pJu5T6c6,742.1,726.6,920.4,8.38463e+08
2020-05-21 17:00:00,LYwnQax7tkwH5Cb,345.233,339.367,4581.73,1.79499e+09
2020-06-11 14:45:00,9kRcWv60rDACzjR,252.28,247.407,3092.53,2.24788e+09
2020-06-10 07:00:00,IQ2d7wF4YD8zU1Q,104.36,101.42,49.6,2.0144e+07
2020-06-05 00:00:00,IQ2d7wF4YD8zU1Q,0,0,7020,2.01026e+07
2020-05-27 14:30:00,V94E5Ben1TlhnDV,1032.5,1009.41,3832.93,1.41218e+09
2020-05-18 17:45:00,LYwnQax7tkwH5Cb,81.45,79.0143,3499.5,1.79498e+09
2020-05-24 00:45:00,PeE6FRyGXUgsRhN,0,0,0,1.3484e+09
2020-06-10 12:00:00,rrq4fwE8jgrTyWY,0,0,0,1.21096e+08
2020-05-26 06:15:00,81aHJ1q11NBPMrL,50.18,48.5467,9.93333,1.21535e+09
2020-05-16 10:00:00,xMbIugepa2P7lBB,1068.05,1043.94,2050.4,1.06668e+08
2020-05-31 04:00:00,q49J1IKaHRwDQnt,0,0,7823,437952
2020-06-05 01:15:00,vOuJvMaM2sgwLmb,0,0,6885,2.35311e+06
2020-06-05 23:15:00,WcxssY2VbP4hApt,0,0,3448,1.81851e+08
2020-06-16 11:15:00,Et9kgGMDl729KT4,706.273,691.533,2022.2,1.84756e+06
2020-06-07 02:45:00,Qf4GUc1pJu5T6c6,0,0,8227,8.3859e+08
2020-06-10 02:15:00,WcxssY2VbP4hApt,0,0,4027,1.81869e+08
2020-06-13 13:30:00,Mx2yZCDsyf6DPfv,0,0,1629,2.66586e+06
2020-05-21 23:00:00,WcxssY2VbP4hApt,0,0,9167,1.81753e+08
2020-05-24 17:00:00,81aHJ1q11NBPMrL,24.5333,24.1133,590.133,8.10224e+07
2020-05-26 06:30:00,WcxssY2VbP4hApt,94.36,91.64,27.3333,1.81784e+08
2020-06-09 07:15:00,oZZkBaNadn6DNKz,395.514,388.607,171.429,1.70824e+09
2020-05-27 09:15:00,9kRcWv60rDACzjR,642.093,628.247,905.933,1.64839e+09
2020-05-29 20:45:00,PeE6FRyGXUgsRhN,0,0,6653,1.34845e+09
2020-06-14 15:00:00,oZ35aAeoifZaQzV,619.173,606.433,2192.53,1.66017e+09
2020-06-12 14:00:00,IQ2d7wF4YD8zU1Q,766.44,750.287,3127.87,2.01566e+07
2020-05-27 03:15:00,LlT2YUhhzqhg5Sw,0,0,0,2.82673e+08
2020-06-06 00:15:00,PeE6FRyGXUgsRhN,0,0,7333,1.34849e+09
2020-06-04 10:00:00,LlT2YUhhzqhg5Sw,0,0,1436,2.82726e+08
2020-06-16 16:45:00,IQ2d7wF4YD8zU1Q,184.727,180.887,5464.07,2.01807e+07
2020-05-15 10:45:00,xoJJ8DcxJEcupym,0,0,1735,2.09145e+08
2020-05-23 10:30:00,Et9kgGMDl729KT4,938.9,918.02,2318.47,1.74144e+06
2020-06-08 11:00:00,81aHJ1q11NBPMrL,1229.61,1199.75,3021.5,1.21543e+09
2020-06-02 21:00:00,vOuJvMaM2sgwLmb,0,0,3796,2.34127e+06
2020-05-25 17:30:00,Qf4GUc1pJu5T6c6,48.48,46.8867,9141.87,8.38504e+08
2020-05-28 08:30:00,Mx2yZCDsyf6DPfv,699.257,684.814,736.643,2.55951e+06
2020-05-25 06:45:00,V94E5Ben1TlhnDV,158.52,155.02,65.8667,1.41216e+09
2020-05-30 06:15:00,Quc1TzYxW2pYoWX,16.88,16.2867,3.2,3.29575e+08
2020-05-15 10:00:00,IQ2d7wF4YD8zU1Q,1129.47,1102.87,2272.87,1.99438e+07
2020-06-13 02:30:00,LlT2YUhhzqhg5Sw,0,0,4630,2.82763e+08
2020-05-27 03:15:00,oZZkBaNadn6DNKz,0,0,0,1.70817e+09
2020-06-06 19:30:00,oZZkBaNadn6DNKz,0,0,2588,1.70823e+09
2020-06-01 10:45:00,LlT2YUhhzqhg5Sw,453.279,444.95,2198.93,2.82714e+08
2020-05-20 12:30:00,vOuJvMaM2sgwLmb,1312.93,1280.12,4964.4,2.24872e+06
2020-06-01 21:30:00,xMbIugepa2P7lBB,0,0,4143,1.06795e+08
2020-06-01 09:30:00,Et9kgGMDl729KT4,653.4,639.807,1104.93,1.79597e+06
2020-05-30 06:30:00,Qf4GUc1pJu5T6c6,25.7733,24.9,9.86667,8.38535e+08
2020-06-09 23:15:00,V94E5Ben1TlhnDV,0,0,7802,1.41226e+09
2020-05-29 22:15:00,mqwcsP2rE7J0TFp,0,0,8112,5.93698e+08
2020-05-15 13:45:00,PeE6FRyGXUgsRhN,1165.32,1137.37,6565.53,1.34836e+09
2020-05-25 23:30:00,LYwnQax7tkwH5Cb,0,0,4940,1.79501e+09
2020-05-24 10:15:00,oZ35aAeoifZaQzV,1137.05,1110.59,2350.93,1.66004e+09
2020-06-16 02:45:00,xoJJ8DcxJEcupym,0,0,6083,2.09326e+08
2020-06-13 08:15:00,Et9kgGMDl729KT4,360.433,353.853,381.4,1.83574e+06
2020-05-29 21:45:00,xMbIugepa2P7lBB,0,0,8095,1.06776e+08
2020-05-28 01:45:00,Et9kgGMDl729KT4,0,0,0,1.77103e+06
2020-05-27 15:15:00,oZZkBaNadn6DNKz,872.447,853.647,3413.07,1.70817e+09
2020-05-19 21:00:00,9kRcWv60rDACzjR,0,0,6391,2.24776e+09
2020-05-18 21:45:00,vOuJvMaM2sgwLmb,0,0,5243,2.23704e+06
2020-06-15 09:45:00,oZ35aAeoifZaQzV,151.167,148.36,1070.2,1.66018e+09
2020-05-16 07:45:00,NgDl19wMapZy17u,403.479,396.086,312.214,1.11522e+08
2020-05-17 03:00:00,PeE6FRyGXUgsRhN,0,0,0,1.34836e+09
2020-06-10 08:30:00,IQ2d7wF4YD8zU1Q,759.986,743.964,490.357,2.01444e+07
2020-06-05 09:45:00,PeE6FRyGXUgsRhN,1001.85,977.673,1575.07,1.34848e+09
2020-06-07 07:00:00,Et9kgGMDl729KT4,97.06,94.26,55.6667,1.81629e+06
2020-05-31 15:15:00,Et9kgGMDl729KT4,376.627,369.253,5618.73,1.79443e+06
2020-06-08 20:00:00,vOuJvMaM2sgwLmb,0,0,8995,2.37568e+06
2020-05-19 10:30:00,81aHJ1q11NBPMrL,1044.49,1020.33,1552.47,1.2153e+09
2020-06-01 01:15:00,oZZkBaNadn6DNKz,0,0,0,1.7082e+09
2020-05-19 13:45:00,PeE6FRyGXUgsRhN,0,0,1449,1.34838e+09
2020-05-20 18:30:00,xMbIugepa2P7lBB,15.6733,15.14,9309.87,1.06705e+08
2020-05-25 19:00:00,xoJJ8DcxJEcupym,0,0,8833,2.09205e+08
2020-05-31 13:15:00,Et9kgGMDl729KT4,1169.16,1140.11,4077.47,1.79289e+06
2020-05-24 13:15:00,oZ35aAeoifZaQzV,0,0,3456,1.66004e+09
2020-06-04 21:15:00,WcxssY2VbP4hApt,0,0,3834,1.81848e+08
2020-06-03 11:00:00,PeE6FRyGXUgsRhN,499.967,488.833,1031,8.09082e+08
2020-06-03 16:45:00,rrq4fwE8jgrTyWY,279.447,274.28,3901.87,1.21073e+08
2020-05-20 18:30:00,IQ2d7wF4YD8zU1Q,15.56,15.0267,9452.87,1.99904e+07
2020-06-07 03:45:00,Mx2yZCDsyf6DPfv,0,0,8312,2.62511e+06
2020-06-09 08:00:00,rrq4fwE8jgrTyWY,451.9,443.233,510.733,1.21092e+08
2020-06-04 06:30:00,9kRcWv60rDACzjR,64.7786,62.7214,14.7143,2.24785e+09
2020-06-03 12:15:00,Qf4GUc1pJu5T6c6,951.767,930.107,2970.07,8.38565e+08
2020-06-05 19:45:00,xoJJ8DcxJEcupym,0,0,7368,2.09267e+08
2020-06-14 14:30:00,mqwcsP2rE7J0TFp,518.95,508.886,4396.57,5.93797e+08
2020-05-24 23:30:00,WcxssY2VbP4hApt,0,0,9373,1.81775e+08
2020-05-27 21:00:00,Qf4GUc1pJu5T6c6,0,0,9440,8.38523e+08
2020-06-07 05:15:00,81aHJ1q11NBPMrL,0,0,0,1.21543e+09
2020-05-15 08:30:00,LlT2YUhhzqhg5Sw,735.027,719.693,868.933,2.82594e+08
2020-05-31 10:30:00,q49J1IKaHRwDQnt,887.32,868.04,1780.07,439732
2020-05-28 00:30:00,LlT2YUhhzqhg5Sw,0,0,0,2.82682e+08
2020-06-09 22:15:00,Quc1TzYxW2pYoWX,0,0,3796,3.29618e+08
2020-06-08 01:30:00,Et9kgGMDl729KT4,0,0,2554,1.81878e+06
2020-06-13 22:45:00,9kRcWv60rDACzjR,0,0,2777,2.24789e+09
2020-05-21 09:00:00,oZZkBaNadn6DNKz,793.38,776.593,1099.13,1.70812e+09
2020-06-09 23:00:00,oZZkBaNadn6DNKz,0,0,7902,1.70825e+09
2020-05-17 09:15:00,oZ35aAeoifZaQzV,952.2,931.279,1129.43,1.65998e+09
2020-06-17 02:00:00,PeE6FRyGXUgsRhN,0,0,0,1.34854e+09
2020-06-15 18:45:00,mqwcsP2rE7J0TFp,7.19286,6.95,6288.43,5.93805e+08
2020-06-12 23:30:00,LYwnQax7tkwH5Cb,0,0,4500,1.79509e+09
2020-05-19 07:15:00,Quc1TzYxW2pYoWX,260.727,255.907,106.667,3.29526e+08
2020-06-03 07:45:00,xoJJ8DcxJEcupym,352.6,345.727,206.6,2.0925e+08
2020-06-04 21:45:00,Quc1TzYxW2pYoWX,0,0,5261,3.29602e+08
2020-05-15 01:00:00,4UPUqMRk7TRMgml,0,0,7540,2.42901e+06
2020-06-06 02:30:00,Et9kgGMDl729KT4,0,0,2769,1.81393e+06
2020-06-15 15:45:00,PeE6FRyGXUgsRhN,186.921,183.029,2224,1.34854e+09
2020-06-14 13:45:00,4UPUqMRk7TRMgml,0,0,673,2.64012e+06
2020-06-14 11:15:00,Mx2yZCDsyf6DPfv,0,0,1705,2.66914e+06
2020-06-17 00:30:00,PeE6FRyGXUgsRhN,0,0,0,1.34854e+09
2020-06-17 08:30:00,q49J1IKaHRwDQnt,215.147,210.94,237.267,516838
2020-06-12 07:45:00,V94E5Ben1TlhnDV,248.887,244.073,187.667,1.41227e+09
2020-06-07 12:30:00,81aHJ1q11NBPMrL,0,0,1079,1.21543e+09
2020-06-11 16:15:00,9kRcWv60rDACzjR,178.5,174.887,3649.33,2.24789e+09
2020-05-22 19:45:00,LYwnQax7tkwH5Cb,0,0,9354,1.795e+09
2020-05-16 03:45:00,oZZkBaNadn6DNKz,0,0,0,1.70809e+09
2020-05-16 17:00:00,Mx2yZCDsyf6DPfv,138.653,135.447,5774.6,2.46722e+06
2020-05-27 19:15:00,PeE6FRyGXUgsRhN,0,0,3852,1.34843e+09
2020-06-09 12:00:00,xMbIugepa2P7lBB,1064.16,1038.94,4038.36,1.06852e+08
2020-05-30 04:00:00,rrq4fwE8jgrTyWY,0,0,0,1.21047e+08
2020-05-27 05:15:00,vOuJvMaM2sgwLmb,0,0,0,2.29655e+06
2020-05-25 07:00:00,Qf4GUc1pJu5T6c6,208.133,204.033,112.133,8.38495e+08
2020-06-10 23:30:00,NgDl19wMapZy17u,0,0,2618,1.11711e+08
2020-06-09 23:45:00,Et9kgGMDl729KT4,0,0,3898,1.82587e+06
2020-06-15 11:00:00,LlT2YUhhzqhg5Sw,525.8,515.553,2620.6,2.82776e+08
2020-05-17 12:45:00,9kRcWv60rDACzjR,992.72,970.72,4030.33,2.24774e+09
2020-05-30 09:30:00,Quc1TzYxW2pYoWX,484.653,475.527,642.8,3.29576e+08
2020-05-31 14:15:00,mqwcsP2rE7J0TFp,824.327,805.467,5549.4,5.93712e+08
2020-05-28 09:45:00,Et9kgGMDl729KT4,988.567,966.667,1686,1.77271e+06
2020-06-04 14:45:00,Et9kgGMDl729KT4,533.1,522.587,1625,1.8101e+06
2020-05-15 21:45:00,9kRcWv60rDACzjR,0,0,9246,2.24773e+09
2020-06-04 01:30:00,Quc1TzYxW2pYoWX,0,0,3721,3.29597e+08
2020-05-23 17:15:00,vOuJvMaM2sgwLmb,266.22,261.307,9392.8,2.27479e+06
2020-06-04 09:15:00,Qf4GUc1pJu5T6c6,724.3,709.213,1046.4,8.38569e+08
2020-05-19 01:45:00,9kRcWv60rDACzjR,0,0,0,2.24775e+09
2020-05-16 19:15:00,oZ35aAeoifZaQzV,0,0,8062,1.65998e+09
2020-06-16 00:15:00,xoJJ8DcxJEcupym,0,0,6083,2.09326e+08
2020-06-13 00:45:00,WcxssY2VbP4hApt,0,0,4815,1.81882e+08
2020-05-17 19:45:00,mqwcsP2rE7J0TFp,0,0,7037,5.93604e+08
2020-06-14 00:45:00,V94E5Ben1TlhnDV,0,0,0,1.41228e+09
2020-06-02 04:00:00,81aHJ1q11NBPMrL,0,0,0,1.2154e+09
2020-06-13 22:00:00,81aHJ1q11NBPMrL,0,0,6656,1.21546e+09
2020-06-17 12:30:00,oZZkBaNadn6DNKz,752.053,736.313,2184.93,1.70829e+09
2020-05-27 22:45:00,LlT2YUhhzqhg5Sw,0,0,9086,2.82682e+08
2020-05-24 00:15:00,9kRcWv60rDACzjR,0,0,0,2.24778e+09
2020-06-08 10:00:00,oZ35aAeoifZaQzV,862.26,842.553,1925.67,1.66014e+09
2020-05-26 19:00:00,Et9kgGMDl729KT4,0,0,8289,1.76237e+06
2020-06-17 05:00:00,vOuJvMaM2sgwLmb,0,0,0,2.42337e+06
2020-06-12 01:00:00,Quc1TzYxW2pYoWX,0,0,3184,3.29624e+08
2020-05-17 09:00:00,q49J1IKaHRwDQnt,724.94,709.82,877.533,353430
2020-06-16 13:30:00,Qf4GUc1pJu5T6c6,559.04,547.96,3623.27,8.38641e+08
2020-05-23 04:30:00,4UPUqMRk7TRMgml,0,0,0,2.48328e+06
2020-06-02 22:00:00,LYwnQax7tkwH5Cb,0,0,4787,1.79506e+09
2020-05-29 04:15:00,Qf4GUc1pJu5T6c6,0,0,0,8.38527e+08
2020-06-10 15:00:00,rrq4fwE8jgrTyWY,285.66,280.36,1741.47,1.21096e+08
2020-06-09 12:30:00,9kRcWv60rDACzjR,0,0,1966,2.24788e+09
2020-06-12 03:30:00,Mx2yZCDsyf6DPfv,0,0,3945,2.65966e+06
2020-05-17 20:00:00,WcxssY2VbP4hApt,0,0,7266,1.8172e+08
2020-05-18 17:15:00,IQ2d7wF4YD8zU1Q,204.513,200.48,7718.47,1.9974e+07
2020-05-24 03:15:00,Qf4GUc1pJu5T6c6,0,0,0,8.38491e+08
2020-06-04 23:15:00,q49J1IKaHRwDQnt,0,0,5710,461971
2020-05-18 08:00:00,Quc1TzYxW2pYoWX,138.427,135.16,35.2667,3.29523e+08
2020-06-03 04:30:00,V94E5Ben1TlhnDV,0,0,0,1.41222e+09
2020-06-11 05:30:00,NgDl19wMapZy17u,0,0,2618,1.11711e+08
2020-05-31 15:00:00,rrq4fwE8jgrTyWY,609.186,596.907,5649.21,1.2106e+08
2020-05-31 15:30:00,xoJJ8DcxJEcupym,284.847,279.673,6093.4,2.09239e+08
2020-05-29 13:45:00,Quc1TzYxW2pYoWX,671.593,657.827,1887.93,3.29573e+08
2020-06-16 18:00:00,Mx2yZCDsyf6DPfv,37.8133,36.5733,5513.07,2.6789e+06
2020-05-18 03:00:00,vOuJvMaM2sgwLmb,0,0,0,2.23179e+06
2020-06-11 12:00:00,xMbIugepa2P7lBB,0,0,0,0
2020-05-18 05:45:00,81aHJ1q11NBPMrL,0,0,0,1.21529e+09
2020-05-17 09:00:00,rrq4fwE8jgrTyWY,727.393,712.2,867.867,1.20978e+08
2020-06-13 14:00:00,Mx2yZCDsyf6DPfv,0,0,1629,2.66586e+06
2020-06-17 12:15:00,oZ35aAeoifZaQzV,848.147,829.293,2025.73,1.66019e+09
2020-06-07 11:45:00,vOuJvMaM2sgwLmb,0,0,1078,2.36586e+06
2020-05-23 18:45:00,vOuJvMaM2sgwLmb,0,0,9534,2.27493e+06
2020-05-29 09:45:00,V94E5Ben1TlhnDV,1067.68,1043.58,1677.47,1.41219e+09
2020-05-22 10:00:00,vOuJvMaM2sgwLmb,0,0,1405,2.26362e+06
2020-06-12 11:15:00,WcxssY2VbP4hApt,824.353,806.56,1495.6,1.81878e+08
2020-06-14 04:30:00,IQ2d7wF4YD8zU1Q,0,0,3023,2.01614e+07
2020-05-17 11:00:00,9kRcWv60rDACzjR,1003.17,980.653,2638.2,2.24774e+09
2020-06-05 16:00:00,9kRcWv60rDACzjR,342.679,336.864,2633.64,2.24786e+09
2020-05-20 12:45:00,LlT2YUhhzqhg5Sw,0,0,2227,2.8263e+08
2020-05-29 12:45:00,4UPUqMRk7TRMgml,964.307,943.06,4620.67,2.53418e+06
2020-05-29 08:45:00,Quc1TzYxW2pYoWX,674.907,661.08,574.933,3.29571e+08
2020-06-16 04:15:00,oZ35aAeoifZaQzV,0,0,2711,1.66018e+09
2020-05-26 03:30:00,vOuJvMaM2sgwLmb,0,0,0,2.28725e+06
2020-05-28 18:15:00,LlT2YUhhzqhg5Sw,57.2714,55.4143,8868.29,2.82691e+08
2020-05-20 11:45:00,LlT2YUhhzqhg5Sw,0,0,2227,2.8263e+08
2020-05-29 22:45:00,Qf4GUc1pJu5T6c6,0,0,8165,8.38535e+08
2020-06-08 00:00:00,PeE6FRyGXUgsRhN,0,0,7544,1.3485e+09
2020-06-12 19:45:00,PeE6FRyGXUgsRhN,0,0,4685,1.34852e+09
2020-06-10 23:45:00,mqwcsP2rE7J0TFp,0,0,2636,5.93778e+08
2020-06-17 08:30:00,Et9kgGMDl729KT4,194.42,190.613,219.8,1.85036e+06
2020-06-06 15:15:00,Mx2yZCDsyf6DPfv,703.487,688.473,6929.47,2.62373e+06
2020-05-15 21:45:00,mqwcsP2rE7J0TFp,0,0,9442,5.93589e+08
2020-06-10 17:45:00,V94E5Ben1TlhnDV,13.8929,13.4,5420.07,1.41226e+09
2020-06-03 22:45:00,oZ35aAeoifZaQzV,0,0,5493,1.66011e+09
2020-06-11 03:15:00,vOuJvMaM2sgwLmb,0,0,5480,2.38903e+06
2020-06-03 22:45:00,4UPUqMRk7TRMgml,0,0,6113,2.57041e+06
2020-05-16 09:00:00,xoJJ8DcxJEcupym,809.313,792.147,1052.93,2.09148e+08
2020-06-12 13:00:00,81aHJ1q11NBPMrL,144.927,142.093,664.2,5.67211e+08
2020-06-13 20:00:00,81aHJ1q11NBPMrL,0,0,6656,1.21546e+09
2020-05-18 15:00:00,rrq4fwE8jgrTyWY,882.153,863.067,3066.2,1.20985e+08
2020-05-19 10:45:00,Et9kgGMDl729KT4,0,0,1332,1.72314e+06
2020-05-22 20:30:00,V94E5Ben1TlhnDV,0,0,8470,1.41214e+09
2020-06-06 06:45:00,NgDl19wMapZy17u,145.707,142.24,57.0667,1.11675e+08
2020-06-08 22:15:00,xMbIugepa2P7lBB,0,0,9052,1.06848e+08
2020-05-31 11:45:00,q49J1IKaHRwDQnt,552.953,541.92,2809.07,440761
2020-05-27 20:30:00,LlT2YUhhzqhg5Sw,0,0,9086,2.82682e+08
2020-06-03 09:45:00,WcxssY2VbP4hApt,652.573,639.2,1232,1.8184e+08
2020-05-21 10:00:00,rrq4fwE8jgrTyWY,0,0,336.4,4.83994e+07
2020-06-03 10:00:00,xoJJ8DcxJEcupym,563.88,552.527,1359.27,2.09251e+08
2020-05-26 21:45:00,oZZkBaNadn6DNKz,0,0,9368,1.70817e+09
2020-06-02 19:30:00,IQ2d7wF4YD8zU1Q,0,0,7297,2.00896e+07
2020-05-18 13:30:00,V94E5Ben1TlhnDV,1203.27,1173.19,2080.43,1.41211e+09
2020-05-23 10:15:00,q49J1IKaHRwDQnt,0,0,1555,385059
2020-06-12 00:15:00,PeE6FRyGXUgsRhN,0,0,3834,1.34852e+09
2020-06-12 10:45:00,PeE6FRyGXUgsRhN,309.64,303.8,1169.13,1.34852e+09
2020-05-21 04:00:00,oZZkBaNadn6DNKz,0,0,0,1.70811e+09
2020-06-04 17:30:00,LlT2YUhhzqhg5Sw,145.38,141.86,2843.13,2.82727e+08
2020-06-12 15:15:00,IQ2d7wF4YD8zU1Q,638.793,625.8,3880.93,2.01574e+07
2020-05-22 13:30:00,PeE6FRyGXUgsRhN,1189.19,1159.46,6324.2,1.34839e+09
2020-06-12 23:30:00,Quc1TzYxW2pYoWX,0,0,3668,3.29628e+08
2020-05-27 07:15:00,q49J1IKaHRwDQnt,247.814,243.007,138.643,406046
2020-06-04 09:15:00,vOuJvMaM2sgwLmb,689.713,675.313,1020.47,2.34724e+06
2020-05-28 00:45:00,9kRcWv60rDACzjR,0,0,0,2.24781e+09
2020-05-26 16:15:00,oZZkBaNadn6DNKz,607.407,595.164,8860.29,1.70817e+09
2020-05-29 13:00:00,V94E5Ben1TlhnDV,909.44,889.673,4869.13,1.4122e+09
2020-06-12 19:15:00,IQ2d7wF4YD8zU1Q,0,0,4802,2.01583e+07
2020-06-10 08:00:00,4UPUqMRk7TRMgml,369.1,362.664,235.071,2.61893e+06
2020-06-11 03:45:00,xMbIugepa2P7lBB,0,0,5523,1.06861e+08
2020-05-25 14:30:00,oZZkBaNadn6DNKz,1038.57,1015.29,7250.73,1.70815e+09
2020-06-07 08:30:00,IQ2d7wF4YD8zU1Q,585.7,573.9,505.467,2.01192e+07
2020-06-13 04:00:00,V94E5Ben1TlhnDV,0,0,0,1.41227e+09
2020-05-25 17:15:00,Qf4GUc1pJu5T6c6,123.347,120.173,9122.07,8.38504e+08
2020-06-15 12:15:00,Quc1TzYxW2pYoWX,0,0,603,3.29636e+08
2020-05-25 09:00:00,xoJJ8DcxJEcupym,795.021,778.207,1053.43,2.09197e+08
2020-06-05 18:15:00,PeE6FRyGXUgsRhN,39.66,38.3267,7323.53,1.34849e+09
2020-06-03 05:00:00,oZZkBaNadn6DNKz,0,0,0,1.70821e+09
2020-06-17 07:30:00,LYwnQax7tkwH5Cb,96.9667,94.1933,75.3333,1.79511e+09
2020-05-30 09:15:00,Et9kgGMDl729KT4,430.64,422.973,610.067,1.78391e+06
2020-05-20 01:00:00,LYwnQax7tkwH5Cb,0,0,0,1.79498e+09
2020-06-09 19:45:00,LYwnQax7tkwH5Cb,0,0,3308,1.79508e+09
2020-05-21 02:00:00,Et9kgGMDl729KT4,0,0,0,1.72889e+06
2020-06-17 12:15:00,4UPUqMRk7TRMgml,841.167,822.547,2022.13,2.65107e+06
2020-06-02 03:00:00,xMbIugepa2P7lBB,0,0,4143,1.06795e+08
2020-05-31 08:15:00,oZZkBaNadn6DNKz,470.82,461.887,334,1.70819e+09
2020-06-07 09:15:00,vOuJvMaM2sgwLmb,624.54,610.3,808.667,1.89263e+06
2020-06-16 09:45:00,rrq4fwE8jgrTyWY,593.9,581.96,1121.27,1.21123e+08
2020-05-21 12:30:00,Mx2yZCDsyf6DPfv,1304.64,1272.03,4697.73,2.50221e+06
2020-06-02 15:30:00,WcxssY2VbP4hApt,849.707,831.073,3011.2,1.81837e+08
2020-05-29 02:00:00,4UPUqMRk7TRMgml,0,0,3729,2.52956e+06
2020-05-30 14:00:00,LlT2YUhhzqhg5Sw,1119.95,1094.37,5393.4,2.82703e+08
2020-06-05 03:00:00,PeE6FRyGXUgsRhN,0,0,6168,1.34848e+09
2020-05-31 13:00:00,WcxssY2VbP4hApt,0,0,0,0
2020-06-10 02:45:00,oZZkBaNadn6DNKz,0,0,0,1.70825e+09
2020-05-26 20:00:00,Et9kgGMDl729KT4,0,0,8289,1.76237e+06
2020-06-08 12:45:00,oZZkBaNadn6DNKz,1307.66,1275.18,5008,1.70824e+09
2020-06-01 22:15:00,q49J1IKaHRwDQnt,0,0,3830,448130
2020-05-30 14:30:00,oZ35aAeoifZaQzV,1065.87,1041.83,6117.4,1.66009e+09
2020-06-17 08:00:00,oZZkBaNadn6DNKz,186.84,183.127,148,1.70828e+09
2020-05-21 02:45:00,Qf4GUc1pJu5T6c6,0,0,0,8.38462e+08
2020-05-16 05:30:00,rrq4fwE8jgrTyWY,0,0,0,1.2097e+08
2020-06-07 00:15:00,oZ35aAeoifZaQzV,0,0,8368,1.66013e+09
2020-06-17 16:15:00,NgDl19wMapZy17u,306.7,301.157,3944.71,1.11746e+08
2020-05-24 22:00:00,LlT2YUhhzqhg5Sw,0,0,9038,2.82655e+08
2020-06-06 07:45:00,LlT2YUhhzqhg5Sw,143.847,140.307,208.8,2.82731e+08
2020-06-03 20:45:00,Et9kgGMDl729KT4,0,0,4092,1.80847e+06
2020-06-02 09:30:00,WcxssY2VbP4hApt,607.333,595.16,1392.33,1.81836e+08
2020-06-14 23:15:00,mqwcsP2rE7J0TFp,0,0,5937,5.93799e+08
2020-06-05 13:15:00,xMbIugepa2P7lBB,1401.31,1366.26,5649.43,1.06821e+08
2020-06-15 16:00:00,V94E5Ben1TlhnDV,302.327,297.053,2032.4,1.41228e+09
2020-05-22 03:45:00,LYwnQax7tkwH5Cb,0,0,0,1.79499e+09
2020-06-17 01:30:00,81aHJ1q11NBPMrL,0,0,0,1.21548e+09
2020-06-17 23:15:00,WcxssY2VbP4hApt,0,0,4331,1.81912e+08
2020-05-27 22:00:00,V94E5Ben1TlhnDV,0,0,5825,1.41218e+09
2020-05-15 02:45:00,Quc1TzYxW2pYoWX,0,0,5495,3.29509e+08
2020-06-01 03:30:00,Mx2yZCDsyf6DPfv,0,0,0,2.58558e+06
2020-06-17 06:00:00,Et9kgGMDl729KT4,1.16,1.12,0,1.85014e+06
2020-06-02 14:15:00,oZ35aAeoifZaQzV,1154.63,1126.64,5111.53,1.66011e+09
2020-06-12 21:00:00,WcxssY2VbP4hApt,0,0,4815,1.81882e+08
2020-06-10 18:45:00,Et9kgGMDl729KT4,0,0,2448,1.82832e+06
2020-06-03 02:15:00,V94E5Ben1TlhnDV,0,0,0,1.41222e+09
2020-06-13 23:15:00,rrq4fwE8jgrTyWY,0,0,6127,1.21111e+08
2020-06-03 18:00:00,Qf4GUc1pJu5T6c6,79.4533,77.0933,6006.8,8.38568e+08
2020-05-21 08:30:00,PeE6FRyGXUgsRhN,678.507,664.567,701.133,1.34838e+09
2020-05-30 08:15:00,Mx2yZCDsyf6DPfv,302.847,297.433,315.133,2.57106e+06
2020-05-16 20:00:00,PeE6FRyGXUgsRhN,0,0,2974,1.34836e+09
2020-06-07 19:30:00,9kRcWv60rDACzjR,0,0,2021,2.24787e+09
2020-06-10 06:00:00,mqwcsP2rE7J0TFp,13.8267,13.3467,0.6,5.93776e+08
2020-06-02 18:30:00,Quc1TzYxW2pYoWX,20.8867,20.16,4959.73,3.29593e+08
2020-06-12 09:00:00,oZZkBaNadn6DNKz,482.747,473.533,537.467,1.70826e+09
2020-06-05 17:00:00,LlT2YUhhzqhg5Sw,439.867,431.647,2800.13,2.8273e+08
2020-06-12 01:30:00,IQ2d7wF4YD8zU1Q,0,0,3920,2.01535e+07
2020-06-02 09:15:00,Mx2yZCDsyf6DPfv,608.66,596.413,1261.27,2.59118e+06
2020-06-07 16:30:00,LYwnQax7tkwH5Cb,299.707,294.167,1704.73,1.79507e+09
2020-06-03 05:00:00,xMbIugepa2P7lBB,0,0,7138,1.06802e+08
2020-05-27 01:30:00,oZZkBaNadn6DNKz,0,0,0,1.70817e+09
2020-06-01 02:15:00,PeE6FRyGXUgsRhN,0,0,0,1.34846e+09
2020-05-19 11:30:00,PeE6FRyGXUgsRhN,0,0,1449,1.34838e+09
2020-05-27 01:30:00,9kRcWv60rDACzjR,0,0,0,2.2478e+09
2020-05-16 08:45:00,Et9kgGMDl729KT4,699.52,685.073,842.4,1.70925e+06
2020-06-03 07:45:00,rrq4fwE8jgrTyWY,363.913,356.767,195.867,1.21069e+08
2020-06-16 11:00:00,V94E5Ben1TlhnDV,667.371,653.7,2024.93,1.41228e+09
2020-06-15 22:45:00,PeE6FRyGXUgsRhN,0,0,2801,1.34854e+09
2020-05-17 11:30:00,WcxssY2VbP4hApt,717.767,702.86,3211.33,1.81716e+08
2020-06-13 22:15:00,9kRcWv60rDACzjR,0,0,2777,2.24789e+09
2020-06-03 15:30:00,oZZkBaNadn6DNKz,444.329,435.886,4034.79,1.70821e+09
2020-05-24 21:00:00,Et9kgGMDl729KT4,0,0,3416,1.74713e+06
2020-05-27 20:00:00,WcxssY2VbP4hApt,0,0,3033.57,1.29856e+08
2020-05-22 14:45:00,oZZkBaNadn6DNKz,1023.06,1000.22,7914.27,1.70813e+09
2020-06-09 20:15:00,Qf4GUc1pJu5T6c6,0,0,8086,8.38615e+08
2020-06-12 03:00:00,9kRcWv60rDACzjR,0,0,0,2.24789e+09
2020-05-25 12:00:00,Qf4GUc1pJu5T6c6,1296.71,1264.31,4349.13,8.385e+08
2020-06-03 02:15:00,81aHJ1q11NBPMrL,0,0,0,1.2154e+09
2020-06-13 07:00:00,xMbIugepa2P7lBB,193.2,189.38,23.6,1.0687e+08
2020-05-15 01:15:00,rrq4fwE8jgrTyWY,0,0,0,1.20964e+08
2020-05-18 04:00:00,oZZkBaNadn6DNKz,0,0,0,1.7081e+09
2020-06-04 05:00:00,PeE6FRyGXUgsRhN,0,0,0,1.34847e+09
2020-05-18 15:30:00,81aHJ1q11NBPMrL,532.307,521.913,2648.8,1.2153e+09
2020-06-15 10:00:00,V94E5Ben1TlhnDV,0,0,978,1.41228e+09
2020-06-04 21:15:00,oZ35aAeoifZaQzV,0,0,3739,1.66012e+09
2020-06-01 02:45:00,LlT2YUhhzqhg5Sw,0,0,0,2.82712e+08
2020-05-17 13:30:00,LlT2YUhhzqhg5Sw,505.48,494.393,2469.53,2.0725e+08
2020-06-02 20:15:00,vOuJvMaM2sgwLmb,0,0,3796,2.34127e+06
2020-05-29 04:45:00,WcxssY2VbP4hApt,0,0,0,1.81807e+08
2020-06-03 01:45:00,NgDl19wMapZy17u,0,0,0,1.11656e+08
2020-05-17 00:15:00,xoJJ8DcxJEcupym,0,0,0,2.0915e+08
2020-06-01 15:15:00,oZZkBaNadn6DNKz,62.9133,60.8933,4141.27,1.7082e+09
2020-06-09 00:15:00,V94E5Ben1TlhnDV,0,0,0,1.41225e+09
2020-06-09 23:00:00,NgDl19wMapZy17u,0,0,8067,1.11708e+08
2020-06-03 18:30:00,xoJJ8DcxJEcupym,12.5733,12.1467,3620.4,2.09253e+08
2020-05-18 09:00:00,Quc1TzYxW2pYoWX,483.567,474.273,366.533,3.29524e+08
2020-06-17 18:30:00,Et9kgGMDl729KT4,17.8467,17.2133,4018.07,1.85416e+06
2020-06-03 02:45:00,81aHJ1q11NBPMrL,0,0,0,1.2154e+09
2020-05-18 06:45:00,LYwnQax7tkwH5Cb,0,0,0,1.79498e+09
2020-06-13 08:30:00,V94E5Ben1TlhnDV,377.26,370.34,541.6,1.41227e+09
2020-05-23 22:30:00,LlT2YUhhzqhg5Sw,0,0,3385,2.82646e+08
2020-05-31 11:30:00,xoJJ8DcxJEcupym,976.753,955.133,2624.53,2.09236e+08
2020-06-15 10:30:00,V94E5Ben1TlhnDV,0,0,978,1.41228e+09
2020-06-04 02:00:00,oZZkBaNadn6DNKz,0,0,0,1.70821e+09
2020-06-15 20:15:00,rrq4fwE8jgrTyWY,0,0,3706,1.21122e+08
2020-05-23 04:45:00,LlT2YUhhzqhg5Sw,0,0,0,2.82642e+08
2020-05-31 10:45:00,vOuJvMaM2sgwLmb,1060.76,1035.27,2045.33,2.32874e+06
2020-05-31 21:00:00,NgDl19wMapZy17u,0,0,6486,1.11645e+08
2020-06-16 15:00:00,V94E5Ben1TlhnDV,537.5,526.921,4584.71,1.41229e+09
2020-05-30 05:45:00,oZ35aAeoifZaQzV,0,0,0,1.66008e+09
2020-05-30 08:15:00,WcxssY2VbP4hApt,221.833,217.893,235,1.33332e+08
2020-05-25 03:15:00,oZZkBaNadn6DNKz,0,0,0,1.70815e+09
2020-05-28 07:30:00,q49J1IKaHRwDQnt,376.727,370.233,196,415119
2020-06-04 03:45:00,81aHJ1q11NBPMrL,0,0,0,1.2154e+09
2020-06-06 09:15:00,NgDl19wMapZy17u,918.9,898.747,1138.33,1.11676e+08
2020-06-11 21:15:00,Et9kgGMDl729KT4,0,0,3299,1.83162e+06
2020-06-07 19:45:00,xoJJ8DcxJEcupym,0,0,7674,2.09277e+08
2020-06-05 01:15:00,WcxssY2VbP4hApt,0,0,3834,1.81848e+08
2020-05-15 03:00:00,Qf4GUc1pJu5T6c6,0,0,0,8.38421e+08
2020-05-25 02:00:00,Mx2yZCDsyf6DPfv,0,0,0,2.53099e+06
2020-05-30 04:15:00,vOuJvMaM2sgwLmb,0,0,0,2.3201e+06
2020-06-06 21:00:00,Quc1TzYxW2pYoWX,0,0,3413,3.29609e+08
2020-05-26 11:00:00,Et9kgGMDl729KT4,1045.56,1022.06,2820.93,1.7569e+06
2020-05-16 13:00:00,NgDl19wMapZy17u,1057.11,1032.98,5243.93,1.11527e+08
2020-06-08 19:45:00,xMbIugepa2P7lBB,0,0,9052,1.06848e+08
2020-06-06 10:15:00,V94E5Ben1TlhnDV,0,0,913,1.41224e+09
2020-05-20 09:30:00,LYwnQax7tkwH5Cb,877.273,858.333,1452.6,1.79498e+09
2020-06-17 00:15:00,Quc1TzYxW2pYoWX,0,0,2067.33,3.29642e+08
2020-05-20 11:00:00,oZZkBaNadn6DNKz,0,0,1647,1.70811e+09
2020-05-24 07:45:00,LlT2YUhhzqhg5Sw,422.767,415.193,314.267,2.82646e+08
2020-06-14 07:00:00,Quc1TzYxW2pYoWX,194.52,190.467,5565.27,3.29633e+08
2020-05-18 19:30:00,LYwnQax7tkwH5Cb,0,0,3529,1.79498e+09
2020-06-12 08:00:00,Mx2yZCDsyf6DPfv,247.82,243.013,262.867,2.65992e+06
2020-05-28 07:45:00,WcxssY2VbP4hApt,183.92,180.48,117.8,7.27193e+07
2020-06-02 21:45:00,rrq4fwE8jgrTyWY,0,0,3856,1.21069e+08
2020-06-14 15:15:00,mqwcsP2rE7J0TFp,300.727,295.347,4921.2,5.93798e+08
2020-06-03 02:45:00,Quc1TzYxW2pYoWX,0,0,4962,3.29593e+08
2020-06-11 16:45:00,q49J1IKaHRwDQnt,109.22,106.167,3681.13,486622
2020-06-05 19:15:00,Mx2yZCDsyf6DPfv,0,0,7726,2.6168e+06
2020-05-18 02:15:00,81aHJ1q11NBPMrL,0,0,0,1.21529e+09
2020-06-04 13:15:00,81aHJ1q11NBPMrL,1239.47,1209.12,4050.6,1.21541e+09
2020-05-25 07:30:00,vOuJvMaM2sgwLmb,346.653,340.687,245.267,2.27845e+06
2020-05-18 18:15:00,9kRcWv60rDACzjR,26.76,25.8533,7534.27,2.24775e+09
2020-06-06 10:15:00,Et9kgGMDl729KT4,0,0,717,1.81465e+06
2020-05-17 19:15:00,81aHJ1q11NBPMrL,0,0,5758,1.21529e+09
2020-05-28 16:30:00,oZZkBaNadn6DNKz,497.729,487.971,8617.93,1.70818e+09
2020-06-11 16:45:00,9kRcWv60rDACzjR,108.95,105.893,3727.21,2.24789e+09
2020-05-21 03:00:00,xoJJ8DcxJEcupym,0,0,0,2.09169e+08
2020-06-08 04:45:00,oZZkBaNadn6DNKz,0,0,0,1.70823e+09
2020-05-18 16:30:00,q49J1IKaHRwDQnt,389.107,382.164,3871.64,362151
2020-06-06 22:00:00,xMbIugepa2P7lBB,0,0,8142,1.06831e+08
2020-05-19 05:30:00,IQ2d7wF4YD8zU1Q,0,0,0,1.99741e+07
2020-06-11 00:15:00,4UPUqMRk7TRMgml,0,0,5588,2.62429e+06
2020-05-23 04:45:00,oZZkBaNadn6DNKz,0,0,0,1.70813e+09
2020-06-03 08:15:00,vOuJvMaM2sgwLmb,452.371,443.629,431.571,2.3417e+06
2020-06-09 09:30:00,oZ35aAeoifZaQzV,828.533,809.873,1682.67,1.66015e+09
2020-06-16 13:30:00,Quc1TzYxW2pYoWX,484.727,475.52,3159.27,3.29641e+08
2020-05-24 17:30:00,vOuJvMaM2sgwLmb,186.293,182.643,3190.64,2.27812e+06
2020-06-08 18:45:00,LYwnQax7tkwH5Cb,4.48,4.32,2701.8,1.79507e+09
2020-05-25 11:45:00,vOuJvMaM2sgwLmb,1269.23,1237.51,3978.2,2.28219e+06
2020-06-05 03:30:00,IQ2d7wF4YD8zU1Q,0,0,0,2.01026e+07
2020-05-30 05:45:00,9kRcWv60rDACzjR,0,0,0,2.24782e+09
2020-06-03 02:15:00,4UPUqMRk7TRMgml,0,0,7404,2.5643e+06
2020-06-08 22:00:00,mqwcsP2rE7J0TFp,0,0,9065,5.93768e+08
2020-06-05 15:15:00,oZ35aAeoifZaQzV,606.3,594.073,6602.67,1.66013e+09
2020-06-02 18:00:00,rrq4fwE8jgrTyWY,142,138.443,3814.5,1.21069e+08
2020-06-03 00:00:00,oZ35aAeoifZaQzV,0,0,476.467,1.66011e+09
2020-06-11 02:00:00,oZ35aAeoifZaQzV,0,0,5585,1.66016e+09
2020-05-26 12:30:00,Qf4GUc1pJu5T6c6,1314.17,1281.31,5146.71,8.3851e+08
2020-06-04 18:30:00,oZZkBaNadn6DNKz,22.4,21.6143,3713.29,1.70822e+09
2020-06-13 00:15:00,LlT2YUhhzqhg5Sw,0,0,4630,2.82763e+08
2020-05-18 14:15:00,81aHJ1q11NBPMrL,0,0,1746,1.21529e+09
2020-06-09 07:45:00,Qf4GUc1pJu5T6c6,571.107,559.687,409.8,8.38608e+08
2020-05-27 23:30:00,Quc1TzYxW2pYoWX,0,0,7370,3.29566e+08
2020-06-05 18:30:00,4UPUqMRk7TRMgml,20.02,19.3467,7753.87,2.58516e+06
2020-05-29 00:45:00,oZZkBaNadn6DNKz,0,0,0,1.70818e+09
2020-06-10 00:00:00,vOuJvMaM2sgwLmb,0,0,7868,2.38355e+06
2020-06-04 05:45:00,81aHJ1q11NBPMrL,0,0,0,1.2154e+09
2020-05-16 07:15:00,Et9kgGMDl729KT4,238.707,234.14,128.533,1.70853e+06
2020-05-16 10:15:00,NgDl19wMapZy17u,1118.16,1092.31,2324.71,1.11524e+08
2020-05-28 02:30:00,oZZkBaNadn6DNKz,0,0,0,1.70817e+09
2020-06-10 02:45:00,q49J1IKaHRwDQnt,0,0,3601,477638
2020-05-23 06:00:00,PeE6FRyGXUgsRhN,18.6929,18.0357,2.21429,1.3484e+09
2020-05-31 00:45:00,LYwnQax7tkwH5Cb,0,0,0,1.79504e+09
2020-05-23 23:15:00,Et9kgGMDl729KT4,0,0,4598,1.74372e+06
2020-06-01 14:00:00,Quc1TzYxW2pYoWX,72.6643,70.4071,3431.07,3.29588e+08
2020-05-31 06:15:00,LlT2YUhhzqhg5Sw,57.35,55.4929,10.5714,2.82706e+08
2020-05-29 03:15:00,V94E5Ben1TlhnDV,0,0,0,1.41219e+09
2020-05-22 09:45:00,vOuJvMaM2sgwLmb,0,0,1405,2.26362e+06
2020-05-15 11:15:00,Qf4GUc1pJu5T6c6,0,0,2402,8.38424e+08
2020-05-29 03:00:00,q49J1IKaHRwDQnt,0,0,7799,422722
2020-06-01 05:00:00,q49J1IKaHRwDQnt,0,0,6348,444300
2020-06-16 08:30:00,WcxssY2VbP4hApt,510.021,499.986,551.357,1.81903e+08
2020-05-15 13:15:00,oZZkBaNadn6DNKz,0,0,3350,1.70809e+09
2020-05-24 19:45:00,oZZkBaNadn6DNKz,0,0,9289,1.70815e+09
2020-06-04 02:30:00,oZ35aAeoifZaQzV,0,0,0,1.66011e+09
2020-06-01 06:15:00,oZZkBaNadn6DNKz,32.8267,31.72,4.4,1.7082e+09
2020-06-04 04:15:00,4UPUqMRk7TRMgml,0,0,0,2.57041e+06
2020-06-02 18:15:00,Et9kgGMDl729KT4,76.22,73.9267,5461.4,1.80436e+06
2020-05-31 00:30:00,4UPUqMRk7TRMgml,0,0,8185,2.54587e+06
2020-06-14 16:30:00,IQ2d7wF4YD8zU1Q,512.44,502.447,6921.47,2.01685e+07
2020-05-31 17:15:00,xMbIugepa2P7lBB,58.98,57.0733,6458.87,1.06791e+08
2020-05-30 11:00:00,oZZkBaNadn6DNKz,0,0,1807,1.70819e+09
2020-06-07 22:15:00,9kRcWv60rDACzjR,0,0,2021,2.24787e+09
2020-05-22 03:15:00,PeE6FRyGXUgsRhN,0,0,0,1.34839e+09
2020-06-05 06:00:00,PeE6FRyGXUgsRhN,4.17333,4.02,0.466667,1.34848e+09
2020-05-28 05:45:00,9kRcWv60rDACzjR,0,0,0,2.24781e+09
2020-06-12 16:30:00,q49J1IKaHRwDQnt,231.68,227.167,4306.07,491061
2020-05-17 03:30:00,rrq4fwE8jgrTyWY,0,0,0,1.20977e+08
2020-05-29 15:15:00,Quc1TzYxW2pYoWX,658.033,644.587,2859.8,3.29574e+08
2020-06-16 21:15:00,q49J1IKaHRwDQnt,0,0,5276,516601
2020-05-17 18:00:00,q49J1IKaHRwDQnt,101.573,98.6867,5704.6,358257
2020-06-14 10:45:00,Quc1TzYxW2pYoWX,0,0,546,3.29634e+08
2020-06-07 22:00:00,4UPUqMRk7TRMgml,0,0,7826,2.60136e+06
2020-06-13 10:15:00,81aHJ1q11NBPMrL,656.873,642.84,1412.07,1.21546e+09
2020-06-16 02:15:00,mqwcsP2rE7J0TFp,0,0,0,5.93805e+08
2020-05-20 10:30:00,81aHJ1q11NBPMrL,0,0,1935,1.2153e+09
2020-06-13 17:30:00,rrq4fwE8jgrTyWY,197.727,193.7,6021.07,1.21111e+08
2020-06-07 05:30:00,Mx2yZCDsyf6DPfv,0,0,0,2.62511e+06
2020-06-04 13:00:00,81aHJ1q11NBPMrL,907.28,886.793,3806.33,1.21541e+09
2020-05-29 15:00:00,LYwnQax7tkwH5Cb,746.113,730.52,6312.87,1.79503e+09
2020-05-22 15:45:00,4UPUqMRk7TRMgml,794.687,777.887,8925.33,2.48234e+06
2020-05-27 08:45:00,xoJJ8DcxJEcupym,732.95,717.686,860.214,2.09212e+08
2020-05-30 01:00:00,q49J1IKaHRwDQnt,0,0,7407,430129
2020-06-17 10:30:00,LlT2YUhhzqhg5Sw,442.287,434.16,938.467,2.82786e+08
2020-05-25 10:45:00,Et9kgGMDl729KT4,949.107,928.253,1655.53,1.74879e+06
2020-05-15 07:30:00,WcxssY2VbP4hApt,484.147,474.9,301.533,1.81696e+08
2020-06-08 12:30:00,NgDl19wMapZy17u,1082.06,1055.95,4660.87,1.11696e+08
2020-06-13 20:00:00,V94E5Ben1TlhnDV,0,0,3615,1.41228e+09
2020-06-13 23:30:00,WcxssY2VbP4hApt,0,0,6435,1.81888e+08
2020-06-11 17:00:00,Quc1TzYxW2pYoWX,98.7667,95.96,3095.33,3.29624e+08
2020-05-26 08:45:00,Et9kgGMDl729KT4,685.267,671.167,820.533,1.7549e+06
2020-05-18 23:45:00,LYwnQax7tkwH5Cb,0,0,3529,1.79498e+09
2020-06-15 04:00:00,oZZkBaNadn6DNKz,0,0,0,1.70827e+09
2020-05-21 14:45:00,q49J1IKaHRwDQnt,979.84,958.173,3179.53,372507
2020-06-07 04:45:00,LlT2YUhhzqhg5Sw,0,0,4674,2.82735e+08
2020-05-20 01:30:00,rrq4fwE8jgrTyWY,0,0,0,1.2099e+08
2020-06-05 23:30:00,q49J1IKaHRwDQnt,0,0,2895,464866
2020-06-10 20:30:00,WcxssY2VbP4hApt,0,0,3531,1.81873e+08
2020-06-07 09:00:00,Et9kgGMDl729KT4,741.333,725.747,785.267,1.81702e+06
2020-06-03 09:45:00,NgDl19wMapZy17u,676.593,662.6,1194,1.11657e+08
2020-05-30 14:30:00,q49J1IKaHRwDQnt,1015.1,992.467,5790.67,435920
2020-05-31 14:00:00,PeE6FRyGXUgsRhN,1188.63,1158.92,5053.73,1.34846e+09
2020-05-26 21:15:00,vOuJvMaM2sgwLmb,0,0,9298,2.29655e+06
2020-06-01 04:00:00,q49J1IKaHRwDQnt,0,0,6348,444300
2020-05-29 08:15:00,q49J1IKaHRwDQnt,508.327,498.487,373.067,423095
2020-05-16 20:15:00,9kRcWv60rDACzjR,0,0,7678,2.24774e+09
2020-06-05 03:45:00,rrq4fwE8jgrTyWY,0,0,6643,1.21079e+08
2020-06-09 04:45:00,xMbIugepa2P7lBB,0,0,9052,1.06848e+08
2020-05-21 23:30:00,PeE6FRyGXUgsRhN,0,0,4638,1.34839e+09
2020-06-04 02:15:00,Mx2yZCDsyf6DPfv,0,0,0,2.60209e+06
2020-05-27 11:45:00,oZ35aAeoifZaQzV,1293.72,1261.37,4120.47,1.66007e+09
2020-06-01 19:15:00,xMbIugepa2P7lBB,0,0,4143,1.06795e+08
2020-06-15 05:15:00,LYwnQax7tkwH5Cb,0,0,7310,1.7951e+09
2020-06-07 18:15:00,V94E5Ben1TlhnDV,57.7533,55.9,1864.8,1.41224e+09
2020-05-15 06:30:00,LlT2YUhhzqhg5Sw,58.78,56.9,15.4,2.82593e+08
2020-06-16 06:15:00,PeE6FRyGXUgsRhN,38.5667,37.2867,2806.73,1.34854e+09
2020-06-16 21:00:00,Quc1TzYxW2pYoWX,0,0,4430,3.29642e+08
2020-05-16 05:00:00,vOuJvMaM2sgwLmb,0,0,0,2.22154e+06
2020-05-23 09:00:00,LYwnQax7tkwH5Cb,840.553,822.573,1136.27,1.795e+09
2020-05-25 00:45:00,Et9kgGMDl729KT4,0,0,0,1.74713e+06
2020-06-15 11:30:00,81aHJ1q11NBPMrL,830.413,811.58,3098.33,1.21547e+09
2020-06-06 21:30:00,9kRcWv60rDACzjR,0,0,8190,2.24787e+09
2020-06-09 12:15:00,oZ35aAeoifZaQzV,924.771,903.7,4325.5,1.66015e+09
2020-05-15 09:45:00,WcxssY2VbP4hApt,1090.27,1065.51,2043.53,1.81697e+08
2020-05-23 23:45:00,9kRcWv60rDACzjR,0,0,4543,2.24778e+09
2020-06-09 03:30:00,oZZkBaNadn6DNKz,0,0,0,1.70824e+09
2020-06-15 03:30:00,q49J1IKaHRwDQnt,0,0,7476,505265
2020-06-13 14:00:00,oZZkBaNadn6DNKz,903.114,882.607,4278.29,1.70827e+09
2020-06-04 16:15:00,NgDl19wMapZy17u,342.179,336.336,5859,1.11667e+08
2020-06-14 09:30:00,oZ35aAeoifZaQzV,690.767,676.34,1286.47,1.66017e+09
2020-05-16 19:15:00,Et9kgGMDl729KT4,0,0,6483,1.71489e+06
2020-05-20 13:00:00,xoJJ8DcxJEcupym,0,0,1106,2.09167e+08
2020-06-13 17:00:00,rrq4fwE8jgrTyWY,459.887,451.16,5871.4,1.21111e+08
2020-06-09 14:15:00,oZZkBaNadn6DNKz,884.8,865.667,5963.6,1.70825e+09
2020-06-11 23:15:00,oZZkBaNadn6DNKz,0,0,3921,1.70826e+09
2020-05-17 15:00:00,oZ35aAeoifZaQzV,442.187,434.12,4459.13,1.65998e+09
2020-05-21 20:45:00,WcxssY2VbP4hApt,0,0,9167,1.81753e+08
2020-06-02 03:45:00,LlT2YUhhzqhg5Sw,0,0,0,2.82716e+08
2020-05-16 22:15:00,q49J1IKaHRwDQnt,0,0,3533,352552
2020-06-01 11:00:00,NgDl19wMapZy17u,598.58,586.387,2370.27,1.11647e+08
2020-05-22 11:30:00,Quc1TzYxW2pYoWX,0,0,769,3.29536e+08
2020-06-12 08:45:00,IQ2d7wF4YD8zU1Q,184.12,180.18,432,2.0154e+07
2020-05-27 21:30:00,Mx2yZCDsyf6DPfv,0,0,9444,2.55878e+06
2020-05-16 20:45:00,V94E5Ben1TlhnDV,0,0,7721,1.4121e+09
2020-06-07 10:45:00,Qf4GUc1pJu5T6c6,934.907,913.414,2397.43,8.38593e+08
2020-06-16 04:00:00,4UPUqMRk7TRMgml,0,0,2304,2.64384e+06
2020-06-08 12:15:00,Et9kgGMDl729KT4,0,0,1069,1.81985e+06
2020-05-29 00:15:00,vOuJvMaM2sgwLmb,0,0,0,2.31502e+06
2020-06-02 20:00:00,xMbIugepa2P7lBB,0,0,7138,1.06802e+08
2020-06-06 03:15:00,vOuJvMaM2sgwLmb,0,0,3421,2.35653e+06
2020-06-07 05:45:00,9kRcWv60rDACzjR,0,0,0,2.24787e+09
2020-05-25 10:00:00,LlT2YUhhzqhg5Sw,881.479,862.286,1933.86,2.82657e+08
2020-05-16 10:15:00,4UPUqMRk7TRMgml,1138.41,1111.41,2323.6,2.43554e+06
2020-05-17 00:15:00,LYwnQax7tkwH5Cb,0,0,0,1.79497e+09
2020-06-07 03:00:00,mqwcsP2rE7J0TFp,0,0,0,5.93751e+08
2020-06-07 11:15:00,WcxssY2VbP4hApt,0,0,1084,1.81861e+08
2020-06-17 22:00:00,WcxssY2VbP4hApt,0,0,4331,1.81912e+08
2020-06-04 20:15:00,LYwnQax7tkwH5Cb,0,0,2885,1.79506e+09
2020-05-19 17:45:00,xoJJ8DcxJEcupym,0,0,6155,2.09166e+08
2020-05-19 00:30:00,Qf4GUc1pJu5T6c6,0,0,0,8.38451e+08
2020-06-10 05:15:00,Quc1TzYxW2pYoWX,0,0,3796,3.29618e+08
2020-06-16 14:30:00,4UPUqMRk7TRMgml,0,0,0,176531
2020-05-31 23:15:00,V94E5Ben1TlhnDV,0,0,6597,1.41221e+09
2020-05-16 16:00:00,PeE6FRyGXUgsRhN,301.16,295.547,2754.93,1.34836e+09
2020-05-26 21:15:00,PeE6FRyGXUgsRhN,0,0,6704,1.34843e+09
2020-06-14 17:15:00,LYwnQax7tkwH5Cb,210.847,206.727,7169.67,1.7951e+09
2020-05-26 12:30:00,PeE6FRyGXUgsRhN,0,0,3448,1.34843e+09
2020-06-06 21:45:00,Quc1TzYxW2pYoWX,0,0,3413,3.29609e+08
2020-06-15 22:00:00,81aHJ1q11NBPMrL,0,0,6307,1.21548e+09
2020-05-20 09:00:00,rrq4fwE8jgrTyWY,753.771,737.979,1021.57,1.20991e+08
2020-05-16 13:30:00,LlT2YUhhzqhg5Sw,1068.53,1043.74,5581.43,2.82608e+08
2020-06-13 16:15:00,PeE6FRyGXUgsRhN,598.414,586.136,5902.07,1.34853e+09
2020-05-19 10:30:00,IQ2d7wF4YD8zU1Q,1240.69,1210.11,1525.13,1.99757e+07
2020-05-30 00:30:00,IQ2d7wF4YD8zU1Q,0,0,0,2.00631e+07
2020-05-27 21:45:00,4UPUqMRk7TRMgml,0,0,9501,2.52583e+06
2020-06-17 09:30:00,xoJJ8DcxJEcupym,358.521,351.914,467,2.09332e+08
2020-06-06 03:00:00,V94E5Ben1TlhnDV,0,0,0,1.41224e+09
2020-06-13 03:45:00,IQ2d7wF4YD8zU1Q,0,0,4802,2.01583e+07
2020-06-09 03:45:00,WcxssY2VbP4hApt,0,0,3585,1.81865e+08
2020-06-15 05:45:00,Mx2yZCDsyf6DPfv,0,0,0,2.67074e+06
2020-05-15 22:45:00,Mx2yZCDsyf6DPfv,0,0,7800,2.46145e+06
2020-05-16 22:00:00,NgDl19wMapZy17u,0,0,7762,1.1153e+08
2020-06-10 11:30:00,Quc1TzYxW2pYoWX,0,0,0,0
2020-05-17 09:30:00,xMbIugepa2P7lBB,889.427,870.073,1336.07,1.06675e+08
2020-05-19 20:15:00,vOuJvMaM2sgwLmb,0,0,6722,2.24376e+06
2020-05-19 00:00:00,4UPUqMRk7TRMgml,0,0,7641,2.45287e+06
2020-05-18 03:30:00,81aHJ1q11NBPMrL,0,0,0,1.21529e+09
2020-06-08 14:15:00,NgDl19wMapZy17u,1217.95,1187.51,6602.8,1.11698e+08
2020-05-20 04:30:00,xoJJ8DcxJEcupym,0,0,0,2.09166e+08
2020-05-24 08:15:00,Et9kgGMDl729KT4,526.936,516.536,496.571,1.74421e+06
2020-06-13 00:00:00,PeE6FRyGXUgsRhN,0,0,4685,1.34852e+09
2020-05-28 05:45:00,xoJJ8DcxJEcupym,0,0,0,2.09214e+08
2020-06-06 13:45:00,PeE6FRyGXUgsRhN,0,0,861,1.34849e+09
2020-06-11 05:00:00,LYwnQax7tkwH5Cb,0,0,2407,1.79508e+09
2020-05-19 05:30:00,Et9kgGMDl729KT4,0,0,0,1.72181e+06
2020-05-17 22:30:00,9kRcWv60rDACzjR,0,0,6676,2.24774e+09
2020-06-14 12:00:00,81aHJ1q11NBPMrL,839.98,821.627,3439.67,1.21547e+09
2020-06-08 05:45:00,4UPUqMRk7TRMgml,0,0,7826,2.60136e+06
2020-06-05 07:15:00,Qf4GUc1pJu5T6c6,215.327,211.16,124.133,8.38575e+08
2020-06-04 07:15:00,4UPUqMRk7TRMgml,219.421,215.129,119.929,2.57053e+06
2020-06-06 06:00:00,V94E5Ben1TlhnDV,13.34,12.88,0.666667,1.41224e+09
2020-05-29 22:15:00,q49J1IKaHRwDQnt,0,0,7407,430129
2020-05-15 14:45:00,Quc1TzYxW2pYoWX,782.52,766.02,2975.53,3.29512e+08
2020-06-01 02:30:00,Et9kgGMDl729KT4,0,0,0,1.79487e+06
2020-06-10 22:15:00,LYwnQax7tkwH5Cb,0,0,2407,1.79508e+09
2020-05-26 18:15:00,81aHJ1q11NBPMrL,0,0,0,0
2020-05-26 11:15:00,oZZkBaNadn6DNKz,1257.44,1225.99,3539.4,1.70816e+09
2020-05-25 03:45:00,PeE6FRyGXUgsRhN,0,0,0,1.34841e+09
2020-05-31 05:30:00,Mx2yZCDsyf6DPfv,0,0,0,2.57894e+06
2020-06-16 15:00:00,q49J1IKaHRwDQnt,522.967,512.76,4446.73,515772
2020-06-06 02:45:00,vOuJvMaM2sgwLmb,0,0,3421,2.35653e+06
2020-06-16 03:45:00,mqwcsP2rE7J0TFp,0,0,0,5.93805e+08
2020-06-08 16:00:00,4UPUqMRk7TRMgml,642.973,629.86,8398.33,2.60978e+06
2020-06-04 08:00:00,oZ35aAeoifZaQzV,403.42,396.32,344.067,1.66012e+09
2020-06-03 05:45:00,LlT2YUhhzqhg5Sw,0,0,0,2.8272e+08
2020-05-28 01:00:00,xoJJ8DcxJEcupym,0,0,0,2.09214e+08
2020-06-14 12:45:00,WcxssY2VbP4hApt,1150.61,1123.09,4303.64,1.81892e+08
2020-06-17 06:00:00,rrq4fwE8jgrTyWY,1.3,1.26,0,1.21127e+08
2020-06-06 18:15:00,WcxssY2VbP4hApt,57.16,55.3333,8369.47,1.8186e+08
2020-06-04 12:15:00,PeE6FRyGXUgsRhN,886.65,866.507,3004.21,1.34847e+09
2020-05-17 02:30:00,xMbIugepa2P7lBB,0,0,7722,1.06674e+08
2020-06-12 11:45:00,IQ2d7wF4YD8zU1Q,650.221,636.486,1798.71,2.01553e+07
2020-05-17 15:00:00,Qf4GUc1pJu5T6c6,425.68,418.013,6139,8.38442e+08
2020-05-31 15:15:00,oZ35aAeoifZaQzV,429.86,421.273,6189.73,1.6601e+09
2020-05-31 08:30:00,IQ2d7wF4YD8zU1Q,480.653,471.58,461.4,2.00718e+07
2020-05-16 07:30:00,Mx2yZCDsyf6DPfv,406.38,399.26,221.067,2.46167e+06
2020-06-15 22:00:00,PeE6FRyGXUgsRhN,0,0,2801,1.34854e+09
2020-05-25 08:45:00,81aHJ1q11NBPMrL,697.007,682.64,883.867,1.21534e+09
2020-06-05 23:00:00,LlT2YUhhzqhg5Sw,0,0,3053,2.8273e+08
2020-06-08 11:00:00,xoJJ8DcxJEcupym,1113.94,1087.27,2982.8,2.0928e+08
2020-06-10 00:30:00,xMbIugepa2P7lBB,0,0,7997,1.06856e+08
2020-06-16 10:45:00,Qf4GUc1pJu5T6c6,787.007,770.379,1921.5,8.38639e+08
2020-05-27 11:00:00,WcxssY2VbP4hApt,0,0,0,0
2020-05-31 09:00:00,Mx2yZCDsyf6DPfv,415.413,408.1,671.667,2.57962e+06
2020-06-09 11:30:00,LYwnQax7tkwH5Cb,0,0,1696,1.79508e+09
2020-06-13 09:30:00,LYwnQax7tkwH5Cb,574.257,562.857,986.929,1.79509e+09
2020-06-08 04:00:00,LYwnQax7tkwH5Cb,0,0,2070,1.79507e+09
2020-06-04 09:45:00,LYwnQax7tkwH5Cb,745.773,729.387,1318.27,1.79506e+09
2020-06-11 05:00:00,NgDl19wMapZy17u,0,0,2618,1.11711e+08
2020-06-13 11:15:00,xMbIugepa2P7lBB,0,0,1490,1.06871e+08
2020-06-17 02:30:00,mqwcsP2rE7J0TFp,0,0,0,5.93811e+08
2020-05-28 03:15:00,Mx2yZCDsyf6DPfv,0,0,0,2.55878e+06
2020-05-16 18:15:00,vOuJvMaM2sgwLmb,0,0,4898,2.22643e+06
2020-06-08 05:30:00,4UPUqMRk7TRMgml,0,0,7826,2.60136e+06
2020-06-05 08:00:00,9kRcWv60rDACzjR,289.567,284.22,298.667,2.24786e+09
2020-06-14 02:30:00,Qf4GUc1pJu5T6c6,0,0,3544,8.38633e+08
2020-05-22 07:15:00,vOuJvMaM2sgwLmb,287.647,282.44,168,2.26238e+06
2020-06-02 14:30:00,oZZkBaNadn6DNKz,965.207,942.753,4569.93,1.70821e+09
2020-05-19 23:00:00,rrq4fwE8jgrTyWY,0,0,3792,1.2099e+08
2020-06-12 21:45:00,IQ2d7wF4YD8zU1Q,0,0,4802,2.01583e+07
2020-06-05 22:30:00,IQ2d7wF4YD8zU1Q,0,0,7779,2.01104e+07
2020-05-17 07:30:00,PeE6FRyGXUgsRhN,186.407,182.54,87.6667,1.34836e+09
2020-06-06 14:45:00,Mx2yZCDsyf6DPfv,558.787,544.807,3993.87,1.92386e+06
2020-05-19 02:15:00,PeE6FRyGXUgsRhN,0,0,0,1.34838e+09
2020-06-04 07:00:00,Mx2yZCDsyf6DPfv,174.367,170.76,70.2667,2.60216e+06
2020-06-05 09:30:00,81aHJ1q11NBPMrL,960.153,938.473,1352.2,1.21541e+09
2020-06-01 10:00:00,xMbIugepa2P7lBB,843.936,825.107,1622.29,1.06793e+08
2020-05-23 00:45:00,Et9kgGMDl729KT4,0,0,0,1.62318e+06
2020-06-02 19:00:00,81aHJ1q11NBPMrL,0,0,3880,1.2154e+09
2020-05-24 18:45:00,81aHJ1q11NBPMrL,0,0,6500,8.68098e+08
2020-06-02 23:45:00,IQ2d7wF4YD8zU1Q,0,0,7297,2.00896e+07
2020-05-27 02:15:00,WcxssY2VbP4hApt,0,0,0,1.81794e+08
2020-06-04 02:00:00,mqwcsP2rE7J0TFp,0,0,0,5.93729e+08
2020-06-06 10:30:00,81aHJ1q11NBPMrL,1220.45,1190.13,2475.87,1.21542e+09
2020-06-03 12:30:00,Et9kgGMDl729KT4,0,0,1588,1.80597e+06
2020-06-16 18:00:00,WcxssY2VbP4hApt,40.9,39.5667,5574.07,1.81908e+08
2020-06-14 02:15:00,NgDl19wMapZy17u,0,0,3972,1.11724e+08
2020-05-18 04:00:00,PeE6FRyGXUgsRhN,0,0,0,1.34837e+09
2020-05-31 20:45:00,xMbIugepa2P7lBB,0,0,6524,1.06791e+08
2020-06-05 00:30:00,mqwcsP2rE7J0TFp,0,0,0,5.93735e+08
2020-05-18 17:45:00,mqwcsP2rE7J0TFp,84.8667,82.3733,7658.87,5.93612e+08
2020-05-18 22:30:00,q49J1IKaHRwDQnt,0,0,4161,362440
2020-06-12 18:45:00,9kRcWv60rDACzjR,2.07333,2.00667,4693,2.24789e+09
2020-05-19 23:30:00,LYwnQax7tkwH5Cb,0,0,2451,1.79498e+09
2020-05-21 06:15:00,rrq4fwE8jgrTyWY,42.9429,41.5357,7.21429,1.20997e+08
2020-05-29 09:00:00,rrq4fwE8jgrTyWY,886.12,866.96,897,1.21041e+08
2020-05-25 01:30:00,Quc1TzYxW2pYoWX,0,0,4816,3.29548e+08
2020-05-18 23:45:00,81aHJ1q11NBPMrL,0,0,2489.29,1.2153e+09
2020-05-25 13:45:00,LlT2YUhhzqhg5Sw,1126.9,1101.03,6244.87,2.82661e+08
2020-06-06 15:00:00,WcxssY2VbP4hApt,547.16,534.807,3663.87,1.45487e+08
2020-06-12 07:15:00,81aHJ1q11NBPMrL,171.5,167.847,92.6667,1.21545e+09
2020-06-11 08:00:00,IQ2d7wF4YD8zU1Q,104.84,101.887,153,2.01497e+07
2020-06-09 11:30:00,xMbIugepa2P7lBB,1107.43,1081.05,3552.27,1.06851e+08
2020-06-08 13:45:00,LlT2YUhhzqhg5Sw,0,0,1427,2.82744e+08
2020-06-07 01:45:00,WcxssY2VbP4hApt,0,0,8383,1.8186e+08
2020-06-07 05:45:00,Et9kgGMDl729KT4,0,0,0,1.81623e+06
2020-05-30 00:45:00,4UPUqMRk7TRMgml,0,0,8126,2.53768e+06
2020-05-16 11:45:00,V94E5Ben1TlhnDV,1280.37,1248.35,3969.29,1.4121e+09
2020-05-19 15:45:00,rrq4fwE8jgrTyWY,77.95,75.7929,3769.86,1.2099e+08
2020-06-14 00:15:00,xoJJ8DcxJEcupym,0,0,6632,2.09312e+08
2020-06-12 16:00:00,81aHJ1q11NBPMrL,443.221,435.021,4287.93,1.21545e+09
2020-05-16 18:15:00,Quc1TzYxW2pYoWX,0,0,6365,3.2952e+08
2020-05-15 13:15:00,mqwcsP2rE7J0TFp,1220.99,1190.47,6207.4,5.93586e+08
2020-06-17 13:15:00,q49J1IKaHRwDQnt,671.56,657.773,2579.27,519180
2020-05-30 18:45:00,xMbIugepa2P7lBB,0,0,8093,1.06784e+08
2020-05-19 21:15:00,oZ35aAeoifZaQzV,0,0,6863,1.66e+09
2020-06-08 04:45:00,NgDl19wMapZy17u,0,0,7778,1.11691e+08
2020-06-05 11:00:00,NgDl19wMapZy17u,1205.88,1176.34,2989.71,1.1167e+08
2020-06-11 14:30:00,V94E5Ben1TlhnDV,349.273,343.247,3094.73,1.41227e+09
2020-05-23 19:45:00,Qf4GUc1pJu5T6c6,0,0,9594,8.38491e+08
2020-06-02 18:45:00,81aHJ1q11NBPMrL,1.13571,1.09286,3880,1.2154e+09
2020-06-06 00:45:00,xoJJ8DcxJEcupym,0,0,7368,2.09267e+08
2020-05-19 08:15:00,WcxssY2VbP4hApt,495.813,486.333,581.733,1.81728e+08
2020-06-13 10:15:00,xMbIugepa2P7lBB,592.973,580.573,1299.13,1.06871e+08
2020-06-17 21:00:00,vOuJvMaM2sgwLmb,0,0,4322,2.42769e+06
2020-06-12 00:30:00,Qf4GUc1pJu5T6c6,0,0,3887,8.38625e+08
2020-05-15 14:30:00,mqwcsP2rE7J0TFp,986.227,964.22,7648.47,5.93588e+08
2020-06-09 15:45:00,Et9kgGMDl729KT4,665.54,651.84,3119.8,1.82509e+06
2020-05-22 06:30:00,9kRcWv60rDACzjR,104.74,101.8,28.2667,2.24777e+09
2020-05-31 09:15:00,NgDl19wMapZy17u,584.427,572.827,759.533,1.11639e+08
2020-05-25 01:00:00,vOuJvMaM2sgwLmb,0,0,0,2.27821e+06
2020-05-29 22:45:00,IQ2d7wF4YD8zU1Q,0,0,8245,2.00631e+07
2020-05-30 06:15:00,WcxssY2VbP4hApt,14.9867,14.4733,2.8,1.33331e+08
2020-06-06 02:15:00,Quc1TzYxW2pYoWX,0,0,3779,3.29606e+08
2020-06-05 00:15:00,PeE6FRyGXUgsRhN,0,0,6168,1.34848e+09
2020-05-15 05:00:00,q49J1IKaHRwDQnt,0,0,4315,339923
2020-05-31 19:00:00,9kRcWv60rDACzjR,0,0,6433,2.24784e+09
2020-06-01 13:15:00,vOuJvMaM2sgwLmb,112.173,109.647,3938.13,2.33715e+06
2020-05-19 07:00:00,Quc1TzYxW2pYoWX,116.833,113.62,63.3333,3.29526e+08
2020-05-29 09:45:00,4UPUqMRk7TRMgml,442.78,432.7,1648,2.5312e+06
2020-06-16 09:45:00,mqwcsP2rE7J0TFp,633.86,620.987,1210.33,5.93806e+08
2020-06-09 14:30:00,Quc1TzYxW2pYoWX,564.167,552.893,2370.27,3.29617e+08
2020-05-23 07:15:00,rrq4fwE8jgrTyWY,272.847,267.7,150.2,1.21011e+08
2020-06-06 13:45:00,LlT2YUhhzqhg5Sw,0,0,3443,2.82734e+08
2020-06-08 04:30:00,q49J1IKaHRwDQnt,0,0,2786,471251
2020-05-16 14:00:00,WcxssY2VbP4hApt,877.16,857.927,6362.87,1.81711e+08
2020-05-27 17:45:00,xoJJ8DcxJEcupym,140.173,136.713,3262.87,2.09214e+08
2020-06-14 13:00:00,81aHJ1q11NBPMrL,1325.59,1292.79,4573.8,1.21547e+09
2020-06-08 14:00:00,4UPUqMRk7TRMgml,1155.5,1127.21,6358.53,2.60774e+06
2020-06-01 16:30:00,mqwcsP2rE7J0TFp,141.12,137.893,4150.2,5.93717e+08
2020-06-09 06:00:00,q49J1IKaHRwDQnt,13.92,13.4267,1.2,474038
2020-06-16 07:45:00,NgDl19wMapZy17u,296.867,291.46,200.867,1.11736e+08
2020-05-22 00:30:00,Et9kgGMDl729KT4,0,0,0,1.73554e+06
2020-06-09 07:30:00,vOuJvMaM2sgwLmb,499.829,489.964,280.857,2.37596e+06
2020-05-17 19:30:00,PeE6FRyGXUgsRhN,0,0,6960,1.34837e+09
2020-06-17 19:00:00,vOuJvMaM2sgwLmb,0,0,4322,2.42769e+06
2020-06-09 21:00:00,Et9kgGMDl729KT4,0,0,3898,1.82587e+06
2020-06-15 00:45:00,mqwcsP2rE7J0TFp,0,0,0,5.93799e+08
2020-06-01 13:30:00,LYwnQax7tkwH5Cb,43.95,42.45,3670,1.79505e+09
2020-06-09 21:15:00,xoJJ8DcxJEcupym,0,0,6993,2.09293e+08
2020-06-07 17:15:00,q49J1IKaHRwDQnt,280.653,275.567,2610.53,471076
2020-05-25 21:00:00,WcxssY2VbP4hApt,0,0,9124,1.81784e+08
2020-05-27 22:30:00,xoJJ8DcxJEcupym,0,0,3323,2.09214e+08
2020-06-17 15:00:00,Quc1TzYxW2pYoWX,479.6,470.253,3044.07,3.29645e+08
2020-05-15 15:00:00,Qf4GUc1pJu5T6c6,959.507,938.393,5043.6,8.38426e+08
2020-05-31 20:30:00,oZZkBaNadn6DNKz,0,0,6617,1.7082e+09
2020-06-16 06:30:00,Quc1TzYxW2pYoWX,62.5067,60.52,17.1333,3.29638e+08
2020-06-12 20:45:00,xMbIugepa2P7lBB,0,0,4716,1.0687e+08
2020-05-22 16:45:00,oZ35aAeoifZaQzV,466.807,458,9543.2,1.66003e+09
2020-06-03 20:00:00,q49J1IKaHRwDQnt,0,0,4387,456261
2020-06-07 06:15:00,Quc1TzYxW2pYoWX,34.4267,33.2667,6.46667,3.29609e+08
2020-06-13 19:15:00,xMbIugepa2P7lBB,0,0,2950,1.06873e+08
2020-06-08 13:15:00,vOuJvMaM2sgwLmb,790.843,772.586,5391,2.37208e+06
2020-06-01 03:15:00,Qf4GUc1pJu5T6c6,0,0,0,8.3855e+08
2020-05-28 23:00:00,LlT2YUhhzqhg5Sw,0,0,8881,2.82691e+08
2020-05-26 09:30:00,LYwnQax7tkwH5Cb,932.157,911.771,1520.57,1.79501e+09
2020-06-17 23:15:00,Et9kgGMDl729KT4,0,0,4020,1.85416e+06
2020-05-15 21:30:00,PeE6FRyGXUgsRhN,0,0,9119,1.34836e+09
2020-05-22 12:45:00,oZ35aAeoifZaQzV,1326.37,1293.19,5655.8,1.66002e+09
2020-06-07 08:30:00,vOuJvMaM2sgwLmb,478.164,468.893,498.143,2.36528e+06
2020-06-08 10:00:00,mqwcsP2rE7J0TFp,1155.66,1127.63,1869.47,5.9376e+08
2020-06-12 08:30:00,81aHJ1q11NBPMrL,303.173,297.647,388.867,1.21545e+09
2020-06-07 05:15:00,LYwnQax7tkwH5Cb,0,0,3489,1.79507e+09
2020-06-10 18:30:00,oZ35aAeoifZaQzV,0,0,5585,1.66016e+09
2020-06-15 15:45:00,81aHJ1q11NBPMrL,184.907,181.021,5716.86,1.21548e+09
2020-06-03 13:15:00,Et9kgGMDl729KT4,534,523.327,1698.47,1.80608e+06
2020-06-16 02:00:00,oZZkBaNadn6DNKz,0,0,0,1.70828e+09
2020-06-13 05:30:00,Et9kgGMDl729KT4,0,0,249.533,1.83536e+06
2020-05-20 14:45:00,rrq4fwE8jgrTyWY,963.827,942.587,5172.87,1.20995e+08
2020-06-17 09:00:00,LYwnQax7tkwH5Cb,179.34,175.787,337.667,1.79511e+09
2020-06-06 15:15:00,81aHJ1q11NBPMrL,744.171,728.357,6895.64,1.21542e+09
2020-06-16 05:30:00,vOuJvMaM2sgwLmb,0,0,418.267,2.41784e+06
2020-06-08 23:15:00,Et9kgGMDl729KT4,0,0,3189,1.82197e+06
2020-05-19 18:15:00,vOuJvMaM2sgwLmb,2.95333,2.84667,6721,2.24376e+06
2020-06-04 04:15:00,NgDl19wMapZy17u,0,0,0,1.11661e+08
2020-05-17 23:00:00,xoJJ8DcxJEcupym,0,0,6189,2.09156e+08
2020-05-29 19:30:00,xoJJ8DcxJEcupym,0,0,5437,2.09228e+08
2020-05-19 20:15:00,xMbIugepa2P7lBB,0,0,6752,1.06695e+08
2020-06-06 02:00:00,PeE6FRyGXUgsRhN,0,0,7333,1.34849e+09
2020-06-10 10:00:00,LlT2YUhhzqhg5Sw,876.993,857.607,1549.93,2.82751e+08
2020-06-11 16:30:00,oZZkBaNadn6DNKz,172.58,168.98,3752.27,1.70826e+09
2020-05-31 13:45:00,oZZkBaNadn6DNKz,1228.11,1197.41,5004.67,1.7082e+09
2020-05-26 11:15:00,WcxssY2VbP4hApt,1185.49,1155.85,3330.93,1.69669e+08
2020-05-21 05:15:00,WcxssY2VbP4hApt,0,0,0,1.81744e+08
2020-06-03 18:30:00,mqwcsP2rE7J0TFp,13.3,12.8429,5342.79,5.93729e+08
2020-05-25 19:00:00,81aHJ1q11NBPMrL,0,0,8860,1.21535e+09
2020-05-18 11:15:00,xMbIugepa2P7lBB,1072.79,1048.56,2305.13,1.06683e+08
2020-06-15 04:45:00,9kRcWv60rDACzjR,0,0,0,2.2479e+09
2020-05-24 05:30:00,vOuJvMaM2sgwLmb,0,0,0,2.27493e+06
2020-06-05 05:30:00,Quc1TzYxW2pYoWX,0,0,350.733,3.29602e+08
2020-06-05 18:45:00,NgDl19wMapZy17u,0,0,7629,1.11675e+08
2020-06-07 21:30:00,LYwnQax7tkwH5Cb,0,0,2070,1.79507e+09
2020-05-19 02:15:00,oZ35aAeoifZaQzV,0,0,0,1.65999e+09
2020-05-30 14:00:00,Qf4GUc1pJu5T6c6,1156.8,1129.11,5459.4,8.38541e+08
2020-06-17 17:30:00,IQ2d7wF4YD8zU1Q,139.04,135.68,4178.9,2.0185e+07
2020-05-28 13:45:00,oZZkBaNadn6DNKz,652.44,636.313,3333.47,1.36654e+09
2020-06-16 13:15:00,Quc1TzYxW2pYoWX,774.973,758.647,2999.67,3.29641e+08
2020-06-14 14:00:00,9kRcWv60rDACzjR,1060.75,1035.14,5624,2.2479e+09
2020-06-01 04:15:00,Et9kgGMDl729KT4,0,0,0,1.79487e+06
2020-06-13 04:15:00,xoJJ8DcxJEcupym,0,0,4788,2.09306e+08
2020-05-15 07:00:00,mqwcsP2rE7J0TFp,314.08,308.6,100.933,5.9358e+08
2020-05-19 03:45:00,V94E5Ben1TlhnDV,0,0,0,1.41211e+09
2020-05-17 14:15:00,Qf4GUc1pJu5T6c6,1086.6,1061.64,5563.71,8.38441e+08
2020-05-17 15:00:00,rrq4fwE8jgrTyWY,420.327,412.72,3924.13,1.20981e+08
2020-06-16 04:45:00,LYwnQax7tkwH5Cb,0,0,5604,1.79511e+09
2020-05-30 03:30:00,V94E5Ben1TlhnDV,0,0,0,1.4122e+09
2020-06-04 21:00:00,V94E5Ben1TlhnDV,0,0,3703,1.41223e+09
2020-06-12 13:45:00,rrq4fwE8jgrTyWY,517.871,507.657,2765.93,1.21103e+08
2020-05-19 04:00:00,NgDl19wMapZy17u,0,0,0,1.11545e+08
2020-05-15 10:00:00,rrq4fwE8jgrTyWY,995.287,972.813,2178.53,1.20966e+08
2020-06-08 13:45:00,Quc1TzYxW2pYoWX,0,0,939,3.29613e+08
2020-05-19 06:45:00,9kRcWv60rDACzjR,121.127,117.807,48,2.24775e+09
2020-06-03 20:45:00,NgDl19wMapZy17u,0,0,5288,1.11661e+08
2020-05-24 21:30:00,Qf4GUc1pJu5T6c6,0,0,4489,8.38495e+08
2020-05-25 08:15:00,Qf4GUc1pJu5T6c6,566.98,555.727,587.6,8.38496e+08
2020-06-05 09:00:00,LlT2YUhhzqhg5Sw,776.673,760.16,914.467,2.82728e+08
2020-06-14 07:00:00,xoJJ8DcxJEcupym,226.88,222.48,6735,2.09312e+08
2020-06-11 03:30:00,81aHJ1q11NBPMrL,0,0,0,1.21545e+09
2020-06-13 13:45:00,Quc1TzYxW2pYoWX,380.247,373.38,3514.93,3.29631e+08
2020-06-03 17:15:00,LYwnQax7tkwH5Cb,166.84,163.4,4019.67,1.79506e+09
2020-05-17 10:30:00,IQ2d7wF4YD8zU1Q,932.24,911.82,2232,1.99614e+07
2020-06-17 12:45:00,LYwnQax7tkwH5Cb,715.573,700.733,2109.2,1.79511e+09
2020-05-20 17:15:00,WcxssY2VbP4hApt,283.243,277.814,9299.5,1.81744e+08
2020-06-14 15:30:00,Mx2yZCDsyf6DPfv,652.673,638.833,2371,2.66981e+06
2020-06-11 17:45:00,Mx2yZCDsyf6DPfv,83.65,81.2214,3905.5,2.65962e+06
2020-05-29 08:30:00,oZZkBaNadn6DNKz,695.767,681.4,524.067,1.70818e+09
2020-05-28 23:30:00,Et9kgGMDl729KT4,0,0,7975,1.779e+06
2020-06-06 02:30:00,Qf4GUc1pJu5T6c6,0,0,7599,8.38582e+08
2020-05-23 09:00:00,9kRcWv60rDACzjR,852.62,834.347,1151.53,2.24777e+09
2020-05-17 05:15:00,mqwcsP2rE7J0TFp,0,0,0,5.93597e+08
2020-05-24 16:00:00,oZ35aAeoifZaQzV,670.957,657.179,4362.79,1.66004e+09
2020-05-19 08:15:00,Quc1TzYxW2pYoWX,372.927,365.967,443.467,3.29526e+08
2020-05-29 13:45:00,9kRcWv60rDACzjR,816.713,799.333,4391.47,2.24782e+09
2020-05-28 08:00:00,V94E5Ben1TlhnDV,541.347,530.613,426.533,1.41218e+09
2020-05-18 10:15:00,PeE6FRyGXUgsRhN,0,0,961,1.34837e+09
2020-05-16 06:45:00,Mx2yZCDsyf6DPfv,131.333,127.873,51.8667,2.4615e+06
2020-05-16 09:00:00,Quc1TzYxW2pYoWX,681.913,667.907,894.2,3.29514e+08
2020-05-20 04:45:00,vOuJvMaM2sgwLmb,0,0,0,2.24376e+06
2020-06-08 11:45:00,Quc1TzYxW2pYoWX,0,0,939,3.29613e+08
2020-06-03 23:15:00,LYwnQax7tkwH5Cb,0,0,4135,1.79506e+09
2020-05-19 07:30:00,mqwcsP2rE7J0TFp,480.88,471.58,241.467,5.93612e+08
2020-06-01 06:00:00,V94E5Ben1TlhnDV,6.79333,6.55333,0.733333,1.41221e+09
2020-05-23 02:00:00,Qf4GUc1pJu5T6c6,0,0,0,8.38481e+08
2020-05-25 19:30:00,Qf4GUc1pJu5T6c6,0,0,9156,8.38504e+08
2020-05-22 11:15:00,LlT2YUhhzqhg5Sw,0,0,2683,2.8264e+08
2020-06-09 22:15:00,PeE6FRyGXUgsRhN,0,0,6456,1.34851e+09
2020-05-22 09:00:00,WcxssY2VbP4hApt,472.707,462.487,1188.8,1.81755e+08
2020-05-30 18:30:00,vOuJvMaM2sgwLmb,15.56,15.02,6588.47,2.32669e+06
2020-05-28 22:15:00,q49J1IKaHRwDQnt,0,0,7799,422722
2020-05-31 06:30:00,Qf4GUc1pJu5T6c6,103.54,100.627,30.0667,8.38544e+08
2020-06-10 13:30:00,IQ2d7wF4YD8zU1Q,810.18,792.58,4390.13,2.01483e+07
2020-05-26 07:45:00,xoJJ8DcxJEcupym,430.413,422.647,321.867,2.09205e+08
2020-05-15 05:15:00,V94E5Ben1TlhnDV,0,0,0,1.41208e+09
2020-06-14 10:00:00,mqwcsP2rE7J0TFp,686.65,672,1498.71,5.93794e+08
2020-06-02 06:30:00,IQ2d7wF4YD8zU1Q,114.067,110.98,34.6667,2.00823e+07
2020-05-19 21:45:00,LlT2YUhhzqhg5Sw,0,0,6554,2.82628e+08
2020-06-05 23:30:00,Et9kgGMDl729KT4,0,0,2769,1.81393e+06
2020-06-16 03:15:00,vOuJvMaM2sgwLmb,0,0,6274,2.41784e+06
2020-05-21 16:15:00,Mx2yZCDsyf6DPfv,554.98,543.947,8474.6,2.50599e+06
2020-06-08 17:45:00,NgDl19wMapZy17u,220.173,215.867,9071,1.117e+08
2020-05-28 22:15:00,Et9kgGMDl729KT4,0,0,7975,1.779e+06
2020-06-11 06:00:00,PeE6FRyGXUgsRhN,0.593333,0.573333,0,1.34851e+09
2020-06-04 11:00:00,xoJJ8DcxJEcupym,942.957,921.507,1608.93,2.09255e+08
2020-05-18 18:45:00,rrq4fwE8jgrTyWY,0,0,4215,1.20986e+08
2020-06-05 22:45:00,Qf4GUc1pJu5T6c6,0,0,7599,8.38582e+08
2020-06-17 11:30:00,Et9kgGMDl729KT4,601.333,589.233,1344.53,1.85149e+06
2020-06-11 16:30:00,oZ35aAeoifZaQzV,179.986,176.357,3788.86,1.66016e+09
2020-05-23 01:45:00,81aHJ1q11NBPMrL,0,0,0,1.21532e+09
2020-06-07 22:30:00,4UPUqMRk7TRMgml,0,0,7826,2.60136e+06
2020-06-07 11:15:00,xMbIugepa2P7lBB,1040.51,1015.49,2837.73,1.06834e+08
2020-05-29 03:15:00,LYwnQax7tkwH5Cb,0,0,0,1.79502e+09
2020-06-12 08:45:00,LYwnQax7tkwH5Cb,178.24,174.4,417,1.79508e+09
2020-06-10 17:30:00,IQ2d7wF4YD8zU1Q,18.39,17.75,5618.4,2.01496e+07
2020-05-19 07:15:00,xMbIugepa2P7lBB,330.753,324.833,134.8,1.06689e+08
2020-05-17 04:30:00,q49J1IKaHRwDQnt,0,0,3533,352552
2020-06-11 20:15:00,vOuJvMaM2sgwLmb,0,0,3914,2.39294e+06
2020-06-06 09:00:00,PeE6FRyGXUgsRhN,125.079,122.379,858,1.34849e+09
2020-06-01 22:45:00,V94E5Ben1TlhnDV,0,0,4306,1.41222e+09
2020-05-31 23:45:00,Quc1TzYxW2pYoWX,0,0,5399,3.29584e+08
2020-05-27 16:00:00,81aHJ1q11NBPMrL,642.287,629.2,8435.2,1.21536e+09
2020-06-05 13:00:00,V94E5Ben1TlhnDV,961.68,939.22,4972.4,1.41224e+09
2020-05-15 14:00:00,xoJJ8DcxJEcupym,0,0,1735,2.09145e+08
2020-06-16 20:45:00,NgDl19wMapZy17u,0,0,5537,1.11742e+08
2020-06-17 16:45:00,V94E5Ben1TlhnDV,178.7,174.74,4176.47,1.41229e+09
2020-05-26 00:15:00,oZZkBaNadn6DNKz,0,0,0,1.70816e+09
2020-06-17 13:00:00,NgDl19wMapZy17u,747.18,731.553,2446.8,1.11744e+08
2020-06-08 16:00:00,V94E5Ben1TlhnDV,728.553,713.347,8331.73,1.41225e+09
2020-05-27 19:15:00,LlT2YUhhzqhg5Sw,0,0,9086,2.82682e+08
2020-05-23 04:15:00,Mx2yZCDsyf6DPfv,0,0,0,2.51638e+06
2020-06-02 03:15:00,Mx2yZCDsyf6DPfv,0,0,0,2.58992e+06
2020-05-24 02:00:00,WcxssY2VbP4hApt,0,0,0,1.81766e+08
2020-06-10 14:00:00,Et9kgGMDl729KT4,156.187,153.473,857.4,974655
2020-06-06 14:00:00,LlT2YUhhzqhg5Sw,0,0,3443,2.82734e+08
2020-05-20 14:45:00,V94E5Ben1TlhnDV,1018.85,996.12,7512.93,1.41212e+09
2020-06-09 13:15:00,mqwcsP2rE7J0TFp,890.08,870.067,5281.27,5.93773e+08
2020-06-04 23:00:00,PeE6FRyGXUgsRhN,0,0,6168,1.34848e+09
2020-05-28 15:00:00,81aHJ1q11NBPMrL,953.886,932.921,7436.86,1.21537e+09
2020-06-02 15:45:00,rrq4fwE8jgrTyWY,558.06,546.547,3199.53,1.21068e+08
2020-06-02 11:45:00,4UPUqMRk7TRMgml,999.393,975.92,3030.2,2.55993e+06
2020-05-17 05:00:00,oZ35aAeoifZaQzV,0,0,0,1.65998e+09
2020-05-19 15:00:00,Mx2yZCDsyf6DPfv,566.873,555.553,6495.8,2.48786e+06
2020-06-04 17:45:00,PeE6FRyGXUgsRhN,117.72,114.453,6118,1.34848e+09
2020-06-06 22:15:00,NgDl19wMapZy17u,0,0,8134,1.11683e+08
2020-06-17 22:15:00,mqwcsP2rE7J0TFp,0,0,4238,5.93815e+08
2020-05-17 23:30:00,81aHJ1q11NBPMrL,0,0,5758,1.21529e+09
2020-06-14 05:45:00,4UPUqMRk7TRMgml,0,0,6289,2.63915e+06
2020-06-10 21:00:00,9kRcWv60rDACzjR,0,0,3698,2.24788e+09
2020-06-04 02:00:00,oZ35aAeoifZaQzV,0,0,0,1.66011e+09
2020-05-24 06:15:00,Quc1TzYxW2pYoWX,37.4533,36.2067,6.53333,3.29543e+08
2020-06-06 03:15:00,4UPUqMRk7TRMgml,0,0,7756,2.58516e+06
2020-05-24 13:00:00,9kRcWv60rDACzjR,1214.06,1183.71,5508.93,2.24778e+09
2020-06-01 11:15:00,q49J1IKaHRwDQnt,663.873,650.02,2453,446753
2020-05-29 16:15:00,LlT2YUhhzqhg5Sw,637.164,624.218,6612,2.82697e+08
2020-06-12 14:45:00,IQ2d7wF4YD8zU1Q,517.46,507.26,3561.8,2.01571e+07
2020-06-16 20:00:00,Mx2yZCDsyf6DPfv,0,0,5526,2.67891e+06
2020-06-07 22:30:00,xoJJ8DcxJEcupym,0,0,7674,2.09277e+08
2020-06-13 01:00:00,q49J1IKaHRwDQnt,0,0,4641,491396
2020-06-12 22:45:00,Mx2yZCDsyf6DPfv,0,0,4576,2.66424e+06
2020-06-17 00:45:00,V94E5Ben1TlhnDV,0,0,0,1.41229e+09
2020-06-02 07:15:00,vOuJvMaM2sgwLmb,329.48,323.887,210.867,2.33768e+06
2020-05-29 11:15:00,81aHJ1q11NBPMrL,0,0,1176,1.21537e+09
2020-05-24 01:45:00,LlT2YUhhzqhg5Sw,0,0,0,2.82646e+08
2020-06-12 13:15:00,PeE6FRyGXUgsRhN,677.713,663.46,2531.6,1.34852e+09
2020-05-26 01:30:00,WcxssY2VbP4hApt,0,0,0,1.81784e+08
2020-05-16 10:30:00,mqwcsP2rE7J0TFp,1168.77,1139.55,2624.87,5.93592e+08
2020-06-11 04:15:00,IQ2d7wF4YD8zU1Q,0,0,5627,2.01496e+07
2020-06-05 17:30:00,q49J1IKaHRwDQnt,192.507,188.429,2792.36,464763
2020-05-15 20:30:00,NgDl19wMapZy17u,0,0,9475,1.11522e+08
2020-05-16 22:00:00,9kRcWv60rDACzjR,0,0,7678,2.24774e+09
2020-06-07 19:30:00,Qf4GUc1pJu5T6c6,0,0,7718,8.38598e+08
2020-05-15 16:45:00,LlT2YUhhzqhg5Sw,438.96,431.02,9019.4,2.82602e+08
2020-06-16 07:15:00,4UPUqMRk7TRMgml,202.386,198.393,2426.07,2.64396e+06
2020-06-16 05:00:00,9kRcWv60rDACzjR,0,0,0,2.24791e+09
2020-06-09 20:30:00,V94E5Ben1TlhnDV,0,0,7802,1.41226e+09
2020-05-17 22:45:00,xoJJ8DcxJEcupym,0,0,6189,2.09156e+08
2020-05-15 16:45:00,Et9kgGMDl729KT4,414.333,407.053,3951.4,1.7082e+06
2020-05-23 15:15:00,WcxssY2VbP4hApt,887.547,868.36,8285.47,1.81765e+08
2020-05-31 02:15:00,4UPUqMRk7TRMgml,0,0,8185,2.54587e+06
2020-05-25 23:30:00,4UPUqMRk7TRMgml,0,0,9224,2.50682e+06
2020-06-08 04:15:00,9kRcWv60rDACzjR,0,0,0,2.24787e+09
2020-06-10 09:15:00,Mx2yZCDsyf6DPfv,562.493,551.253,911.2,2.65106e+06
2020-05-24 10:15:00,q49J1IKaHRwDQnt,1071.75,1047.53,2251.73,389010
2020-05-17 14:30:00,WcxssY2VbP4hApt,833.427,815.38,5843.8,1.81719e+08
2020-06-13 01:45:00,IQ2d7wF4YD8zU1Q,0,0,4802,2.01583e+07
2020-06-16 01:00:00,IQ2d7wF4YD8zU1Q,0,0,6296,2.01752e+07
2020-06-04 01:15:00,PeE6FRyGXUgsRhN,0,0,0,1.34847e+09
2020-06-08 01:30:00,oZ35aAeoifZaQzV,0,0,7860,1.66014e+09
2020-06-10 06:45:00,81aHJ1q11NBPMrL,72.2429,70.0143,27.2857,1.21544e+09
2020-06-02 12:30:00,LYwnQax7tkwH5Cb,0,0,0,0
2020-06-13 01:15:00,PeE6FRyGXUgsRhN,0,0,4685,1.34852e+09
2020-06-11 03:00:00,oZ35aAeoifZaQzV,0,0,5585,1.66016e+09
2020-05-29 01:15:00,PeE6FRyGXUgsRhN,0,0,0,1.34844e+09
2020-06-04 16:30:00,Mx2yZCDsyf6DPfv,396.82,389.693,6571,2.60866e+06
2020-05-15 10:15:00,IQ2d7wF4YD8zU1Q,1191.5,1161.72,2564.27,1.99441e+07
2020-06-12 17:30:00,Et9kgGMDl729KT4,145.807,142.527,3417.13,1.71293e+06
2020-06-11 12:30:00,WcxssY2VbP4hApt,502.373,492.747,2024.4,1.81875e+08
2020-05-19 12:45:00,NgDl19wMapZy17u,1173.84,1145.28,4164.64,1.11549e+08
2020-06-05 23:15:00,oZ35aAeoifZaQzV,0,0,7708,1.66013e+09
2020-06-15 04:00:00,rrq4fwE8jgrTyWY,0,0,7271,1.21119e+08
2020-05-19 17:30:00,WcxssY2VbP4hApt,0,0,6831,1.81735e+08
2020-06-14 08:00:00,9kRcWv60rDACzjR,420.057,412.014,466.071,2.24789e+09
2020-06-12 10:30:00,xoJJ8DcxJEcupym,249.593,244.847,1111.13,2.09302e+08
2020-05-23 13:15:00,vOuJvMaM2sgwLmb,1224.48,1193.86,6109.5,2.27151e+06
2020-05-30 23:15:00,4UPUqMRk7TRMgml,0,0,8185,2.54587e+06
2020-06-15 03:00:00,mqwcsP2rE7J0TFp,0,0,0,5.93799e+08
2020-05-30 06:45:00,Et9kgGMDl729KT4,51.0857,49.4429,16.5714,1.78332e+06
2020-06-15 05:00:00,rrq4fwE8jgrTyWY,0,0,7271,1.21119e+08
2020-06-07 12:30:00,9kRcWv60rDACzjR,0,0,1049,2.24787e+09
2020-06-05 15:45:00,Quc1TzYxW2pYoWX,341.407,335.66,3088.93,3.29605e+08
2020-05-27 19:30:00,WcxssY2VbP4hApt,0,0,3680.73,1.57558e+08
2020-06-14 05:15:00,Et9kgGMDl729KT4,0,0,5929,1.84129e+06
2020-05-27 12:30:00,vOuJvMaM2sgwLmb,0,0,0,0
2020-06-12 04:45:00,rrq4fwE8jgrTyWY,0,0,3650,1.21101e+08
2020-05-27 09:30:00,Et9kgGMDl729KT4,888.567,869.327,1415.93,1.76379e+06
2020-05-29 08:15:00,xoJJ8DcxJEcupym,493.857,484.407,371.143,2.09223e+08
2020-06-10 13:30:00,NgDl19wMapZy17u,810.073,792.653,1397.6,1.1171e+08
2020-06-02 12:30:00,oZ35aAeoifZaQzV,0,0,0,0
2020-05-28 07:45:00,xoJJ8DcxJEcupym,450.607,442.271,297,2.09214e+08
2020-06-05 21:15:00,PeE6FRyGXUgsRhN,0,0,7333,1.34849e+09
2020-06-15 02:00:00,q49J1IKaHRwDQnt,0,0,7476,505265
2020-06-11 08:45:00,LYwnQax7tkwH5Cb,359.364,353.229,297.429,1.79508e+09
2020-05-22 09:30:00,vOuJvMaM2sgwLmb,0,0,1405,2.26362e+06
2020-06-10 23:45:00,NgDl19wMapZy17u,0,0,2618,1.11711e+08
2020-06-03 00:15:00,LlT2YUhhzqhg5Sw,0,0,0,2.8272e+08
2020-06-03 22:30:00,LlT2YUhhzqhg5Sw,0,0,4281,2.82724e+08
2020-05-20 17:00:00,NgDl19wMapZy17u,312.247,306.64,9041.93,1.1156e+08
2020-05-15 02:00:00,xoJJ8DcxJEcupym,0,0,0,2.09144e+08
2020-05-24 10:15:00,vOuJvMaM2sgwLmb,0,0,1497,2.27643e+06
2020-06-04 18:15:00,PeE6FRyGXUgsRhN,45.94,44.4333,6158.8,1.34848e+09
2020-05-23 05:30:00,PeE6FRyGXUgsRhN,0,0,0,1.3484e+09
2020-05-26 21:30:00,9kRcWv60rDACzjR,0,0,9113,2.2478e+09
2020-06-07 01:30:00,Quc1TzYxW2pYoWX,0,0,3413,3.29609e+08
2020-05-16 05:30:00,4UPUqMRk7TRMgml,0,0,0,2.43321e+06
2020-05-23 18:00:00,Quc1TzYxW2pYoWX,63.08,61.0867,3984.07,3.29543e+08
2020-06-17 07:00:00,LlT2YUhhzqhg5Sw,63.0867,61.0667,40.2667,2.82785e+08
2020-06-15 12:30:00,PeE6FRyGXUgsRhN,0,0,1170,1.34854e+09
2020-05-20 13:30:00,LYwnQax7tkwH5Cb,0,0,2140,1.79498e+09
2020-06-17 10:30:00,WcxssY2VbP4hApt,464.28,455.507,984.2,1.81909e+08
2020-06-01 09:45:00,q49J1IKaHRwDQnt,805.787,788.353,1356.33,445656
2020-05-17 18:30:00,Quc1TzYxW2pYoWX,5.57333,5.36667,3547.67,3.29523e+08
2020-05-15 17:45:00,NgDl19wMapZy17u,39.3467,38.0333,9461.93,1.11522e+08
2020-06-12 22:45:00,Quc1TzYxW2pYoWX,0,0,3668,3.29628e+08
2020-05-31 21:00:00,oZZkBaNadn6DNKz,0,0,6617,1.7082e+09
2020-05-16 01:00:00,9kRcWv60rDACzjR,0,0,0,2.24773e+09
2020-06-01 05:45:00,4UPUqMRk7TRMgml,0,0,0,2.55256e+06
2020-06-15 15:45:00,rrq4fwE8jgrTyWY,167.713,164.093,3155.93,1.21122e+08
2020-06-15 07:45:00,rrq4fwE8jgrTyWY,405.193,397.553,255.667,1.21119e+08
2020-06-09 05:45:00,xoJJ8DcxJEcupym,0,0,9070,2.09286e+08
2020-05-30 02:15:00,vOuJvMaM2sgwLmb,0,0,0,2.3201e+06
2020-06-14 17:30:00,V94E5Ben1TlhnDV,164.867,161.34,3200.6,1.41228e+09
2020-05-20 04:45:00,q49J1IKaHRwDQnt,0,0,2825,365265
2020-06-12 23:00:00,4UPUqMRk7TRMgml,0,0,4548,2.63279e+06
2020-05-27 04:00:00,Quc1TzYxW2pYoWX,0,0,7269,3.29559e+08
2020-05-17 09:00:00,IQ2d7wF4YD8zU1Q,758.747,742.773,906.133,1.996e+07
2020-06-05 08:45:00,Qf4GUc1pJu5T6c6,766.34,750.073,763.733,8.38575e+08
2020-05-18 10:00:00,oZ35aAeoifZaQzV,941.04,920.42,1289.2,1.65999e+09
2020-06-04 23:00:00,vOuJvMaM2sgwLmb,0,0,6885,2.35311e+06
2020-05-28 22:15:00,81aHJ1q11NBPMrL,0,0,8947,1.21537e+09
2020-06-16 19:00:00,Et9kgGMDl729KT4,0,0,4605,1.85014e+06
2020-05-27 02:45:00,LlT2YUhhzqhg5Sw,0,0,0,2.82673e+08
2020-05-23 14:00:00,LlT2YUhhzqhg5Sw,0,0,1617,2.82644e+08
2020-05-22 12:00:00,vOuJvMaM2sgwLmb,0,0,1405,2.26362e+06
2020-06-09 05:00:00,xoJJ8DcxJEcupym,0,0,9070,2.09286e+08
2020-05-20 15:15:00,xoJJ8DcxJEcupym,878.707,859.727,1376,2.09168e+08
2020-06-09 03:00:00,xMbIugepa2P7lBB,0,0,9052,1.06848e+08
2020-05-29 15:30:00,LYwnQax7tkwH5Cb,782.7,766.187,6692.4,1.79503e+09
2020-06-08 06:00:00,9kRcWv60rDACzjR,20.04,19.3667,2.13333,2.24787e+09
2020-05-16 02:45:00,q49J1IKaHRwDQnt,0,0,9096,349019
2020-06-10 05:45:00,Mx2yZCDsyf6DPfv,0,0,0,2.65015e+06
2020-06-16 21:00:00,mqwcsP2rE7J0TFp,0,0,5606,5.93811e+08
2020-05-20 10:15:00,vOuJvMaM2sgwLmb,1184.2,1154.75,2211.47,2.24597e+06
2020-05-25 20:30:00,81aHJ1q11NBPMrL,0,0,8860,1.21535e+09
2020-05-26 17:00:00,Qf4GUc1pJu5T6c6,220.887,216.587,9252.8,8.38514e+08
2020-06-05 07:30:00,LYwnQax7tkwH5Cb,210.127,206,161.533,1.79506e+09
2020-06-14 15:15:00,Qf4GUc1pJu5T6c6,304.1,298.6,1087,8.38634e+08
2020-05-23 12:30:00,xoJJ8DcxJEcupym,1271.01,1239.25,5082.27,2.09182e+08
2020-05-15 18:15:00,q49J1IKaHRwDQnt,15.7071,15.1714,9093.21,349016
2020-06-01 09:30:00,IQ2d7wF4YD8zU1Q,1112.25,1086.66,1261.53,2.00793e+07
2020-06-16 17:15:00,Mx2yZCDsyf6DPfv,54.56,52.8533,5453.53,2.67884e+06
2020-06-08 09:00:00,vOuJvMaM2sgwLmb,773.027,755.847,1057.27,2.36775e+06
2020-06-12 02:45:00,q49J1IKaHRwDQnt,0,0,3814,486755
2020-06-09 10:30:00,xMbIugepa2P7lBB,1214.25,1184.42,2511.2,1.0685e+08
2020-05-25 14:15:00,LYwnQax7tkwH5Cb,808.32,790.313,2973.13,1.79501e+09
2020-06-08 09:30:00,oZZkBaNadn6DNKz,782.358,765.133,1432.33,1.70824e+09
2020-05-16 01:00:00,IQ2d7wF4YD8zU1Q,0,0,0,1.99512e+07
2020-06-01 07:00:00,V94E5Ben1TlhnDV,103.913,100.98,66,1.41221e+09
2020-06-09 01:30:00,81aHJ1q11NBPMrL,0,0,0,1.21544e+09
2020-06-13 23:15:00,81aHJ1q11NBPMrL,0,0,6656,1.21546e+09
2020-06-03 09:45:00,rrq4fwE8jgrTyWY,618.643,606.2,1162.93,1.2107e+08
2020-05-30 03:30:00,4UPUqMRk7TRMgml,0,0,0,2.53768e+06
2020-06-05 03:00:00,q49J1IKaHRwDQnt,0,0,5710,461971
2020-06-04 16:30:00,NgDl19wMapZy17u,375.16,368.42,5941.4,1.11667e+08
2020-05-19 00:15:00,q49J1IKaHRwDQnt,0,0,4161,362440
2020-06-05 22:45:00,oZZkBaNadn6DNKz,0,0,7461,1.70822e+09
2020-05-23 19:15:00,vOuJvMaM2sgwLmb,0,0,9534,2.27493e+06
2020-05-31 04:45:00,Quc1TzYxW2pYoWX,0,0,0,3.07607e+08
2020-06-16 05:30:00,V94E5Ben1TlhnDV,0,0,0,1.41228e+09
2020-05-16 01:00:00,Quc1TzYxW2pYoWX,0,0,4239,3.29513e+08
2020-06-13 12:00:00,WcxssY2VbP4hApt,1045.63,1021.09,2292.8,1.81884e+08
2020-05-26 12:00:00,Et9kgGMDl729KT4,1017.41,994.707,3808.47,1.75789e+06
2020-05-26 17:15:00,oZZkBaNadn6DNKz,172.94,169.507,9266.33,1.70817e+09
2020-06-02 04:30:00,xMbIugepa2P7lBB,0,0,4143,1.06795e+08
2020-05-27 19:45:00,WcxssY2VbP4hApt,0,0,3114.47,1.33319e+08
2020-06-08 14:30:00,LYwnQax7tkwH5Cb,0,0,1330,1.79507e+09
2020-06-16 16:15:00,oZZkBaNadn6DNKz,380.727,373.967,5303,1.70828e+09
2020-06-15 21:00:00,oZZkBaNadn6DNKz,0,0,2803,1.70828e+09
2020-05-15 02:45:00,PeE6FRyGXUgsRhN,0,0,0,1.34835e+09
2020-06-02 05:00:00,Qf4GUc1pJu5T6c6,0,0,0,8.38554e+08
2020-05-17 04:30:00,Mx2yZCDsyf6DPfv,0,0,0,2.46725e+06
2020-05-31 01:45:00,4UPUqMRk7TRMgml,0,0,8185,2.54587e+06
2020-05-19 14:45:00,V94E5Ben1TlhnDV,731.727,716.407,6298.73,1.41212e+09
2020-06-06 07:15:00,oZZkBaNadn6DNKz,175.987,172.327,131.2,1.70822e+09
2020-06-03 19:30:00,9kRcWv60rDACzjR,0,0,4339,2.24785e+09
2020-06-02 13:30:00,Et9kgGMDl729KT4,0,0,3266,1.80217e+06
2020-05-15 05:30:00,q49J1IKaHRwDQnt,0,0,287.667,339923
2020-06-10 09:15:00,Quc1TzYxW2pYoWX,452.173,443.827,741.8,3.29619e+08
2020-05-31 15:00:00,xoJJ8DcxJEcupym,598.96,586.933,5866.2,2.09239e+08
2020-06-03 00:30:00,Quc1TzYxW2pYoWX,0,0,4962,3.29593e+08
2020-06-10 18:45:00,PeE6FRyGXUgsRhN,0,0,4003,1.34851e+09
2020-06-11 16:30:00,IQ2d7wF4YD8zU1Q,187.273,183.553,3747.07,2.01533e+07
2020-05-23 03:45:00,oZZkBaNadn6DNKz,0,0,0,1.70813e+09
2020-06-05 18:15:00,LlT2YUhhzqhg5Sw,39.6467,38.3333,3043.73,2.8273e+08
2020-06-14 02:00:00,LlT2YUhhzqhg5Sw,0,0,2911,2.82766e+08
2020-06-01 02:15:00,xoJJ8DcxJEcupym,0,0,0,2.0924e+08
2020-06-05 12:15:00,4UPUqMRk7TRMgml,1376.53,1342.33,4457.53,2.58186e+06
2020-06-10 17:00:00,mqwcsP2rE7J0TFp,106.54,103.707,2608.93,5.93778e+08
2020-06-10 03:30:00,rrq4fwE8jgrTyWY,0,0,3378,1.21095e+08
2020-06-03 12:30:00,xMbIugepa2P7lBB,745.957,730.329,3039.14,1.06805e+08
2020-05-29 20:45:00,xMbIugepa2P7lBB,0,0,8095,1.06776e+08
2020-05-19 09:30:00,LYwnQax7tkwH5Cb,323.1,317.567,1089.07,1.79498e+09
2020-05-19 00:30:00,vOuJvMaM2sgwLmb,0,0,0,2.23704e+06
2020-05-18 01:30:00,LYwnQax7tkwH5Cb,0,0,0,1.79498e+09
2020-06-15 13:15:00,9kRcWv60rDACzjR,181.936,178.114,4243.14,2.2479e+09
2020-06-10 11:00:00,WcxssY2VbP4hApt,271.58,264.787,2161.07,1.57622e+08
2020-05-24 18:00:00,Mx2yZCDsyf6DPfv,78.38,76.0333,4939.8,2.53097e+06
2020-06-08 13:45:00,IQ2d7wF4YD8zU1Q,1274.56,1242.98,6064.79,2.01326e+07
2020-06-10 14:45:00,rrq4fwE8jgrTyWY,226.82,222.38,1684.4,1.21096e+08
2020-06-02 17:30:00,vOuJvMaM2sgwLmb,342.84,336.967,3640,2.34111e+06
2020-05-31 15:45:00,9kRcWv60rDACzjR,284.914,279.693,6113.71,2.24784e+09
2020-06-06 11:30:00,vOuJvMaM2sgwLmb,1172.21,1143.52,3663.5,2.36019e+06
2020-05-29 13:45:00,Qf4GUc1pJu5T6c6,790.95,774.236,5569.43,8.38533e+08
2020-06-02 03:00:00,9kRcWv60rDACzjR,0,0,0,2.24784e+09
2020-06-10 20:00:00,IQ2d7wF4YD8zU1Q,0,0,5627,2.01496e+07
2020-05-17 11:30:00,mqwcsP2rE7J0TFp,686.693,672.56,3117,5.936e+08
2020-06-11 04:45:00,LYwnQax7tkwH5Cb,0,0,2407,1.79508e+09
2020-06-16 23:45:00,q49J1IKaHRwDQnt,0,0,5276,516601
2020-05-30 07:30:00,rrq4fwE8jgrTyWY,149.133,145.6,114.8,1.21047e+08
2020-05-20 05:45:00,V94E5Ben1TlhnDV,0,0,0,1.41212e+09
2020-06-16 22:00:00,81aHJ1q11NBPMrL,0,0,5501,1.21548e+09
2020-05-19 14:00:00,Et9kgGMDl729KT4,902.979,883.35,1586.21,1.7234e+06
2020-06-06 23:00:00,Et9kgGMDl729KT4,0,0,2296,1.81623e+06
2020-06-13 16:30:00,vOuJvMaM2sgwLmb,415.387,407.167,5883.53,2.40361e+06
2020-06-04 21:00:00,vOuJvMaM2sgwLmb,0,0,6885,2.35311e+06
2020-06-07 07:30:00,IQ2d7wF4YD8zU1Q,210.04,205.927,125.733,2.01188e+07
2020-06-15 20:15:00,WcxssY2VbP4hApt,0,0,6367,1.81902e+08
2020-05-18 01:15:00,NgDl19wMapZy17u,0,0,0,1.11537e+08
2020-06-08 12:30:00,Qf4GUc1pJu5T6c6,1175.19,1146.42,4642.8,8.38603e+08
2020-05-21 02:00:00,WcxssY2VbP4hApt,0,0,0,1.81744e+08
2020-06-09 05:30:00,rrq4fwE8jgrTyWY,0,0,0,1.21091e+08
2020-06-13 13:15:00,81aHJ1q11NBPMrL,934.88,913.233,3858.13,1.21546e+09
2020-06-02 17:30:00,oZ35aAeoifZaQzV,355.264,349.214,6985.79,1.66011e+09
2020-05-26 05:15:00,V94E5Ben1TlhnDV,0,0,0,1.41217e+09
2020-05-17 06:00:00,LYwnQax7tkwH5Cb,3.89333,3.75333,0,1.79497e+09
2020-06-11 21:30:00,LYwnQax7tkwH5Cb,0,0,3718,1.79508e+09
2020-06-16 21:45:00,LYwnQax7tkwH5Cb,0,0,5208,1.79511e+09
2020-06-12 19:15:00,Mx2yZCDsyf6DPfv,0,0,4576,2.66424e+06
2020-06-01 22:15:00,4UPUqMRk7TRMgml,0,0,4338,2.5569e+06
2020-06-01 02:15:00,Mx2yZCDsyf6DPfv,0,0,0,2.58558e+06
2020-06-15 02:00:00,Et9kgGMDl729KT4,0,0,2048,1.84334e+06
2020-05-31 22:00:00,LYwnQax7tkwH5Cb,0,0,6234,1.79505e+09
2020-05-27 00:15:00,Quc1TzYxW2pYoWX,0,0,7269,3.29559e+08
2020-05-30 04:15:00,LYwnQax7tkwH5Cb,0,0,0,1.79503e+09
2020-06-01 14:45:00,4UPUqMRk7TRMgml,57.4533,55.6067,4118.6,2.55668e+06
2020-05-30 20:30:00,LYwnQax7tkwH5Cb,0,0,7771,1.79504e+09
2020-05-16 10:45:00,mqwcsP2rE7J0TFp,1172.07,1142.99,2910.33,5.93592e+08
2020-06-02 04:45:00,LlT2YUhhzqhg5Sw,0,0,0,2.82716e+08
2020-05-24 11:15:00,xoJJ8DcxJEcupym,1221.22,1190.68,3387.67,2.0919e+08
2020-06-10 01:30:00,oZZkBaNadn6DNKz,0,0,0,1.70825e+09
2020-06-06 16:00:00,WcxssY2VbP4hApt,717.853,702.753,7535.07,1.81859e+08
2020-06-08 14:15:00,9kRcWv60rDACzjR,0,0,1909,2.24787e+09
2020-05-30 23:45:00,LlT2YUhhzqhg5Sw,0,0,7952,2.82706e+08
2020-06-16 06:00:00,mqwcsP2rE7J0TFp,7.67143,7.4,0.142857,5.93805e+08
2020-05-24 16:15:00,4UPUqMRk7TRMgml,591.707,579.827,4072.53,2.49704e+06
2020-06-11 06:45:00,Et9kgGMDl729KT4,29.94,28.92,11.0667,1.82833e+06
2020-06-08 10:45:00,q49J1IKaHRwDQnt,0,0,1383,472634
2020-06-10 13:15:00,Mx2yZCDsyf6DPfv,716.213,700.547,4130.2,2.65428e+06
2020-06-14 15:15:00,IQ2d7wF4YD8zU1Q,294.927,289.66,6256.53,2.01679e+07
2020-06-14 04:30:00,Et9kgGMDl729KT4,0,0,5929,1.84129e+06
2020-05-21 06:15:00,oZ35aAeoifZaQzV,47.08,45.5533,8.46667,1.66001e+09
2020-06-05 20:15:00,PeE6FRyGXUgsRhN,0,0,7333,1.34849e+09
2020-05-17 11:15:00,9kRcWv60rDACzjR,902.753,883.12,2879.47,2.24774e+09
2020-06-08 01:45:00,Qf4GUc1pJu5T6c6,0,0,7718,8.38598e+08
2020-05-18 04:45:00,oZZkBaNadn6DNKz,0,0,0,1.7081e+09
2020-06-12 09:45:00,NgDl19wMapZy17u,435.733,427.653,875.6,1.11716e+08
2020-05-17 20:00:00,oZ35aAeoifZaQzV,0,0,5550,1.65999e+09
2020-06-09 14:00:00,IQ2d7wF4YD8zU1Q,822.28,804.753,5990.07,2.01418e+07
2020-05-25 22:30:00,oZ35aAeoifZaQzV,0,0,9186,1.66005e+09
2020-05-25 07:00:00,WcxssY2VbP4hApt,207.487,203.413,111.267,1.81775e+08
2020-05-29 04:15:00,WcxssY2VbP4hApt,0,0,0,1.81807e+08
2020-06-03 20:15:00,81aHJ1q11NBPMrL,0,0,4685,1.2154e+09
2020-05-18 02:15:00,q49J1IKaHRwDQnt,0,0,5727,358279
2020-05-28 14:15:00,Quc1TzYxW2pYoWX,911.507,891.673,2966.87,3.29569e+08
2020-06-10 10:45:00,V94E5Ben1TlhnDV,996.34,972.92,2279.53,1.41226e+09
2020-06-10 20:30:00,xoJJ8DcxJEcupym,0,0,3971,2.09297e+08
2020-06-13 20:00:00,IQ2d7wF4YD8zU1Q,0,0,3023,2.01614e+07
2020-06-10 10:30:00,V94E5Ben1TlhnDV,1037.63,1013.84,2018.87,1.41226e+09
2020-06-09 01:00:00,4UPUqMRk7TRMgml,0,0,9210,2.61059e+06
2020-06-13 09:15:00,IQ2d7wF4YD8zU1Q,356.087,349.807,879.133,2.01592e+07
2020-06-06 12:30:00,oZZkBaNadn6DNKz,0,0,909,1.70822e+09
2020-06-15 20:00:00,vOuJvMaM2sgwLmb,0,0,6274,2.41784e+06
2020-05-20 22:00:00,4UPUqMRk7TRMgml,0,0,9423,2.46426e+06
2020-05-30 21:30:00,vOuJvMaM2sgwLmb,0,0,6591,2.32669e+06
2020-05-20 10:00:00,9kRcWv60rDACzjR,996.929,974.671,1922.07,2.24776e+09
2020-05-26 10:15:00,WcxssY2VbP4hApt,1055.84,1031.29,2211.86,1.68802e+08
2020-06-17 04:45:00,Qf4GUc1pJu5T6c6,0,0,0,8.38642e+08
2020-06-01 10:15:00,mqwcsP2rE7J0TFp,1217.43,1187.2,1865.33,5.93715e+08
2020-06-11 14:30:00,Mx2yZCDsyf6DPfv,357.26,351.113,3092.8,2.65881e+06
2020-06-15 00:00:00,9kRcWv60rDACzjR,0,0,2486,2.2479e+09
2020-06-13 05:30:00,q49J1IKaHRwDQnt,0,0,0,491396
2020-06-17 19:45:00,LYwnQax7tkwH5Cb,0,0,3968,1.79512e+09
2020-06-01 01:45:00,LYwnQax7tkwH5Cb,0,0,0,1.79505e+09
2020-05-20 14:45:00,Mx2yZCDsyf6DPfv,1031.46,1008.37,7638.6,2.49578e+06
2020-05-17 08:45:00,rrq4fwE8jgrTyWY,605.127,592.9,709.333,1.20978e+08
2020-05-19 17:15:00,LlT2YUhhzqhg5Sw,6.37333,6.16,6552.67,2.82628e+08
2020-06-01 06:30:00,NgDl19wMapZy17u,69.1667,67.0067,15.3333,1.11645e+08
2020-05-17 16:00:00,4UPUqMRk7TRMgml,424.833,417.227,5662.73,2.44455e+06
2020-06-07 15:45:00,LlT2YUhhzqhg5Sw,624,611.26,7080.8,2.82742e+08
2020-06-01 14:15:00,WcxssY2VbP4hApt,71.0733,68.8667,4050.93,1.81834e+08
2020-05-28 11:45:00,Qf4GUc1pJu5T6c6,0,0,2376,8.38526e+08
2020-06-13 04:15:00,xMbIugepa2P7lBB,0,0,4716,1.0687e+08
2020-05-25 10:15:00,Et9kgGMDl729KT4,59.98,58.6733,1311.4,1.74844e+06
2020-06-05 21:30:00,oZ35aAeoifZaQzV,0,0,7708,1.66013e+09
2020-05-21 09:15:00,4UPUqMRk7TRMgml,855.587,837.227,1303.8,2.46557e+06
2020-06-08 09:15:00,Qf4GUc1pJu5T6c6,707.046,691.992,1175.69,8.38599e+08
2020-06-17 13:30:00,rrq4fwE8jgrTyWY,626.507,613.786,2573.14,1.2113e+08
2020-06-09 00:30:00,4UPUqMRk7TRMgml,0,0,9210,2.61059e+06
2020-05-15 06:30:00,PeE6FRyGXUgsRhN,56.1143,54.3214,14.7143,1.34835e+09
2020-06-13 16:30:00,81aHJ1q11NBPMrL,423.267,414.88,6163.2,1.21546e+09
2020-06-11 12:30:00,V94E5Ben1TlhnDV,502.8,493.207,2013.73,1.41227e+09
2020-06-07 00:00:00,mqwcsP2rE7J0TFp,0,0,1114.13,5.93751e+08
2020-06-04 08:30:00,IQ2d7wF4YD8zU1Q,519.54,509.287,614.2,2.00962e+07
2020-06-03 03:30:00,LYwnQax7tkwH5Cb,0,0,0,1.79506e+09
2020-06-15 12:45:00,q49J1IKaHRwDQnt,557.943,546.986,3866.71,509132
2020-06-04 00:15:00,Mx2yZCDsyf6DPfv,0,0,0,2.60209e+06
2020-06-01 14:45:00,oZ35aAeoifZaQzV,58.4067,56.5,4138.47,1.6601e+09
2020-05-28 21:30:00,Mx2yZCDsyf6DPfv,0,0,3727,2.5625e+06
2020-05-18 08:00:00,LlT2YUhhzqhg5Sw,174.247,170.453,43.9333,2.82616e+08
2020-06-02 13:30:00,NgDl19wMapZy17u,1241.09,1210.64,4312.8,1.11653e+08
2020-06-07 22:00:00,oZ35aAeoifZaQzV,0,0,7860,1.66014e+09
2020-06-15 05:00:00,LYwnQax7tkwH5Cb,0,0,7310,1.7951e+09
2020-05-23 10:15:00,Quc1TzYxW2pYoWX,0,0,1322,3.29541e+08
2020-05-25 00:00:00,LYwnQax7tkwH5Cb,0,0,2827.8,1.79501e+09
2020-06-01 08:45:00,Et9kgGMDl729KT4,716.52,701.647,530.6,1.7954e+06
2020-06-08 08:15:00,oZ35aAeoifZaQzV,492.553,482.893,616.4,1.66014e+09
2020-05-30 21:45:00,4UPUqMRk7TRMgml,0,0,8185,2.54587e+06
2020-05-25 03:15:00,Et9kgGMDl729KT4,0,0,0,1.74713e+06
2020-05-19 08:15:00,Et9kgGMDl729KT4,456.233,447.573,518,1.72233e+06
2020-05-27 15:30:00,rrq4fwE8jgrTyWY,755.54,739.687,4689.73,1.21035e+08
2020-06-14 11:15:00,vOuJvMaM2sgwLmb,1043.83,1018.81,2789.33,2.40689e+06
2020-06-04 14:15:00,rrq4fwE8jgrTyWY,621.587,609,5282.47,1.21078e+08
2020-05-26 08:15:00,PeE6FRyGXUgsRhN,596.593,584.579,569.286,1.34842e+09
2020-05-16 15:45:00,LlT2YUhhzqhg5Sw,445.06,436.98,7204.8,2.82609e+08
2020-05-18 04:00:00,Qf4GUc1pJu5T6c6,0,0,0,8.38443e+08
2020-05-21 07:00:00,rrq4fwE8jgrTyWY,171.187,167.773,83.7333,1.20997e+08
2020-06-11 13:30:00,V94E5Ben1TlhnDV,544.013,533.247,2538.33,1.41227e+09
2020-06-04 22:45:00,4UPUqMRk7TRMgml,0,0,6990,2.5774e+06
2020-06-04 14:45:00,rrq4fwE8jgrTyWY,547.313,536.547,5565.2,1.21078e+08
2020-06-12 20:15:00,4UPUqMRk7TRMgml,0,0,4548,2.63279e+06
2020-06-12 18:45:00,oZZkBaNadn6DNKz,2.14,2.05333,4728,1.70827e+09
2020-06-10 15:30:00,vOuJvMaM2sgwLmb,241.02,236.507,4973.93,2.38852e+06
2020-05-31 23:15:00,NgDl19wMapZy17u,0,0,6486,1.11645e+08
2020-05-28 12:45:00,xoJJ8DcxJEcupym,1263.19,1231.61,5020.21,2.09219e+08
2020-06-01 21:45:00,PeE6FRyGXUgsRhN,0,0,4156,1.34846e+09
2020-05-22 07:15:00,WcxssY2VbP4hApt,293.84,288.507,170.467,1.81754e+08
2020-05-18 16:00:00,Qf4GUc1pJu5T6c6,647.74,634.547,7207.07,8.3845e+08
2020-05-19 11:30:00,V94E5Ben1TlhnDV,1288.91,1256.85,2731,1.41211e+09
2020-05-15 16:00:00,mqwcsP2rE7J0TFp,667.027,653.347,8878.53,5.93589e+08
2020-05-24 03:00:00,q49J1IKaHRwDQnt,0,0,3254,386758
2020-05-23 04:15:00,Qf4GUc1pJu5T6c6,0,0,0,8.38481e+08
2020-06-11 17:45:00,Qf4GUc1pJu5T6c6,81.6714,79.2857,3849.29,8.38625e+08
2020-06-04 05:00:00,vOuJvMaM2sgwLmb,0,0,0,2.34622e+06
2020-05-26 03:15:00,Et9kgGMDl729KT4,0,0,0,1.75408e+06
2020-05-30 21:45:00,PeE6FRyGXUgsRhN,0,0,4061,1.34845e+09
2020-06-14 04:45:00,81aHJ1q11NBPMrL,0,0,0,1.21546e+09
2020-06-09 15:30:00,vOuJvMaM2sgwLmb,619.52,606.773,6780.13,2.38246e+06
2020-05-31 11:15:00,vOuJvMaM2sgwLmb,1000.69,977.593,2454.73,2.32914e+06
2020-05-17 07:30:00,Mx2yZCDsyf6DPfv,191.24,187.333,90.2,2.46734e+06
2020-06-07 03:30:00,Quc1TzYxW2pYoWX,0,0,3413,3.29609e+08
2020-06-13 08:30:00,oZZkBaNadn6DNKz,381.367,374.313,549.667,1.70827e+09
2020-06-05 12:00:00,oZ35aAeoifZaQzV,1272.94,1241.7,4081.93,1.66012e+09
2020-05-21 21:00:00,Quc1TzYxW2pYoWX,0,0,4896,3.29536e+08
2020-05-18 06:00:00,rrq4fwE8jgrTyWY,0,0,0,1.20982e+08
2020-05-19 01:30:00,LlT2YUhhzqhg5Sw,0,0,0,2.82621e+08
2020-05-27 06:15:00,vOuJvMaM2sgwLmb,42.7214,41.3071,7.85714,2.29656e+06
2020-06-11 08:30:00,mqwcsP2rE7J0TFp,232.067,227.553,238.867,5.93779e+08
2020-06-06 17:45:00,oZ35aAeoifZaQzV,174.033,170.32,8300.07,1.66013e+09
2020-06-11 17:45:00,Et9kgGMDl729KT4,70.4933,68.2733,3266.53,1.83159e+06
2020-05-22 08:30:00,Qf4GUc1pJu5T6c6,738.793,723.38,813.667,8.38472e+08
2020-05-25 15:30:00,V94E5Ben1TlhnDV,801.593,784.593,8104,1.41217e+09
2020-05-28 01:30:00,LlT2YUhhzqhg5Sw,0,0,0,2.82682e+08
2020-05-27 02:00:00,LlT2YUhhzqhg5Sw,0,0,0,2.82673e+08
2020-05-17 04:00:00,PeE6FRyGXUgsRhN,0,0,0,1.34836e+09
2020-05-24 18:45:00,V94E5Ben1TlhnDV,0,0,9263,1.41216e+09
2020-06-13 05:15:00,Qf4GUc1pJu5T6c6,0,0,4455,8.38629e+08
2020-06-06 13:15:00,oZZkBaNadn6DNKz,0,0,909,1.70822e+09
2020-05-21 00:30:00,81aHJ1q11NBPMrL,0,0,0,1.21531e+09
2020-05-31 10:30:00,LYwnQax7tkwH5Cb,890.633,871.267,1725.13,1.79504e+09
2020-06-03 01:30:00,LlT2YUhhzqhg5Sw,0,0,0,2.8272e+08
2020-05-26 13:00:00,xoJJ8DcxJEcupym,0,0,2906,2.09208e+08
2020-05-19 00:45:00,V94E5Ben1TlhnDV,0,0,0,1.41211e+09
2020-06-11 07:00:00,vOuJvMaM2sgwLmb,93.12,90.46,27.4,2.38906e+06
2020-05-21 18:45:00,xoJJ8DcxJEcupym,0,0,4501,2.09173e+08
2020-06-16 07:30:00,9kRcWv60rDACzjR,253.8,248.9,175.429,2.24791e+09
2020-06-13 22:15:00,LlT2YUhhzqhg5Sw,0,0,2911,2.82766e+08
2020-05-30 20:00:00,NgDl19wMapZy17u,0,0,7983,1.11638e+08
2020-06-10 03:00:00,xMbIugepa2P7lBB,0,0,7997,1.06856e+08
2020-05-24 07:15:00,4UPUqMRk7TRMgml,263.373,258.347,154.2,2.49312e+06
2020-05-17 10:30:00,NgDl19wMapZy17u,912.233,892.34,2196,1.11532e+08
2020-06-01 01:00:00,V94E5Ben1TlhnDV,0,0,0,1.41221e+09
2020-06-01 22:00:00,Mx2yZCDsyf6DPfv,0,0,4334,2.58992e+06
2020-06-03 11:00:00,mqwcsP2rE7J0TFp,459.667,449.767,1074.6,4.74981e+08
2020-05-23 07:15:00,Et9kgGMDl729KT4,248.96,244.147,137,1.73926e+06
2020-06-01 00:15:00,PeE6FRyGXUgsRhN,0,0,0,1.34846e+09
2020-06-14 00:15:00,Qf4GUc1pJu5T6c6,0,0,3544,8.38633e+08
2020-06-06 02:30:00,vOuJvMaM2sgwLmb,0,0,3421,2.35653e+06
2020-06-04 04:00:00,mqwcsP2rE7J0TFp,0,0,0,5.93729e+08
2020-06-06 02:45:00,oZ35aAeoifZaQzV,0,0,7708,1.66013e+09
2020-06-08 05:15:00,WcxssY2VbP4hApt,0,0,1950,1.81862e+08
2020-05-20 19:15:00,xoJJ8DcxJEcupym,0,0,2617,2.09169e+08
2020-05-26 14:00:00,oZ35aAeoifZaQzV,1180.81,1151.29,6917,1.66006e+09
2020-05-27 07:45:00,WcxssY2VbP4hApt,403.12,395.873,288.533,1.69674e+08
2020-06-08 20:45:00,vOuJvMaM2sgwLmb,0,0,8995,2.37568e+06
2020-06-11 11:45:00,Mx2yZCDsyf6DPfv,755.964,739.65,1864.57,2.65758e+06
2020-05-24 01:15:00,V94E5Ben1TlhnDV,0,0,0,1.41215e+09
2020-05-18 19:45:00,81aHJ1q11NBPMrL,0,0,3485,1.2153e+09
2020-05-22 21:00:00,oZ35aAeoifZaQzV,0,0,9866,1.66003e+09
2020-05-18 09:30:00,NgDl19wMapZy17u,823.9,806.307,812.867,1.11538e+08
2020-05-29 15:30:00,LlT2YUhhzqhg5Sw,803.54,786.513,6059.2,2.82697e+08
2020-05-30 09:30:00,V94E5Ben1TlhnDV,585.94,574.14,788.267,1.4122e+09
2020-05-25 15:00:00,4UPUqMRk7TRMgml,949.843,928.993,7865.71,2.50547e+06
2020-06-06 05:00:00,Qf4GUc1pJu5T6c6,0,0,7599,8.38582e+08
2020-05-29 00:00:00,vOuJvMaM2sgwLmb,0,0,0,2.31502e+06
2020-05-16 18:45:00,q49J1IKaHRwDQnt,0,0,3533,352552
2020-06-01 05:30:00,vOuJvMaM2sgwLmb,0,0,0,2.33321e+06
2020-05-29 18:45:00,mqwcsP2rE7J0TFp,0,0,8112,5.93698e+08
2020-06-13 07:30:00,rrq4fwE8jgrTyWY,335.62,329.793,177.667,1.21105e+08
2020-06-06 21:30:00,IQ2d7wF4YD8zU1Q,0,0,8293,2.01187e+07
2020-05-16 20:15:00,4UPUqMRk7TRMgml,0,0,5677,2.43889e+06
2020-05-25 11:45:00,LlT2YUhhzqhg5Sw,1239.17,1208.19,3875.4,2.82659e+08
2020-06-04 23:45:00,81aHJ1q11NBPMrL,0,0,4507.8,1.21541e+09
2020-06-07 05:45:00,LlT2YUhhzqhg5Sw,0,0,0,2.82735e+08
2020-05-22 04:00:00,LYwnQax7tkwH5Cb,0,0,0,1.79499e+09
2020-06-09 18:15:00,81aHJ1q11NBPMrL,48.1867,46.5933,4684.53,1.21544e+09
2020-05-19 02:00:00,Quc1TzYxW2pYoWX,0,0,2787,3.29526e+08
2020-06-03 14:30:00,rrq4fwE8jgrTyWY,609.853,597.56,2677.73,1.21071e+08
2020-06-14 21:45:00,NgDl19wMapZy17u,0,0,6277,1.1173e+08
2020-05-31 19:00:00,PeE6FRyGXUgsRhN,0,0,6313,1.34846e+09
2020-06-09 21:45:00,Quc1TzYxW2pYoWX,0,0,3796,3.29618e+08
2020-05-25 23:30:00,q49J1IKaHRwDQnt,0,0,6197,401827
2020-06-14 19:30:00,Qf4GUc1pJu5T6c6,0,0,2107,8.38635e+08
2020-05-24 12:30:00,Qf4GUc1pJu5T6c6,0,0,2354,8.38493e+08
2020-06-07 07:30:00,xoJJ8DcxJEcupym,210.787,206.647,127.733,2.09269e+08
2020-05-27 18:15:00,LYwnQax7tkwH5Cb,55.9067,54.1133,4283.8,1.79502e+09
2020-05-30 19:30:00,81aHJ1q11NBPMrL,0,0,7156,1.21538e+09
2020-05-23 19:45:00,V94E5Ben1TlhnDV,0,0,9483,1.41215e+09
2020-06-01 01:45:00,LlT2YUhhzqhg5Sw,0,0,0,2.82712e+08
2020-06-15 16:15:00,mqwcsP2rE7J0TFp,389.127,382.373,5853.07,5.93805e+08
2020-06-01 22:45:00,LlT2YUhhzqhg5Sw,0,0,4046,2.82716e+08
2020-06-09 19:15:00,Quc1TzYxW2pYoWX,0,0,3796,3.29618e+08
2020-05-17 02:30:00,4UPUqMRk7TRMgml,0,0,0,2.43889e+06
2020-05-24 02:15:00,LYwnQax7tkwH5Cb,0,0,0,1.795e+09
2020-06-11 15:45:00,81aHJ1q11NBPMrL,435.48,427.46,3540.6,1.21545e+09
2020-06-14 10:00:00,Quc1TzYxW2pYoWX,0,0,546,3.29634e+08
2020-06-03 20:45:00,xMbIugepa2P7lBB,0,0,5487.07,9.96876e+07
2020-06-16 04:45:00,Quc1TzYxW2pYoWX,0,0,0,3.29638e+08
2020-05-24 22:30:00,Et9kgGMDl729KT4,0,0,3416,1.74713e+06
2020-06-10 10:45:00,PeE6FRyGXUgsRhN,1078.37,1052.35,2226.13,1.34851e+09
2020-05-27 02:00:00,PeE6FRyGXUgsRhN,0,0,0,1.34843e+09
2020-06-03 02:30:00,oZZkBaNadn6DNKz,0,0,0,1.70821e+09
2020-05-18 11:15:00,xoJJ8DcxJEcupym,979.793,958.127,1385.93,2.09157e+08
2020-06-16 18:45:00,rrq4fwE8jgrTyWY,0,0,5161,1.21127e+08
2020-05-31 01:45:00,PeE6FRyGXUgsRhN,0,0,0,1.34845e+09
2020-05-15 01:15:00,IQ2d7wF4YD8zU1Q,0,0,0,1.99415e+07
2020-05-22 03:00:00,LYwnQax7tkwH5Cb,0,0,0,1.79499e+09
2020-06-02 20:30:00,xoJJ8DcxJEcupym,0,0,5480,2.0925e+08
2020-05-31 22:30:00,IQ2d7wF4YD8zU1Q,0,0,6664,2.0078e+07
2020-06-07 03:15:00,oZ35aAeoifZaQzV,0,0,8368,1.66013e+09
2020-05-15 16:00:00,Qf4GUc1pJu5T6c6,690.047,675.827,5811.53,8.38427e+08
2020-05-22 16:00:00,Quc1TzYxW2pYoWX,544.807,533.993,3104.87,3.29539e+08
2020-05-21 18:30:00,9kRcWv60rDACzjR,10.5357,10.1714,8812.43,2.24777e+09
2020-06-02 11:00:00,LYwnQax7tkwH5Cb,573.687,562.227,2177.8,1.79505e+09
2020-06-14 13:15:00,xoJJ8DcxJEcupym,1238.33,1207.73,4619.6,2.09317e+08
2020-05-28 00:00:00,4UPUqMRk7TRMgml,0,0,9501,2.52583e+06
2020-05-28 07:00:00,WcxssY2VbP4hApt,120.893,118.393,58.4,1.33319e+08
2020-05-20 04:45:00,LYwnQax7tkwH5Cb,0,0,0,1.79498e+09
2020-05-22 23:00:00,PeE6FRyGXUgsRhN,0,0,9420,1.3484e+09
2020-05-17 22:30:00,V94E5Ben1TlhnDV,0,0,5735,1.41211e+09
2020-05-20 09:15:00,LlT2YUhhzqhg5Sw,849.393,831.153,1247.13,2.82629e+08
2020-06-15 04:45:00,81aHJ1q11NBPMrL,0,0,0,1.21547e+09
2020-06-02 13:45:00,Quc1TzYxW2pYoWX,458.407,447.713,2860.8,3.29591e+08
2020-05-16 16:45:00,4UPUqMRk7TRMgml,105.814,102.957,5612.07,2.43882e+06
2020-05-15 06:00:00,xoJJ8DcxJEcupym,13.5867,13.1,1.2,2.09144e+08
2020-06-11 03:15:00,LYwnQax7tkwH5Cb,0,0,2407,1.79508e+09
2020-05-21 01:45:00,Qf4GUc1pJu5T6c6,0,0,0,8.38462e+08
2020-05-26 08:45:00,oZZkBaNadn6DNKz,783.567,767.033,942.533,1.70816e+09
2020-06-16 03:00:00,WcxssY2VbP4hApt,0,0,6367,1.81902e+08
2020-05-24 09:15:00,xoJJ8DcxJEcupym,881.32,862.273,1284.47,2.09188e+08
2020-06-06 04:45:00,rrq4fwE8jgrTyWY,0,0,2964,1.21082e+08
2020-06-01 16:15:00,vOuJvMaM2sgwLmb,137.28,133.907,4163.47,2.33737e+06
2020-06-12 10:45:00,mqwcsP2rE7J0TFp,346.687,340.04,1179.13,5.93783e+08
2020-05-29 23:00:00,IQ2d7wF4YD8zU1Q,0,0,8245,2.00631e+07
2020-06-05 07:00:00,mqwcsP2rE7J0TFp,171.187,167.393,75.4667,5.93735e+08
2020-05-17 20:00:00,xMbIugepa2P7lBB,0,0,7087,1.06681e+08
2020-05-28 22:45:00,LYwnQax7tkwH5Cb,0,0,3474,1.79502e+09
2020-06-07 21:15:00,PeE6FRyGXUgsRhN,0,0,7544,1.3485e+09
2020-06-15 13:45:00,oZ35aAeoifZaQzV,592.82,580.753,1300.13,1.66018e+09
2020-06-15 03:00:00,Qf4GUc1pJu5T6c6,0,0,2107,8.38635e+08
2020-06-16 15:45:00,81aHJ1q11NBPMrL,504.693,494.76,5079.8,1.21548e+09
2020-06-17 20:15:00,4UPUqMRk7TRMgml,0,0,4446,2.6535e+06
2020-05-23 23:30:00,rrq4fwE8jgrTyWY,0,0,2982,1.21014e+08
2020-06-13 08:00:00,vOuJvMaM2sgwLmb,371.436,364.9,350.786,2.39807e+06
2020-06-05 16:00:00,mqwcsP2rE7J0TFp,353.173,347.173,6843.93,5.93742e+08
2020-05-22 07:30:00,4UPUqMRk7TRMgml,414.579,407.271,252.786,2.47367e+06
2020-05-31 18:45:00,xMbIugepa2P7lBB,0,0,6524,1.06791e+08
2020-06-04 00:30:00,Et9kgGMDl729KT4,0,0,0,1.80847e+06
2020-05-23 02:15:00,WcxssY2VbP4hApt,0,0,0,0
2020-06-02 02:30:00,LlT2YUhhzqhg5Sw,0,0,0,2.82716e+08
2020-06-17 22:30:00,Quc1TzYxW2pYoWX,0,0,3702,3.29646e+08
2020-05-17 01:45:00,NgDl19wMapZy17u,0,0,0,1.1153e+08
2020-05-31 00:00:00,mqwcsP2rE7J0TFp,0,0,1149.86,5.93706e+08
2020-05-16 20:45:00,vOuJvMaM2sgwLmb,0,0,4898,2.22643e+06
2020-06-17 03:30:00,Quc1TzYxW2pYoWX,0,0,0,3.29642e+08
2020-06-05 12:45:00,Mx2yZCDsyf6DPfv,1057.81,1032.21,5088.07,2.61416e+06
2020-05-16 11:45:00,WcxssY2VbP4hApt,1288.73,1256.51,4216.4,1.81709e+08
2020-05-26 03:45:00,PeE6FRyGXUgsRhN,0,0,0,1.34842e+09
2020-06-13 17:00:00,LlT2YUhhzqhg5Sw,500.473,490.713,2640.47,2.82766e+08
2020-06-09 15:45:00,4UPUqMRk7TRMgml,806.864,789.629,7170.93,2.61777e+06
2020-06-09 12:30:00,PeE6FRyGXUgsRhN,620.887,607.313,3015.4,1.34851e+09
2020-05-16 23:15:00,xoJJ8DcxJEcupym,0,0,2995,2.0915e+08
2020-06-16 00:00:00,V94E5Ben1TlhnDV,0,0,0,1.41228e+09
2020-05-26 03:15:00,LYwnQax7tkwH5Cb,0,0,0,1.79501e+09
2020-05-28 17:45:00,81aHJ1q11NBPMrL,141.187,137.72,8886.93,1.21537e+09
2020-06-14 05:30:00,LYwnQax7tkwH5Cb,0,0,0,1.79509e+09
2020-05-30 09:30:00,WcxssY2VbP4hApt,413.413,405.16,581.8,1.33332e+08
2020-05-27 09:15:00,rrq4fwE8jgrTyWY,846.18,828.06,1207.53,1.21032e+08
2020-06-13 03:30:00,rrq4fwE8jgrTyWY,0,0,4455,1.21105e+08
2020-06-14 02:15:00,rrq4fwE8jgrTyWY,0,0,6127,1.21111e+08
2020-06-07 01:30:00,4UPUqMRk7TRMgml,0,0,8376,2.59354e+06
2020-06-17 05:15:00,mqwcsP2rE7J0TFp,0,0,0,5.93811e+08
2020-05-30 19:15:00,oZZkBaNadn6DNKz,0,0,3689,1.70819e+09
2020-05-25 19:45:00,q49J1IKaHRwDQnt,0,0,6197,401827
2020-06-03 10:45:00,mqwcsP2rE7J0TFp,251.513,245.227,455.533,1.58327e+08
2020-06-14 01:45:00,81aHJ1q11NBPMrL,0,0,0,1.21546e+09
2020-06-07 18:15:00,NgDl19wMapZy17u,60.0333,58.1067,7763.87,1.11691e+08
2020-05-23 08:00:00,4UPUqMRk7TRMgml,560.867,549.707,475.067,2.48375e+06
2020-05-16 13:30:00,mqwcsP2rE7J0TFp,1119.55,1092.78,5845.87,5.93595e+08
2020-06-05 10:00:00,oZ35aAeoifZaQzV,1094.99,1068.56,1919.53,1.66012e+09
2020-05-31 17:30:00,NgDl19wMapZy17u,83.8071,81.3143,6438.29,1.11645e+08
2020-06-06 22:00:00,q49J1IKaHRwDQnt,0,0,3599,468465
2020-05-26 23:45:00,WcxssY2VbP4hApt,0,0,5628.6,1.81794e+08
2020-06-03 03:45:00,mqwcsP2rE7J0TFp,0,0,0,5.93724e+08
2020-05-23 02:30:00,Mx2yZCDsyf6DPfv,0,0,0,2.51638e+06
2020-06-10 11:00:00,q49J1IKaHRwDQnt,885.52,864.187,2165.27,416118
2020-05-25 22:30:00,81aHJ1q11NBPMrL,0,0,8860,1.21535e+09
2020-05-25 09:45:00,oZ35aAeoifZaQzV,1005.97,983.58,1782.67,1.66004e+09
2020-06-10 15:15:00,4UPUqMRk7TRMgml,314.114,308.757,5023.07,2.62372e+06
2020-06-16 23:30:00,xoJJ8DcxJEcupym,0,0,5327,2.09331e+08
2020-05-23 01:45:00,oZZkBaNadn6DNKz,0,0,0,1.70813e+09
2020-05-22 22:30:00,LYwnQax7tkwH5Cb,0,0,9354,1.795e+09
2020-05-22 12:30:00,Qf4GUc1pJu5T6c6,1319.58,1286.6,5358.53,8.38477e+08
2020-06-09 13:15:00,Qf4GUc1pJu5T6c6,835.207,816.24,5302.47,8.38613e+08
2020-05-23 08:00:00,q49J1IKaHRwDQnt,546.6,535.76,467.867,383972
2020-05-19 15:45:00,LlT2YUhhzqhg5Sw,75.2714,73.1643,6498.29,2.82628e+08
2020-06-09 13:00:00,IQ2d7wF4YD8zU1Q,933.95,912.243,5146.57,2.0141e+07
2020-05-22 21:30:00,V94E5Ben1TlhnDV,0,0,8470,1.41214e+09
2020-05-28 13:30:00,PeE6FRyGXUgsRhN,159.873,155.873,1538.27,3.59584e+08
2020-06-05 23:45:00,q49J1IKaHRwDQnt,0,0,2895,464866
2020-05-21 23:00:00,PeE6FRyGXUgsRhN,0,0,4638,1.34839e+09
2020-05-31 16:00:00,oZZkBaNadn6DNKz,238.06,233.413,6349.6,1.7082e+09
2020-06-12 20:00:00,q49J1IKaHRwDQnt,0,0,4641,491396
2020-05-15 10:30:00,vOuJvMaM2sgwLmb,1222.54,1191.97,2853.13,2.21482e+06
2020-06-17 07:30:00,Et9kgGMDl729KT4,92.5333,89.8733,72.7333,1.85021e+06
2020-05-24 22:30:00,LlT2YUhhzqhg5Sw,0,0,9038,2.82655e+08
2020-06-07 11:00:00,NgDl19wMapZy17u,948.36,926.373,2612.93,1.11686e+08
2020-06-11 11:15:00,Qf4GUc1pJu5T6c6,680.387,666.407,1492.2,8.38622e+08
2020-06-09 23:00:00,WcxssY2VbP4hApt,0,0,4027,1.81869e+08
2020-05-27 04:30:00,4UPUqMRk7TRMgml,0,0,0,2.51633e+06
2020-05-19 20:15:00,Mx2yZCDsyf6DPfv,0,0,6771,2.48814e+06
2020-06-05 08:00:00,LYwnQax7tkwH5Cb,273.067,268.007,286.667,1.79506e+09
2020-05-24 02:15:00,oZZkBaNadn6DNKz,0,0,0,1.70814e+09
2020-06-03 18:00:00,WcxssY2VbP4hApt,80.2286,77.8286,5669.86,1.81844e+08
2020-06-04 20:15:00,oZZkBaNadn6DNKz,0,0,3715,1.70822e+09
2020-05-30 14:45:00,oZZkBaNadn6DNKz,119.753,117.153,1961,1.70819e+09
2020-05-31 05:45:00,xMbIugepa2P7lBB,0,0,8093,1.06784e+08
2020-06-13 03:15:00,IQ2d7wF4YD8zU1Q,0,0,4802,2.01583e+07
2020-06-03 00:45:00,Et9kgGMDl729KT4,0,0,0,1.80438e+06
2020-06-06 12:00:00,LYwnQax7tkwH5Cb,0,0,2212,1.79507e+09
2020-05-24 06:30:00,LYwnQax7tkwH5Cb,91.08,88.4467,24,1.795e+09
2020-06-05 08:15:00,xMbIugepa2P7lBB,561.6,550.467,398.6,1.06815e+08
2020-06-16 17:15:00,LYwnQax7tkwH5Cb,52.62,50.9667,5139.8,1.79511e+09
2020-05-20 18:45:00,xMbIugepa2P7lBB,0,0,9311,1.06705e+08
2020-06-14 17:30:00,IQ2d7wF4YD8zU1Q,176.36,172.847,7197.27,2.01688e+07
2020-06-15 09:30:00,rrq4fwE8jgrTyWY,464.05,455.25,1361.07,1.2112e+08
2020-05-26 18:00:00,Et9kgGMDl729KT4,43.2067,41.7733,8268.93,1.76235e+06
2020-06-06 12:45:00,IQ2d7wF4YD8zU1Q,951.933,929.493,5023.4,2.01154e+07
2020-06-07 17:30:00,oZ35aAeoifZaQzV,246.807,241.98,7743.33,1.66014e+09
2020-05-25 22:15:00,V94E5Ben1TlhnDV,0,0,9011,1.41217e+09
2020-06-07 10:30:00,oZ35aAeoifZaQzV,1148.05,1120.47,2191.4,1.66014e+09
2020-05-27 22:30:00,4UPUqMRk7TRMgml,0,0,9501,2.52583e+06
2020-05-22 08:45:00,Et9kgGMDl729KT4,565.493,553.807,862.267,1.7364e+06
2020-06-03 03:15:00,rrq4fwE8jgrTyWY,0,0,0,1.21069e+08
2020-06-10 12:00:00,4UPUqMRk7TRMgml,1146.95,1119.08,2931.13,2.62163e+06
2020-06-08 14:15:00,xoJJ8DcxJEcupym,1194.91,1165.19,6562.57,2.09283e+08
2020-06-12 03:00:00,Mx2yZCDsyf6DPfv,0,0,3945,2.65966e+06
2020-06-03 18:15:00,rrq4fwE8jgrTyWY,35.7286,34.5143,4121.36,1.21073e+08
2020-05-28 05:30:00,oZZkBaNadn6DNKz,0,0,0,1.70817e+09
2020-05-24 05:45:00,4UPUqMRk7TRMgml,0,0,0,2.49297e+06
2020-06-08 17:30:00,NgDl19wMapZy17u,263.221,258.157,9011.5,1.117e+08
2020-05-29 15:45:00,81aHJ1q11NBPMrL,778.443,762.043,3805.21,1.21538e+09
2020-05-16 02:00:00,xoJJ8DcxJEcupym,0,0,0,2.09147e+08
2020-06-08 10:00:00,LYwnQax7tkwH5Cb,0,0,1330,1.79507e+09
2020-05-21 04:00:00,LYwnQax7tkwH5Cb,0,0,0,1.79499e+09
2020-05-19 08:45:00,Quc1TzYxW2pYoWX,276.12,270.933,617.933,3.29527e+08
2020-05-26 01:15:00,V94E5Ben1TlhnDV,0,0,0,1.41217e+09
2020-05-20 08:45:00,LlT2YUhhzqhg5Sw,747.427,731.767,869.467,2.82628e+08
2020-06-15 18:30:00,PeE6FRyGXUgsRhN,34.0533,32.9,2795.53,1.34854e+09
2020-06-04 01:45:00,q49J1IKaHRwDQnt,0,0,4387,456261
2020-05-15 15:30:00,xoJJ8DcxJEcupym,630.053,617.247,2221.8,2.09146e+08
2020-05-30 02:30:00,IQ2d7wF4YD8zU1Q,0,0,0,2.00631e+07
2020-06-09 05:45:00,Qf4GUc1pJu5T6c6,0,0,0,8.38607e+08
2020-05-21 06:30:00,9kRcWv60rDACzjR,89.0467,86.46,23.2667,2.24776e+09
2020-06-12 05:30:00,NgDl19wMapZy17u,0,0,3884,1.11715e+08
2020-06-08 08:15:00,PeE6FRyGXUgsRhN,482.16,472.58,601,1.3485e+09
2020-06-15 20:30:00,Quc1TzYxW2pYoWX,0,0,2118,3.29638e+08
2020-05-22 19:45:00,vOuJvMaM2sgwLmb,0,0,3182,2.2654e+06
2020-06-08 13:15:00,mqwcsP2rE7J0TFp,1197.7,1168.33,5401.8,5.93764e+08
2020-05-15 20:15:00,WcxssY2VbP4hApt,0,0,9621,1.81705e+08
2020-06-04 23:00:00,Mx2yZCDsyf6DPfv,0,0,6981,2.60907e+06
2020-05-19 02:00:00,rrq4fwE8jgrTyWY,0,0,0,1.20986e+08
2020-06-05 16:30:00,IQ2d7wF4YD8zU1Q,547.557,536.836,7215.86,2.01098e+07
2020-05-30 05:00:00,LYwnQax7tkwH5Cb,0,0,0,1.79503e+09
2020-05-18 07:30:00,Quc1TzYxW2pYoWX,24.0333,23.1933,6,3.29523e+08
2020-05-24 02:45:00,PeE6FRyGXUgsRhN,0,0,0,1.3484e+09
2020-05-22 19:00:00,9kRcWv60rDACzjR,0,0,3090,2.24777e+09
2020-05-22 05:00:00,LlT2YUhhzqhg5Sw,0,0,0,2.82637e+08
2020-05-19 03:15:00,PeE6FRyGXUgsRhN,0,0,0,1.34838e+09
2020-06-07 05:45:00,81aHJ1q11NBPMrL,0,0,0,1.21543e+09
2020-05-26 14:00:00,oZZkBaNadn6DNKz,1156.6,1128.72,6885.64,1.70816e+09
2020-06-14 02:30:00,q49J1IKaHRwDQnt,0,0,6393,497789
2020-06-01 09:45:00,NgDl19wMapZy17u,641.873,628.107,1462.6,1.11646e+08
2020-05-23 14:30:00,9kRcWv60rDACzjR,1035.7,1012.49,2576,2.24778e+09
2020-06-03 12:00:00,9kRcWv60rDACzjR,0,0,1694,2.24785e+09
2020-06-14 15:15:00,WcxssY2VbP4hApt,300.58,295.067,6591.8,1.81895e+08
2020-05-25 14:15:00,81aHJ1q11NBPMrL,1060.49,1036.59,6821.6,1.21534e+09
2020-05-24 16:00:00,oZZkBaNadn6DNKz,655.413,642.02,8584.2,1.70815e+09
2020-06-06 18:15:00,LlT2YUhhzqhg5Sw,55.3133,53.5333,4661.27,2.82735e+08
2020-06-10 02:15:00,Mx2yZCDsyf6DPfv,0,0,8042,2.65015e+06
2020-06-10 09:30:00,WcxssY2VbP4hApt,1016.72,992.693,1096.53,1.8187e+08
2020-05-29 07:00:00,PeE6FRyGXUgsRhN,132.633,129.06,91.2667,1.34844e+09
2020-05-16 01:45:00,Et9kgGMDl729KT4,0,0,0,1.7084e+06
2020-06-12 02:15:00,xoJJ8DcxJEcupym,0,0,3941,2.09301e+08
2020-06-15 10:15:00,4UPUqMRk7TRMgml,0,0,641,2.64218e+06
2020-05-23 02:30:00,81aHJ1q11NBPMrL,0,0,0,1.21532e+09
2020-05-16 09:00:00,PeE6FRyGXUgsRhN,832.353,814.593,1084.93,1.34836e+09
2020-06-12 04:30:00,xoJJ8DcxJEcupym,0,0,3941,2.09301e+08
2020-06-16 08:30:00,oZZkBaNadn6DNKz,501.6,491.753,545.267,1.70828e+09
2020-06-14 09:15:00,Quc1TzYxW2pYoWX,44.5267,43.6133,541.333,3.29634e+08
2020-06-16 12:15:00,mqwcsP2rE7J0TFp,566.167,554.913,3084.27,5.93808e+08
2020-05-31 10:30:00,Quc1TzYxW2pYoWX,772.021,755.743,1470.14,3.2958e+08
2020-05-19 12:45:00,4UPUqMRk7TRMgml,0,0,1508,2.45438e+06
2020-06-13 08:00:00,Quc1TzYxW2pYoWX,281.267,276.113,242.133,3.29628e+08
2020-05-21 16:45:00,xoJJ8DcxJEcupym,424.56,416.987,4180.47,2.09173e+08
2020-06-09 13:00:00,Quc1TzYxW2pYoWX,0,0,2081,3.29617e+08
2020-06-08 03:30:00,xoJJ8DcxJEcupym,0,0,7674,2.09277e+08
2020-05-15 22:30:00,LYwnQax7tkwH5Cb,0,0,8458,1.79497e+09
2020-06-16 06:00:00,oZZkBaNadn6DNKz,8,7.72,0.133333,1.70828e+09
2020-06-16 04:15:00,oZZkBaNadn6DNKz,0,0,0,1.70828e+09
2020-06-16 02:15:00,9kRcWv60rDACzjR,0,0,0,2.24791e+09
2020-05-29 18:30:00,V94E5Ben1TlhnDV,15.58,15.0533,8100.27,1.4122e+09
2020-06-14 17:45:00,oZ35aAeoifZaQzV,164.3,160.787,3281.4,1.66018e+09
2020-06-12 00:30:00,PeE6FRyGXUgsRhN,0,0,3834,1.34852e+09
2020-05-21 16:45:00,Quc1TzYxW2pYoWX,334.08,328.467,4641.07,3.29535e+08
2020-06-05 01:15:00,PeE6FRyGXUgsRhN,0,0,6168,1.34848e+09
2020-06-07 17:15:00,xMbIugepa2P7lBB,287.486,282.271,7585,1.06839e+08
2020-06-11 02:45:00,PeE6FRyGXUgsRhN,0,0,4003,1.34851e+09
2020-06-17 04:15:00,Quc1TzYxW2pYoWX,0,0,0,3.29642e+08
2020-05-15 19:30:00,rrq4fwE8jgrTyWY,0,0,5507,1.2097e+08
2020-05-16 20:15:00,Qf4GUc1pJu5T6c6,0,0,8028,8.38436e+08
2020-05-21 10:15:00,PeE6FRyGXUgsRhN,0,0,1574,1.34838e+09
2020-05-25 02:00:00,LYwnQax7tkwH5Cb,0,0,0,1.79501e+09
2020-06-14 19:00:00,4UPUqMRk7TRMgml,0,0,1868,2.64132e+06
2020-06-07 21:45:00,vOuJvMaM2sgwLmb,0,0,1910,2.36669e+06
2020-06-09 00:00:00,V94E5Ben1TlhnDV,0,0,0,1.41225e+09
2020-06-10 05:30:00,Et9kgGMDl729KT4,0,0,259.867,1.82587e+06
2020-05-18 07:45:00,mqwcsP2rE7J0TFp,61.3467,59.42,19.2,5.93604e+08
2020-05-20 18:45:00,mqwcsP2rE7J0TFp,0,0,9293,5.93628e+08
2020-06-01 13:45:00,Quc1TzYxW2pYoWX,88.28,85.74,3419.2,3.29588e+08
2020-06-13 01:30:00,IQ2d7wF4YD8zU1Q,0,0,4802,2.01583e+07
2020-06-05 22:00:00,WcxssY2VbP4hApt,0,0,3448,1.81851e+08
2020-06-06 20:30:00,PeE6FRyGXUgsRhN,0,0,2212,1.34849e+09
2020-06-04 04:45:00,oZZkBaNadn6DNKz,0,0,0,1.70821e+09
2020-06-03 18:00:00,oZZkBaNadn6DNKz,81.82,79.3933,4787.07,1.70821e+09
2020-06-02 06:30:00,xMbIugepa2P7lBB,111.447,108.427,32.8,1.06795e+08
2020-05-25 13:30:00,9kRcWv60rDACzjR,1168.18,1139.37,6002,2.24779e+09
2020-06-03 02:45:00,LYwnQax7tkwH5Cb,0,0,0,1.79506e+09
2020-05-18 02:15:00,oZ35aAeoifZaQzV,0,0,0,1.65999e+09
2020-06-13 22:00:00,oZ35aAeoifZaQzV,0,0,3472,1.66017e+09
2020-05-22 23:30:00,Mx2yZCDsyf6DPfv,0,0,9801,2.51638e+06
2020-06-08 06:45:00,Et9kgGMDl729KT4,128.913,125.613,52,1.81884e+06
2020-05-26 13:45:00,Qf4GUc1pJu5T6c6,1119.31,1091.96,6610.5,8.38511e+08
2020-06-07 02:00:00,mqwcsP2rE7J0TFp,0,0,0,5.93751e+08
2020-05-24 16:00:00,Et9kgGMDl729KT4,567.953,556.607,2799.47,1.74652e+06
2020-06-05 07:30:00,vOuJvMaM2sgwLmb,222.407,218.087,174.067,2.35328e+06
2020-06-05 08:15:00,V94E5Ben1TlhnDV,532.053,521.647,407,1.41223e+09
2020-05-18 15:45:00,WcxssY2VbP4hApt,516.747,506.813,7024,1.81727e+08
2020-05-26 13:00:00,oZ35aAeoifZaQzV,1276.88,1244.95,5769.6,1.66006e+09
2020-06-03 20:00:00,LlT2YUhhzqhg5Sw,0,0,4281,2.82724e+08
2020-05-21 04:00:00,WcxssY2VbP4hApt,0,0,0,1.81744e+08
2020-06-09 07:30:00,mqwcsP2rE7J0TFp,496.4,486.733,280.533,5.93768e+08
2020-05-22 03:15:00,oZZkBaNadn6DNKz,0,0,0,1.70812e+09
2020-06-04 01:15:00,mqwcsP2rE7J0TFp,0,0,0,5.93729e+08
2020-06-13 21:45:00,q49J1IKaHRwDQnt,0,0,6393,497789
2020-06-08 09:15:00,4UPUqMRk7TRMgml,708.692,693.708,1205.23,2.60258e+06
2020-06-10 09:15:00,81aHJ1q11NBPMrL,524.214,513.95,914.143,1.21544e+09
2020-05-15 00:45:00,IQ2d7wF4YD8zU1Q,0,0,0,1.99415e+07
2020-05-27 07:00:00,PeE6FRyGXUgsRhN,182.16,178.487,84.0667,1.34843e+09
2020-05-20 02:30:00,WcxssY2VbP4hApt,0,0,0,1.81735e+08
2020-06-05 18:15:00,Quc1TzYxW2pYoWX,33.6643,32.5357,3770.86,3.29606e+08
2020-05-16 01:00:00,q49J1IKaHRwDQnt,0,0,9096,349019
2020-05-16 23:00:00,mqwcsP2rE7J0TFp,0,0,7330.4,5.54024e+08
2020-05-25 06:15:00,Et9kgGMDl729KT4,51.7,50.0467,8.8,1.74714e+06
2020-06-08 09:45:00,Et9kgGMDl729KT4,0,0,1069,1.81985e+06
2020-05-30 08:15:00,xoJJ8DcxJEcupym,299.713,294.387,311.333,2.09229e+08
2020-05-19 23:30:00,vOuJvMaM2sgwLmb,0,0,6722,2.24376e+06
2020-05-22 17:30:00,4UPUqMRk7TRMgml,207.129,203.05,9790,2.4832e+06
2020-05-29 10:45:00,oZ35aAeoifZaQzV,986.927,965.04,2709.67,1.66008e+09
2020-05-15 16:45:00,V94E5Ben1TlhnDV,448.66,440.333,9161.6,1.41209e+09
2020-06-14 13:15:00,81aHJ1q11NBPMrL,1258.79,1227.86,4879.87,1.21547e+09
2020-05-30 16:15:00,xMbIugepa2P7lBB,624.947,612.273,7466.8,1.06784e+08
2020-05-20 17:30:00,WcxssY2VbP4hApt,244.813,240.053,9365.93,1.81744e+08
2020-06-10 09:00:00,Mx2yZCDsyf6DPfv,506.521,496.75,792.071,2.65094e+06
2020-06-07 13:30:00,Mx2yZCDsyf6DPfv,1092.33,1066.21,5320.93,2.63043e+06
2020-06-01 06:30:00,Quc1TzYxW2pYoWX,60.7667,58.82,13.6667,3.29584e+08
2020-06-05 03:45:00,Mx2yZCDsyf6DPfv,0,0,6981,2.60907e+06
2020-06-08 21:15:00,IQ2d7wF4YD8zU1Q,0,0,9265,2.01358e+07
2020-05-23 00:30:00,oZ35aAeoifZaQzV,0,0,0,1.66003e+09
2020-05-15 04:00:00,81aHJ1q11NBPMrL,0,0,0,1.21528e+09
2020-05-30 02:45:00,oZZkBaNadn6DNKz,0,0,0,1.70819e+09
2020-06-02 06:45:00,NgDl19wMapZy17u,239.087,234.453,76.2,1.11649e+08
2020-05-29 06:00:00,WcxssY2VbP4hApt,19.2933,18.6267,1.4,1.69687e+08
2020-06-11 05:15:00,vOuJvMaM2sgwLmb,0,0,5480,2.38903e+06
2020-05-23 06:45:00,oZ35aAeoifZaQzV,147.5,144.013,55.0667,1.66003e+09
2020-06-01 00:45:00,oZ35aAeoifZaQzV,0,0,0,1.6601e+09
2020-06-11 10:00:00,xoJJ8DcxJEcupym,458.107,449.553,821.6,2.09298e+08
2020-05-20 03:00:00,V94E5Ben1TlhnDV,0,0,0,1.41212e+09
2020-06-05 22:45:00,LlT2YUhhzqhg5Sw,0,0,3053,2.8273e+08
2020-06-12 15:00:00,WcxssY2VbP4hApt,692.96,678.673,3737.53,1.8188e+08
2020-06-08 16:45:00,xoJJ8DcxJEcupym,424.993,417.147,8672.13,2.09285e+08
2020-05-31 07:45:00,oZZkBaNadn6DNKz,169.073,165.367,196.467,1.70819e+09
2020-06-13 19:30:00,Et9kgGMDl729KT4,0,0,5929,1.84129e+06
2020-05-26 14:30:00,4UPUqMRk7TRMgml,1103.44,1078.35,7499.4,2.51432e+06
2020-05-19 13:15:00,LlT2YUhhzqhg5Sw,1288.08,1256.07,4683.87,2.82626e+08
2020-06-13 11:30:00,PeE6FRyGXUgsRhN,895.6,875.833,2019.67,1.34852e+09
2020-06-02 02:30:00,81aHJ1q11NBPMrL,0,0,0,1.2154e+09
2020-06-16 13:00:00,NgDl19wMapZy17u,922.933,902.76,3620.27,1.1174e+08
2020-06-16 09:00:00,4UPUqMRk7TRMgml,568.84,557.487,607.8,2.64465e+06
2020-06-12 13:15:00,9kRcWv60rDACzjR,685.16,670.74,2547.07,2.24789e+09
2020-05-16 06:30:00,q49J1IKaHRwDQnt,86.4067,83.86,23.9333,349043
2020-06-11 21:00:00,Mx2yZCDsyf6DPfv,0,0,3945,2.65966e+06
2020-06-03 02:15:00,WcxssY2VbP4hApt,0,0,0,1.81838e+08
2020-05-18 15:45:00,LYwnQax7tkwH5Cb,498.54,489.127,2848.2,1.79498e+09
2020-05-21 19:45:00,oZZkBaNadn6DNKz,0,0,4934,1.70812e+09
2020-05-26 01:30:00,vOuJvMaM2sgwLmb,0,0,0,2.28725e+06
2020-06-07 14:15:00,V94E5Ben1TlhnDV,0,0,1104,1.41224e+09
2020-06-16 22:30:00,xoJJ8DcxJEcupym,0,0,5327,2.09331e+08
2020-05-31 01:45:00,Qf4GUc1pJu5T6c6,0,0,0,8.38544e+08
2020-05-15 17:45:00,mqwcsP2rE7J0TFp,39.8467,38.52,9426.33,5.93589e+08
2020-05-18 14:45:00,81aHJ1q11NBPMrL,978.847,957.213,2066.27,1.21529e+09
2020-05-16 21:00:00,LlT2YUhhzqhg5Sw,0,0,7542,2.8261e+08
2020-05-20 23:00:00,Mx2yZCDsyf6DPfv,0,0,9378,2.49752e+06
2020-06-11 05:15:00,xMbIugepa2P7lBB,0,0,5523,1.06861e+08
2020-05-27 07:15:00,4UPUqMRk7TRMgml,256.533,251.6,142.133,2.51647e+06
2020-06-15 19:00:00,NgDl19wMapZy17u,0,0,6245,1.11736e+08
2020-06-07 23:45:00,LYwnQax7tkwH5Cb,0,0,2070,1.79507e+09
2020-06-16 07:00:00,Quc1TzYxW2pYoWX,141.2,137.579,65.2857,3.29638e+08
2020-05-28 00:45:00,Mx2yZCDsyf6DPfv,0,0,0,2.55878e+06
2020-06-04 17:45:00,4UPUqMRk7TRMgml,123.64,120.247,6936.47,2.57735e+06
2020-05-26 16:00:00,81aHJ1q11NBPMrL,0,0,0,0
2020-05-15 15:45:00,mqwcsP2rE7J0TFp,739.653,724.227,8703.8,5.93589e+08
2020-05-18 02:30:00,9kRcWv60rDACzjR,0,0,0,2.24774e+09
2020-05-24 16:45:00,Quc1TzYxW2pYoWX,330.45,324.821,4573.14,3.29548e+08
2020-06-12 18:00:00,mqwcsP2rE7J0TFp,65.1,63.08,4723.33,5.93787e+08
2020-06-11 19:00:00,oZ35aAeoifZaQzV,0,0,3963,1.66016e+09
2020-05-30 22:00:00,V94E5Ben1TlhnDV,0,0,5288,1.41221e+09
2020-06-02 04:15:00,LlT2YUhhzqhg5Sw,0,0,0,2.82716e+08
2020-05-16 23:00:00,oZ35aAeoifZaQzV,0,0,8062,1.65998e+09
2020-05-29 05:15:00,Et9kgGMDl729KT4,0,0,0,1.779e+06
2020-06-02 09:30:00,V94E5Ben1TlhnDV,614.573,602.213,1368.27,1.41222e+09
2020-06-07 05:30:00,vOuJvMaM2sgwLmb,0,0,549.933,2.36478e+06
2020-05-19 02:45:00,xMbIugepa2P7lBB,0,0,7696,1.06689e+08
2020-05-19 01:00:00,PeE6FRyGXUgsRhN,0,0,0,1.34838e+09
2020-06-01 23:45:00,vOuJvMaM2sgwLmb,0,0,3412.8,2.33747e+06
2020-05-29 08:30:00,4UPUqMRk7TRMgml,697.327,682.907,531.467,2.53009e+06
2020-06-15 17:00:00,LYwnQax7tkwH5Cb,227.607,223.1,5445.2,1.79511e+09
2020-06-01 06:00:00,rrq4fwE8jgrTyWY,3.24667,3.12667,0,1.21061e+08
2020-05-30 04:00:00,IQ2d7wF4YD8zU1Q,0,0,0,2.00631e+07
2020-05-20 23:45:00,V94E5Ben1TlhnDV,0,0,4310.6,1.41213e+09
2020-05-25 00:30:00,81aHJ1q11NBPMrL,0,0,0,0
2020-05-21 14:30:00,oZZkBaNadn6DNKz,1078.7,1054.29,2968.86,1.70812e+09
2020-06-12 12:15:00,oZZkBaNadn6DNKz,622.371,609.757,2141.29,1.70826e+09
2020-06-08 20:45:00,V94E5Ben1TlhnDV,0,0,9145,1.41225e+09
2020-05-22 00:30:00,xoJJ8DcxJEcupym,0,0,0,2.09173e+08
2020-06-02 18:45:00,xMbIugepa2P7lBB,1.26,1.21333,7137.87,1.06802e+08
2020-05-31 02:00:00,xMbIugepa2P7lBB,0,0,8093,1.06784e+08
2020-05-17 23:15:00,xMbIugepa2P7lBB,0,0,7087,1.06681e+08
2020-06-04 12:45:00,LYwnQax7tkwH5Cb,0,0,1420,1.79506e+09
2020-05-27 01:00:00,oZ35aAeoifZaQzV,0,0,0,1.66006e+09
2020-05-20 15:45:00,Qf4GUc1pJu5T6c6,808.357,791.207,8633.21,8.38461e+08
2020-06-06 08:30:00,NgDl19wMapZy17u,629.414,616.657,525.714,1.11676e+08
2020-06-11 14:00:00,xoJJ8DcxJEcupym,566.013,554.807,2872,2.093e+08
2020-06-01 07:15:00,81aHJ1q11NBPMrL,230.847,226.28,99.0667,1.21539e+09
2020-06-07 16:45:00,LlT2YUhhzqhg5Sw,201.807,197.9,7444.57,2.82742e+08
2020-06-01 03:00:00,PeE6FRyGXUgsRhN,0,0,0,1.34846e+09
2020-06-06 19:15:00,LlT2YUhhzqhg5Sw,0,0,4674,2.82735e+08
2020-06-14 07:45:00,mqwcsP2rE7J0TFp,459.513,450.64,347.267,5.93793e+08
2020-06-07 19:15:00,q49J1IKaHRwDQnt,0,0,2786,471251
2020-05-19 04:30:00,Qf4GUc1pJu5T6c6,0,0,0,8.38451e+08
2020-06-12 02:15:00,81aHJ1q11NBPMrL,0,0,0,1.21545e+09
2020-06-17 11:15:00,PeE6FRyGXUgsRhN,338.273,331.96,1312.27,1.34855e+09
2020-06-16 09:30:00,4UPUqMRk7TRMgml,591.729,579.829,859.857,2.6449e+06
2020-06-16 16:15:00,IQ2d7wF4YD8zU1Q,374.247,367.527,5346.73,2.01806e+07
2020-05-15 22:15:00,q49J1IKaHRwDQnt,0,0,9096,349019
2020-06-06 10:45:00,LYwnQax7tkwH5Cb,0,0,2212,1.79507e+09
2020-05-22 01:45:00,9kRcWv60rDACzjR,0,0,0,2.24777e+09
2020-06-02 12:15:00,xoJJ8DcxJEcupym,0,0,2448,2.09247e+08
2020-06-04 17:30:00,Qf4GUc1pJu5T6c6,148.827,145.293,6817.73,8.38575e+08
2020-06-04 21:45:00,rrq4fwE8jgrTyWY,0,0,6643,1.21079e+08
2020-05-21 13:45:00,LYwnQax7tkwH5Cb,1106.14,1080.96,2128.5,1.79499e+09
2020-06-16 22:00:00,Quc1TzYxW2pYoWX,0,0,4430,3.29642e+08
2020-06-17 02:15:00,oZ35aAeoifZaQzV,0,0,0,1.66018e+09
2020-06-16 18:00:00,rrq4fwE8jgrTyWY,34.6286,33.4714,5149.36,1.21127e+08
2020-05-21 08:00:00,4UPUqMRk7TRMgml,497.813,488.227,436.133,2.4647e+06
2020-05-16 13:30:00,Qf4GUc1pJu5T6c6,1214.52,1184.33,5995.33,8.38434e+08
2020-05-30 22:45:00,9kRcWv60rDACzjR,0,0,7985,2.24783e+09
2020-05-16 22:45:00,oZZkBaNadn6DNKz,0,0,6259,1.7081e+09
2020-06-15 11:00:00,PeE6FRyGXUgsRhN,0,0,1144,1.34854e+09
2020-06-02 03:45:00,Mx2yZCDsyf6DPfv,0,0,0,2.58992e+06
2020-06-09 23:00:00,PeE6FRyGXUgsRhN,0,0,6456,1.34851e+09
2020-05-15 21:30:00,LYwnQax7tkwH5Cb,0,0,8458,1.79497e+09
2020-06-04 22:15:00,WcxssY2VbP4hApt,0,0,3834,1.81848e+08
2020-05-15 03:45:00,LYwnQax7tkwH5Cb,0,0,0,1.79496e+09
2020-06-02 04:15:00,mqwcsP2rE7J0TFp,0,0,0,5.93717e+08
2020-06-14 13:45:00,Qf4GUc1pJu5T6c6,0,0,938,8.38634e+08
2020-06-13 23:30:00,q49J1IKaHRwDQnt,0,0,6393,497789
2020-05-19 20:00:00,rrq4fwE8jgrTyWY,0,0,3792,1.2099e+08
2020-06-04 00:00:00,LlT2YUhhzqhg5Sw,0,0,1141.6,2.82724e+08
2020-05-16 21:00:00,9kRcWv60rDACzjR,0,0,7678,2.24774e+09
2020-05-31 11:30:00,xMbIugepa2P7lBB,977.886,956.214,2668.93,1.06787e+08
2020-05-25 00:15:00,PeE6FRyGXUgsRhN,0,0,0,1.34841e+09
2020-05-30 10:00:00,Mx2yZCDsyf6DPfv,823.04,805.46,1171.33,2.57192e+06
2020-06-13 07:00:00,4UPUqMRk7TRMgml,199.987,196.04,1243,2.63287e+06
2020-05-18 13:15:00,q49J1IKaHRwDQnt,0,0,3179,361458
2020-06-08 16:30:00,vOuJvMaM2sgwLmb,508.027,497.833,8478.07,2.37517e+06
2020-06-02 08:00:00,4UPUqMRk7TRMgml,522.02,511.727,504.533,2.5574e+06
2020-06-08 14:00:00,81aHJ1q11NBPMrL,1170.03,1141.38,6346.93,1.21543e+09
2020-06-13 09:00:00,WcxssY2VbP4hApt,677.527,663.233,821.067,1.81882e+08
2020-05-19 23:00:00,q49J1IKaHRwDQnt,0,0,2825,365265
2020-05-21 10:15:00,4UPUqMRk7TRMgml,1179.57,1150.37,2001.73,2.46627e+06
2020-05-31 02:45:00,NgDl19wMapZy17u,0,0,0,1.11638e+08
2020-06-06 10:30:00,WcxssY2VbP4hApt,1219.96,1189.86,2543.67,1.81854e+08
2020-05-22 23:45:00,V94E5Ben1TlhnDV,0,0,3952.67,1.41214e+09
2020-06-13 01:00:00,rrq4fwE8jgrTyWY,0,0,4455,1.21105e+08
2020-06-02 08:15:00,LYwnQax7tkwH5Cb,458.28,449.72,605.133,1.79505e+09
2020-06-09 06:30:00,q49J1IKaHRwDQnt,78.7429,76.3571,22.5714,474060
2020-05-19 07:45:00,LYwnQax7tkwH5Cb,448.007,439.613,347.333,1.79498e+09
2020-05-18 11:30:00,q49J1IKaHRwDQnt,1090.35,1065.61,2536.8,360816
2020-05-31 13:15:00,V94E5Ben1TlhnDV,1255.17,1223.97,4438.27,1.41221e+09
2020-05-22 16:30:00,vOuJvMaM2sgwLmb,542.093,531.236,2745.57,2.26496e+06
2020-06-09 02:15:00,LlT2YUhhzqhg5Sw,0,0,2841,2.82746e+08
2020-06-02 17:15:00,mqwcsP2rE7J0TFp,405.287,398.193,6933.73,5.93724e+08
2020-06-05 08:45:00,vOuJvMaM2sgwLmb,665.94,652.013,762.2,2.35387e+06
2020-06-02 04:15:00,4UPUqMRk7TRMgml,0,0,0,2.5569e+06
2020-05-18 04:15:00,81aHJ1q11NBPMrL,0,0,0,1.21529e+09
2020-05-20 15:00:00,WcxssY2VbP4hApt,978.66,957.007,7977.33,1.81743e+08
2020-06-03 20:30:00,PeE6FRyGXUgsRhN,0,0,3540,1.34847e+09
2020-05-22 08:30:00,LYwnQax7tkwH5Cb,702.767,688.247,774.533,1.79499e+09
2020-05-23 03:30:00,rrq4fwE8jgrTyWY,0,0,0,1.21011e+08
2020-06-04 15:15:00,LlT2YUhhzqhg5Sw,486.967,477.453,2076.73,2.82726e+08
2020-06-15 05:00:00,oZ35aAeoifZaQzV,0,0,3347,1.66018e+09
2020-06-09 16:00:00,81aHJ1q11NBPMrL,670.8,657.036,3951.64,1.21544e+09
2020-06-02 08:30:00,Qf4GUc1pJu5T6c6,574.34,562.867,766.133,8.38555e+08
2020-05-26 19:30:00,q49J1IKaHRwDQnt,0,0,4080,405907
2020-05-30 02:30:00,Et9kgGMDl729KT4,0,0,0,1.7833e+06
2020-05-24 05:45:00,9kRcWv60rDACzjR,0,0,0,2.24778e+09
2020-05-24 00:30:00,oZ35aAeoifZaQzV,0,0,0,1.66004e+09
2020-05-15 07:00:00,NgDl19wMapZy17u,306.74,301.353,97.6,1.11513e+08
2020-06-14 03:30:00,4UPUqMRk7TRMgml,0,0,6289,2.63915e+06
2020-06-15 14:45:00,NgDl19wMapZy17u,589.079,577.221,5171.93,1.11735e+08
2020-06-13 05:45:00,rrq4fwE8jgrTyWY,0,0,0,1.21105e+08
2020-05-18 03:30:00,Quc1TzYxW2pYoWX,0,0,3548,3.29523e+08
2020-05-21 13:45:00,WcxssY2VbP4hApt,1181.46,1152.24,6334.13,1.81751e+08
2020-06-17 18:45:00,IQ2d7wF4YD8zU1Q,3.48667,3.36,4251,2.01851e+07
2020-05-23 06:30:00,xoJJ8DcxJEcupym,89.7133,87.0933,25.2667,2.09177e+08
2020-05-22 10:45:00,rrq4fwE8jgrTyWY,1174.78,1145.41,2886.53,1.21004e+08
2020-05-15 21:15:00,4UPUqMRk7TRMgml,0,0,4201,2.43321e+06
2020-06-02 19:45:00,PeE6FRyGXUgsRhN,0,0,6016,1.34847e+09
2020-06-12 22:00:00,Quc1TzYxW2pYoWX,0,0,3668,3.29628e+08
2020-05-21 10:00:00,q49J1IKaHRwDQnt,0,0,0,148430
2020-05-21 09:15:00,oZZkBaNadn6DNKz,787.34,770.5,1299.73,1.70812e+09
2020-06-09 16:30:00,4UPUqMRk7TRMgml,615.833,603.38,7695.67,2.6183e+06
2020-06-17 20:30:00,Quc1TzYxW2pYoWX,0,0,3702,3.29646e+08
2020-06-15 23:45:00,vOuJvMaM2sgwLmb,0,0,6274,2.41784e+06
2020-05-26 02:45:00,81aHJ1q11NBPMrL,0,0,0,1.21535e+09
2020-05-25 05:30:00,rrq4fwE8jgrTyWY,0,0,0,1.21018e+08
2020-05-25 14:30:00,4UPUqMRk7TRMgml,1060.72,1036.8,7376,2.50498e+06
2020-05-19 05:00:00,NgDl19wMapZy17u,0,0,0,1.11545e+08
2020-06-16 18:30:00,vOuJvMaM2sgwLmb,12.4,11.9667,5531.67,2.42337e+06
2020-05-30 11:45:00,WcxssY2VbP4hApt,859.793,838.8,1989.87,1.21212e+08
2020-06-06 15:30:00,Et9kgGMDl729KT4,510.98,500.433,1194.47,1.81513e+06
2020-05-30 23:30:00,PeE6FRyGXUgsRhN,0,0,4061,1.34845e+09
2020-05-16 16:30:00,q49J1IKaHRwDQnt,182.093,178.22,3436.87,352456
2020-06-16 08:00:00,LlT2YUhhzqhg5Sw,360.507,354.353,317.133,2.8278e+08
2020-06-12 21:45:00,oZ35aAeoifZaQzV,0,0,4607,1.66017e+09
2020-06-16 01:15:00,oZ35aAeoifZaQzV,0,0,2711,1.66018e+09
2020-06-15 18:00:00,IQ2d7wF4YD8zU1Q,95.38,92.64,6260.27,2.01752e+07
2020-06-10 23:45:00,oZZkBaNadn6DNKz,0,0,5096,1.70826e+09
2020-05-15 11:45:00,81aHJ1q11NBPMrL,0,0,1645,1.21528e+09
2020-05-18 11:45:00,Quc1TzYxW2pYoWX,0,0,1034,3.29524e+08
2020-06-17 23:15:00,9kRcWv60rDACzjR,0,0,4197,2.24792e+09
2020-06-13 13:45:00,rrq4fwE8jgrTyWY,407.867,400.387,3911,1.21109e+08
2020-05-26 17:15:00,Qf4GUc1pJu5T6c6,171.333,167.933,9299.73,8.38514e+08
2020-05-31 17:00:00,Quc1TzYxW2pYoWX,84.5,82.0067,5329.8,3.29584e+08
2020-06-15 16:30:00,IQ2d7wF4YD8zU1Q,372.764,365.843,5942.57,2.01749e+07
2020-06-06 01:45:00,81aHJ1q11NBPMrL,0,0,0,1.21542e+09
2020-05-28 03:00:00,LlT2YUhhzqhg5Sw,0,0,0,2.82682e+08
2020-06-07 13:00:00,81aHJ1q11NBPMrL,0,0,1079,1.21543e+09
2020-05-23 09:30:00,V94E5Ben1TlhnDV,995.36,973.3,1635.8,1.41214e+09
2020-06-14 04:30:00,Mx2yZCDsyf6DPfv,0,0,3202,2.66744e+06
2020-05-29 06:45:00,9kRcWv60rDACzjR,125.9,122.473,59.8667,2.24782e+09
2020-05-27 02:45:00,Quc1TzYxW2pYoWX,0,0,7269,3.29559e+08
2020-06-04 05:15:00,q49J1IKaHRwDQnt,0,0,4387,456261
2020-05-18 04:45:00,IQ2d7wF4YD8zU1Q,0,0,0,1.99663e+07
2020-06-05 19:30:00,rrq4fwE8jgrTyWY,0,0,2964,1.21082e+08
2020-05-27 22:30:00,81aHJ1q11NBPMrL,0,0,9138,1.21536e+09
2020-06-12 13:30:00,Quc1TzYxW2pYoWX,38.8,38.02,2071.4,3.29626e+08
2020-05-28 10:15:00,Et9kgGMDl729KT4,1057.6,1033.78,2184.73,1.77321e+06
2020-06-09 03:45:00,Quc1TzYxW2pYoWX,0,0,3027,3.29615e+08
2020-05-24 09:15:00,oZZkBaNadn6DNKz,906.173,886.473,1330.2,1.70814e+09
2020-06-17 07:00:00,rrq4fwE8jgrTyWY,60.1,58.16,38.0667,1.21127e+08
2020-05-27 02:30:00,V94E5Ben1TlhnDV,0,0,0,1.41218e+09
2020-06-08 05:15:00,V94E5Ben1TlhnDV,0,0,0,1.41224e+09
2020-06-15 05:30:00,IQ2d7wF4YD8zU1Q,0,0,0,2.01689e+07
2020-05-22 12:00:00,Qf4GUc1pJu5T6c6,1322.17,1289.11,4724.4,8.38476e+08
2020-05-30 00:15:00,4UPUqMRk7TRMgml,0,0,8126,2.53768e+06
2020-05-23 18:45:00,q49J1IKaHRwDQnt,0,0,3254,386758
2020-05-15 14:45:00,vOuJvMaM2sgwLmb,1011.88,988.86,7989.4,2.21995e+06
2020-06-07 01:00:00,WcxssY2VbP4hApt,0,0,8383,1.8186e+08
2020-06-08 21:15:00,oZ35aAeoifZaQzV,0,0,4435,1.66015e+09
2020-05-15 11:15:00,WcxssY2VbP4hApt,1298.84,1266.37,3824.36,1.81699e+08
2020-06-02 03:15:00,NgDl19wMapZy17u,0,0,0,1.11649e+08
2020-05-15 05:00:00,Qf4GUc1pJu5T6c6,0,0,0,8.38421e+08
2020-05-19 12:30:00,Qf4GUc1pJu5T6c6,0,0,1470,8.38452e+08
2020-06-05 00:30:00,xoJJ8DcxJEcupym,0,0,6168,2.09259e+08
2020-05-25 01:30:00,81aHJ1q11NBPMrL,0,0,0,0
2020-06-10 02:30:00,xoJJ8DcxJEcupym,0,0,6993,2.09293e+08
2020-06-05 08:00:00,xMbIugepa2P7lBB,312.453,306.873,303.333,1.06815e+08
2020-05-30 10:00:00,mqwcsP2rE7J0TFp,790.727,773.68,1157.73,5.93699e+08
2020-06-07 22:15:00,WcxssY2VbP4hApt,0,0,1950,1.81862e+08
2020-06-14 01:45:00,Qf4GUc1pJu5T6c6,0,0,3544,8.38633e+08
2020-06-06 09:45:00,Et9kgGMDl729KT4,0,0,717,1.81465e+06
2020-06-05 08:45:00,xoJJ8DcxJEcupym,697.086,682.557,741.429,2.0926e+08
2020-05-30 14:00:00,xMbIugepa2P7lBB,1147.89,1120.65,5440.13,1.06782e+08
2020-05-27 08:15:00,Qf4GUc1pJu5T6c6,595.327,583.347,552.733,8.38514e+08
2020-06-13 11:00:00,xoJJ8DcxJEcupym,594.447,579.793,756.067,1.39538e+08
2020-06-15 06:45:00,oZ35aAeoifZaQzV,127.721,124.25,48.8571,1.66018e+09
2020-06-08 02:15:00,4UPUqMRk7TRMgml,0,0,7304.27,2.42794e+06
2020-05-20 17:00:00,oZ35aAeoifZaQzV,328.014,322.186,9255.93,1.66001e+09
2020-05-26 17:15:00,LYwnQax7tkwH5Cb,163.24,159.88,3776.47,1.79502e+09
2020-06-10 11:45:00,LlT2YUhhzqhg5Sw,673.993,658.093,1616.13,2.45052e+08
2020-05-18 18:30:00,xoJJ8DcxJEcupym,5.35714,5.17143,4242.79,2.0916e+08
2020-05-29 17:15:00,xMbIugepa2P7lBB,331.667,325.867,7917.4,1.06776e+08
2020-05-30 17:00:00,xoJJ8DcxJEcupym,382.093,375.487,4849.4,2.09233e+08
2020-06-04 12:15:00,q49J1IKaHRwDQnt,943.3,921.207,2532.33,458793
2020-05-30 04:00:00,mqwcsP2rE7J0TFp,0,0,0,5.93698e+08
2020-05-26 07:00:00,9kRcWv60rDACzjR,199.707,195.78,94.8,2.2478e+09
2020-06-08 08:30:00,xoJJ8DcxJEcupym,642.064,628.936,746.214,2.09277e+08
2020-05-21 17:00:00,Et9kgGMDl729KT4,326.8,321.14,6443.73,1.73533e+06
2020-06-14 20:00:00,mqwcsP2rE7J0TFp,0,0,5937,5.93799e+08
2020-05-26 03:30:00,4UPUqMRk7TRMgml,0,0,0,2.50682e+06
2020-06-11 19:15:00,rrq4fwE8jgrTyWY,0,0,3650,1.21101e+08
2020-06-01 03:45:00,oZ35aAeoifZaQzV,0,0,0,1.6601e+09
2020-06-16 00:15:00,Quc1TzYxW2pYoWX,0,0,0,3.29638e+08
2020-06-17 08:15:00,q49J1IKaHRwDQnt,180.94,177.353,191.667,516793
2020-06-16 05:15:00,Qf4GUc1pJu5T6c6,0,0,2231,8.38637e+08
2020-05-20 21:15:00,Mx2yZCDsyf6DPfv,0,0,9378,2.49752e+06
2020-05-18 15:15:00,xoJJ8DcxJEcupym,628.72,615.9,3409.53,2.09159e+08
2020-05-25 03:00:00,xoJJ8DcxJEcupym,0,0,0,2.09196e+08
2020-05-25 01:45:00,LlT2YUhhzqhg5Sw,0,0,0,2.82655e+08
2020-05-28 19:15:00,Et9kgGMDl729KT4,0,0,7975,1.779e+06
2020-06-13 10:15:00,vOuJvMaM2sgwLmb,474.38,464.647,1291.73,2.39901e+06
2020-06-02 09:00:00,vOuJvMaM2sgwLmb,733.879,718.4,1072.57,2.33855e+06
2020-06-11 18:00:00,WcxssY2VbP4hApt,72.9571,70.7286,3927.86,1.81877e+08
2020-05-18 06:45:00,oZZkBaNadn6DNKz,0,0,0,1.7081e+09
2020-06-01 20:00:00,9kRcWv60rDACzjR,0,0,4163,2.24784e+09
2020-06-10 03:15:00,LYwnQax7tkwH5Cb,0,0,3308,1.79508e+09
2020-05-25 06:30:00,Et9kgGMDl729KT4,107.136,104.15,27,1.74716e+06
2020-05-17 09:00:00,vOuJvMaM2sgwLmb,736.933,721.307,900.6,2.22733e+06
2020-06-05 18:45:00,V94E5Ben1TlhnDV,0,0,7336,1.41224e+09
2020-06-11 17:00:00,PeE6FRyGXUgsRhN,118.567,115.3,3728,1.34852e+09
2020-06-11 06:45:00,oZZkBaNadn6DNKz,34.9071,33.7357,12,1.70826e+09
2020-06-08 04:15:00,WcxssY2VbP4hApt,0,0,1950,1.81862e+08
2020-05-29 01:00:00,WcxssY2VbP4hApt,0,0,0,1.81807e+08
2020-06-14 17:15:00,81aHJ1q11NBPMrL,220.527,216.207,7401.27,1.21547e+09
2020-06-10 00:45:00,mqwcsP2rE7J0TFp,0,0,0,5.93776e+08
2020-06-04 15:30:00,WcxssY2VbP4hApt,476.4,467.44,3076.93,1.81847e+08
2020-06-15 06:15:00,Et9kgGMDl729KT4,30.6733,29.6333,5.53333,1.84334e+06
2020-05-22 21:30:00,Quc1TzYxW2pYoWX,0,0,3687,3.29539e+08
2020-06-02 22:15:00,V94E5Ben1TlhnDV,0,0,6193,1.41222e+09
2020-06-02 00:15:00,4UPUqMRk7TRMgml,0,0,4338,2.5569e+06
2020-05-15 11:30:00,rrq4fwE8jgrTyWY,0,0,2300,1.20966e+08
2020-05-24 00:15:00,V94E5Ben1TlhnDV,0,0,0,1.41215e+09
2020-06-13 16:15:00,oZZkBaNadn6DNKz,614.771,602.036,5859.29,1.70827e+09
2020-06-03 00:45:00,xoJJ8DcxJEcupym,0,0,3131.43,2.0925e+08
2020-06-01 08:15:00,NgDl19wMapZy17u,309.493,304.04,334.4,1.11645e+08
2020-05-31 11:00:00,PeE6FRyGXUgsRhN,618.857,606.321,2174,1.34845e+09
2020-06-04 17:15:00,oZ35aAeoifZaQzV,207.64,203.567,3606.27,1.66012e+09
2020-06-01 22:00:00,vOuJvMaM2sgwLmb,0,0,4266,2.33747e+06
2020-05-24 02:00:00,PeE6FRyGXUgsRhN,0,0,0,1.3484e+09
2020-05-26 05:15:00,WcxssY2VbP4hApt,0,0,0,1.81784e+08
2020-05-23 11:45:00,Mx2yZCDsyf6DPfv,1292.35,1260.03,4275.4,2.52065e+06
2020-05-22 23:45:00,LlT2YUhhzqhg5Sw,0,0,5052,2.82642e+08
2020-06-03 23:45:00,mqwcsP2rE7J0TFp,0,0,5344,5.93729e+08
2020-05-19 15:00:00,V94E5Ben1TlhnDV,559.987,548.813,6447.53,1.41212e+09
2020-06-08 10:30:00,Et9kgGMDl729KT4,0,0,1069,1.81985e+06
2020-06-07 05:45:00,oZ35aAeoifZaQzV,0,0,0,1.66013e+09
2020-05-19 15:30:00,mqwcsP2rE7J0TFp,189.647,185.687,6585.6,5.93619e+08
2020-05-29 15:30:00,Qf4GUc1pJu5T6c6,859.233,840.78,6946.27,8.38534e+08
2020-05-29 11:45:00,9kRcWv60rDACzjR,0,0,2691,2.24782e+09
2020-06-15 08:00:00,vOuJvMaM2sgwLmb,494.536,484.7,390,2.41195e+06
2020-06-07 04:00:00,WcxssY2VbP4hApt,0,0,8383,1.8186e+08
2020-06-02 11:30:00,Mx2yZCDsyf6DPfv,1288.22,1256.01,2529.93,2.59262e+06
2020-05-27 17:45:00,LlT2YUhhzqhg5Sw,139.293,135.767,9025.6,2.82682e+08
2020-05-19 03:30:00,Et9kgGMDl729KT4,0,0,0,1.72181e+06
2020-05-24 19:30:00,4UPUqMRk7TRMgml,0,0,4635,2.4976e+06
2020-06-17 13:45:00,V94E5Ben1TlhnDV,57.2467,56.02,599.133,2.82458e+08
2020-06-05 23:15:00,LYwnQax7tkwH5Cb,0,0,2878,1.79507e+09
2020-05-29 10:00:00,xoJJ8DcxJEcupym,133.247,130.287,1788.8,2.09225e+08
2020-06-14 18:00:00,vOuJvMaM2sgwLmb,104,101.086,7430.57,2.41153e+06
2020-06-17 08:45:00,Qf4GUc1pJu5T6c6,278.24,272.913,304.933,8.38643e+08
2020-06-09 04:30:00,Qf4GUc1pJu5T6c6,0,0,9056,8.38607e+08
2020-05-24 00:45:00,vOuJvMaM2sgwLmb,0,0,0,2.27493e+06
2020-05-24 16:00:00,WcxssY2VbP4hApt,661.3,647.779,8668,1.81774e+08
2020-06-16 12:45:00,Qf4GUc1pJu5T6c6,870.507,851.727,3003.13,8.3864e+08
2020-06-14 16:00:00,oZ35aAeoifZaQzV,455.813,447.293,2762.73,1.66018e+09
2020-05-21 12:30:00,9kRcWv60rDACzjR,1290.32,1258.06,4540.07,2.24777e+09
2020-06-03 11:30:00,V94E5Ben1TlhnDV,501.64,490.04,2093.67,1.41222e+09
2020-05-15 19:30:00,xMbIugepa2P7lBB,0,0,9465,1.06666e+08
2020-06-14 17:30:00,mqwcsP2rE7J0TFp,176.18,172.647,5834.93,5.93799e+08
2020-05-23 02:00:00,vOuJvMaM2sgwLmb,0,0,0,2.2654e+06
2020-05-15 11:15:00,IQ2d7wF4YD8zU1Q,1305.34,1272.71,3785.07,1.99453e+07
2020-05-21 16:15:00,rrq4fwE8jgrTyWY,518.043,507.843,4133.79,1.21001e+08
2020-05-20 02:45:00,V94E5Ben1TlhnDV,0,0,0,1.41212e+09
2020-06-06 03:30:00,9kRcWv60rDACzjR,0,0,0,2.24786e+09
2020-06-08 11:30:00,9kRcWv60rDACzjR,0,0,1909,2.24787e+09
2020-06-10 00:15:00,mqwcsP2rE7J0TFp,0,0,0,5.93776e+08
2020-06-17 10:30:00,NgDl19wMapZy17u,454.56,446.06,964,1.11743e+08
2020-06-01 02:30:00,Mx2yZCDsyf6DPfv,0,0,0,2.58558e+06
2020-05-31 17:00:00,V94E5Ben1TlhnDV,102.371,99.4786,6513.29,1.41221e+09
2020-05-29 00:45:00,Mx2yZCDsyf6DPfv,0,0,0,2.5625e+06
2020-06-09 13:45:00,Qf4GUc1pJu5T6c6,821.44,803.913,5750.6,8.38613e+08
2020-05-17 06:45:00,oZZkBaNadn6DNKz,44.1133,42.66,20.6,1.7081e+09
2020-06-07 16:45:00,Et9kgGMDl729KT4,173.047,169.613,2260,1.81849e+06
2020-06-10 00:45:00,oZZkBaNadn6DNKz,0,0,0,1.70825e+09
2020-06-12 03:15:00,xMbIugepa2P7lBB,0,0,3850,1.06865e+08
2020-05-30 03:00:00,PeE6FRyGXUgsRhN,0,0,0,1.34845e+09
2020-05-25 22:45:00,9kRcWv60rDACzjR,0,0,8853,2.2478e+09
2020-05-28 01:00:00,LlT2YUhhzqhg5Sw,0,0,0,2.82682e+08
2020-05-31 20:15:00,PeE6FRyGXUgsRhN,0,0,6313,1.34846e+09
2020-06-15 03:45:00,V94E5Ben1TlhnDV,0,0,0,1.41228e+09
2020-06-15 10:45:00,81aHJ1q11NBPMrL,641.193,627.727,2538.6,1.21547e+09
2020-06-02 18:15:00,xoJJ8DcxJEcupym,80.9267,78.52,5465.2,2.0925e+08
2020-06-05 03:30:00,xoJJ8DcxJEcupym,0,0,6168,2.09259e+08
2020-06-09 23:15:00,mqwcsP2rE7J0TFp,0,0,8040,5.93776e+08
2020-06-15 19:15:00,V94E5Ben1TlhnDV,0,0,2566,1.41228e+09
2020-06-10 01:45:00,rrq4fwE8jgrTyWY,0,0,3378,1.21095e+08
2020-05-19 00:45:00,4UPUqMRk7TRMgml,0,0,7641,2.45287e+06
2020-06-16 14:00:00,Quc1TzYxW2pYoWX,606.38,594.113,3432.6,3.29641e+08
2020-05-30 16:45:00,LYwnQax7tkwH5Cb,437.257,429.386,7452.43,1.79504e+09
2020-06-14 00:00:00,9kRcWv60rDACzjR,0,0,1110.8,2.24789e+09
2020-05-17 17:30:00,oZ35aAeoifZaQzV,239.58,234.927,5455,1.65999e+09
2020-06-01 17:00:00,vOuJvMaM2sgwLmb,81.9667,79.58,4245.07,2.33745e+06
2020-06-17 12:00:00,PeE6FRyGXUgsRhN,548.933,538.013,1752,1.34855e+09
2020-06-08 17:15:00,PeE6FRyGXUgsRhN,276.967,271.653,8623.2,1.3485e+09
2020-06-03 03:15:00,xoJJ8DcxJEcupym,0,0,0,2.0925e+08
2020-05-25 05:15:00,81aHJ1q11NBPMrL,0,0,0,0
2020-06-04 03:45:00,Quc1TzYxW2pYoWX,0,0,3721,3.29597e+08
2020-06-03 04:15:00,oZZkBaNadn6DNKz,0,0,0,1.70821e+09
2020-06-13 03:15:00,oZ35aAeoifZaQzV,0,0,4607,1.66017e+09
2020-06-12 03:30:00,V94E5Ben1TlhnDV,0,0,0,1.41227e+09
2020-06-11 13:15:00,PeE6FRyGXUgsRhN,478.647,469.473,2361.2,1.34852e+09
2020-05-25 00:00:00,Mx2yZCDsyf6DPfv,0,0,3308,2.53099e+06
2020-06-02 12:30:00,xMbIugepa2P7lBB,0,0,0,0
2020-06-12 13:30:00,81aHJ1q11NBPMrL,837.25,819.307,2780.64,1.21545e+09
2020-06-07 17:30:00,xoJJ8DcxJEcupym,247.107,242.307,7559.93,2.09277e+08
2020-05-17 14:45:00,q49J1IKaHRwDQnt,677.227,663.293,4543.67,357096
2020-06-09 00:30:00,mqwcsP2rE7J0TFp,0,0,0,5.93768e+08
2020-06-15 11:30:00,NgDl19wMapZy17u,727.94,711.8,3030.47,1.11733e+08
2020-06-04 21:45:00,xoJJ8DcxJEcupym,0,0,6168,2.09259e+08
2020-05-29 18:30:00,Mx2yZCDsyf6DPfv,15.98,15.4267,8237.8,2.57074e+06
2020-05-30 09:30:00,LlT2YUhhzqhg5Sw,550.95,539.979,770.357,2.82699e+08
2020-05-17 13:00:00,mqwcsP2rE7J0TFp,1058.74,1034.88,4321.67,5.93602e+08
2020-05-21 13:30:00,xoJJ8DcxJEcupym,316.5,308.587,1523.93,2.0917e+08
2020-05-28 13:00:00,9kRcWv60rDACzjR,1254.13,1222.79,5624.93,2.24781e+09
2020-05-27 05:00:00,oZZkBaNadn6DNKz,0,0,0,1.70817e+09
2020-06-03 11:00:00,vOuJvMaM2sgwLmb,495.94,484.913,947.4,1.87442e+06
2020-06-05 16:00:00,LYwnQax7tkwH5Cb,327.093,321.367,2194.27,1.79506e+09
2020-06-12 17:15:00,rrq4fwE8jgrTyWY,238.08,233.447,4319.07,1.21105e+08
2020-06-08 02:00:00,oZZkBaNadn6DNKz,0,0,0,1.70823e+09
2020-05-30 21:30:00,xMbIugepa2P7lBB,0,0,8093,1.06784e+08
2020-05-22 03:00:00,WcxssY2VbP4hApt,0,0,0,1.81753e+08
2020-05-16 09:15:00,V94E5Ben1TlhnDV,913.093,893.236,1326.07,1.41209e+09
2020-05-18 12:30:00,9kRcWv60rDACzjR,1225.06,1194.79,3689.5,2.24775e+09
2020-06-14 19:00:00,IQ2d7wF4YD8zU1Q,0,0,7301,2.01689e+07
2020-05-15 04:45:00,oZ35aAeoifZaQzV,0,0,0,1.65997e+09
2020-06-09 12:30:00,Mx2yZCDsyf6DPfv,803.893,786.193,4490.93,2.6466e+06
2020-05-30 08:30:00,xoJJ8DcxJEcupym,224.78,220.38,373.4,2.09229e+08
2020-05-22 17:00:00,LYwnQax7tkwH5Cb,348.88,342.953,9154.53,1.795e+09
2020-06-17 08:00:00,q49J1IKaHRwDQnt,182.393,178.773,144.667,516746
2020-05-24 18:45:00,oZ35aAeoifZaQzV,0,0,5081,1.66004e+09
2020-05-30 06:45:00,IQ2d7wF4YD8zU1Q,54.1733,52.4467,18.1333,2.00631e+07
2020-06-05 15:45:00,vOuJvMaM2sgwLmb,399.52,392.447,2590.87,2.3557e+06
2020-05-31 11:00:00,oZZkBaNadn6DNKz,668.736,654.971,2295.86,1.70819e+09
2020-05-30 02:00:00,81aHJ1q11NBPMrL,0,0,0,1.21538e+09
2020-05-20 19:30:00,WcxssY2VbP4hApt,0,0,9480,1.81744e+08
2020-05-25 15:45:00,LlT2YUhhzqhg5Sw,715.813,700.967,8105,2.82663e+08
2020-05-28 10:15:00,4UPUqMRk7TRMgml,0,0,2100,2.52793e+06
2020-05-26 23:30:00,Quc1TzYxW2pYoWX,0,0,7269,3.29559e+08
2020-05-16 11:30:00,rrq4fwE8jgrTyWY,1238.15,1207.19,3668.4,1.20973e+08
2020-05-30 07:15:00,mqwcsP2rE7J0TFp,162.933,159.68,82.6,5.93698e+08
2020-06-12 18:45:00,LlT2YUhhzqhg5Sw,2.02667,1.95333,4630,2.82763e+08
2020-05-26 07:45:00,WcxssY2VbP4hApt,450.533,442.173,337.067,1.81785e+08
2020-06-08 23:30:00,oZ35aAeoifZaQzV,0,0,4435,1.66015e+09
2020-05-25 11:45:00,4UPUqMRk7TRMgml,1205.87,1175.71,4058.67,2.50166e+06
2020-06-03 12:30:00,oZ35aAeoifZaQzV,779.3,762.687,3201.8,1.66011e+09
2020-06-03 17:30:00,IQ2d7wF4YD8zU1Q,156.207,152.687,5908.13,2.00955e+07
2020-06-17 13:30:00,Et9kgGMDl729KT4,616.871,604.379,2699.79,1.85284e+06
2020-06-07 20:15:00,Mx2yZCDsyf6DPfv,0,0,7818,2.63293e+06
2020-05-31 16:45:00,4UPUqMRk7TRMgml,147.1,143.607,6577.4,2.55244e+06
2020-06-06 21:30:00,WcxssY2VbP4hApt,0,0,8383,1.8186e+08
2020-05-21 07:30:00,V94E5Ben1TlhnDV,366.853,360.567,220.533,1.41213e+09
2020-06-02 18:30:00,LlT2YUhhzqhg5Sw,24.9067,24.0533,3821.8,2.8272e+08
2020-05-15 16:15:00,WcxssY2VbP4hApt,497.121,487.436,9167.36,1.81704e+08
2020-05-31 18:00:00,vOuJvMaM2sgwLmb,51.2,49.54,6505.87,2.3332e+06
2020-05-29 00:30:00,WcxssY2VbP4hApt,0,0,0,1.21205e+07
2020-06-06 17:00:00,Quc1TzYxW2pYoWX,348.813,342.893,3187.53,3.29609e+08
2020-05-30 09:15:00,mqwcsP2rE7J0TFp,477.5,468.367,653.267,5.93699e+08
2020-05-31 11:15:00,LYwnQax7tkwH5Cb,780.76,764.22,2328.87,1.79504e+09
2020-05-30 22:45:00,PeE6FRyGXUgsRhN,0,0,4061,1.34845e+09
2020-06-02 14:00:00,xMbIugepa2P7lBB,1329.43,1296.21,4961.47,1.068e+08
2020-06-17 03:00:00,WcxssY2VbP4hApt,0,0,0,1.81908e+08
2020-06-15 16:00:00,oZZkBaNadn6DNKz,302.533,297.253,2264.47,1.70828e+09
2020-06-08 17:45:00,Et9kgGMDl729KT4,201.88,197.9,3099.33,1.82188e+06
2020-06-04 03:15:00,vOuJvMaM2sgwLmb,0,0,0,2.34622e+06
2020-05-16 07:45:00,vOuJvMaM2sgwLmb,386.88,379.9,320.067,2.22186e+06
2020-05-22 15:30:00,LYwnQax7tkwH5Cb,805.736,788.643,8291.79,1.795e+09
2020-05-24 08:15:00,Qf4GUc1pJu5T6c6,617.767,605.26,582.067,8.38491e+08
2020-06-01 13:45:00,Qf4GUc1pJu5T6c6,107.64,104.58,3979.8,8.38554e+08
2020-06-04 11:00:00,oZZkBaNadn6DNKz,567.607,555.336,2374.14,1.70821e+09
2020-06-10 00:00:00,xMbIugepa2P7lBB,0,0,7997,1.06856e+08
2020-05-29 20:15:00,Qf4GUc1pJu5T6c6,0,0,8165,8.38535e+08
2020-06-11 05:00:00,WcxssY2VbP4hApt,0,0,3531,1.81873e+08
2020-06-14 05:45:00,oZ35aAeoifZaQzV,0,0,0,1.66017e+09
2020-05-18 03:30:00,mqwcsP2rE7J0TFp,0,0,0,5.93604e+08
2020-06-10 01:15:00,LlT2YUhhzqhg5Sw,0,0,3463,2.82749e+08
2020-05-23 12:45:00,Qf4GUc1pJu5T6c6,1252.53,1221.21,5555,8.38487e+08
2020-05-15 16:45:00,q49J1IKaHRwDQnt,439.16,431.24,8881.27,348804
2020-06-03 05:45:00,xMbIugepa2P7lBB,0,0,7138,1.06802e+08
2020-05-20 22:45:00,9kRcWv60rDACzjR,0,0,3994,2.24776e+09
2020-05-29 18:15:00,Quc1TzYxW2pYoWX,28.88,27.8867,4040.4,3.29575e+08
2020-05-23 06:30:00,q49J1IKaHRwDQnt,92.7533,90.0867,26.4667,383530
2020-06-09 00:00:00,rrq4fwE8jgrTyWY,0,0,3457,1.21091e+08
2020-06-13 16:15:00,Et9kgGMDl729KT4,588.079,576.114,5345.64,1.84071e+06
2020-06-13 14:00:00,rrq4fwE8jgrTyWY,898.147,877.44,4069.73,1.21109e+08
2020-05-22 11:15:00,vOuJvMaM2sgwLmb,0,0,1405,2.26362e+06
2020-06-06 19:15:00,Quc1TzYxW2pYoWX,0,0,3413,3.29609e+08
2020-06-11 21:45:00,81aHJ1q11NBPMrL,0,0,3902,1.21545e+09
2020-06-06 08:45:00,V94E5Ben1TlhnDV,839.767,821.787,763.867,1.41224e+09
2020-06-13 15:00:00,4UPUqMRk7TRMgml,648.729,635.371,4852.5,2.63771e+06
2020-05-29 04:45:00,rrq4fwE8jgrTyWY,0,0,0,1.2104e+08
2020-06-04 14:30:00,4UPUqMRk7TRMgml,593.847,581.867,5676.93,2.57609e+06
2020-06-11 10:30:00,V94E5Ben1TlhnDV,486.779,477.179,982.357,1.31139e+09
2020-06-06 06:15:00,LYwnQax7tkwH5Cb,53.1333,51.4267,8,1.79507e+09
2020-05-25 14:30:00,LlT2YUhhzqhg5Sw,1010.81,988.293,7039.27,2.82662e+08
2020-06-16 00:15:00,WcxssY2VbP4hApt,0,0,6367,1.81902e+08
2020-06-14 11:00:00,q49J1IKaHRwDQnt,1140.59,1113.05,2484.4,500273
2020-06-04 23:45:00,Mx2yZCDsyf6DPfv,0,0,6981,2.60907e+06
2020-05-19 08:30:00,xoJJ8DcxJEcupym,465.493,456.687,650.533,2.09161e+08
2020-06-04 17:00:00,IQ2d7wF4YD8zU1Q,309.273,303.5,6831.13,2.01024e+07
2020-05-29 20:15:00,vOuJvMaM2sgwLmb,0,0,5083,2.3201e+06
2020-06-03 22:15:00,IQ2d7wF4YD8zU1Q,0,0,5991,2.00956e+07
2020-06-14 19:30:00,Et9kgGMDl729KT4,0,0,2048,1.84334e+06
2020-06-16 17:15:00,LlT2YUhhzqhg5Sw,53.16,51.4533,5287.07,2.82785e+08
2020-06-17 00:45:00,Qf4GUc1pJu5T6c6,0,0,0,8.38642e+08
2020-05-29 22:30:00,mqwcsP2rE7J0TFp,0,0,8112,5.93698e+08
2020-06-12 14:30:00,oZ35aAeoifZaQzV,525.186,514.807,3218.36,1.66017e+09
2020-05-30 23:45:00,9kRcWv60rDACzjR,0,0,7985,2.24783e+09
2020-05-24 05:00:00,V94E5Ben1TlhnDV,0,0,0,1.41215e+09
2020-05-26 20:30:00,oZZkBaNadn6DNKz,0,0,9368,1.70817e+09
2020-05-26 18:15:00,vOuJvMaM2sgwLmb,40.56,39.1933,9285.4,2.29654e+06
2020-06-08 06:30:00,WcxssY2VbP4hApt,94.9267,92.2067,29.1333,1.81862e+08
2020-06-08 19:30:00,V94E5Ben1TlhnDV,0,0,9145,1.41225e+09
2020-06-08 09:00:00,WcxssY2VbP4hApt,801.547,784.173,1078.47,1.81863e+08
2020-06-09 17:45:00,9kRcWv60rDACzjR,122.527,119.173,3751.67,2.24788e+09
2020-05-22 08:30:00,rrq4fwE8jgrTyWY,685.72,671.607,755.933,1.21002e+08
2020-06-15 21:30:00,rrq4fwE8jgrTyWY,0,0,3706,1.21122e+08
2020-06-07 07:30:00,Et9kgGMDl729KT4,208.373,204.293,122.667,1.81635e+06
2020-05-17 12:45:00,xoJJ8DcxJEcupym,938.15,917.614,3387.07,2.09153e+08
2020-05-24 10:00:00,Et9kgGMDl729KT4,0,0,1277,1.74499e+06
2020-05-27 00:15:00,xoJJ8DcxJEcupym,0,0,0,2.09211e+08
2020-05-20 04:00:00,V94E5Ben1TlhnDV,0,0,0,1.41212e+09
2020-06-04 02:30:00,mqwcsP2rE7J0TFp,0,0,0,5.93729e+08
2020-06-02 20:15:00,WcxssY2VbP4hApt,0,0,3877,1.81838e+08
2020-06-10 23:15:00,xoJJ8DcxJEcupym,0,0,3971,2.09297e+08
2020-05-19 11:30:00,xoJJ8DcxJEcupym,1114.05,1087.92,2476.87,2.09163e+08
2020-06-03 16:00:00,WcxssY2VbP4hApt,481.887,472.74,5216.53,1.81844e+08
2020-06-16 23:30:00,81aHJ1q11NBPMrL,0,0,5501,1.21548e+09
2020-05-30 09:30:00,xoJJ8DcxJEcupym,569.6,558.18,778.067,2.09229e+08
2020-06-05 10:30:00,V94E5Ben1TlhnDV,1172.49,1144.1,2317.2,1.41223e+09
2020-06-02 17:45:00,rrq4fwE8jgrTyWY,181.58,177.64,3777.2,1.21069e+08
2020-05-25 09:00:00,4UPUqMRk7TRMgml,793.927,777.113,1092.6,2.49869e+06
2020-06-06 10:15:00,Qf4GUc1pJu5T6c6,1106.39,1079.56,2146,8.38584e+08
2020-06-03 22:15:00,Qf4GUc1pJu5T6c6,0,0,6027,8.38568e+08
2020-05-26 06:00:00,vOuJvMaM2sgwLmb,18.8867,18.2333,1.46667,2.28725e+06
2020-06-15 22:30:00,q49J1IKaHRwDQnt,0,0,6060,511325
2020-05-26 10:00:00,Qf4GUc1pJu5T6c6,1096.09,1071.19,2111.67,8.38507e+08
2020-06-01 07:45:00,PeE6FRyGXUgsRhN,199.8,195.873,214.933,1.34846e+09
2020-05-31 08:30:00,mqwcsP2rE7J0TFp,462.88,454.233,462.133,5.93707e+08
2020-06-17 16:00:00,rrq4fwE8jgrTyWY,286.307,280.864,3587.71,1.21131e+08
2020-05-24 21:00:00,V94E5Ben1TlhnDV,0,0,9263,1.41216e+09
2020-05-19 10:45:00,PeE6FRyGXUgsRhN,0,0,1449,1.34838e+09
2020-06-10 00:00:00,WcxssY2VbP4hApt,0,0,4027,1.81869e+08
2020-05-21 15:00:00,WcxssY2VbP4hApt,990.767,968.807,7670.93,1.81752e+08
2020-06-14 21:15:00,V94E5Ben1TlhnDV,0,0,3304,1.41228e+09
2020-06-03 15:00:00,oZZkBaNadn6DNKz,0,0,3931,1.70821e+09
2020-06-15 12:45:00,LYwnQax7tkwH5Cb,571.771,560.243,3485.5,1.7951e+09
2020-06-17 13:30:00,xMbIugepa2P7lBB,672.567,658.753,2774.27,1.06895e+08
2020-06-01 15:30:00,q49J1IKaHRwDQnt,69.7067,67.5067,3664.47,447964
2020-05-18 02:00:00,xMbIugepa2P7lBB,0,0,7087,1.06681e+08
2020-06-02 20:00:00,NgDl19wMapZy17u,0,0,7098,1.11656e+08
2020-05-24 11:45:00,Mx2yZCDsyf6DPfv,0,0,3346,2.52938e+06
2020-06-02 14:45:00,WcxssY2VbP4hApt,0,0,2605,1.81837e+08
2020-06-08 18:30:00,rrq4fwE8jgrTyWY,33.7467,32.6333,3452,1.21091e+08
2020-06-04 19:30:00,Mx2yZCDsyf6DPfv,0,0,6981,2.60907e+06
2020-05-25 01:45:00,4UPUqMRk7TRMgml,0,0,0,2.4976e+06
2020-06-16 18:45:00,81aHJ1q11NBPMrL,0,0,5501,1.21548e+09
2020-05-23 09:30:00,vOuJvMaM2sgwLmb,1001.16,978.54,1637.13,2.26704e+06
2020-06-09 23:45:00,mqwcsP2rE7J0TFp,0,0,8040,5.93776e+08
2020-05-28 00:00:00,LYwnQax7tkwH5Cb,0,0,2291.2,1.79502e+09
2020-05-21 13:30:00,LYwnQax7tkwH5Cb,1028.16,1002.61,1860.2,1.79499e+09
2020-05-26 06:30:00,Quc1TzYxW2pYoWX,72.32,70.1067,20.9333,3.29551e+08
2020-05-17 02:00:00,LlT2YUhhzqhg5Sw,0,0,0,2.8261e+08
2020-05-24 20:15:00,9kRcWv60rDACzjR,0,0,9085,2.24779e+09
2020-06-12 17:15:00,Qf4GUc1pJu5T6c6,259.007,254,4306.67,8.38629e+08
2020-06-02 11:00:00,WcxssY2VbP4hApt,694.367,679.7,2415.47,1.81837e+08
2020-06-07 17:45:00,rrq4fwE8jgrTyWY,156.88,153.373,2993,1.21088e+08
2020-06-08 02:00:00,xoJJ8DcxJEcupym,0,0,7674,2.09277e+08
2020-05-19 01:00:00,Quc1TzYxW2pYoWX,0,0,2787,3.29526e+08
2020-05-31 20:45:00,PeE6FRyGXUgsRhN,0,0,6313,1.34846e+09
2020-05-16 06:15:00,IQ2d7wF4YD8zU1Q,48.6933,47.0933,8.8,1.99512e+07
2020-06-13 15:15:00,Qf4GUc1pJu5T6c6,623.153,610.433,2283.2,8.38631e+08
2020-06-03 17:45:00,4UPUqMRk7TRMgml,128.22,124.753,6065.53,2.57037e+06
2020-06-13 13:00:00,mqwcsP2rE7J0TFp,1137.76,1110.48,2864.2,5.9379e+08
2020-05-28 16:15:00,PeE6FRyGXUgsRhN,558.413,547.287,8016.27,1.34844e+09
2020-05-30 17:00:00,Mx2yZCDsyf6DPfv,389.267,382.5,7952.07,2.5787e+06
2020-06-03 06:45:00,xMbIugepa2P7lBB,107.464,104.443,32.3571,1.06802e+08
2020-05-27 14:15:00,9kRcWv60rDACzjR,0,0,0,0
2020-05-24 23:45:00,WcxssY2VbP4hApt,0,0,5623.8,1.81775e+08
2020-06-17 10:15:00,V94E5Ben1TlhnDV,477.68,468.607,862.4,1.41229e+09
2020-05-29 14:15:00,9kRcWv60rDACzjR,809.743,792.557,4804.43,2.24782e+09
2020-05-24 00:00:00,V94E5Ben1TlhnDV,0,0,0,1.41215e+09
2020-06-13 10:45:00,rrq4fwE8jgrTyWY,0,0,0,0
2020-05-19 19:30:00,81aHJ1q11NBPMrL,0,0,6771,1.2153e+09
2020-06-12 21:15:00,4UPUqMRk7TRMgml,0,0,4548,2.63279e+06
2020-06-02 04:45:00,q49J1IKaHRwDQnt,0,0,3830,448130
2020-06-01 18:30:00,NgDl19wMapZy17u,0,0,4117,1.11649e+08
2020-06-02 04:00:00,oZ35aAeoifZaQzV,0,0,0,1.6601e+09
2020-06-01 13:15:00,V94E5Ben1TlhnDV,124.26,121.44,3980.73,1.41222e+09
2020-06-11 00:45:00,Qf4GUc1pJu5T6c6,0,0,5556,8.38621e+08
2020-06-06 10:30:00,Et9kgGMDl729KT4,0,0,717,1.81465e+06
2020-05-29 11:15:00,LYwnQax7tkwH5Cb,995.027,972.907,3016.13,1.79503e+09
2020-05-15 08:45:00,Et9kgGMDl729KT4,759.707,743.773,979.467,1.70523e+06
2020-05-29 13:00:00,xoJJ8DcxJEcupym,900.493,880.94,2239.2,2.09225e+08
2020-05-31 03:30:00,xoJJ8DcxJEcupym,0,0,0,2.09233e+08
2020-05-17 04:00:00,oZ35aAeoifZaQzV,0,0,0,1.65998e+09
2020-06-06 04:30:00,Et9kgGMDl729KT4,0,0,2769,1.81393e+06
2020-05-31 10:45:00,mqwcsP2rE7J0TFp,1102.43,1076.61,2078.07,5.93708e+08
2020-05-22 01:30:00,oZ35aAeoifZaQzV,0,0,0,1.66002e+09
2020-06-02 17:15:00,q49J1IKaHRwDQnt,396.887,389.973,3503,451633
2020-06-13 18:15:00,vOuJvMaM2sgwLmb,69.8533,67.74,6360.27,2.40408e+06
2020-06-08 02:45:00,xoJJ8DcxJEcupym,0,0,7674,2.09277e+08
2020-06-05 12:45:00,PeE6FRyGXUgsRhN,997.587,973.553,4806.73,1.34848e+09
2020-05-28 08:45:00,xoJJ8DcxJEcupym,768.287,752.147,889.667,2.09215e+08
2020-06-08 00:45:00,vOuJvMaM2sgwLmb,0,0,1910,2.36669e+06
2020-06-11 17:45:00,q49J1IKaHRwDQnt,80.3933,78.02,3776.47,486717
2020-06-08 03:30:00,Et9kgGMDl729KT4,0,0,2554,1.81878e+06
2020-05-18 04:15:00,IQ2d7wF4YD8zU1Q,0,0,0,1.99663e+07
2020-05-25 22:15:00,PeE6FRyGXUgsRhN,0,0,8737,1.34842e+09
2020-06-05 22:45:00,WcxssY2VbP4hApt,0,0,3448,1.81851e+08
2020-06-03 06:15:00,LYwnQax7tkwH5Cb,26.6867,25.7733,2.8,1.79506e+09
2020-06-17 23:00:00,9kRcWv60rDACzjR,0,0,4197,2.24792e+09
2020-05-28 23:45:00,rrq4fwE8jgrTyWY,0,0,3559,1.2104e+08
2020-06-12 15:45:00,oZZkBaNadn6DNKz,549.586,538.614,4114.86,1.70826e+09
2020-05-30 07:45:00,WcxssY2VbP4hApt,195.714,191.679,148,1.68829e+08
2020-05-27 03:00:00,vOuJvMaM2sgwLmb,0,0,0,2.29655e+06
2020-06-17 12:00:00,q49J1IKaHRwDQnt,480.04,470.973,1704.2,518305
2020-06-16 10:00:00,4UPUqMRk7TRMgml,681.907,667.887,1177.93,2.64522e+06
2020-06-14 09:30:00,4UPUqMRk7TRMgml,0,0,673,2.64012e+06
2020-05-16 12:15:00,rrq4fwE8jgrTyWY,700.657,685.714,4416.71,1.20974e+08
2020-06-07 10:30:00,mqwcsP2rE7J0TFp,999.267,976.053,2023.4,5.93753e+08
2020-06-07 05:45:00,oZZkBaNadn6DNKz,0,0,0,1.70823e+09
2020-06-02 23:00:00,V94E5Ben1TlhnDV,0,0,6193,1.41222e+09
2020-05-16 15:00:00,NgDl19wMapZy17u,548.993,538.093,7043.29,1.11529e+08
2020-06-14 18:45:00,mqwcsP2rE7J0TFp,0,0,5937,5.93799e+08
2020-06-06 08:15:00,Mx2yZCDsyf6DPfv,557.507,546.513,386.8,2.61719e+06
2020-05-17 09:45:00,Qf4GUc1pJu5T6c6,974.687,953.12,1583.13,8.38437e+08
2020-05-30 11:15:00,vOuJvMaM2sgwLmb,0,0,1740,2.32184e+06
2020-06-09 05:30:00,Mx2yZCDsyf6DPfv,0,0,611.933,2.64211e+06
2020-05-17 17:00:00,WcxssY2VbP4hApt,139.893,136.507,7085.93,1.8172e+08
2020-05-31 09:00:00,vOuJvMaM2sgwLmb,424.887,416.973,677.667,2.32737e+06
2020-05-19 17:15:00,oZ35aAeoifZaQzV,7.17333,6.92,6862.13,1.66e+09
2020-06-13 23:00:00,q49J1IKaHRwDQnt,0,0,6393,497789
2020-06-02 02:00:00,mqwcsP2rE7J0TFp,0,0,0,5.93717e+08
2020-06-14 03:15:00,Mx2yZCDsyf6DPfv,0,0,3202,2.66744e+06
2020-06-11 22:30:00,vOuJvMaM2sgwLmb,0,0,3914,2.39294e+06
2020-06-08 23:45:00,9kRcWv60rDACzjR,0,0,3332,2.24787e+09
2020-06-02 05:45:00,oZZkBaNadn6DNKz,0.546667,0.526667,0,1.7082e+09
2020-06-12 21:15:00,mqwcsP2rE7J0TFp,0,0,4764,5.93787e+08
2020-05-29 05:45:00,q49J1IKaHRwDQnt,0,0,0,422722
2020-06-09 06:30:00,81aHJ1q11NBPMrL,79.6933,77.3,22.2,1.21544e+09
2020-05-27 15:30:00,Qf4GUc1pJu5T6c6,815.56,798.213,8356.8,8.38522e+08
2020-06-13 09:00:00,81aHJ1q11NBPMrL,678.96,664.827,810.267,1.21546e+09
2020-06-08 19:30:00,LYwnQax7tkwH5Cb,0,0,2702,1.79507e+09
2020-06-01 14:30:00,9kRcWv60rDACzjR,57.2933,55.4467,3938.47,2.24784e+09
2020-05-21 05:30:00,LlT2YUhhzqhg5Sw,0,0,0,2.82631e+08
2020-06-02 10:45:00,xMbIugepa2P7lBB,697.836,683.15,2168.14,1.06797e+08
2020-05-23 20:30:00,81aHJ1q11NBPMrL,0,0,9333,1.21533e+09
2020-06-03 11:15:00,Et9kgGMDl729KT4,0,0,1588,1.80597e+06
2020-06-06 22:45:00,V94E5Ben1TlhnDV,0,0,2613,1.41224e+09
2020-05-23 04:45:00,81aHJ1q11NBPMrL,0,0,0,1.21532e+09
2020-06-12 22:15:00,LlT2YUhhzqhg5Sw,0,0,4630,2.82763e+08
2020-06-06 08:45:00,Mx2yZCDsyf6DPfv,869.28,850.553,727.4,2.61753e+06
2020-05-23 02:15:00,oZZkBaNadn6DNKz,0,0,0,1.70813e+09
2020-05-17 11:15:00,Mx2yZCDsyf6DPfv,951.667,930.727,2945.8,2.4702e+06
2020-06-10 20:00:00,PeE6FRyGXUgsRhN,0,0,4003,1.34851e+09
2020-05-15 07:15:00,NgDl19wMapZy17u,377.173,370.667,183.533,1.11513e+08
2020-05-15 21:15:00,PeE6FRyGXUgsRhN,0,0,9119,1.34836e+09
2020-06-04 19:00:00,Quc1TzYxW2pYoWX,0,0,5261,3.29602e+08
2020-06-13 05:00:00,WcxssY2VbP4hApt,0,0,4815,1.81882e+08
2020-06-10 18:00:00,mqwcsP2rE7J0TFp,10.9,10.5133,2635.07,5.93778e+08
2020-05-21 08:45:00,xoJJ8DcxJEcupym,725.313,710.233,886.667,2.0917e+08
2020-05-22 19:45:00,oZZkBaNadn6DNKz,0,0,9729,1.70813e+09
2020-06-14 21:15:00,oZZkBaNadn6DNKz,0,0,3367,1.70827e+09
2020-06-01 03:30:00,WcxssY2VbP4hApt,0,0,0,1.8183e+08
2020-06-13 01:45:00,mqwcsP2rE7J0TFp,0,0,0,5.93787e+08
2020-05-23 05:15:00,vOuJvMaM2sgwLmb,0,0,0,2.2654e+06
2020-06-12 10:15:00,V94E5Ben1TlhnDV,262.133,257.14,1062.8,1.41227e+09
2020-05-22 12:00:00,oZZkBaNadn6DNKz,1308.84,1276.13,4644.57,1.70812e+09
2020-06-07 07:15:00,oZ35aAeoifZaQzV,136.56,133.053,91.4667,1.66013e+09
2020-05-19 07:15:00,Et9kgGMDl729KT4,303.1,297.647,123.067,1.72193e+06
2020-06-15 23:45:00,9kRcWv60rDACzjR,0,0,6207,2.24791e+09
2020-05-16 17:00:00,oZ35aAeoifZaQzV,142.147,138.84,8027.4,1.65998e+09
2020-05-20 02:15:00,WcxssY2VbP4hApt,0,0,0,1.81735e+08
2020-05-26 22:15:00,Et9kgGMDl729KT4,0,0,8289,1.76237e+06
2020-05-15 17:45:00,V94E5Ben1TlhnDV,38.8133,37.5267,9353.07,1.41209e+09
2020-05-27 04:45:00,81aHJ1q11NBPMrL,0,0,0,0
2020-06-01 21:00:00,LlT2YUhhzqhg5Sw,0,0,4046,2.82716e+08
2020-05-17 06:15:00,xMbIugepa2P7lBB,24.9929,24.1357,3.78571,1.06674e+08
2020-06-10 07:30:00,NgDl19wMapZy17u,172.9,169.343,109.429,1.11708e+08
2020-06-02 15:00:00,WcxssY2VbP4hApt,553.357,541.607,2662.29,1.81837e+08
2020-05-23 13:30:00,4UPUqMRk7TRMgml,1218.55,1188.08,6501.4,2.48978e+06
2020-05-27 08:00:00,V94E5Ben1TlhnDV,517.107,506.913,423.867,1.41218e+09
2020-05-26 05:00:00,Qf4GUc1pJu5T6c6,0,0,0,8.38504e+08
2020-05-29 00:15:00,oZ35aAeoifZaQzV,0,0,0,1.66007e+09
2020-05-30 00:45:00,Mx2yZCDsyf6DPfv,0,0,0,2.57074e+06
2020-06-11 13:30:00,oZ35aAeoifZaQzV,550.973,540.067,2562.47,1.66016e+09
2020-05-30 04:30:00,Mx2yZCDsyf6DPfv,0,0,0,2.57074e+06
2020-06-12 18:30:00,rrq4fwE8jgrTyWY,30.4,29.3643,4451.5,1.21105e+08
2020-05-20 19:00:00,mqwcsP2rE7J0TFp,0,0,9293,5.93628e+08
2020-06-07 05:30:00,q49J1IKaHRwDQnt,0,0,239.933,468465
2020-05-17 01:45:00,rrq4fwE8jgrTyWY,0,0,0,1.20977e+08
2020-06-11 16:00:00,4UPUqMRk7TRMgml,308.587,303.113,3656.4,2.62795e+06
2020-05-20 23:30:00,oZZkBaNadn6DNKz,0,0,3163,1.70811e+09
2020-05-25 02:45:00,q49J1IKaHRwDQnt,0,0,8872,395630
2020-06-07 07:00:00,IQ2d7wF4YD8zU1Q,97.62,94.8267,59,2.01187e+07
2020-05-27 13:30:00,Quc1TzYxW2pYoWX,981.067,959.393,4826.87,3.29563e+08
2020-06-05 04:15:00,mqwcsP2rE7J0TFp,0,0,0,5.93735e+08
2020-05-30 18:00:00,q49J1IKaHRwDQnt,68.74,66.58,7802.27,437931
2020-06-01 09:30:00,mqwcsP2rE7J0TFp,1097,1071.93,1249.67,5.93714e+08
2020-06-08 07:30:00,vOuJvMaM2sgwLmb,403.629,396.007,247.071,2.36694e+06
2020-06-17 00:30:00,81aHJ1q11NBPMrL,0,0,0,1.21548e+09
2020-06-01 20:00:00,Et9kgGMDl729KT4,0,0,4035,1.7989e+06
2020-05-26 12:15:00,Mx2yZCDsyf6DPfv,1296.67,1264.4,4826.6,2.54499e+06
2020-05-22 06:00:00,oZ35aAeoifZaQzV,21.72,20.96,1.33333,1.66002e+09
2020-05-18 10:45:00,Qf4GUc1pJu5T6c6,658.053,644.56,1898.47,8.38445e+08
2020-05-17 12:45:00,vOuJvMaM2sgwLmb,1007.91,985.107,3255.07,2.22969e+06
2020-05-30 11:45:00,q49J1IKaHRwDQnt,1214.32,1185.16,2908.67,433038
2020-06-17 13:15:00,PeE6FRyGXUgsRhN,703.7,689.133,2661.67,1.34855e+09
2020-06-11 20:45:00,xMbIugepa2P7lBB,0,0,3850,1.06865e+08
2020-06-01 21:15:00,Mx2yZCDsyf6DPfv,0,0,4334,2.58992e+06
2020-06-05 09:45:00,9kRcWv60rDACzjR,615,600.173,1608.2,2.24786e+09
2020-05-29 02:30:00,WcxssY2VbP4hApt,0,0,0,1.81807e+08
2020-06-16 15:15:00,mqwcsP2rE7J0TFp,582.55,570.857,4854.43,5.9381e+08
2020-06-04 11:00:00,9kRcWv60rDACzjR,0,0,1447,2.24786e+09
2020-05-21 13:45:00,Qf4GUc1pJu5T6c6,1180.95,1151.73,6340.2,8.38469e+08
2020-05-28 08:30:00,rrq4fwE8jgrTyWY,658.933,645.467,692.467,1.21037e+08
2020-05-29 06:45:00,V94E5Ben1TlhnDV,131.36,127.827,61.7333,1.41219e+09
2020-05-27 23:45:00,Mx2yZCDsyf6DPfv,0,0,9444,2.55878e+06
2020-05-29 18:15:00,4UPUqMRk7TRMgml,35.85,34.65,8118.36,2.53767e+06
2020-05-31 23:00:00,xoJJ8DcxJEcupym,0,0,6486,2.0924e+08
2020-05-15 14:15:00,oZZkBaNadn6DNKz,531.653,519.24,3377.13,1.70809e+09
2020-05-19 21:00:00,oZZkBaNadn6DNKz,0,0,1999,1.70811e+09
2020-05-15 07:45:00,oZ35aAeoifZaQzV,569.521,558.143,426.857,1.65997e+09
2020-06-10 00:45:00,q49J1IKaHRwDQnt,0,0,3601,477638
2020-06-14 01:30:00,4UPUqMRk7TRMgml,0,0,6289,2.63915e+06
2020-06-13 23:45:00,mqwcsP2rE7J0TFp,0,0,5941,5.93793e+08
2020-05-20 22:15:00,9kRcWv60rDACzjR,0,0,3994,2.24776e+09
2020-05-15 22:00:00,LYwnQax7tkwH5Cb,0,0,8458,1.79497e+09
2020-06-02 07:00:00,oZ35aAeoifZaQzV,250.627,245.94,136.933,1.6601e+09
2020-05-24 17:30:00,81aHJ1q11NBPMrL,0,0,0,0
2020-05-24 15:00:00,vOuJvMaM2sgwLmb,930.64,909.993,1792.27,2.27673e+06
2020-06-14 11:15:00,WcxssY2VbP4hApt,987.013,964.02,2826.93,1.81891e+08
2020-06-02 13:15:00,oZZkBaNadn6DNKz,1251.86,1221.27,3126.53,1.7082e+09
2020-06-14 15:15:00,xoJJ8DcxJEcupym,282.647,277.34,6280.07,2.09319e+08
2020-05-31 20:15:00,Mx2yZCDsyf6DPfv,0,0,6639,2.58558e+06
2020-05-21 15:15:00,LYwnQax7tkwH5Cb,851.76,833.46,3608.47,1.79499e+09
2020-05-21 00:15:00,Mx2yZCDsyf6DPfv,0,0,0,2.49752e+06
2020-06-03 06:00:00,Et9kgGMDl729KT4,2.06,1.98,0,1.80438e+06
2020-05-27 12:15:00,Et9kgGMDl729KT4,1189.44,1159.69,4337.27,1.76671e+06
2020-05-19 11:15:00,LYwnQax7tkwH5Cb,0,0,1385,1.79498e+09
2020-06-12 22:45:00,NgDl19wMapZy17u,0,0,4764,1.1172e+08
2020-06-10 07:00:00,oZZkBaNadn6DNKz,101.72,98.8333,48.9333,1.70825e+09
2020-05-16 04:45:00,xMbIugepa2P7lBB,0,0,9465,1.06666e+08
2020-06-15 15:30:00,9kRcWv60rDACzjR,504.233,494.48,5536.4,2.24791e+09
2020-06-16 08:15:00,oZZkBaNadn6DNKz,448.973,440.627,425.4,1.70828e+09
2020-06-17 17:15:00,4UPUqMRk7TRMgml,138.033,134.607,4342.33,2.65339e+06
2020-05-25 19:00:00,LlT2YUhhzqhg5Sw,0,0,8810,2.82664e+08
2020-06-12 05:45:00,NgDl19wMapZy17u,0,0,3884,1.11715e+08
2020-06-10 15:30:00,81aHJ1q11NBPMrL,238.727,234.02,5041,1.21545e+09
2020-06-17 02:15:00,NgDl19wMapZy17u,0,0,0,1.11742e+08
2020-06-05 12:15:00,Qf4GUc1pJu5T6c6,1370.58,1336.51,4293.2,8.38579e+08
2020-06-16 11:30:00,PeE6FRyGXUgsRhN,1096.37,1070.94,790.333,1.34854e+09
2020-05-23 07:15:00,V94E5Ben1TlhnDV,294.621,289.257,160.071,1.41214e+09
2020-06-08 11:45:00,81aHJ1q11NBPMrL,1172.37,1143.65,3893.6,1.21543e+09
2020-06-01 04:00:00,PeE6FRyGXUgsRhN,0,0,0,1.34846e+09
2020-06-12 05:30:00,xMbIugepa2P7lBB,0,0,3850,1.06865e+08
2020-06-01 16:00:00,81aHJ1q11NBPMrL,99.5533,96.72,4067.8,1.2154e+09
2020-05-24 20:30:00,oZZkBaNadn6DNKz,0,0,9289,1.70815e+09
2020-06-10 04:45:00,Et9kgGMDl729KT4,0,0,3898,1.82587e+06
2020-05-25 20:45:00,LlT2YUhhzqhg5Sw,0,0,8810,2.82664e+08
2020-05-30 18:15:00,LlT2YUhhzqhg5Sw,37.72,36.4667,7944.47,2.82706e+08
2020-05-17 00:30:00,9kRcWv60rDACzjR,0,0,0,2.24774e+09
2020-06-02 19:00:00,q49J1IKaHRwDQnt,0,0,3744,451874
2020-06-12 04:45:00,xoJJ8DcxJEcupym,0,0,3941,2.09301e+08
2020-06-04 02:30:00,Mx2yZCDsyf6DPfv,0,0,0,2.60209e+06
2020-05-26 16:30:00,LlT2YUhhzqhg5Sw,539.613,528.933,8722.67,2.82672e+08
2020-05-25 20:15:00,81aHJ1q11NBPMrL,0,0,8860,1.21535e+09
2020-05-22 18:15:00,4UPUqMRk7TRMgml,13.8067,13.32,9862.13,2.48328e+06
2020-06-04 05:15:00,9kRcWv60rDACzjR,0,0,0,2.24785e+09
2020-05-30 16:30:00,9kRcWv60rDACzjR,533.36,522.82,7520,2.24783e+09
2020-06-10 15:15:00,mqwcsP2rE7J0TFp,328.287,322.647,2055,5.93778e+08
2020-05-28 14:00:00,9kRcWv60rDACzjR,1135.4,1108.77,6391.4,2.24781e+09
2020-06-09 05:00:00,LlT2YUhhzqhg5Sw,0,0,2841,2.82746e+08
2020-06-08 02:30:00,WcxssY2VbP4hApt,0,0,1950,1.81862e+08
2020-05-19 10:30:00,q49J1IKaHRwDQnt,1106.09,1079.75,1491.27,363931
2020-05-31 19:00:00,4UPUqMRk7TRMgml,0,0,6692,2.55256e+06
2020-06-11 12:15:00,V94E5Ben1TlhnDV,60.6692,59.6154,300.308,5.4318e+08
2020-05-16 21:00:00,NgDl19wMapZy17u,0,0,7762,1.1153e+08
2020-06-14 08:45:00,NgDl19wMapZy17u,396.064,388.943,734.714,1.11724e+08
2020-06-14 06:00:00,V94E5Ben1TlhnDV,12.98,12.54,0.6,1.41228e+09
2020-05-21 04:00:00,q49J1IKaHRwDQnt,0,0,4062,369327
2020-05-28 16:00:00,9kRcWv60rDACzjR,645.213,632.1,8233.8,2.24782e+09
2020-06-06 11:15:00,IQ2d7wF4YD8zU1Q,1245.39,1214.82,3363,2.01137e+07
2020-05-18 04:00:00,4UPUqMRk7TRMgml,0,0,0,2.44523e+06
2020-06-02 13:45:00,4UPUqMRk7TRMgml,1110.27,1083.55,4773.93,2.56167e+06
2020-06-06 16:30:00,9kRcWv60rDACzjR,593.364,581.457,7674.79,2.24787e+09
2020-05-23 10:15:00,9kRcWv60rDACzjR,626.029,611.814,2346.93,2.24778e+09
2020-06-17 15:15:00,mqwcsP2rE7J0TFp,571.853,560.44,3579.27,5.93814e+08
2020-05-28 09:45:00,V94E5Ben1TlhnDV,1064.31,1040.3,1814.67,1.41218e+09
2020-06-01 23:15:00,xoJJ8DcxJEcupym,0,0,4208,2.09244e+08
2020-06-17 00:30:00,NgDl19wMapZy17u,0,0,0,1.11742e+08
2020-06-12 10:45:00,rrq4fwE8jgrTyWY,312.687,306.987,1098.4,1.21102e+08
2020-05-28 09:45:00,LlT2YUhhzqhg5Sw,1020.73,997.96,1771.2,2.82684e+08
2020-05-26 20:30:00,Quc1TzYxW2pYoWX,0,0,7269,3.29559e+08
2020-06-12 20:45:00,Mx2yZCDsyf6DPfv,0,0,4576,2.66424e+06
2020-06-07 07:15:00,LYwnQax7tkwH5Cb,118.829,115.571,82.7857,1.79507e+09
2020-06-17 16:30:00,NgDl19wMapZy17u,297.08,291.613,4018.13,1.11746e+08
2020-06-10 06:00:00,xoJJ8DcxJEcupym,11.9267,11.5267,0.666667,2.09293e+08
2020-05-22 09:45:00,oZZkBaNadn6DNKz,1076.3,1051.97,1923.27,1.70812e+09
2020-05-30 14:15:00,xoJJ8DcxJEcupym,1016.51,993.436,2761,2.09231e+08
2020-06-12 06:00:00,WcxssY2VbP4hApt,0.813333,0.786667,0,1.81877e+08
2020-05-24 20:00:00,xoJJ8DcxJEcupym,0,0,9081,2.09196e+08
2020-06-05 15:30:00,q49J1IKaHRwDQnt,507.007,497.187,1986.27,463957
2020-06-11 16:45:00,LlT2YUhhzqhg5Sw,109.28,106.213,3683,2.82758e+08
2020-06-05 04:00:00,81aHJ1q11NBPMrL,0,0,0,1.21541e+09
2020-06-04 18:00:00,q49J1IKaHRwDQnt,83.9933,81.52,5684,461945
2020-06-07 02:45:00,4UPUqMRk7TRMgml,0,0,8376,2.59354e+06
2020-05-25 09:00:00,WcxssY2VbP4hApt,825.05,807.486,1096.21,1.81776e+08
2020-06-16 00:00:00,vOuJvMaM2sgwLmb,0,0,6274,2.41784e+06
2020-06-17 05:45:00,q49J1IKaHRwDQnt,0,0,0,516601
2020-06-14 18:00:00,4UPUqMRk7TRMgml,105.457,102.464,1834.5,2.64129e+06
2020-06-12 13:00:00,V94E5Ben1TlhnDV,111.633,109.413,328.933,3.76606e+08
2020-05-31 08:15:00,Quc1TzYxW2pYoWX,374.413,367.7,269.6,3.29579e+08
2020-06-13 21:45:00,Qf4GUc1pJu5T6c6,0,0,3544,8.38633e+08
2020-05-18 11:30:00,WcxssY2VbP4hApt,1120.19,1093.87,2616.87,1.81723e+08
2020-06-05 09:15:00,oZ35aAeoifZaQzV,1000.25,977.66,1151.27,1.66012e+09
2020-05-25 22:45:00,oZ35aAeoifZaQzV,0,0,9186,1.66005e+09
2020-05-24 13:30:00,PeE6FRyGXUgsRhN,1147.65,1120.67,6023.6,1.34841e+09
2020-06-12 08:15:00,81aHJ1q11NBPMrL,245.213,240.513,313.467,1.21545e+09
2020-05-24 23:15:00,LYwnQax7tkwH5Cb,0,0,4713,1.79501e+09
2020-05-20 17:15:00,NgDl19wMapZy17u,284.587,279.147,9113.4,1.1156e+08
2020-06-13 23:30:00,NgDl19wMapZy17u,0,0,3972,1.11724e+08
2020-05-18 00:45:00,Et9kgGMDl729KT4,0,0,0,1.71949e+06
2020-06-08 03:45:00,Et9kgGMDl729KT4,0,0,2554,1.81878e+06
2020-05-25 09:30:00,PeE6FRyGXUgsRhN,928.047,907.787,1458.8,1.34841e+09
2020-06-14 08:15:00,81aHJ1q11NBPMrL,350.667,344.193,563.4,1.21546e+09
2020-06-03 22:00:00,WcxssY2VbP4hApt,0,0,5691,1.81844e+08
2020-05-22 11:00:00,oZ35aAeoifZaQzV,1283.8,1251.71,3420.71,1.66002e+09
2020-05-25 14:15:00,vOuJvMaM2sgwLmb,1082.84,1056.51,6963.87,2.28517e+06
2020-06-10 15:15:00,PeE6FRyGXUgsRhN,298.086,292.636,3446.79,1.34851e+09
2020-05-23 21:00:00,PeE6FRyGXUgsRhN,0,0,9196,1.3484e+09
2020-05-28 13:00:00,Et9kgGMDl729KT4,1182.32,1152.74,5320.21,1.77635e+06
2020-05-23 19:15:00,q49J1IKaHRwDQnt,0,0,3254,386758
2020-06-08 20:30:00,mqwcsP2rE7J0TFp,0,0,9065,5.93768e+08
2020-06-08 19:00:00,LlT2YUhhzqhg5Sw,0,0,2841,2.82746e+08
2020-06-16 19:45:00,rrq4fwE8jgrTyWY,0,0,5161,1.21127e+08
2020-05-24 15:30:00,xoJJ8DcxJEcupym,782.893,766.387,8039.93,2.09195e+08
2020-06-11 17:45:00,oZ35aAeoifZaQzV,84.25,81.7857,3923.29,1.66016e+09
2020-06-02 02:15:00,PeE6FRyGXUgsRhN,0,0,0,1.34846e+09
2020-06-13 04:00:00,mqwcsP2rE7J0TFp,0,0,0,5.93787e+08
2020-05-18 09:15:00,LYwnQax7tkwH5Cb,648.107,634.893,615.667,1.79498e+09
2020-06-10 16:45:00,xMbIugepa2P7lBB,230.357,225.979,5458,1.06861e+08
2020-05-18 19:45:00,Quc1TzYxW2pYoWX,0,0,2787,3.29526e+08
2020-05-20 20:45:00,4UPUqMRk7TRMgml,0,0,9423,2.46426e+06
2020-06-05 04:15:00,oZZkBaNadn6DNKz,0,0,0,1.70822e+09
2020-05-17 19:00:00,LlT2YUhhzqhg5Sw,0,0,6717,2.82616e+08
2020-05-28 04:00:00,81aHJ1q11NBPMrL,0,0,0,1.21536e+09
2020-05-29 13:15:00,LYwnQax7tkwH5Cb,890.747,871.473,4939.47,1.79503e+09
2020-06-12 16:45:00,xoJJ8DcxJEcupym,283.687,278.3,4507.67,2.09305e+08
2020-06-07 21:30:00,oZ35aAeoifZaQzV,0,0,7860,1.66014e+09
2020-06-14 20:00:00,Mx2yZCDsyf6DPfv,0,0,3304,2.67074e+06
2020-05-17 12:45:00,PeE6FRyGXUgsRhN,986.657,964.807,4029.21,1.34837e+09
2020-05-29 01:30:00,vOuJvMaM2sgwLmb,0,0,0,2.31502e+06
2020-06-01 03:00:00,4UPUqMRk7TRMgml,0,0,0,2.55256e+06
2020-06-13 09:15:00,oZ35aAeoifZaQzV,401.853,394.727,960.133,1.66017e+09
2020-06-06 00:00:00,xoJJ8DcxJEcupym,0,0,7368,2.09267e+08
2020-06-15 14:30:00,q49J1IKaHRwDQnt,611.32,598.953,4854.13,510119
2020-06-10 18:00:00,81aHJ1q11NBPMrL,8.07333,7.78,5547.73,1.21545e+09
2020-06-08 02:15:00,NgDl19wMapZy17u,0,0,7778,1.11691e+08
2020-06-03 13:00:00,Quc1TzYxW2pYoWX,94.9933,92.34,1595.33,3.29594e+08
2020-05-24 13:45:00,oZZkBaNadn6DNKz,1150.18,1122.84,6523.79,1.70814e+09
2020-05-27 14:45:00,Et9kgGMDl729KT4,923.986,903.843,7028.86,1.7694e+06
2020-06-16 19:30:00,oZZkBaNadn6DNKz,0,0,5554,1.70828e+09
2020-05-21 01:30:00,PeE6FRyGXUgsRhN,0,0,0,1.34838e+09
2020-05-19 15:30:00,Quc1TzYxW2pYoWX,114.733,111.633,2157.47,3.29528e+08
2020-05-24 18:15:00,oZ35aAeoifZaQzV,41.6867,40.2933,5073.27,1.66004e+09
2020-06-06 18:00:00,WcxssY2VbP4hApt,104.92,101.973,8350.13,1.8186e+08
2020-05-15 11:00:00,Et9kgGMDl729KT4,0,0,1541,1.70579e+06
2020-06-07 17:30:00,Qf4GUc1pJu5T6c6,231.007,226.453,7607.2,8.38598e+08
2020-06-16 14:15:00,WcxssY2VbP4hApt,230.76,226,2103.67,8.48897e+07
2020-05-21 21:15:00,Mx2yZCDsyf6DPfv,0,0,9059,2.50657e+06
2020-06-09 17:30:00,4UPUqMRk7TRMgml,176.613,173.007,8008.8,2.61861e+06
2020-05-24 21:15:00,q49J1IKaHRwDQnt,0,0,8872,395630
2020-05-25 11:15:00,LYwnQax7tkwH5Cb,0,0,2901,1.79501e+09
2020-06-11 01:00:00,mqwcsP2rE7J0TFp,0,0,0,5.93778e+08
2020-05-30 13:30:00,LlT2YUhhzqhg5Sw,1121.86,1095.19,4833.53,2.82703e+08
2020-05-29 20:45:00,vOuJvMaM2sgwLmb,0,0,5083,2.3201e+06
2020-06-15 00:15:00,xMbIugepa2P7lBB,0,0,7340,1.0688e+08
2020-05-16 16:00:00,IQ2d7wF4YD8zU1Q,359.96,353.4,7684.27,1.99589e+07
2020-05-22 10:45:00,LlT2YUhhzqhg5Sw,0,0,2683,2.8264e+08
2020-06-12 10:30:00,Qf4GUc1pJu5T6c6,251.98,247.193,1143.13,8.38626e+08
2020-05-23 18:30:00,PeE6FRyGXUgsRhN,2.47333,2.39333,9196,1.3484e+09
2020-06-06 14:00:00,LYwnQax7tkwH5Cb,0,0,2212,1.79507e+09
2020-06-11 18:45:00,NgDl19wMapZy17u,0,0,3884,1.11715e+08
2020-05-16 21:15:00,rrq4fwE8jgrTyWY,0,0,7372,1.20977e+08
2020-05-17 20:45:00,LlT2YUhhzqhg5Sw,0,0,6717,2.82616e+08
2020-06-16 15:45:00,xMbIugepa2P7lBB,486.167,476.86,5083.27,1.06892e+08
2020-06-08 19:00:00,WcxssY2VbP4hApt,0,0,3585,1.81865e+08
2020-05-30 21:15:00,rrq4fwE8jgrTyWY,0,0,7592,1.21055e+08
2020-05-23 01:00:00,9kRcWv60rDACzjR,0,0,0,2.24777e+09
2020-05-20 22:00:00,LYwnQax7tkwH5Cb,0,0,4592,1.79499e+09
2020-05-25 00:45:00,rrq4fwE8jgrTyWY,0,0,0,1.21018e+08
2020-05-20 20:30:00,4UPUqMRk7TRMgml,0,0,9423,2.46426e+06
2020-06-17 19:45:00,xoJJ8DcxJEcupym,0,0,4316,2.09336e+08
2020-05-20 04:15:00,vOuJvMaM2sgwLmb,0,0,0,2.24376e+06
2020-06-14 13:15:00,PeE6FRyGXUgsRhN,1224.93,1194.74,4572.93,1.34853e+09
2020-05-23 14:15:00,q49J1IKaHRwDQnt,0,0,1555,385059
2020-06-10 15:30:00,xoJJ8DcxJEcupym,236.413,231.813,3459.8,2.09296e+08
2020-06-16 15:00:00,IQ2d7wF4YD8zU1Q,539.453,528.767,4732.07,2.018e+07
2020-05-21 13:45:00,oZ35aAeoifZaQzV,1182.53,1153.21,5487.2,1.66002e+09
2020-05-16 02:30:00,V94E5Ben1TlhnDV,0,0,0,1.41209e+09
2020-05-31 11:30:00,PeE6FRyGXUgsRhN,970,948.567,2603.93,1.34845e+09
2020-06-03 15:00:00,xMbIugepa2P7lBB,1158.56,1130.74,4740.21,1.06807e+08
2020-06-06 05:15:00,Quc1TzYxW2pYoWX,0,0,3779,3.29606e+08
2020-06-07 16:00:00,Et9kgGMDl729KT4,243.527,238.713,2004.4,1.81823e+06
2020-06-05 20:45:00,WcxssY2VbP4hApt,0,0,3448,1.81851e+08
2020-05-16 00:15:00,xMbIugepa2P7lBB,0,0,9465,1.06666e+08
2020-06-08 21:30:00,Et9kgGMDl729KT4,0,0,3189,1.82197e+06
2020-05-23 10:45:00,81aHJ1q11NBPMrL,1196.48,1166.57,2930,1.21532e+09
2020-06-03 00:45:00,LlT2YUhhzqhg5Sw,0,0,0,2.8272e+08
2020-05-17 06:45:00,IQ2d7wF4YD8zU1Q,44.3333,42.8533,20.9333,1.99591e+07
2020-05-24 12:30:00,oZZkBaNadn6DNKz,1269.26,1237.51,5035.5,1.70814e+09
2020-05-17 05:15:00,oZ35aAeoifZaQzV,0,0,0,1.65998e+09
2020-05-24 18:30:00,vOuJvMaM2sgwLmb,14.7,14.1933,3274.93,2.27821e+06
2020-06-11 09:30:00,PeE6FRyGXUgsRhN,282.053,276.933,629.067,1.34852e+09
2020-05-22 00:30:00,Mx2yZCDsyf6DPfv,0,0,0,2.50657e+06
2020-05-25 21:00:00,LlT2YUhhzqhg5Sw,0,0,8810,2.82664e+08
2020-05-15 10:15:00,V94E5Ben1TlhnDV,1153.26,1126,2509.8,1.41209e+09
2020-05-22 00:45:00,Mx2yZCDsyf6DPfv,0,0,0,2.50657e+06
2020-06-11 17:15:00,xoJJ8DcxJEcupym,93.7267,91.0333,3858.93,2.09301e+08
2020-05-20 17:00:00,IQ2d7wF4YD8zU1Q,319.533,313.84,9197.47,1.99902e+07
2020-06-07 03:45:00,LYwnQax7tkwH5Cb,0,0,3489,1.79507e+09
2020-05-15 01:45:00,Mx2yZCDsyf6DPfv,0,0,0,2.45365e+06
2020-05-29 00:00:00,xoJJ8DcxJEcupym,0,0,0,2.09223e+08
2020-06-06 03:00:00,xoJJ8DcxJEcupym,0,0,7368,2.09267e+08
2020-05-18 19:30:00,xoJJ8DcxJEcupym,0,0,4243,2.0916e+08
2020-05-31 20:00:00,rrq4fwE8jgrTyWY,0,0,6256,1.21061e+08
2020-05-16 17:45:00,NgDl19wMapZy17u,9.22,8.88667,7760.87,1.1153e+08
2020-06-14 13:00:00,Mx2yZCDsyf6DPfv,0,0,1705,2.66914e+06
2020-06-05 14:15:00,LYwnQax7tkwH5Cb,441.84,433.753,1413.07,1.79506e+09
2020-05-24 11:15:00,oZZkBaNadn6DNKz,1250.41,1219.16,3481.27,1.70814e+09
2020-05-21 22:00:00,4UPUqMRk7TRMgml,0,0,9151,2.47342e+06
2020-06-09 16:30:00,V94E5Ben1TlhnDV,619.253,606.687,7408,1.41226e+09
2020-05-31 14:00:00,Et9kgGMDl729KT4,1141.09,1114.26,4873.43,1.79368e+06
2020-06-14 22:15:00,oZ35aAeoifZaQzV,0,0,3347,1.66018e+09
2020-06-08 11:00:00,LlT2YUhhzqhg5Sw,0,0,1427,2.82744e+08
2020-06-15 06:30:00,vOuJvMaM2sgwLmb,88.0067,85.46,20.7333,2.41158e+06
2020-05-17 10:00:00,81aHJ1q11NBPMrL,901.72,882.113,1788,1.21529e+09
2020-06-11 00:30:00,Quc1TzYxW2pYoWX,0,0,2340.8,3.07646e+08
2020-06-08 22:15:00,Quc1TzYxW2pYoWX,0,0,3027,3.29615e+08
2020-05-27 06:45:00,oZZkBaNadn6DNKz,132.8,129.267,49.2667,1.70817e+09
2020-06-02 19:15:00,Quc1TzYxW2pYoWX,0,0,4962,3.29593e+08
2020-05-23 14:15:00,LlT2YUhhzqhg5Sw,0,0,1617,2.82644e+08
2020-05-18 05:00:00,Et9kgGMDl729KT4,0,0,0,1.71949e+06
2020-06-15 23:00:00,xMbIugepa2P7lBB,0,0,6200,1.06887e+08
2020-05-31 19:00:00,Quc1TzYxW2pYoWX,0,0,5399,3.29584e+08
2020-06-08 20:00:00,Quc1TzYxW2pYoWX,0,0,3027,3.29615e+08
2020-06-10 08:30:00,9kRcWv60rDACzjR,722.773,707.707,480.333,2.24788e+09
2020-05-29 01:45:00,vOuJvMaM2sgwLmb,0,0,0,2.31502e+06
2020-06-06 19:00:00,LlT2YUhhzqhg5Sw,0,0,4674,2.82735e+08
2020-06-09 10:15:00,Mx2yZCDsyf6DPfv,1125.85,1098.4,2237.33,2.64435e+06
2020-06-16 00:30:00,q49J1IKaHRwDQnt,0,0,6060,511325
2020-05-28 07:30:00,xoJJ8DcxJEcupym,373.74,367.287,198.933,2.09214e+08
2020-05-17 16:30:00,Et9kgGMDl729KT4,557.86,546.74,4257.27,1.71914e+06
2020-06-13 21:45:00,LYwnQax7tkwH5Cb,0,0,6213,1.79509e+09
2020-06-09 19:00:00,81aHJ1q11NBPMrL,0,0,4696,1.21544e+09
2020-06-05 16:30:00,Et9kgGMDl729KT4,426.964,419.1,2259,1.81342e+06
2020-06-08 03:00:00,LlT2YUhhzqhg5Sw,0,0,7771,2.82743e+08
2020-05-31 23:45:00,q49J1IKaHRwDQnt,0,0,6348,444300
2020-06-05 13:45:00,Quc1TzYxW2pYoWX,266.86,261.747,2309.6,3.29604e+08
2020-06-17 21:00:00,IQ2d7wF4YD8zU1Q,0,0,4251,2.01851e+07
2020-05-16 13:15:00,oZZkBaNadn6DNKz,1069.41,1044.59,3942.73,1.70809e+09
2020-05-15 04:30:00,xMbIugepa2P7lBB,0,0,9166,1.06657e+08
2020-06-13 13:15:00,oZ35aAeoifZaQzV,0,0,1633,1.66017e+09
2020-05-30 20:00:00,LlT2YUhhzqhg5Sw,0,0,7952,2.82706e+08
2020-05-20 02:30:00,xoJJ8DcxJEcupym,0,0,0,2.09166e+08
2020-06-05 05:30:00,xMbIugepa2P7lBB,0,0,6439.07,1.06815e+08
2020-05-21 08:45:00,WcxssY2VbP4hApt,744.94,729.373,914.933,1.81745e+08
2020-05-19 04:45:00,WcxssY2VbP4hApt,0,0,0,1.81728e+08
2020-05-25 15:00:00,81aHJ1q11NBPMrL,910.287,890.487,7559.2,1.21534e+09
2020-05-22 18:15:00,Qf4GUc1pJu5T6c6,14.16,13.6667,9871.13,8.38481e+08
2020-06-06 05:30:00,Et9kgGMDl729KT4,0,0,0,1.81393e+06
2020-06-15 16:45:00,IQ2d7wF4YD8zU1Q,411.013,403.693,6044.2,2.0175e+07
2020-05-22 19:30:00,oZZkBaNadn6DNKz,0,0,9729,1.70813e+09
2020-05-27 00:30:00,q49J1IKaHRwDQnt,0,0,4080,405907
2020-06-17 17:00:00,PeE6FRyGXUgsRhN,51.3333,49.6733,4137,1.34855e+09
2020-06-17 10:30:00,oZ35aAeoifZaQzV,476.521,467.471,1006.21,1.66019e+09
2020-05-21 17:00:00,V94E5Ben1TlhnDV,367.15,360.857,4698.29,1.41213e+09
2020-06-10 02:30:00,WcxssY2VbP4hApt,0,0,4027,1.81869e+08
2020-05-24 23:15:00,Mx2yZCDsyf6DPfv,0,0,4962,2.53099e+06
2020-06-02 09:45:00,xoJJ8DcxJEcupym,632.913,620.047,1502.13,2.09246e+08
2020-05-17 16:30:00,IQ2d7wF4YD8zU1Q,623.893,611.26,6796.53,1.99659e+07
2020-05-30 05:45:00,vOuJvMaM2sgwLmb,0,0,0,2.3201e+06
2020-05-19 14:45:00,Mx2yZCDsyf6DPfv,711.48,696.653,6344.93,2.48771e+06
2020-05-27 01:00:00,81aHJ1q11NBPMrL,0,0,0,0
2020-06-15 16:15:00,PeE6FRyGXUgsRhN,383.913,377.253,2361,1.34854e+09
2020-05-29 15:45:00,Mx2yZCDsyf6DPfv,807.029,789.907,7192.64,2.5697e+06
2020-05-17 21:00:00,oZ35aAeoifZaQzV,0,0,5550,1.65999e+09
2020-06-05 15:30:00,WcxssY2VbP4hApt,524.673,514.427,2505.73,1.8185e+08
2020-06-05 07:30:00,Et9kgGMDl729KT4,206.007,201.967,161.933,1.81133e+06
2020-05-17 05:15:00,NgDl19wMapZy17u,0,0,0,1.1153e+08
2020-05-15 09:45:00,oZZkBaNadn6DNKz,1061.22,1037.31,1979.13,1.70809e+09
2020-06-15 12:15:00,vOuJvMaM2sgwLmb,1140.74,1112.99,3630.21,2.41519e+06
2020-05-25 17:45:00,PeE6FRyGXUgsRhN,24.6067,23.7533,8730.67,1.34842e+09
2020-06-10 02:45:00,Mx2yZCDsyf6DPfv,0,0,8042,2.65015e+06
2020-05-27 09:00:00,9kRcWv60rDACzjR,810.713,793.5,1055.2,2.24781e+09
2020-06-09 16:45:00,oZZkBaNadn6DNKz,331.147,325.26,7625.2,1.70825e+09
2020-05-28 17:00:00,Qf4GUc1pJu5T6c6,320.687,315,3737.2,8.38527e+08
2020-06-07 12:15:00,Quc1TzYxW2pYoWX,0,0,0,3.2961e+08
2020-05-20 18:15:00,q49J1IKaHRwDQnt,52.08,50.38,4052.53,369318
2020-06-07 01:15:00,Qf4GUc1pJu5T6c6,0,0,8227,8.3859e+08
2020-05-30 13:45:00,4UPUqMRk7TRMgml,1206.27,1176.27,5219.8,2.5429e+06
2020-05-29 15:45:00,4UPUqMRk7TRMgml,806.786,789.679,7080,2.53664e+06
2020-06-07 18:30:00,LlT2YUhhzqhg5Sw,27.5933,26.6467,7767.53,2.82743e+08
2020-06-03 00:30:00,xoJJ8DcxJEcupym,0,0,5480,2.0925e+08
2020-06-07 06:45:00,9kRcWv60rDACzjR,75.2933,72.9867,38.8667,2.24787e+09
2020-06-07 21:30:00,xMbIugepa2P7lBB,0,0,7775,1.06839e+08
2020-06-15 12:00:00,V94E5Ben1TlhnDV,0,0,978,1.41228e+09
2020-06-13 19:00:00,Quc1TzYxW2pYoWX,0,0,5477,3.29633e+08
2020-05-30 07:00:00,vOuJvMaM2sgwLmb,145.7,142.467,42,2.32014e+06
2020-05-21 10:00:00,LlT2YUhhzqhg5Sw,295.66,288.927,354.4,1.31896e+08
2020-05-24 08:30:00,oZ35aAeoifZaQzV,697.38,682.973,744.333,1.66004e+09
2020-06-07 02:45:00,LlT2YUhhzqhg5Sw,0,0,4674,2.82735e+08
2020-05-19 19:15:00,oZ35aAeoifZaQzV,0,0,6863,1.66e+09
2020-06-14 09:30:00,xoJJ8DcxJEcupym,621.393,608.593,1081.73,2.09314e+08
2020-06-14 15:00:00,Mx2yZCDsyf6DPfv,593.547,581.447,2151.2,2.66959e+06
2020-05-31 02:45:00,Et9kgGMDl729KT4,0,0,0,1.78881e+06
2020-05-18 20:45:00,xoJJ8DcxJEcupym,0,0,4243,2.0916e+08
2020-06-09 04:15:00,WcxssY2VbP4hApt,0,0,3585,1.81865e+08
2020-05-18 22:15:00,LlT2YUhhzqhg5Sw,0,0,4730,2.82621e+08
2020-05-16 14:45:00,LlT2YUhhzqhg5Sw,666.379,652.557,6664.93,2.82609e+08
2020-06-07 20:00:00,LYwnQax7tkwH5Cb,0,0,2070,1.79507e+09
2020-05-25 10:30:00,V94E5Ben1TlhnDV,1067.45,1043.09,2524.36,1.41216e+09
2020-06-04 13:45:00,9kRcWv60rDACzjR,0,0,1447,2.24786e+09
2020-06-02 13:30:00,PeE6FRyGXUgsRhN,1263.29,1232.01,3249.93,1.34847e+09
2020-05-15 17:00:00,q49J1IKaHRwDQnt,295.929,290.593,8971.93,348895
2020-05-17 18:45:00,Mx2yZCDsyf6DPfv,0,0,6481,2.47373e+06
2020-05-26 20:30:00,PeE6FRyGXUgsRhN,0,0,6704,1.34843e+09
2020-06-17 07:45:00,LYwnQax7tkwH5Cb,124.886,121.486,101.286,1.79511e+09
2020-06-17 11:00:00,IQ2d7wF4YD8zU1Q,512.26,502.173,1211.6,2.0182e+07
2020-06-06 01:30:00,IQ2d7wF4YD8zU1Q,0,0,1037.2,2.01104e+07
2020-05-20 16:00:00,PeE6FRyGXUgsRhN,604.68,592.473,2071.8,1.34838e+09
2020-05-20 04:45:00,81aHJ1q11NBPMrL,0,0,0,1.2153e+09
2020-05-15 18:30:00,oZZkBaNadn6DNKz,2.56,2.47333,5395.93,1.70809e+09
2020-05-22 18:45:00,PeE6FRyGXUgsRhN,0,0,9420,1.3484e+09
2020-06-16 12:00:00,IQ2d7wF4YD8zU1Q,836.207,818.24,2919.13,2.01781e+07
2020-05-27 23:15:00,rrq4fwE8jgrTyWY,0,0,5696,1.21036e+08
2020-06-05 12:45:00,81aHJ1q11NBPMrL,1053.78,1028.01,4830.33,1.21541e+09
2020-05-29 08:00:00,81aHJ1q11NBPMrL,280.971,275.629,278.857,1.21537e+09
2020-06-10 16:45:00,IQ2d7wF4YD8zU1Q,231.75,227.343,5561.64,2.01495e+07
2020-06-13 06:30:00,rrq4fwE8jgrTyWY,65.9133,63.8267,17.6667,1.21105e+08
2020-06-06 03:15:00,xMbIugepa2P7lBB,0,0,7722,1.06823e+08
2020-06-02 15:30:00,oZ35aAeoifZaQzV,918.553,898.4,6239.73,1.66011e+09
2020-05-15 14:30:00,oZ35aAeoifZaQzV,0,0,5612,1.65997e+09
2020-06-09 01:45:00,oZZkBaNadn6DNKz,0,0,0,1.70824e+09
2020-05-20 03:15:00,vOuJvMaM2sgwLmb,0,0,0,2.24376e+06
2020-05-23 20:15:00,vOuJvMaM2sgwLmb,0,0,9534,2.27493e+06
2020-05-23 13:30:00,V94E5Ben1TlhnDV,1196.51,1166.59,6355.21,1.41215e+09
2020-06-12 08:15:00,WcxssY2VbP4hApt,250.913,246.107,319.6,1.81877e+08
2020-05-23 11:30:00,LlT2YUhhzqhg5Sw,0,0,1617,2.82644e+08
2020-06-10 03:30:00,xoJJ8DcxJEcupym,0,0,6993,2.09293e+08
2020-05-17 01:45:00,LYwnQax7tkwH5Cb,0,0,0,1.79497e+09
2020-05-29 03:30:00,81aHJ1q11NBPMrL,0,0,0,1.21537e+09
2020-05-20 02:15:00,q49J1IKaHRwDQnt,0,0,2825,365265
2020-06-07 04:30:00,Mx2yZCDsyf6DPfv,0,0,8312,2.62511e+06
2020-05-22 07:15:00,Quc1TzYxW2pYoWX,212.98,208.807,126.4,3.29536e+08
2020-06-16 13:15:00,xMbIugepa2P7lBB,847.92,829.727,3844.87,1.06891e+08
2020-05-18 21:45:00,NgDl19wMapZy17u,0,0,7677,1.11545e+08
2020-05-30 14:45:00,LlT2YUhhzqhg5Sw,1004.05,981.713,6160.53,2.82704e+08
2020-05-25 04:45:00,xoJJ8DcxJEcupym,0,0,0,2.09196e+08
2020-05-20 15:00:00,IQ2d7wF4YD8zU1Q,984.113,962.327,7940.33,1.99889e+07
2020-05-20 07:15:00,rrq4fwE8jgrTyWY,237.673,233.16,116.6,1.2099e+08
2020-06-14 05:30:00,NgDl19wMapZy17u,0,0,3972,1.11724e+08
2020-05-16 02:00:00,Mx2yZCDsyf6DPfv,0,0,0,2.46145e+06
2020-06-12 15:00:00,oZZkBaNadn6DNKz,677.1,663.187,3643.93,1.70826e+09
2020-05-30 17:45:00,Mx2yZCDsyf6DPfv,145.714,142.293,8152.14,2.5789e+06
2020-05-15 09:15:00,mqwcsP2rE7J0TFp,945.933,925.2,1510.2,5.93582e+08
2020-05-29 05:45:00,LYwnQax7tkwH5Cb,0,0,0,1.79502e+09
2020-05-16 02:30:00,xMbIugepa2P7lBB,0,0,9465,1.06666e+08
2020-06-05 08:00:00,Et9kgGMDl729KT4,301.86,296.4,291,1.81146e+06
2020-06-07 11:45:00,PeE6FRyGXUgsRhN,939.533,917.827,3237.73,1.34849e+09
2020-05-31 13:00:00,81aHJ1q11NBPMrL,1083.54,1057.05,3704.33,1.13436e+09
2020-06-10 18:45:00,oZZkBaNadn6DNKz,0,0,5460,1.70826e+09
2020-06-04 06:15:00,81aHJ1q11NBPMrL,30.1467,29.1267,4.6,1.2154e+09
2020-05-31 23:15:00,xoJJ8DcxJEcupym,0,0,6486,2.0924e+08
2020-06-04 08:30:00,LlT2YUhhzqhg5Sw,517.4,507.247,601.133,2.82725e+08
2020-06-09 10:30:00,Qf4GUc1pJu5T6c6,1198.69,1169.13,2575.27,8.3861e+08
2020-06-12 07:45:00,9kRcWv60rDACzjR,264.147,259.14,190,2.24789e+09
2020-06-13 03:45:00,oZZkBaNadn6DNKz,0,0,0,1.70827e+09
2020-05-22 20:15:00,4UPUqMRk7TRMgml,0,0,9863,2.48328e+06
2020-06-09 03:00:00,vOuJvMaM2sgwLmb,0,0,8995,2.37568e+06
2020-05-21 14:45:00,rrq4fwE8jgrTyWY,941.307,920.687,3071.53,1.21e+08
2020-06-17 03:30:00,Mx2yZCDsyf6DPfv,0,0,0,2.67891e+06
2020-05-16 15:00:00,q49J1IKaHRwDQnt,621.52,608.82,2812.53,351832
2020-06-03 03:45:00,LlT2YUhhzqhg5Sw,0,0,0,2.8272e+08
2020-05-21 13:00:00,PeE6FRyGXUgsRhN,0,0,1574,1.34838e+09
2020-06-09 09:30:00,LlT2YUhhzqhg5Sw,715.38,699.733,1519.93,2.63897e+08
2020-05-29 16:30:00,LlT2YUhhzqhg5Sw,572.573,561.133,6740,2.82697e+08
2020-05-30 23:15:00,Mx2yZCDsyf6DPfv,0,0,8199,2.57894e+06
2020-06-06 19:30:00,xoJJ8DcxJEcupym,0,0,2354,2.09269e+08
2020-05-28 21:45:00,q49J1IKaHRwDQnt,0,0,7799,422722
2020-06-06 17:30:00,81aHJ1q11NBPMrL,225.157,220.679,8080.36,1.21543e+09
2020-05-15 00:15:00,q49J1IKaHRwDQnt,0,0,4315,339923
2020-06-06 04:00:00,Quc1TzYxW2pYoWX,0,0,3779,3.29606e+08
2020-05-15 18:45:00,LYwnQax7tkwH5Cb,0,0,8458,1.79497e+09
2020-05-29 02:45:00,oZ35aAeoifZaQzV,0,0,0,1.66007e+09
2020-06-01 02:00:00,mqwcsP2rE7J0TFp,0,0,0,5.93713e+08
2020-06-17 12:45:00,Qf4GUc1pJu5T6c6,791.271,774.557,2395.43,8.38645e+08
2020-05-21 02:30:00,LlT2YUhhzqhg5Sw,0,0,0,2.82631e+08
2020-05-16 05:45:00,V94E5Ben1TlhnDV,0,0,0,1.41209e+09
2020-06-05 07:30:00,81aHJ1q11NBPMrL,214.1,209.9,168.067,1.21541e+09
2020-06-06 19:15:00,4UPUqMRk7TRMgml,0,0,8376,2.59354e+06
2020-05-27 20:15:00,Quc1TzYxW2pYoWX,0,0,7370,3.29566e+08
2020-05-23 15:45:00,Qf4GUc1pJu5T6c6,767.35,751.236,8700.36,8.3849e+08
2020-06-09 14:45:00,oZZkBaNadn6DNKz,703.46,688.867,6317.2,1.70825e+09
2020-05-31 12:00:00,oZZkBaNadn6DNKz,866.18,846.42,3217.6,1.70819e+09
2020-05-17 22:15:00,LYwnQax7tkwH5Cb,0,0,5519,1.79498e+09
2020-06-11 03:00:00,oZZkBaNadn6DNKz,0,0,0,1.70826e+09
2020-06-13 23:45:00,NgDl19wMapZy17u,0,0,3972,1.11724e+08
2020-05-30 20:45:00,oZZkBaNadn6DNKz,0,0,3689,1.70819e+09
2020-06-06 20:45:00,rrq4fwE8jgrTyWY,0,0,2342,1.21085e+08
2020-05-19 02:45:00,PeE6FRyGXUgsRhN,0,0,0,1.34838e+09
2020-06-01 20:00:00,rrq4fwE8jgrTyWY,0,0,3858,1.21065e+08
2020-05-18 18:30:00,LYwnQax7tkwH5Cb,5.76,5.56,3528.8,1.79498e+09
2020-06-13 23:00:00,Qf4GUc1pJu5T6c6,0,0,3544,8.38633e+08
2020-06-02 21:15:00,WcxssY2VbP4hApt,0,0,3877,1.81838e+08
2020-05-24 18:15:00,Quc1TzYxW2pYoWX,31.9867,30.8933,4810.33,3.29548e+08
2020-06-02 13:15:00,Mx2yZCDsyf6DPfv,1215.56,1185.97,4128.53,2.59405e+06
2020-06-11 17:15:00,Qf4GUc1pJu5T6c6,95.2933,92.5667,3805.87,8.38625e+08
2020-05-16 09:30:00,81aHJ1q11NBPMrL,984.029,962.257,1568.64,1.21528e+09
2020-06-05 03:00:00,vOuJvMaM2sgwLmb,0,0,6885,2.35311e+06
2020-06-13 03:15:00,WcxssY2VbP4hApt,0,0,4815,1.81882e+08
2020-06-01 16:00:00,q49J1IKaHRwDQnt,100.593,97.7467,3703.6,448004
2020-05-30 06:30:00,PeE6FRyGXUgsRhN,25.0067,24.1533,8.93333,1.34845e+09
2020-06-11 07:15:00,WcxssY2VbP4hApt,157.907,154.329,56.5,1.81873e+08
2020-05-17 04:45:00,Et9kgGMDl729KT4,0,0,0,1.71489e+06
2020-05-20 19:00:00,vOuJvMaM2sgwLmb,0,0,9372,2.25313e+06
2020-06-17 15:30:00,xMbIugepa2P7lBB,369.727,363.367,3689.13,1.06896e+08
2020-05-29 01:45:00,LlT2YUhhzqhg5Sw,0,0,0,2.82691e+08
2020-06-12 05:15:00,4UPUqMRk7TRMgml,0,0,3930,2.62822e+06
2020-06-10 19:30:00,q49J1IKaHRwDQnt,0,0,5303,482941
2020-05-15 16:00:00,LYwnQax7tkwH5Cb,651.993,638.664,7891.57,1.79497e+09
2020-06-07 21:15:00,81aHJ1q11NBPMrL,0,0,1907,1.21543e+09
2020-05-31 07:45:00,PeE6FRyGXUgsRhN,162,158.393,185.333,1.34845e+09
2020-06-17 13:00:00,Qf4GUc1pJu5T6c6,782.847,766.333,2583.87,8.38645e+08
2020-06-04 21:45:00,WcxssY2VbP4hApt,0,0,3834,1.81848e+08
2020-05-30 15:30:00,q49J1IKaHRwDQnt,814.336,797.036,6712.64,436842
2020-05-20 03:45:00,LlT2YUhhzqhg5Sw,0,0,0,2.82628e+08
2020-06-14 21:00:00,IQ2d7wF4YD8zU1Q,0,0,7301,2.01689e+07
2020-06-05 21:15:00,mqwcsP2rE7J0TFp,0,0,7561,5.93743e+08
2020-06-03 15:30:00,vOuJvMaM2sgwLmb,467.507,458.479,4182.29,2.34545e+06
2020-05-29 18:00:00,oZ35aAeoifZaQzV,94.5733,91.84,8232.4,1.66008e+09
2020-06-16 01:30:00,IQ2d7wF4YD8zU1Q,0,0,6296,2.01752e+07
2020-06-02 00:00:00,NgDl19wMapZy17u,0,0,823.4,1.11649e+08
2020-06-06 06:15:00,81aHJ1q11NBPMrL,55.0533,53.2933,8.4,1.21542e+09
2020-05-18 16:15:00,IQ2d7wF4YD8zU1Q,584.333,572.62,7389.6,1.99737e+07
2020-06-04 04:30:00,Quc1TzYxW2pYoWX,0,0,3721,3.29597e+08
2020-06-02 12:00:00,xMbIugepa2P7lBB,948.943,926.85,3177.93,1.06798e+08
2020-06-17 00:30:00,oZZkBaNadn6DNKz,0,0,0,1.70828e+09
2020-05-31 03:30:00,LlT2YUhhzqhg5Sw,0,0,0,2.82706e+08
2020-05-24 11:15:00,V94E5Ben1TlhnDV,1242.63,1211.55,3465.4,1.41215e+09
2020-05-25 21:15:00,Et9kgGMDl729KT4,0,0,6951,1.75408e+06
2020-06-08 13:00:00,q49J1IKaHRwDQnt,0,0,1383,472634
2020-06-09 11:30:00,9kRcWv60rDACzjR,0,0,1966,2.24788e+09
2020-06-14 05:15:00,rrq4fwE8jgrTyWY,0,0,6127,1.21111e+08
2020-06-16 21:30:00,rrq4fwE8jgrTyWY,0,0,5161,1.21127e+08
2020-05-21 22:45:00,Mx2yZCDsyf6DPfv,0,0,9059,2.50657e+06
2020-05-26 23:00:00,xoJJ8DcxJEcupym,0,0,6233,2.09211e+08
2020-06-04 02:00:00,Mx2yZCDsyf6DPfv,0,0,0,2.60209e+06
2020-05-18 01:15:00,4UPUqMRk7TRMgml,0,0,845.6,2.44523e+06
2020-06-03 20:15:00,rrq4fwE8jgrTyWY,0,0,4128,1.21073e+08
2020-06-02 12:15:00,vOuJvMaM2sgwLmb,0,0,2338.93,2.18398e+06
2020-06-10 19:00:00,Qf4GUc1pJu5T6c6,0,0,5556,8.38621e+08
2020-06-04 18:45:00,xoJJ8DcxJEcupym,0,0,6168,2.09259e+08
2020-05-20 17:00:00,xoJJ8DcxJEcupym,313.621,308.029,2371.07,2.09169e+08
2020-06-05 11:00:00,V94E5Ben1TlhnDV,1242.16,1211.52,2890.79,1.41223e+09
2020-06-12 13:30:00,Et9kgGMDl729KT4,0,0,2119,1.83374e+06
2020-06-13 23:15:00,4UPUqMRk7TRMgml,0,0,6289,2.63915e+06
2020-05-29 15:00:00,4UPUqMRk7TRMgml,748.193,732.536,6473.79,2.53603e+06
2020-06-05 00:45:00,WcxssY2VbP4hApt,0,0,3834,1.81848e+08
2020-05-21 02:30:00,LYwnQax7tkwH5Cb,0,0,0,1.79499e+09
2020-05-16 23:30:00,mqwcsP2rE7J0TFp,0,0,7854,5.93597e+08
2020-06-14 00:00:00,V94E5Ben1TlhnDV,0,0,0,1.41228e+09
2020-06-09 16:45:00,vOuJvMaM2sgwLmb,339.36,333.513,7588.73,2.38327e+06
2020-06-16 08:30:00,q49J1IKaHRwDQnt,496.853,487.12,529.733,511855
2020-05-23 14:00:00,Et9kgGMDl729KT4,443.493,433.76,2450.93,1.74157e+06
2020-05-26 08:00:00,LYwnQax7tkwH5Cb,511.121,501.071,435,1.79501e+09
2020-06-04 13:15:00,LYwnQax7tkwH5Cb,0,0,1420,1.79506e+09
2020-06-17 04:15:00,xMbIugepa2P7lBB,0,0,0,1.06892e+08
2020-06-08 19:00:00,4UPUqMRk7TRMgml,0,0,9210,2.61059e+06
2020-05-19 09:30:00,q49J1IKaHRwDQnt,331.047,325.38,1110.8,363551
2020-05-23 23:30:00,WcxssY2VbP4hApt,0,0,9588,1.81766e+08
2020-05-29 12:00:00,xoJJ8DcxJEcupym,0,0,2024,2.09225e+08
2020-05-20 01:00:00,q49J1IKaHRwDQnt,0,0,2825,365265
2020-06-02 12:30:00,q49J1IKaHRwDQnt,0,0,0,0
2020-05-17 13:45:00,oZZkBaNadn6DNKz,1007.11,984.54,4912.27,1.7081e+09
2020-06-14 09:15:00,LYwnQax7tkwH5Cb,615.12,602.513,1099.87,1.79509e+09
2020-06-09 17:00:00,xoJJ8DcxJEcupym,285.393,279.914,6785.5,2.09293e+08
2020-05-16 04:00:00,Mx2yZCDsyf6DPfv,0,0,0,2.46145e+06
2020-06-07 19:00:00,LYwnQax7tkwH5Cb,0,0,2070,1.79507e+09
2020-06-11 09:15:00,Mx2yZCDsyf6DPfv,480.847,471.7,557.267,2.65627e+06
2020-05-18 23:15:00,IQ2d7wF4YD8zU1Q,0,0,7818,1.99741e+07
2020-06-12 15:15:00,WcxssY2VbP4hApt,620.64,608.067,3903.33,1.81881e+08
2020-05-23 21:00:00,WcxssY2VbP4hApt,0,0,9588,1.81766e+08
2020-06-10 13:15:00,oZ35aAeoifZaQzV,705.48,690.147,4147.73,1.66016e+09
2020-06-08 05:45:00,oZZkBaNadn6DNKz,0,0,0,1.70823e+09
2020-05-25 05:15:00,4UPUqMRk7TRMgml,0,0,0,2.4976e+06
2020-05-23 13:30:00,Quc1TzYxW2pYoWX,931.053,910.7,1563.67,3.29541e+08
2020-05-29 07:45:00,V94E5Ben1TlhnDV,235.127,230.553,226.067,1.41219e+09
2020-05-30 00:45:00,rrq4fwE8jgrTyWY,0,0,0,1.21047e+08
2020-06-06 11:00:00,81aHJ1q11NBPMrL,1092.07,1065.91,3033.8,1.21542e+09
2020-05-26 13:45:00,9kRcWv60rDACzjR,1187.73,1158.09,6413.13,2.2478e+09
2020-06-16 21:15:00,NgDl19wMapZy17u,0,0,5537,1.11742e+08
2020-05-25 18:30:00,vOuJvMaM2sgwLmb,0,0,9042,2.28725e+06
2020-06-10 23:15:00,xMbIugepa2P7lBB,0,0,5523,1.06861e+08
2020-05-29 07:30:00,rrq4fwE8jgrTyWY,187.687,183.96,159.067,1.2104e+08
2020-05-19 04:00:00,V94E5Ben1TlhnDV,0,0,0,1.41211e+09
2020-05-18 10:45:00,rrq4fwE8jgrTyWY,590.5,578.613,1806.53,1.20984e+08
2020-06-02 14:30:00,WcxssY2VbP4hApt,0,0,2605,1.81837e+08
2020-06-15 02:30:00,WcxssY2VbP4hApt,0,0,7634,1.81896e+08
2020-06-15 12:15:00,xMbIugepa2P7lBB,1112.04,1085.3,3577.93,1.06884e+08
2020-05-19 00:00:00,mqwcsP2rE7J0TFp,0,0,1025.33,5.93612e+08
2020-06-13 11:30:00,rrq4fwE8jgrTyWY,813.3,795.953,1863.6,1.21107e+08
2020-05-29 16:15:00,LYwnQax7tkwH5Cb,615.591,603.145,7229.55,1.79503e+09
2020-06-11 06:00:00,81aHJ1q11NBPMrL,0.728571,0.7,0,1.21545e+09
2020-05-20 00:30:00,oZZkBaNadn6DNKz,0,0,0,1.70811e+09
2020-06-08 14:00:00,rrq4fwE8jgrTyWY,0,0,1091,1.21089e+08
2020-05-16 02:15:00,Qf4GUc1pJu5T6c6,0,0,0,8.38428e+08
2020-05-17 11:30:00,PeE6FRyGXUgsRhN,707.15,692.507,3067.86,1.34837e+09
2020-06-05 18:45:00,Et9kgGMDl729KT4,0,0,2769,1.81393e+06
2020-05-19 06:45:00,oZ35aAeoifZaQzV,125.867,122.453,50.0667,1.65999e+09
2020-06-08 10:45:00,IQ2d7wF4YD8zU1Q,1153.58,1125.9,2661,2.01292e+07
2020-06-03 00:45:00,vOuJvMaM2sgwLmb,0,0,0,2.34127e+06
2020-06-13 08:00:00,q49J1IKaHRwDQnt,394.38,387.3,350.933,491747
2020-06-09 18:30:00,Qf4GUc1pJu5T6c6,23.6533,22.84,8082.93,8.38615e+08
2020-06-05 20:00:00,vOuJvMaM2sgwLmb,0,0,3421,2.35653e+06
2020-05-16 19:45:00,V94E5Ben1TlhnDV,0,0,7721,1.4121e+09
2020-06-16 19:45:00,LlT2YUhhzqhg5Sw,0,0,5357,2.82785e+08
2020-06-17 00:00:00,oZ35aAeoifZaQzV,0,0,374.867,1.66018e+09
2020-06-13 00:00:00,LYwnQax7tkwH5Cb,0,0,4500,1.79509e+09
2020-05-27 16:30:00,4UPUqMRk7TRMgml,507.547,497.58,9056.2,2.52538e+06
2020-05-24 06:45:00,oZ35aAeoifZaQzV,149.247,145.727,54.8667,1.66004e+09
2020-06-05 11:30:00,WcxssY2VbP4hApt,0,0,1710,1.8185e+08
2020-05-15 21:00:00,rrq4fwE8jgrTyWY,0,0,5507,1.2097e+08
2020-05-19 08:15:00,q49J1IKaHRwDQnt,455.553,447.027,564.933,363005
2020-06-02 02:00:00,Quc1TzYxW2pYoWX,0,0,3649,3.29588e+08
2020-05-19 23:45:00,xoJJ8DcxJEcupym,0,0,4103.33,2.09166e+08
2020-06-10 17:15:00,IQ2d7wF4YD8zU1Q,21.4267,20.6867,5614.4,2.01496e+07
2020-06-02 07:30:00,mqwcsP2rE7J0TFp,392.8,385.98,303.267,5.93717e+08
2020-06-10 04:30:00,vOuJvMaM2sgwLmb,0,0,7868,2.38355e+06
2020-06-16 06:30:00,Et9kgGMDl729KT4,68.22,66.1067,17.2667,1.84555e+06
2020-05-23 18:30:00,81aHJ1q11NBPMrL,3.94,3.80667,9332.67,1.21533e+09
2020-05-31 02:15:00,Et9kgGMDl729KT4,0,0,0,1.78881e+06
2020-05-21 01:30:00,rrq4fwE8jgrTyWY,0,0,0,1.20997e+08
2020-05-20 02:30:00,rrq4fwE8jgrTyWY,0,0,0,1.2099e+08
2020-05-16 15:00:00,xoJJ8DcxJEcupym,663.64,649.867,2319.07,2.09149e+08
2020-06-01 05:15:00,Qf4GUc1pJu5T6c6,0,0,0,8.3855e+08
2020-06-13 18:30:00,NgDl19wMapZy17u,28.88,27.8933,3968.6,1.11724e+08
2020-05-26 07:15:00,Et9kgGMDl729KT4,247.067,242.293,138.4,1.75422e+06
2020-06-08 03:45:00,xoJJ8DcxJEcupym,0,0,7674,2.09277e+08
2020-05-30 12:00:00,LlT2YUhhzqhg5Sw,839.1,821.086,3185.29,2.82701e+08
2020-06-01 04:00:00,Qf4GUc1pJu5T6c6,0,0,0,8.3855e+08
2020-06-17 11:45:00,xoJJ8DcxJEcupym,774.779,758.471,1606.93,2.09333e+08
2020-06-08 18:00:00,Mx2yZCDsyf6DPfv,158.107,154.553,9129.33,2.64206e+06
2020-06-03 16:45:00,LlT2YUhhzqhg5Sw,288.64,283.307,4045.2,2.82724e+08
2020-06-14 13:15:00,Qf4GUc1pJu5T6c6,0,0,938,8.38634e+08
2020-06-12 08:45:00,NgDl19wMapZy17u,181.613,177.747,444.133,1.11715e+08
2020-05-21 08:45:00,LYwnQax7tkwH5Cb,700.836,686.357,870.357,1.79499e+09
2020-06-15 16:30:00,vOuJvMaM2sgwLmb,381.607,374.693,5915,2.41748e+06
2020-06-10 00:30:00,LYwnQax7tkwH5Cb,0,0,3308,1.79508e+09
2020-06-07 15:15:00,PeE6FRyGXUgsRhN,34.36,33.68,1349.73,2.69699e+08
2020-05-21 07:00:00,9kRcWv60rDACzjR,179.607,176.047,88.8667,2.24776e+09
2020-06-03 16:45:00,oZ35aAeoifZaQzV,301.74,296.167,5235,1.66011e+09
2020-06-02 15:00:00,Quc1TzYxW2pYoWX,657.336,643.443,3931.36,3.29592e+08
2020-06-05 23:45:00,oZ35aAeoifZaQzV,0,0,7708,1.66013e+09
2020-06-15 14:30:00,oZZkBaNadn6DNKz,667.233,653.52,1561.53,1.70828e+09
2020-05-30 07:30:00,xMbIugepa2P7lBB,153.143,149.614,119.714,1.06777e+08
2020-06-09 15:15:00,vOuJvMaM2sgwLmb,623.1,610.067,6641.8,2.38232e+06
2020-05-24 11:15:00,LYwnQax7tkwH5Cb,0,0,1834,1.79501e+09
2020-06-04 03:45:00,WcxssY2VbP4hApt,0,0,0,1.81844e+08
2020-05-20 06:00:00,q49J1IKaHRwDQnt,0,0,0,365265
2020-06-07 11:30:00,vOuJvMaM2sgwLmb,0,0,1078,2.36586e+06
2020-06-09 01:45:00,rrq4fwE8jgrTyWY,0,0,3457,1.21091e+08
2020-06-09 08:45:00,Mx2yZCDsyf6DPfv,779.653,763.227,1018.6,2.64313e+06
2020-06-12 07:15:00,4UPUqMRk7TRMgml,173.029,169.514,67.7143,2.62831e+06
2020-06-15 00:45:00,oZ35aAeoifZaQzV,0,0,3347,1.66018e+09
2020-05-21 23:45:00,xoJJ8DcxJEcupym,0,0,3000.67,2.09173e+08
2020-06-04 12:15:00,WcxssY2VbP4hApt,0,0,2452,1.81846e+08
2020-05-31 22:30:00,vOuJvMaM2sgwLmb,0,0,6518,2.33321e+06
2020-05-23 09:15:00,rrq4fwE8jgrTyWY,823.033,805.24,1318,1.21012e+08
2020-05-18 00:00:00,oZZkBaNadn6DNKz,0,0,0,1.7081e+09
2020-05-23 12:45:00,LYwnQax7tkwH5Cb,0,0,1455,1.795e+09
2020-06-05 20:15:00,Mx2yZCDsyf6DPfv,0,0,7726,2.6168e+06
2020-05-23 22:15:00,oZ35aAeoifZaQzV,0,0,9657,1.66004e+09
2020-06-15 10:45:00,LlT2YUhhzqhg5Sw,611.9,599.34,2473,2.82776e+08
2020-05-28 03:30:00,xoJJ8DcxJEcupym,0,0,0,2.09214e+08
2020-06-10 23:00:00,rrq4fwE8jgrTyWY,0,0,2369,1.21097e+08
2020-05-18 00:15:00,Quc1TzYxW2pYoWX,0,0,3548,3.29523e+08
2020-06-16 11:00:00,Quc1TzYxW2pYoWX,564.693,553.427,1708.6,3.29639e+08
2020-06-11 10:15:00,Et9kgGMDl729KT4,425.887,418.353,786.133,1.82911e+06
2020-06-05 16:00:00,oZZkBaNadn6DNKz,363.22,357.007,6724.87,1.70822e+09
2020-06-12 05:15:00,LlT2YUhhzqhg5Sw,0,0,3814,2.82758e+08
2020-05-22 04:45:00,Mx2yZCDsyf6DPfv,0,0,0,2.50657e+06
2020-06-16 03:00:00,oZ35aAeoifZaQzV,0,0,2711,1.66018e+09
2020-06-17 15:00:00,rrq4fwE8jgrTyWY,534.273,523.713,3190.4,1.21131e+08
2020-05-26 20:00:00,q49J1IKaHRwDQnt,0,0,4080,405907
2020-05-18 08:00:00,PeE6FRyGXUgsRhN,169.973,166.26,42.1333,1.34837e+09
2020-06-17 18:00:00,WcxssY2VbP4hApt,62.06,60.1,4309.53,1.81912e+08
2020-06-06 21:45:00,V94E5Ben1TlhnDV,0,0,2613,1.41224e+09
2020-06-12 14:45:00,oZZkBaNadn6DNKz,521.2,510.9,3501.29,1.70826e+09
2020-06-14 04:30:00,9kRcWv60rDACzjR,0,0,0,2.24789e+09
2020-05-30 03:00:00,rrq4fwE8jgrTyWY,0,0,0,1.21047e+08
2020-05-17 08:00:00,Qf4GUc1pJu5T6c6,575.721,564.371,264.214,8.38436e+08
2020-06-03 00:15:00,mqwcsP2rE7J0TFp,0,0,0,5.93724e+08
2020-06-06 21:45:00,NgDl19wMapZy17u,0,0,8134,1.11683e+08
2020-05-28 10:00:00,LlT2YUhhzqhg5Sw,1086.19,1061.58,2035.67,2.82684e+08
2020-05-19 10:45:00,V94E5Ben1TlhnDV,1213.81,1183.89,1807.29,1.41211e+09
2020-05-20 22:00:00,Qf4GUc1pJu5T6c6,0,0,9474,8.38462e+08
2020-05-17 22:45:00,81aHJ1q11NBPMrL,0,0,5758,1.21529e+09
2020-05-28 10:00:00,4UPUqMRk7TRMgml,519.647,507.787,2071.87,2.5279e+06
2020-05-29 20:30:00,Quc1TzYxW2pYoWX,0,0,4046,3.29575e+08
2020-06-17 14:30:00,81aHJ1q11NBPMrL,506.007,496.057,3259.71,1.21548e+09
2020-05-30 15:00:00,q49J1IKaHRwDQnt,945.84,925.093,6282.53,436412
2020-05-24 15:45:00,WcxssY2VbP4hApt,730.707,715.493,8498.2,1.81774e+08
2020-06-10 03:45:00,xMbIugepa2P7lBB,0,0,7997,1.06856e+08
2020-05-21 07:30:00,PeE6FRyGXUgsRhN,354.253,348.22,212.4,1.34838e+09
2020-06-05 20:30:00,LlT2YUhhzqhg5Sw,0,0,3053,2.8273e+08
2020-06-15 13:45:00,oZZkBaNadn6DNKz,598.44,586.373,1353.73,1.70828e+09
2020-05-22 05:30:00,xoJJ8DcxJEcupym,0,0,0,2.09173e+08
2020-05-16 02:30:00,rrq4fwE8jgrTyWY,0,0,0,1.2097e+08
2020-05-24 12:30:00,xoJJ8DcxJEcupym,1243.76,1212.65,4909.93,2.09192e+08
2020-05-31 10:15:00,9kRcWv60rDACzjR,806.473,789.327,1579,2.24783e+09
2020-06-08 13:15:00,81aHJ1q11NBPMrL,849.264,829.643,5548.21,1.21543e+09
2020-05-30 20:15:00,xoJJ8DcxJEcupym,0,0,5088,2.09233e+08
2020-05-18 02:00:00,NgDl19wMapZy17u,0,0,0,1.11537e+08
2020-05-22 22:00:00,Quc1TzYxW2pYoWX,0,0,3687,3.29539e+08
2020-06-02 19:15:00,81aHJ1q11NBPMrL,0,0,3880,1.2154e+09
2020-05-29 09:00:00,Mx2yZCDsyf6DPfv,977.793,956.193,939.929,2.56344e+06
2020-06-05 08:15:00,rrq4fwE8jgrTyWY,514.779,504.814,368.571,1.2108e+08
2020-05-28 06:45:00,vOuJvMaM2sgwLmb,122.507,119.267,43.4,2.30592e+06
2020-06-13 15:00:00,Et9kgGMDl729KT4,577.86,566.34,4632.13,1.83999e+06
2020-06-13 15:45:00,xoJJ8DcxJEcupym,675.94,661.92,5754.13,2.09311e+08
2020-06-14 16:45:00,Et9kgGMDl729KT4,268.207,262.813,1791.93,1.84308e+06
2020-05-30 07:15:00,NgDl19wMapZy17u,160.627,157.42,80.2667,1.1163e+08
2020-06-14 00:00:00,PeE6FRyGXUgsRhN,0,0,6515,1.34853e+09
2020-06-03 08:15:00,81aHJ1q11NBPMrL,446.464,438.3,418.214,1.2154e+09
2020-06-04 01:45:00,IQ2d7wF4YD8zU1Q,0,0,0,2.00956e+07
2020-06-04 03:45:00,Qf4GUc1pJu5T6c6,0,0,0,8.38568e+08
2020-06-02 00:45:00,LYwnQax7tkwH5Cb,0,0,0,1.79505e+09
2020-05-22 18:30:00,Mx2yZCDsyf6DPfv,1.08667,1.04667,9800.87,2.51637e+06
2020-06-02 16:30:00,LYwnQax7tkwH5Cb,0,0,0,1.1967e+08
2020-05-24 16:00:00,9kRcWv60rDACzjR,645.286,632.15,8392.14,2.24779e+09
2020-05-23 09:30:00,oZZkBaNadn6DNKz,1003.01,980.72,1649,1.70813e+09
2020-05-31 07:45:00,LlT2YUhhzqhg5Sw,170.393,166.673,188.467,2.82706e+08
2020-05-15 04:45:00,Qf4GUc1pJu5T6c6,0,0,0,8.38421e+08
2020-06-13 23:30:00,Qf4GUc1pJu5T6c6,0,0,3544,8.38633e+08
2020-05-26 21:45:00,q49J1IKaHRwDQnt,0,0,4080,405907
2020-06-04 19:45:00,Et9kgGMDl729KT4,0,0,2695,1.81116e+06
2020-06-01 23:15:00,oZ35aAeoifZaQzV,0,0,4359,1.6601e+09
2020-05-18 22:00:00,81aHJ1q11NBPMrL,0,0,3485,1.2153e+09
2020-06-03 17:00:00,81aHJ1q11NBPMrL,253.313,248.513,4514.2,1.2154e+09
2020-06-16 08:30:00,PeE6FRyGXUgsRhN,490.773,481.2,508.133,1.34854e+09
2020-05-24 06:30:00,81aHJ1q11NBPMrL,93.0667,90.3867,24.4,1.21533e+09
2020-06-12 15:30:00,IQ2d7wF4YD8zU1Q,647.38,634.16,4033.73,2.01576e+07
2020-06-12 22:00:00,LlT2YUhhzqhg5Sw,0,0,4630,2.82763e+08
2020-05-20 11:15:00,81aHJ1q11NBPMrL,0,0,1935,1.2153e+09
2020-05-24 17:30:00,V94E5Ben1TlhnDV,189.629,185.886,9177.71,1.41216e+09
2020-05-18 04:00:00,LlT2YUhhzqhg5Sw,0,0,0,2.82616e+08
2020-05-19 15:00:00,q49J1IKaHRwDQnt,533,522.427,2550.53,364991
2020-05-22 23:15:00,81aHJ1q11NBPMrL,0,0,3269,1.21532e+09
2020-05-16 22:45:00,oZ35aAeoifZaQzV,0,0,8062,1.65998e+09
2020-06-10 23:00:00,Mx2yZCDsyf6DPfv,0,0,5563,2.65571e+06
2020-06-13 17:15:00,9kRcWv60rDACzjR,290.636,285.157,2608.14,2.24789e+09
2020-05-19 08:00:00,oZZkBaNadn6DNKz,426.473,418.687,469.067,1.70811e+09
2020-06-04 20:15:00,V94E5Ben1TlhnDV,0,0,3703,1.41223e+09
2020-05-17 18:00:00,WcxssY2VbP4hApt,106.264,103.286,7242.21,1.8172e+08
2020-05-19 02:00:00,LYwnQax7tkwH5Cb,0,0,0,1.79498e+09
2020-06-09 05:45:00,81aHJ1q11NBPMrL,0,0,0,1.21544e+09
2020-05-18 03:30:00,LYwnQax7tkwH5Cb,0,0,0,1.79498e+09
2020-05-24 04:15:00,WcxssY2VbP4hApt,0,0,0,1.81766e+08
2020-06-02 23:00:00,PeE6FRyGXUgsRhN,0,0,6016,1.34847e+09
2020-05-30 07:00:00,Quc1TzYxW2pYoWX,121.28,117.96,34.3333,3.29575e+08
2020-06-12 21:30:00,Mx2yZCDsyf6DPfv,0,0,4576,2.66424e+06
2020-05-15 18:30:00,WcxssY2VbP4hApt,2.72143,2.62143,9621,1.81705e+08
2020-06-07 03:00:00,4UPUqMRk7TRMgml,0,0,8376,2.59354e+06
2020-06-16 01:30:00,xMbIugepa2P7lBB,0,0,6200,1.06887e+08
2020-05-28 05:30:00,LYwnQax7tkwH5Cb,0,0,0,1.79502e+09
2020-05-22 18:00:00,9kRcWv60rDACzjR,48.0867,46.5333,3081.27,2.24777e+09
2020-06-05 07:30:00,PeE6FRyGXUgsRhN,212.857,208.686,168.571,1.34848e+09
2020-06-11 03:15:00,V94E5Ben1TlhnDV,0,0,0,1.41226e+09
2020-06-12 20:00:00,Et9kgGMDl729KT4,0,0,3743,1.83536e+06
2020-06-11 20:30:00,xMbIugepa2P7lBB,0,0,3850,1.06865e+08
2020-06-10 21:15:00,oZ35aAeoifZaQzV,0,0,5585,1.66016e+09
2020-06-14 16:45:00,oZZkBaNadn6DNKz,289.047,283.247,3089.33,1.70827e+09
2020-06-01 01:15:00,Et9kgGMDl729KT4,0,0,0,1.79487e+06
2020-06-09 14:15:00,oZ35aAeoifZaQzV,897.113,877.653,6128.6,1.66015e+09
2020-05-21 00:00:00,LYwnQax7tkwH5Cb,0,0,2449.07,1.79499e+09
2020-06-13 03:45:00,Quc1TzYxW2pYoWX,0,0,3668,3.29628e+08
2020-06-17 20:30:00,LYwnQax7tkwH5Cb,0,0,3968,1.79512e+09
2020-05-31 00:45:00,V94E5Ben1TlhnDV,0,0,0,1.41221e+09
2020-05-17 22:30:00,mqwcsP2rE7J0TFp,0,0,7037,5.93604e+08
2020-06-11 17:45:00,NgDl19wMapZy17u,80.9267,78.5533,3846.33,1.11715e+08
2020-06-09 03:30:00,NgDl19wMapZy17u,0,0,9167,1.117e+08
2020-06-07 11:30:00,4UPUqMRk7TRMgml,1101.27,1074.91,3180.8,2.59672e+06
2020-05-29 21:00:00,V94E5Ben1TlhnDV,0,0,8102,1.4122e+09
2020-06-07 17:00:00,rrq4fwE8jgrTyWY,326.66,320.513,2807.47,1.21088e+08
2020-05-30 10:15:00,9kRcWv60rDACzjR,702.393,687.88,1333.47,2.24783e+09
2020-06-10 14:15:00,mqwcsP2rE7J0TFp,268.627,263.493,818.667,4.35437e+08
2020-05-18 15:30:00,4UPUqMRk7TRMgml,552.593,541.74,6826.8,2.45206e+06
2020-05-25 14:30:00,9kRcWv60rDACzjR,1018.48,995.753,7065.6,2.24779e+09
2020-05-15 09:45:00,oZ35aAeoifZaQzV,1093.09,1068.26,2026.87,1.65997e+09
2020-06-07 09:30:00,PeE6FRyGXUgsRhN,216.707,211.787,215.533,2.69698e+08
2020-06-03 21:30:00,oZ35aAeoifZaQzV,0,0,5493,1.66011e+09
2020-06-02 23:45:00,xMbIugepa2P7lBB,0,0,7138,1.06802e+08
2020-05-20 19:30:00,oZ35aAeoifZaQzV,0,0,9511,1.66001e+09
2020-05-27 14:15:00,Et9kgGMDl729KT4,1014.82,992.2,6542.67,1.76892e+06
2020-06-06 15:00:00,xMbIugepa2P7lBB,517.533,506.007,3109.27,7.83416e+07
2020-06-10 11:30:00,LlT2YUhhzqhg5Sw,0,0,0,0
2020-06-09 03:15:00,V94E5Ben1TlhnDV,0,0,0,1.41225e+09
2020-05-27 06:15:00,9kRcWv60rDACzjR,42.3143,40.9,8.64286,2.2478e+09
2020-05-16 21:15:00,oZZkBaNadn6DNKz,0,0,6259,1.7081e+09
2020-05-21 01:30:00,V94E5Ben1TlhnDV,0,0,0,1.41213e+09
2020-05-26 18:45:00,V94E5Ben1TlhnDV,1.42143,1.37143,9347,1.41218e+09
2020-05-29 22:00:00,LYwnQax7tkwH5Cb,0,0,7826,1.79503e+09
2020-06-05 04:00:00,9kRcWv60rDACzjR,0,0,0,2.24786e+09
2020-06-02 09:15:00,rrq4fwE8jgrTyWY,547.843,537.114,1168.64,1.21066e+08
2020-05-27 23:15:00,V94E5Ben1TlhnDV,0,0,5825,1.41218e+09
2020-05-15 04:00:00,xoJJ8DcxJEcupym,0,0,0,2.09144e+08
2020-06-13 04:15:00,Quc1TzYxW2pYoWX,0,0,3668,3.29628e+08
2020-05-25 04:00:00,V94E5Ben1TlhnDV,0,0,0,1.41216e+09
2020-06-07 10:30:00,9kRcWv60rDACzjR,0,0,1049,2.24787e+09
2020-06-05 17:15:00,81aHJ1q11NBPMrL,310.171,304.65,7233.79,1.21542e+09
2020-06-06 19:00:00,WcxssY2VbP4hApt,0,0,8383,1.8186e+08
2020-06-03 23:15:00,Quc1TzYxW2pYoWX,0,0,3721,3.29597e+08
2020-05-28 07:15:00,LlT2YUhhzqhg5Sw,240.886,236.143,120.643,2.82682e+08
2020-06-12 22:45:00,xoJJ8DcxJEcupym,0,0,4788,2.09306e+08
2020-05-30 22:15:00,Qf4GUc1pJu5T6c6,0,0,8078,8.38544e+08
2020-06-08 09:45:00,Qf4GUc1pJu5T6c6,1068.02,1042.08,1636.08,8.386e+08
2020-05-23 05:30:00,xoJJ8DcxJEcupym,0,0,0,2.09177e+08
2020-05-22 06:15:00,9kRcWv60rDACzjR,51.5214,49.85,10.6429,2.24777e+09
2020-06-02 15:00:00,oZ35aAeoifZaQzV,861.914,842.471,5880.86,1.66011e+09
2020-06-17 14:30:00,q49J1IKaHRwDQnt,494.207,484.527,3130.8,519732
2020-05-21 15:30:00,LYwnQax7tkwH5Cb,633.147,620.28,3795,1.79499e+09
2020-05-29 06:00:00,LlT2YUhhzqhg5Sw,19.8067,19.12,1.4,2.82691e+08
2020-06-13 21:45:00,mqwcsP2rE7J0TFp,0,0,5941,5.93793e+08
2020-06-16 16:30:00,9kRcWv60rDACzjR,204.257,200.021,5243.57,2.24791e+09
2020-06-16 17:15:00,rrq4fwE8jgrTyWY,53.16,51.4933,5093.87,1.21127e+08
2020-05-16 08:45:00,Mx2yZCDsyf6DPfv,773.933,757.633,929.333,2.46238e+06
2020-05-30 18:30:00,81aHJ1q11NBPMrL,14.9333,14.4133,7154.8,1.21538e+09
2020-06-08 09:15:00,rrq4fwE8jgrTyWY,194.392,190.454,1083.46,1.21089e+08
2020-05-15 08:45:00,81aHJ1q11NBPMrL,769.864,753.693,998.214,1.21528e+09
2020-05-23 20:00:00,xoJJ8DcxJEcupym,0,0,9380,2.09187e+08
2020-06-02 15:15:00,PeE6FRyGXUgsRhN,560.433,547.907,4973.2,1.34847e+09
2020-05-18 12:15:00,xMbIugepa2P7lBB,1133.35,1106.39,3429.93,1.06684e+08
2020-06-01 03:00:00,V94E5Ben1TlhnDV,0,0,0,1.41221e+09
2020-05-27 11:00:00,oZZkBaNadn6DNKz,0,0,2650,1.70817e+09
2020-06-11 01:30:00,vOuJvMaM2sgwLmb,0,0,5480,2.38903e+06
2020-05-24 10:15:00,9kRcWv60rDACzjR,1094.2,1069.36,2264.6,2.24778e+09
2020-05-16 12:15:00,Quc1TzYxW2pYoWX,644.84,631.627,3735.33,3.29517e+08
2020-05-26 23:30:00,Et9kgGMDl729KT4,0,0,8289,1.76237e+06
2020-06-05 21:15:00,LYwnQax7tkwH5Cb,0,0,2878,1.79507e+09
2020-05-24 19:15:00,9kRcWv60rDACzjR,0,0,9085,2.24779e+09
2020-06-13 02:30:00,WcxssY2VbP4hApt,0,0,4815,1.81882e+08
2020-06-04 06:30:00,LlT2YUhhzqhg5Sw,62.9643,60.9714,14.7143,2.82724e+08
2020-05-21 17:15:00,LYwnQax7tkwH5Cb,266.213,261.093,4659.07,1.79499e+09
2020-06-15 22:30:00,4UPUqMRk7TRMgml,0,0,2304,2.64384e+06
2020-05-26 02:15:00,Quc1TzYxW2pYoWX,0,0,3290,3.29551e+08
2020-06-16 11:00:00,Mx2yZCDsyf6DPfv,683.573,669.487,2094.13,2.67548e+06
2020-06-16 11:30:00,LlT2YUhhzqhg5Sw,1107.37,1081.65,2388.8,2.82782e+08
2020-06-06 17:45:00,IQ2d7wF4YD8zU1Q,171.567,167.953,8224.93,2.01186e+07
2020-05-28 16:30:00,Qf4GUc1pJu5T6c6,499.253,489.467,3549.73,8.38527e+08
2020-06-14 06:15:00,81aHJ1q11NBPMrL,47.82,46.2333,8.8,1.21546e+09
2020-06-07 13:00:00,mqwcsP2rE7J0TFp,871.28,851.447,4584.13,5.93756e+08
2020-06-09 05:15:00,Qf4GUc1pJu5T6c6,0,0,9056,8.38607e+08
2020-05-20 04:00:00,LYwnQax7tkwH5Cb,0,0,0,1.79498e+09
2020-06-17 07:30:00,81aHJ1q11NBPMrL,103.193,100.271,81.5,1.21548e+09
2020-05-31 07:15:00,oZ35aAeoifZaQzV,129.16,125.68,127.867,1.66009e+09
2020-05-15 15:45:00,IQ2d7wF4YD8zU1Q,765.593,749.507,8893.93,1.99504e+07
2020-05-20 03:15:00,81aHJ1q11NBPMrL,0,0,0,1.2153e+09
2020-06-14 04:45:00,oZZkBaNadn6DNKz,0,0,0,1.70827e+09
2020-06-17 01:15:00,rrq4fwE8jgrTyWY,0,0,0,1.21127e+08
2020-06-10 22:45:00,LlT2YUhhzqhg5Sw,0,0,5452,2.82755e+08
2020-05-18 05:00:00,IQ2d7wF4YD8zU1Q,0,0,0,1.99663e+07
2020-06-05 17:45:00,V94E5Ben1TlhnDV,184.207,180.427,7282.53,1.41224e+09
2020-06-08 00:00:00,oZZkBaNadn6DNKz,0,0,0,1.70823e+09
2020-05-16 19:15:00,IQ2d7wF4YD8zU1Q,0,0,7930,1.99591e+07
2020-05-24 18:30:00,PeE6FRyGXUgsRhN,12.8933,12.44,8961.13,1.34841e+09
2020-06-14 22:45:00,Mx2yZCDsyf6DPfv,0,0,3304,2.67074e+06
2020-06-09 09:30:00,xoJJ8DcxJEcupym,815.667,797.167,1646.53,2.09287e+08
2020-06-16 08:00:00,vOuJvMaM2sgwLmb,368.8,362.393,326.867,2.41816e+06
2020-06-10 16:30:00,LlT2YUhhzqhg5Sw,429,421.093,5302.87,2.82754e+08
2020-06-02 23:00:00,Qf4GUc1pJu5T6c6,0,0,7298,8.38562e+08
2020-06-02 19:00:00,oZZkBaNadn6DNKz,0,0,6287,1.70821e+09
2020-05-19 01:45:00,NgDl19wMapZy17u,0,0,0,1.11545e+08
2020-06-11 14:15:00,V94E5Ben1TlhnDV,535.121,524.6,2987.57,1.41227e+09
2020-06-02 13:00:00,oZ35aAeoifZaQzV,896.58,876.747,3654.13,1.66011e+09
2020-05-18 12:30:00,NgDl19wMapZy17u,1240.33,1209.51,3706.07,1.11541e+08
2020-06-08 14:15:00,Mx2yZCDsyf6DPfv,1230.28,1199.54,6643.87,2.63957e+06
2020-05-17 16:00:00,oZ35aAeoifZaQzV,427.947,420.32,4863.8,1.65999e+09
2020-06-03 18:30:00,81aHJ1q11NBPMrL,13.2267,12.7733,4683.67,1.2154e+09
2020-06-14 03:15:00,vOuJvMaM2sgwLmb,0,0,6375,2.4041e+06
2020-06-17 19:15:00,V94E5Ben1TlhnDV,0,0,4324,1.41229e+09
2020-05-30 02:15:00,Qf4GUc1pJu5T6c6,0,0,0,8.38535e+08
2020-05-30 00:15:00,Qf4GUc1pJu5T6c6,0,0,0,8.38535e+08
2020-06-16 14:45:00,Et9kgGMDl729KT4,534.94,524.107,2967,1.84923e+06
2020-05-18 07:00:00,LlT2YUhhzqhg5Sw,3.84667,3.70667,0,2.82616e+08
2020-06-09 17:15:00,Mx2yZCDsyf6DPfv,246.62,241.827,7899.4,2.65001e+06
2020-06-04 18:45:00,vOuJvMaM2sgwLmb,0.513333,0.5,6884.93,2.35311e+06
2020-06-14 14:45:00,Et9kgGMDl729KT4,250.387,244.713,1044.27,1.84233e+06
2020-05-31 17:30:00,V94E5Ben1TlhnDV,83.24,80.7867,6549.47,1.41221e+09
2020-05-30 14:30:00,rrq4fwE8jgrTyWY,995.233,973.153,5619.47,1.21053e+08
2020-05-27 04:15:00,Mx2yZCDsyf6DPfv,0,0,0,2.54933e+06
2020-05-31 09:30:00,oZ35aAeoifZaQzV,945.373,924.567,992.8,1.66009e+09
2020-05-29 20:30:00,Qf4GUc1pJu5T6c6,0,0,8165,8.38535e+08
2020-06-08 10:30:00,WcxssY2VbP4hApt,0,0,2143,1.81864e+08
2020-05-27 20:30:00,rrq4fwE8jgrTyWY,0,0,5696,1.21036e+08
2020-06-16 01:45:00,WcxssY2VbP4hApt,0,0,6367,1.81902e+08
2020-06-10 14:00:00,rrq4fwE8jgrTyWY,121.787,119.693,696.6,5.65116e+07
2020-05-26 08:45:00,xoJJ8DcxJEcupym,758.413,742.533,903,2.09206e+08
2020-05-20 23:15:00,q49J1IKaHRwDQnt,0,0,4062,369327
2020-06-07 14:30:00,LlT2YUhhzqhg5Sw,1113.71,1087.42,6346.07,2.82741e+08
2020-05-30 16:45:00,NgDl19wMapZy17u,455.607,447.04,7645.2,1.11638e+08
2020-05-18 00:15:00,mqwcsP2rE7J0TFp,0,0,0,5.93604e+08
2020-05-24 09:30:00,81aHJ1q11NBPMrL,944.521,923.814,1514.36,1.21533e+09
2020-05-31 22:15:00,81aHJ1q11NBPMrL,0,0,6409,1.21539e+09
2020-05-25 05:30:00,V94E5Ben1TlhnDV,0,0,0,1.31801e+09
2020-05-26 20:30:00,xoJJ8DcxJEcupym,0,0,6233,2.09211e+08
2020-05-24 01:15:00,PeE6FRyGXUgsRhN,0,0,0,1.3484e+09
2020-06-03 02:30:00,4UPUqMRk7TRMgml,0,0,7404,2.5643e+06
2020-05-22 21:15:00,81aHJ1q11NBPMrL,0,0,3269,1.21532e+09
2020-06-04 17:30:00,LYwnQax7tkwH5Cb,141.993,138.473,2802.93,1.79506e+09
2020-05-31 09:15:00,Mx2yZCDsyf6DPfv,624.764,612.007,787.786,2.57973e+06
2020-05-15 19:00:00,LlT2YUhhzqhg5Sw,0,0,9234,2.82602e+08
2020-06-03 11:00:00,oZZkBaNadn6DNKz,559.14,546.367,1077.4,1.02493e+09
2020-06-02 11:30:00,q49J1IKaHRwDQnt,80.4333,78.42,2315.6,450610
2020-06-05 23:45:00,xoJJ8DcxJEcupym,0,0,7368,2.09267e+08
2020-06-13 05:00:00,xoJJ8DcxJEcupym,0,0,4788,2.09306e+08
2020-06-15 14:45:00,Mx2yZCDsyf6DPfv,496.12,486.187,1539.47,2.67228e+06
2020-05-19 16:15:00,q49J1IKaHRwDQnt,36.0625,34.8625,2784.63,365225
2020-05-16 02:30:00,Et9kgGMDl729KT4,0,0,0,1.7084e+06
2020-05-19 06:45:00,rrq4fwE8jgrTyWY,117.007,113.76,46.9333,1.20986e+08
2020-06-10 16:15:00,Qf4GUc1pJu5T6c6,408.62,401.293,5314.07,8.38621e+08
2020-06-02 14:30:00,LYwnQax7tkwH5Cb,0,0,3333,1.79505e+09
2020-05-15 13:15:00,Mx2yZCDsyf6DPfv,0,0,5560,2.45921e+06
2020-06-17 14:45:00,NgDl19wMapZy17u,536.58,525.967,3309.87,1.11745e+08
2020-06-17 22:00:00,V94E5Ben1TlhnDV,0,0,4324,1.41229e+09
2020-06-04 17:00:00,Quc1TzYxW2pYoWX,223.986,219.707,5111.5,3.29602e+08
2020-06-06 14:30:00,xoJJ8DcxJEcupym,0,0,0,0
2020-06-02 18:15:00,NgDl19wMapZy17u,83.2067,80.76,7081.93,1.11656e+08
2020-06-11 12:00:00,oZ35aAeoifZaQzV,0,0,131,1.10678e+08
2020-06-14 03:30:00,LYwnQax7tkwH5Cb,0,0,6213,1.79509e+09
2020-05-24 04:15:00,vOuJvMaM2sgwLmb,0,0,0,2.27493e+06
2020-06-08 07:45:00,Qf4GUc1pJu5T6c6,478.787,469.467,330.733,8.38598e+08
2020-06-06 00:15:00,rrq4fwE8jgrTyWY,0,0,2964,1.21082e+08
2020-06-13 01:00:00,LYwnQax7tkwH5Cb,0,0,4500,1.79509e+09
2020-05-22 21:00:00,WcxssY2VbP4hApt,0,0,0,0
2020-06-04 13:45:00,V94E5Ben1TlhnDV,0,0,2439,1.41223e+09
2020-05-16 00:00:00,LYwnQax7tkwH5Cb,0,0,4510.93,1.79497e+09
2020-06-08 01:00:00,81aHJ1q11NBPMrL,0,0,0,1.21543e+09
2020-06-17 14:45:00,4UPUqMRk7TRMgml,541.633,530.907,3499.87,2.65255e+06
2020-06-15 18:00:00,oZ35aAeoifZaQzV,98.3,95.5,2673.67,1.66018e+09
2020-05-31 08:30:00,9kRcWv60rDACzjR,530.193,519.893,459.667,2.24783e+09
2020-06-05 19:15:00,vOuJvMaM2sgwLmb,0,0,3421,2.35653e+06
2020-05-31 20:00:00,9kRcWv60rDACzjR,0,0,6433,2.24784e+09
2020-06-01 01:15:00,oZ35aAeoifZaQzV,0,0,0,1.6601e+09
2020-06-02 02:45:00,xMbIugepa2P7lBB,0,0,4143,1.06795e+08
2020-05-29 22:00:00,Et9kgGMDl729KT4,0,0,4299,1.7833e+06
2020-05-15 16:00:00,9kRcWv60rDACzjR,608.887,596.447,8668.2,2.24773e+09
2020-06-04 17:30:00,oZZkBaNadn6DNKz,149.22,145.653,3629.73,1.70822e+09
2020-06-16 07:30:00,4UPUqMRk7TRMgml,258.033,253.073,2148.47,2.64402e+06
2020-05-16 23:45:00,Mx2yZCDsyf6DPfv,0,0,5807,2.46725e+06
2020-05-19 02:30:00,vOuJvMaM2sgwLmb,0,0,0,2.23704e+06
2020-06-03 04:00:00,LlT2YUhhzqhg5Sw,0,0,0,2.8272e+08
2020-05-31 17:30:00,LlT2YUhhzqhg5Sw,79.9867,77.6,6316.8,2.82712e+08
2020-05-30 19:00:00,oZZkBaNadn6DNKz,0,0,3689,1.70819e+09
2020-06-17 20:30:00,vOuJvMaM2sgwLmb,0,0,4322,2.42769e+06
2020-06-07 09:30:00,IQ2d7wF4YD8zU1Q,195.933,191.4,227.667,8.04791e+06
2020-05-22 18:00:00,81aHJ1q11NBPMrL,47.9733,46.4333,3260.67,1.21532e+09
2020-06-10 19:00:00,oZZkBaNadn6DNKz,0,0,5460,1.70826e+09
2020-06-05 11:15:00,Mx2yZCDsyf6DPfv,1147.68,1119.85,3400.79,2.61247e+06
2020-05-24 10:30:00,Qf4GUc1pJu5T6c6,0,0,2354,8.38493e+08
2020-05-21 02:30:00,PeE6FRyGXUgsRhN,0,0,0,1.34838e+09
2020-05-24 15:15:00,Et9kgGMDl729KT4,740.021,724.557,2317.86,1.74603e+06
2020-06-16 10:45:00,IQ2d7wF4YD8zU1Q,722.253,707.22,1895,2.01771e+07
2020-05-23 01:00:00,LYwnQax7tkwH5Cb,0,0,0,1.795e+09
2020-06-13 21:45:00,Mx2yZCDsyf6DPfv,0,0,3202,2.66744e+06
2020-06-17 19:00:00,Mx2yZCDsyf6DPfv,0,0,4441,2.68335e+06
2020-06-14 07:30:00,PeE6FRyGXUgsRhN,367.653,361.033,219.333,1.34853e+09
2020-06-07 09:30:00,Et9kgGMDl729KT4,0,0,0,848051
2020-05-29 09:00:00,Qf4GUc1pJu5T6c6,897.043,877.264,928.714,8.38528e+08
2020-06-03 11:00:00,V94E5Ben1TlhnDV,342.987,335.367,584.6,8.47335e+08
2020-05-28 09:15:00,xoJJ8DcxJEcupym,901.393,881.827,1291.13,2.09215e+08
2020-05-15 05:00:00,IQ2d7wF4YD8zU1Q,0,0,0,1.99415e+07
2020-05-15 02:30:00,LYwnQax7tkwH5Cb,0,0,0,1.79496e+09
2020-05-16 22:00:00,Qf4GUc1pJu5T6c6,0,0,8028,8.38436e+08
2020-05-22 21:45:00,xoJJ8DcxJEcupym,0,0,3954,2.09177e+08
2020-05-22 15:30:00,oZZkBaNadn6DNKz,842.42,824.4,8613.8,1.70813e+09
2020-06-16 19:45:00,Qf4GUc1pJu5T6c6,0,0,5189,8.38642e+08
2020-06-15 00:45:00,vOuJvMaM2sgwLmb,0,0,7463,2.41156e+06
2020-05-31 15:45:00,Qf4GUc1pJu5T6c6,293.107,287.75,6276.14,8.3855e+08
2020-05-18 22:30:00,oZ35aAeoifZaQzV,0,0,7750,1.65999e+09
2020-05-28 03:30:00,LYwnQax7tkwH5Cb,0,0,0,1.79502e+09
2020-06-10 23:15:00,NgDl19wMapZy17u,0,0,2618,1.11711e+08
2020-05-25 11:45:00,PeE6FRyGXUgsRhN,1227.69,1197.01,3853.21,1.34842e+09
2020-05-27 00:15:00,LYwnQax7tkwH5Cb,0,0,0,1.79502e+09
2020-05-24 00:45:00,q49J1IKaHRwDQnt,0,0,3254,386758
2020-05-15 18:00:00,vOuJvMaM2sgwLmb,25.6733,24.7933,9566.47,2.22153e+06
2020-05-19 08:30:00,oZ35aAeoifZaQzV,524.487,514.267,712,1.65999e+09
2020-06-14 13:15:00,9kRcWv60rDACzjR,1209.75,1180.06,4804.07,2.2479e+09
2020-06-07 03:00:00,WcxssY2VbP4hApt,0,0,8383,1.8186e+08
2020-06-14 11:30:00,Et9kgGMDl729KT4,0,0,842,1.84213e+06
2020-06-02 23:30:00,4UPUqMRk7TRMgml,0,0,7404,2.5643e+06
2020-06-01 22:45:00,oZ35aAeoifZaQzV,0,0,4359,1.6601e+09
2020-06-12 03:45:00,WcxssY2VbP4hApt,0,0,3947,1.81877e+08
2020-05-16 05:45:00,PeE6FRyGXUgsRhN,0,0,0,1.34836e+09
2020-06-01 02:00:00,WcxssY2VbP4hApt,0,0,0,1.8183e+08
2020-05-28 23:45:00,q49J1IKaHRwDQnt,0,0,7799,422722
2020-06-05 08:45:00,81aHJ1q11NBPMrL,696.22,681.68,736.2,1.21541e+09
2020-05-20 20:45:00,mqwcsP2rE7J0TFp,0,0,9293,5.93628e+08
2020-06-08 22:45:00,IQ2d7wF4YD8zU1Q,0,0,9265,2.01358e+07
2020-05-21 05:15:00,81aHJ1q11NBPMrL,0,0,0,1.21531e+09
2020-06-15 09:15:00,vOuJvMaM2sgwLmb,862.133,842.653,1273.13,2.41283e+06
2020-05-15 04:45:00,xoJJ8DcxJEcupym,0,0,0,2.09144e+08
2020-05-21 18:15:00,Qf4GUc1pJu5T6c6,39.1933,37.8933,9166.4,8.38471e+08
2020-05-21 05:45:00,81aHJ1q11NBPMrL,0,0,0,1.21531e+09
2020-05-29 11:00:00,vOuJvMaM2sgwLmb,0,0,1199,2.31622e+06
2020-06-13 14:30:00,81aHJ1q11NBPMrL,1185.28,1156.74,4859.13,1.21546e+09
2020-06-01 03:00:00,IQ2d7wF4YD8zU1Q,0,0,0,2.0078e+07
2020-05-28 22:00:00,LlT2YUhhzqhg5Sw,0,0,8881,2.82691e+08
2020-05-18 06:45:00,Quc1TzYxW2pYoWX,0,0,0,3.29523e+08
2020-06-13 03:30:00,LlT2YUhhzqhg5Sw,0,0,4630,2.82763e+08
2020-06-02 21:30:00,IQ2d7wF4YD8zU1Q,0,0,7297,2.00896e+07
2020-05-28 10:15:00,oZZkBaNadn6DNKz,1139.79,1113.27,2258.73,1.70817e+09
2020-05-26 17:15:00,Et9kgGMDl729KT4,161.2,157.76,8194.13,1.76228e+06
2020-05-16 00:30:00,Quc1TzYxW2pYoWX,0,0,4239,3.29513e+08
2020-05-19 14:30:00,rrq4fwE8jgrTyWY,820.04,802.507,3238.73,1.20989e+08
2020-05-30 17:30:00,rrq4fwE8jgrTyWY,208.129,204.043,7507.14,1.21055e+08
2020-05-22 03:30:00,PeE6FRyGXUgsRhN,0,0,0,1.34839e+09
2020-06-08 19:15:00,mqwcsP2rE7J0TFp,0,0,9065,5.93768e+08
2020-05-22 08:30:00,PeE6FRyGXUgsRhN,695.393,681.053,764.333,1.34839e+09
2020-05-19 19:00:00,WcxssY2VbP4hApt,0,0,6831,1.81735e+08
2020-05-16 16:15:00,IQ2d7wF4YD8zU1Q,337.743,331.964,7764.71,1.9959e+07
2020-05-28 04:30:00,PeE6FRyGXUgsRhN,0,0,0,1.34843e+09
2020-06-12 06:15:00,q49J1IKaHRwDQnt,0,0,0,486755
2020-05-15 16:30:00,Quc1TzYxW2pYoWX,346.947,341.053,3973.87,3.29513e+08
2020-06-11 23:30:00,xoJJ8DcxJEcupym,0,0,3941,2.09301e+08
2020-06-17 07:45:00,NgDl19wMapZy17u,132.047,128.553,107.8,1.11742e+08
2020-06-05 04:15:00,9kRcWv60rDACzjR,0,0,0,2.24786e+09
2020-05-16 23:30:00,Qf4GUc1pJu5T6c6,0,0,8028,8.38436e+08
2020-06-14 02:30:00,PeE6FRyGXUgsRhN,0,0,6515,1.34853e+09
2020-05-15 20:15:00,9kRcWv60rDACzjR,0,0,9246,2.24773e+09
2020-06-16 07:15:00,oZ35aAeoifZaQzV,203.564,199.564,124.5,1.66018e+09
2020-06-13 08:15:00,IQ2d7wF4YD8zU1Q,448.1,439.427,412.267,2.01588e+07
2020-05-17 06:30:00,mqwcsP2rE7J0TFp,37.1733,35.9133,11.4,5.93597e+08
2020-05-19 11:00:00,9kRcWv60rDACzjR,1274.91,1243.21,2088.21,2.24775e+09
2020-06-06 17:15:00,Et9kgGMDl729KT4,299.1,293.7,2132.8,1.81607e+06
2020-06-03 19:30:00,rrq4fwE8jgrTyWY,0,0,4128,1.21073e+08
2020-05-25 15:30:00,LYwnQax7tkwH5Cb,762.953,746.933,4071.73,1.79501e+09
2020-06-17 18:45:00,4UPUqMRk7TRMgml,3.61429,3.49286,4445.79,2.65349e+06
2020-06-14 07:15:00,LlT2YUhhzqhg5Sw,280.42,275.227,162,2.82766e+08
2020-06-11 04:15:00,oZZkBaNadn6DNKz,0,0,0,1.70826e+09
2020-05-17 08:45:00,LYwnQax7tkwH5Cb,614.88,602.413,716.133,1.79497e+09
2020-06-13 16:00:00,oZZkBaNadn6DNKz,407.807,399.68,5750.53,1.70827e+09
2020-06-01 15:00:00,rrq4fwE8jgrTyWY,56.5467,54.7133,3670.53,1.21065e+08
2020-06-09 10:45:00,PeE6FRyGXUgsRhN,1047.96,1022.81,2670.43,1.34851e+09
2020-05-21 20:30:00,Mx2yZCDsyf6DPfv,0,0,9059,2.50657e+06
2020-05-22 17:15:00,xoJJ8DcxJEcupym,282.753,277.527,3821.13,2.09177e+08
2020-05-21 01:00:00,V94E5Ben1TlhnDV,0,0,0,1.41213e+09
2020-06-08 22:00:00,WcxssY2VbP4hApt,0,0,3585,1.81865e+08
2020-06-16 12:30:00,9kRcWv60rDACzjR,763.14,747.033,3173.4,2.24791e+09
2020-06-01 20:15:00,Mx2yZCDsyf6DPfv,0,0,4334,2.58992e+06
2020-05-29 18:45:00,Qf4GUc1pJu5T6c6,0,0,8165,8.38535e+08
2020-05-31 08:00:00,NgDl19wMapZy17u,272.567,267.427,242.2,1.11638e+08
2020-06-13 20:30:00,rrq4fwE8jgrTyWY,0,0,6127,1.21111e+08
2020-06-08 23:45:00,Mx2yZCDsyf6DPfv,0,0,9179,2.64211e+06
2020-05-21 12:30:00,rrq4fwE8jgrTyWY,0,0,1682,1.20998e+08
2020-06-13 19:15:00,WcxssY2VbP4hApt,0,0,6435,1.81888e+08
2020-06-01 22:15:00,IQ2d7wF4YD8zU1Q,0,0,4256,2.00823e+07
2020-05-15 01:00:00,xoJJ8DcxJEcupym,0,0,0,2.09144e+08
2020-05-17 17:00:00,NgDl19wMapZy17u,127.607,124.38,6866.87,1.11537e+08
2020-05-20 21:30:00,xoJJ8DcxJEcupym,0,0,2617,2.09169e+08
2020-06-12 20:15:00,LlT2YUhhzqhg5Sw,0,0,4630,2.82763e+08
2020-05-23 12:30:00,Qf4GUc1pJu5T6c6,1279.89,1247.91,5250.67,8.38487e+08
2020-06-01 11:30:00,81aHJ1q11NBPMrL,511.193,501.393,2776.29,1.21539e+09
2020-06-15 04:00:00,IQ2d7wF4YD8zU1Q,0,0,7301,2.01689e+07
2020-06-12 20:45:00,WcxssY2VbP4hApt,0,0,4815,1.81882e+08
2020-06-10 14:45:00,Qf4GUc1pJu5T6c6,258.953,254.047,4862.6,8.3862e+08
2020-06-17 06:15:00,V94E5Ben1TlhnDV,25.5071,24.6357,2.64286,1.41229e+09
2020-05-17 15:45:00,Qf4GUc1pJu5T6c6,426.913,419.353,6435.87,8.38442e+08
2020-06-06 12:45:00,V94E5Ben1TlhnDV,0,0,913,1.41224e+09
2020-05-26 22:30:00,q49J1IKaHRwDQnt,0,0,4080,405907
2020-06-03 23:15:00,IQ2d7wF4YD8zU1Q,0,0,5991,2.00956e+07
2020-05-26 08:15:00,WcxssY2VbP4hApt,625.027,612.367,593.933,1.81785e+08
2020-05-29 10:15:00,oZ35aAeoifZaQzV,996.171,974.036,2231.71,1.66008e+09
2020-05-18 16:30:00,oZ35aAeoifZaQzV,398.813,391.667,7447.07,1.65999e+09
2020-06-03 12:45:00,Mx2yZCDsyf6DPfv,403.547,395.9,3331.93,2.60059e+06
2020-06-14 17:00:00,LlT2YUhhzqhg5Sw,260.827,255.887,7239.67,2.82773e+08
2020-06-16 14:15:00,oZ35aAeoifZaQzV,245.621,240.557,1936.5,7.11507e+08
2020-06-16 04:30:00,LlT2YUhhzqhg5Sw,0,0,6151,2.82779e+08
2020-06-17 06:15:00,oZ35aAeoifZaQzV,25.8067,24.9333,2.06667,1.66018e+09
2020-06-15 09:15:00,q49J1IKaHRwDQnt,820.46,802.633,1272.2,506537
2020-06-10 04:15:00,xoJJ8DcxJEcupym,0,0,6993,2.09293e+08
2020-05-27 21:45:00,9kRcWv60rDACzjR,0,0,3895,2.24781e+09
2020-05-27 13:45:00,vOuJvMaM2sgwLmb,0,0,0,0
2020-05-17 04:15:00,IQ2d7wF4YD8zU1Q,0,0,0,1.99591e+07
2020-05-30 21:45:00,V94E5Ben1TlhnDV,0,0,5288,1.41221e+09
2020-05-20 17:45:00,xMbIugepa2P7lBB,173.82,170.2,9245.8,1.06705e+08
2020-06-08 19:45:00,Mx2yZCDsyf6DPfv,0,0,9179,2.64211e+06
2020-06-09 00:45:00,Quc1TzYxW2pYoWX,0,0,3027,3.29615e+08
2020-05-20 06:15:00,81aHJ1q11NBPMrL,43.7286,42.2929,8.14286,1.2153e+09
2020-06-09 02:30:00,LYwnQax7tkwH5Cb,0,0,2702,1.79507e+09
2020-05-28 01:30:00,Mx2yZCDsyf6DPfv,0,0,0,2.55878e+06
2020-06-04 18:45:00,WcxssY2VbP4hApt,0.513333,0.493333,3834,1.81848e+08
2020-06-01 09:15:00,xoJJ8DcxJEcupym,908.586,888.721,983.5,2.09241e+08
2020-06-15 00:15:00,4UPUqMRk7TRMgml,0,0,1868,2.64132e+06
2020-06-10 04:45:00,PeE6FRyGXUgsRhN,0,0,6456,1.34851e+09
2020-06-14 17:30:00,vOuJvMaM2sgwLmb,168.107,164.773,7358,2.41146e+06
2020-06-13 10:00:00,V94E5Ben1TlhnDV,502.46,491.513,861.733,1.12982e+09
2020-06-03 21:00:00,rrq4fwE8jgrTyWY,0,0,4128,1.21073e+08
2020-05-31 14:15:00,q49J1IKaHRwDQnt,782.273,764.473,5396.4,443348
2020-05-26 00:45:00,4UPUqMRk7TRMgml,0,0,9224,2.50682e+06
2020-06-16 07:30:00,LlT2YUhhzqhg5Sw,251.333,246.453,174.6,2.8278e+08
2020-05-15 22:00:00,xMbIugepa2P7lBB,0,0,9465,1.06666e+08
2020-05-28 08:00:00,Qf4GUc1pJu5T6c6,551.053,540.093,431.733,8.38524e+08
2020-06-06 13:30:00,IQ2d7wF4YD8zU1Q,781.12,763.7,5671.47,2.0116e+07
2020-06-05 18:30:00,Mx2yZCDsyf6DPfv,20.3067,19.6067,7723.4,2.6168e+06
2020-06-10 20:45:00,vOuJvMaM2sgwLmb,0,0,5480,2.38903e+06
2020-06-13 18:15:00,mqwcsP2rE7J0TFp,71.38,69.1867,5925.73,5.93793e+08
2020-06-14 02:30:00,LlT2YUhhzqhg5Sw,0,0,2911,2.82766e+08
2020-05-27 03:45:00,9kRcWv60rDACzjR,0,0,0,2.2478e+09
2020-06-08 07:30:00,LlT2YUhhzqhg5Sw,372.98,366.293,243.4,2.82743e+08
2020-05-30 10:00:00,WcxssY2VbP4hApt,266.107,260.093,343.214,5.19476e+07
2020-05-31 15:45:00,NgDl19wMapZy17u,259.233,254.407,5758.93,1.04201e+08
2020-05-23 06:30:00,Et9kgGMDl729KT4,81.4133,78.98,23.3333,1.73914e+06
2020-06-17 01:45:00,xMbIugepa2P7lBB,0,0,0,1.06892e+08
2020-05-21 21:15:00,oZ35aAeoifZaQzV,0,0,8349,1.66002e+09
2020-05-19 06:15:00,rrq4fwE8jgrTyWY,48.0786,46.5071,7.71429,1.20986e+08
2020-06-04 03:00:00,xMbIugepa2P7lBB,0,0,5879,1.06808e+08
2020-06-02 05:15:00,IQ2d7wF4YD8zU1Q,0,0,0,2.00823e+07
2020-05-31 20:45:00,9kRcWv60rDACzjR,0,0,6433,2.24784e+09
2020-06-15 23:15:00,q49J1IKaHRwDQnt,0,0,6060,511325
2020-05-19 06:45:00,Qf4GUc1pJu5T6c6,124.107,120.707,49,8.38451e+08
2020-05-26 21:00:00,4UPUqMRk7TRMgml,0,0,9501,2.51633e+06
2020-06-08 00:00:00,IQ2d7wF4YD8zU1Q,0,0,7884,2.01265e+07
2020-06-12 17:45:00,IQ2d7wF4YD8zU1Q,104.679,101.714,4742.43,2.01583e+07
2020-06-01 16:30:00,vOuJvMaM2sgwLmb,147.773,144.52,4201.27,2.33741e+06
2020-05-29 22:00:00,Qf4GUc1pJu5T6c6,0,0,8165,8.38535e+08
2020-05-16 15:00:00,rrq4fwE8jgrTyWY,565.36,554.073,6664.8,1.20976e+08
2020-06-16 09:00:00,mqwcsP2rE7J0TFp,556.107,545.027,808.867,5.93806e+08
2020-05-30 15:30:00,rrq4fwE8jgrTyWY,788.729,772.086,6514.57,1.21054e+08
2020-05-23 00:45:00,vOuJvMaM2sgwLmb,0,0,0,2.2654e+06
2020-06-07 20:45:00,IQ2d7wF4YD8zU1Q,0,0,7884,2.01265e+07
2020-05-31 12:30:00,Et9kgGMDl729KT4,387.74,380.953,3370.4,1.79218e+06
2020-06-01 23:00:00,9kRcWv60rDACzjR,0,0,4163,2.24784e+09
2020-05-25 19:30:00,Et9kgGMDl729KT4,0,0,6951,1.75408e+06
2020-05-29 20:30:00,mqwcsP2rE7J0TFp,0,0,8112,5.93698e+08
2020-05-24 06:00:00,q49J1IKaHRwDQnt,13.9357,13.45,0.928571,386759
2020-05-22 02:15:00,oZ35aAeoifZaQzV,0,0,0,1.66002e+09
2020-06-07 13:30:00,Quc1TzYxW2pYoWX,0,0,0,3.2961e+08
2020-06-15 18:00:00,xMbIugepa2P7lBB,95.42,92.7,6164.07,1.06887e+08
2020-06-05 20:15:00,Et9kgGMDl729KT4,0,0,2769,1.81393e+06
2020-05-23 03:00:00,vOuJvMaM2sgwLmb,0,0,0,2.2654e+06
2020-06-08 18:15:00,NgDl19wMapZy17u,83.7533,81.2867,9148,1.117e+08
2020-06-11 17:30:00,oZZkBaNadn6DNKz,89.84,87.2533,3862.47,1.70826e+09
2020-05-26 04:00:00,LlT2YUhhzqhg5Sw,0,0,0,2.82664e+08
2020-06-17 04:15:00,oZZkBaNadn6DNKz,0,0,0,1.70828e+09
2020-05-18 23:15:00,LYwnQax7tkwH5Cb,0,0,3529,1.79498e+09
2020-05-17 07:30:00,q49J1IKaHRwDQnt,182.58,178.733,86.8,352639
2020-05-31 18:30:00,xoJJ8DcxJEcupym,1.38667,1.34667,6486,2.0924e+08
2020-06-08 23:15:00,IQ2d7wF4YD8zU1Q,0,0,9265,2.01358e+07
2020-06-14 20:45:00,9kRcWv60rDACzjR,0,0,7458,2.2479e+09
2020-05-28 04:30:00,q49J1IKaHRwDQnt,0,0,9016,414923
2020-06-16 16:00:00,9kRcWv60rDACzjR,262.187,257.307,5091.73,2.24791e+09
2020-05-25 23:30:00,oZZkBaNadn6DNKz,0,0,9071,1.70816e+09
2020-06-06 05:15:00,PeE6FRyGXUgsRhN,0,0,7333,1.34849e+09
2020-05-28 21:45:00,Quc1TzYxW2pYoWX,0,0,4863,3.29571e+08
2020-06-14 07:30:00,LlT2YUhhzqhg5Sw,362.22,355.713,250.333,2.82766e+08
2020-05-22 23:15:00,LlT2YUhhzqhg5Sw,0,0,5052,2.82642e+08
2020-06-01 13:15:00,rrq4fwE8jgrTyWY,85.7071,83.55,3551.57,1.21065e+08
2020-06-17 02:45:00,9kRcWv60rDACzjR,0,0,0,2.24791e+09
2020-06-08 21:45:00,4UPUqMRk7TRMgml,0,0,9210,2.61059e+06
2020-05-21 14:45:00,81aHJ1q11NBPMrL,998.821,976.643,6884.5,1.21531e+09
2020-06-04 05:30:00,Mx2yZCDsyf6DPfv,0,0,0,2.60209e+06
2020-06-03 03:15:00,Mx2yZCDsyf6DPfv,0,0,0,2.59726e+06
2020-06-03 02:15:00,Mx2yZCDsyf6DPfv,0,0,0,2.59726e+06
2020-06-15 23:30:00,xoJJ8DcxJEcupym,0,0,6083,2.09326e+08
2020-06-13 19:15:00,IQ2d7wF4YD8zU1Q,0,0,3023,2.01614e+07
2020-06-07 14:30:00,WcxssY2VbP4hApt,0,0,1084,1.81861e+08
2020-05-22 10:30:00,Mx2yZCDsyf6DPfv,1215.32,1184.94,2764.6,2.50934e+06
2020-06-06 21:45:00,81aHJ1q11NBPMrL,0,0,8196,1.21543e+09
2020-05-24 20:00:00,vOuJvMaM2sgwLmb,0,0,3276,2.27821e+06
2020-06-04 10:30:00,mqwcsP2rE7J0TFp,612.621,600.2,1999.86,5.93731e+08
2020-05-29 00:15:00,WcxssY2VbP4hApt,0,0,0,0
2020-06-10 13:00:00,mqwcsP2rE7J0TFp,156.067,152.927,300.267,5.93777e+08
2020-05-25 14:45:00,Quc1TzYxW2pYoWX,769.013,752.853,2054.8,3.2955e+08
2020-06-11 06:00:00,rrq4fwE8jgrTyWY,0,0,0,1.21097e+08
2020-06-08 01:15:00,Mx2yZCDsyf6DPfv,0,0,7818,2.63293e+06
2020-05-23 22:45:00,Mx2yZCDsyf6DPfv,0,0,9655,2.52603e+06
2020-05-22 23:30:00,WcxssY2VbP4hApt,0,0,0,0
2020-06-02 08:45:00,mqwcsP2rE7J0TFp,659.127,645.64,911.333,5.93718e+08
2020-06-06 03:00:00,mqwcsP2rE7J0TFp,0,0,0,5.93743e+08
2020-06-02 19:15:00,rrq4fwE8jgrTyWY,0,0,3856,1.21069e+08
2020-06-06 18:15:00,Et9kgGMDl729KT4,53.3533,51.6133,2283.33,1.81622e+06
2020-06-01 03:15:00,mqwcsP2rE7J0TFp,0,0,0,5.93713e+08
2020-05-27 08:00:00,PeE6FRyGXUgsRhN,496.413,486.693,406.6,1.34843e+09
2020-06-11 15:15:00,mqwcsP2rE7J0TFp,652.24,638.8,3273.27,5.93782e+08
2020-06-09 23:15:00,4UPUqMRk7TRMgml,0,0,8098,2.6187e+06
2020-05-30 04:45:00,NgDl19wMapZy17u,0,0,0,1.1163e+08
2020-05-25 19:15:00,4UPUqMRk7TRMgml,0,0,9224,2.50682e+06
2020-05-25 06:00:00,oZZkBaNadn6DNKz,18.7733,18.12,1.26667,1.70815e+09
2020-06-15 07:45:00,Mx2yZCDsyf6DPfv,425.779,417.621,277.714,2.67102e+06
2020-06-04 17:30:00,mqwcsP2rE7J0TFp,147.486,143.943,5657.36,5.93735e+08
2020-05-27 04:00:00,xoJJ8DcxJEcupym,0,0,0,2.09211e+08
2020-06-15 08:00:00,Qf4GUc1pJu5T6c6,541.607,530.86,399.4,8.38635e+08
2020-06-11 18:00:00,PeE6FRyGXUgsRhN,71.82,69.5867,3814.67,1.34852e+09
2020-06-15 09:00:00,WcxssY2VbP4hApt,811.243,793.693,1101.64,1.81897e+08
2020-06-01 17:00:00,IQ2d7wF4YD8zU1Q,75.96,73.7,4238.4,2.00823e+07
2020-06-07 01:45:00,mqwcsP2rE7J0TFp,0,0,0,5.93751e+08
2020-05-29 14:45:00,vOuJvMaM2sgwLmb,756.127,740.093,3274.47,2.31829e+06
2020-05-25 11:15:00,Et9kgGMDl729KT4,993.66,971.633,2136.4,1.74927e+06
2020-06-06 18:30:00,9kRcWv60rDACzjR,25.6933,24.8067,8186.93,2.24787e+09
2020-06-17 12:00:00,9kRcWv60rDACzjR,487.929,478.621,1711.36,2.24791e+09
2020-06-07 13:30:00,LlT2YUhhzqhg5Sw,980.687,958.113,5263.13,2.8274e+08
2020-05-31 07:15:00,oZZkBaNadn6DNKz,127.6,124.15,128.143,1.70819e+09
2020-05-29 08:30:00,q49J1IKaHRwDQnt,692.407,678.1,524.6,423247
2020-06-04 13:00:00,4UPUqMRk7TRMgml,957.673,935.713,4585.47,2.575e+06
2020-05-28 17:45:00,V94E5Ben1TlhnDV,146.633,143.113,9045.4,1.41219e+09
2020-06-08 01:00:00,q49J1IKaHRwDQnt,0,0,2786,471251
2020-06-04 00:00:00,xMbIugepa2P7lBB,0,0,5879,1.06808e+08
2020-05-17 14:00:00,vOuJvMaM2sgwLmb,0,0,3871,2.2303e+06
2020-05-18 10:15:00,IQ2d7wF4YD8zU1Q,1000.95,978.313,1524.87,1.99678e+07
2020-06-09 09:45:00,q49J1IKaHRwDQnt,361.293,352.62,474.4,253759
2020-06-15 10:45:00,4UPUqMRk7TRMgml,0,0,641,2.64218e+06
2020-06-08 12:45:00,Qf4GUc1pJu5T6c6,1346.45,1312.96,4967.27,8.38603e+08
2020-06-07 11:45:00,oZ35aAeoifZaQzV,1012.77,989.064,3423.14,1.66014e+09
2020-05-21 18:15:00,LYwnQax7tkwH5Cb,37.3267,36.0733,4788.13,1.79499e+09
2020-05-31 03:45:00,9kRcWv60rDACzjR,0,0,0,2.24783e+09
2020-05-19 06:15:00,q49J1IKaHRwDQnt,49.65,48.0286,6.64286,362447
2020-06-15 14:00:00,9kRcWv60rDACzjR,1069.04,1044.05,4645.87,2.24791e+09
2020-06-07 07:45:00,q49J1IKaHRwDQnt,324.413,318.707,190.533,468656
2020-06-13 12:30:00,4UPUqMRk7TRMgml,1165.65,1137.81,2884.4,2.63575e+06
2020-06-17 22:00:00,81aHJ1q11NBPMrL,0,0,4306,1.21549e+09
2020-05-15 18:00:00,rrq4fwE8jgrTyWY,24.4467,23.6133,5500.2,1.2097e+08
2020-06-08 17:00:00,rrq4fwE8jgrTyWY,340.427,334.593,3177.87,1.21091e+08
2020-06-13 06:00:00,Et9kgGMDl729KT4,1.43571,1.37857,0,1.83536e+06
2020-05-21 10:00:00,81aHJ1q11NBPMrL,238.693,233.25,311.786,5.20846e+08
2020-05-22 18:15:00,q49J1IKaHRwDQnt,14.7867,14.26,9330.73,383502
2020-06-10 04:30:00,xMbIugepa2P7lBB,0,0,7997,1.06856e+08
2020-05-26 23:00:00,4UPUqMRk7TRMgml,0,0,9501,2.51633e+06
2020-06-13 18:45:00,Mx2yZCDsyf6DPfv,1.9,1.83333,3202,2.66744e+06
2020-05-15 11:30:00,PeE6FRyGXUgsRhN,1248.85,1217.63,3891.73,1.34835e+09
2020-05-22 20:00:00,oZZkBaNadn6DNKz,0,0,9729,1.70813e+09
2020-06-04 02:00:00,V94E5Ben1TlhnDV,0,0,0,1.41223e+09
2020-06-14 12:45:00,oZZkBaNadn6DNKz,0,0,1781,1.70827e+09
2020-05-15 14:30:00,V94E5Ben1TlhnDV,960.571,939.329,7567.57,1.41209e+09
2020-05-31 21:00:00,rrq4fwE8jgrTyWY,0,0,6256,1.21061e+08
2020-06-04 14:30:00,PeE6FRyGXUgsRhN,565.071,553.764,4914.86,1.34848e+09
2020-05-30 13:45:00,mqwcsP2rE7J0TFp,1166.53,1138.31,5169.47,5.93703e+08
2020-06-02 07:15:00,PeE6FRyGXUgsRhN,315.367,309.88,203.2,1.34846e+09
2020-05-17 02:15:00,xMbIugepa2P7lBB,0,0,7722,1.06674e+08
2020-05-15 05:15:00,mqwcsP2rE7J0TFp,0,0,0,5.9358e+08
2020-06-06 11:15:00,PeE6FRyGXUgsRhN,0,0,861,1.34849e+09
2020-05-31 21:45:00,81aHJ1q11NBPMrL,0,0,6409,1.21539e+09
2020-06-03 22:15:00,Mx2yZCDsyf6DPfv,0,0,4836,2.60209e+06
2020-05-29 21:30:00,Qf4GUc1pJu5T6c6,0,0,8165,8.38535e+08
2020-06-09 02:00:00,4UPUqMRk7TRMgml,0,0,9210,2.61059e+06
2020-05-16 09:45:00,xMbIugepa2P7lBB,1023.75,1000.87,1794.13,1.06668e+08
2020-05-27 15:15:00,V94E5Ben1TlhnDV,872.687,853.887,4530.33,1.41218e+09
2020-06-12 18:00:00,Quc1TzYxW2pYoWX,56.26,54.48,3635.73,3.29628e+08
2020-06-11 18:00:00,LlT2YUhhzqhg5Sw,70.05,67.85,3795.64,2.82758e+08
2020-06-05 04:45:00,vOuJvMaM2sgwLmb,0,0,6885,2.35311e+06
2020-05-22 11:30:00,9kRcWv60rDACzjR,0,0,1121,2.24777e+09
2020-06-08 13:00:00,NgDl19wMapZy17u,900.373,879.2,5198.67,1.11696e+08
2020-05-24 06:45:00,rrq4fwE8jgrTyWY,140.287,136.773,52.6667,1.21014e+08
2020-05-17 16:30:00,oZ35aAeoifZaQzV,627.367,614.653,5157.8,1.65999e+09
2020-05-27 11:45:00,LlT2YUhhzqhg5Sw,1247.43,1216.25,3961.73,2.82677e+08
2020-06-05 15:30:00,81aHJ1q11NBPMrL,506.14,496.36,6479.8,1.21542e+09
2020-05-22 16:00:00,oZ35aAeoifZaQzV,716.28,701.42,9109.93,1.66003e+09
2020-05-27 18:15:00,Qf4GUc1pJu5T6c6,59.2667,57.38,9427,8.38523e+08
2020-05-19 01:00:00,oZ35aAeoifZaQzV,0,0,0,1.65999e+09
2020-06-17 06:00:00,81aHJ1q11NBPMrL,2.07333,2,0.133333,1.21548e+09
2020-05-27 14:00:00,Et9kgGMDl729KT4,1053.84,1030.13,6297.93,1.76867e+06
2020-06-15 07:45:00,oZ35aAeoifZaQzV,441.121,432.693,278.643,1.66018e+09
2020-06-07 21:30:00,IQ2d7wF4YD8zU1Q,0,0,7884,2.01265e+07
2020-05-27 19:15:00,q49J1IKaHRwDQnt,0,0,9016,414923
2020-05-22 20:45:00,81aHJ1q11NBPMrL,0,0,3269,1.21532e+09
2020-06-10 20:45:00,Quc1TzYxW2pYoWX,0,0,2508,3.29621e+08
2020-05-26 20:45:00,LlT2YUhhzqhg5Sw,0,0,9079,2.82673e+08
2020-06-01 18:00:00,V94E5Ben1TlhnDV,0,0,4306,1.41222e+09
2020-06-05 22:00:00,81aHJ1q11NBPMrL,0,0,7393,1.21542e+09
2020-06-04 04:45:00,9kRcWv60rDACzjR,0,0,0,2.24785e+09
2020-05-16 04:30:00,xoJJ8DcxJEcupym,0,0,0,2.09147e+08
2020-05-30 15:15:00,rrq4fwE8jgrTyWY,851.173,832.933,6319.73,1.21053e+08
2020-06-04 06:00:00,xMbIugepa2P7lBB,6.46667,6.24667,0,1.06808e+08
2020-06-09 16:45:00,WcxssY2VbP4hApt,348.02,341.78,3746.6,1.81869e+08
2020-06-06 02:15:00,PeE6FRyGXUgsRhN,0,0,7333,1.34849e+09
2020-05-23 05:45:00,Mx2yZCDsyf6DPfv,0,0,0,2.51638e+06
2020-06-10 18:30:00,Qf4GUc1pJu5T6c6,0,0,5556,8.38621e+08
2020-05-23 16:30:00,xoJJ8DcxJEcupym,509.173,499.153,8959.53,2.09186e+08
2020-06-13 12:45:00,mqwcsP2rE7J0TFp,717.18,702.26,2642.73,5.9379e+08
2020-05-15 11:45:00,Quc1TzYxW2pYoWX,0,0,1324,3.2951e+08
2020-05-17 00:30:00,rrq4fwE8jgrTyWY,0,0,0,1.20977e+08
2020-05-30 09:00:00,Quc1TzYxW2pYoWX,390.727,383.933,444,3.29575e+08
2020-06-04 13:15:00,V94E5Ben1TlhnDV,0,0,2439,1.41223e+09
2020-05-19 17:00:00,xMbIugepa2P7lBB,21.7133,20.9533,6746.8,1.06695e+08
2020-05-26 17:30:00,q49J1IKaHRwDQnt,134.793,131.267,4018.47,405845
2020-06-12 03:15:00,Mx2yZCDsyf6DPfv,0,0,3945,2.65966e+06
2020-05-27 08:45:00,rrq4fwE8jgrTyWY,708.55,693.893,830,1.21031e+08
2020-06-07 05:30:00,IQ2d7wF4YD8zU1Q,0,0,8293,2.01187e+07
2020-06-13 12:30:00,V94E5Ben1TlhnDV,0,0,1574,1.41227e+09
2020-06-01 17:30:00,xoJJ8DcxJEcupym,7.38333,7.125,4208,2.09244e+08
2020-06-13 02:15:00,81aHJ1q11NBPMrL,0,0,0,1.21546e+09
2020-06-06 13:45:00,Mx2yZCDsyf6DPfv,1372.11,1338.01,5919.07,2.62272e+06
2020-06-02 11:45:00,NgDl19wMapZy17u,1210.63,1181.18,2930.93,1.11652e+08
2020-05-15 18:15:00,oZ35aAeoifZaQzV,15.94,15.38,7093.07,1.65997e+09
2020-06-01 13:15:00,Quc1TzYxW2pYoWX,91.4133,89.18,3378.93,3.29588e+08
2020-05-21 04:15:00,WcxssY2VbP4hApt,0,0,0,1.81744e+08
2020-05-25 12:30:00,oZ35aAeoifZaQzV,1295.75,1263.34,4988.29,1.66005e+09
2020-06-04 06:45:00,Mx2yZCDsyf6DPfv,106.767,103.753,36.2667,2.60213e+06
2020-06-15 01:45:00,NgDl19wMapZy17u,0,0,6277,1.1173e+08
2020-05-18 09:30:00,Quc1TzYxW2pYoWX,358.873,351.64,613.933,3.29524e+08
2020-06-05 05:00:00,81aHJ1q11NBPMrL,0,0,0,1.21541e+09
2020-06-10 21:30:00,PeE6FRyGXUgsRhN,0,0,4003,1.34851e+09
2020-06-06 16:15:00,q49J1IKaHRwDQnt,637.113,624.193,2938.4,467804
2020-05-31 08:00:00,oZZkBaNadn6DNKz,268.247,263.193,249.333,1.70819e+09
2020-06-02 01:15:00,Et9kgGMDl729KT4,0,0,0,1.7989e+06
2020-05-25 09:15:00,4UPUqMRk7TRMgml,898.907,879.433,1305.33,2.49891e+06
2020-05-19 06:30:00,WcxssY2VbP4hApt,84.4467,81.94,23.6667,1.81728e+08
2020-05-30 13:00:00,xMbIugepa2P7lBB,1189.95,1161.12,4285.67,1.06781e+08
2020-05-23 07:45:00,LYwnQax7tkwH5Cb,449.873,441.567,335.533,1.795e+09
2020-05-25 08:30:00,vOuJvMaM2sgwLmb,649.153,635.753,732.867,2.27894e+06
2020-06-13 16:00:00,81aHJ1q11NBPMrL,391.18,383.433,5927.13,1.21546e+09
2020-05-30 05:15:00,LYwnQax7tkwH5Cb,0,0,0,1.79503e+09
2020-05-19 07:15:00,PeE6FRyGXUgsRhN,317.447,311.787,128.067,1.34838e+09
2020-05-29 12:30:00,9kRcWv60rDACzjR,973.533,952.033,3315.8,2.24782e+09
2020-06-02 05:45:00,vOuJvMaM2sgwLmb,0.606667,0.586667,0,2.33747e+06
2020-06-04 23:45:00,Quc1TzYxW2pYoWX,0,0,5261,3.29602e+08
2020-05-29 03:00:00,PeE6FRyGXUgsRhN,0,0,0,1.34844e+09
2020-06-04 05:45:00,rrq4fwE8jgrTyWY,0,0,0,1.21073e+08
2020-06-12 11:30:00,81aHJ1q11NBPMrL,737.28,721.86,1653.27,1.21545e+09
2020-06-14 17:45:00,oZZkBaNadn6DNKz,161.073,157.487,3301.53,1.70827e+09
2020-05-18 02:00:00,Mx2yZCDsyf6DPfv,0,0,0,2.47373e+06
2020-05-19 20:30:00,Qf4GUc1pJu5T6c6,0,0,1909,8.38453e+08
2020-05-17 01:00:00,vOuJvMaM2sgwLmb,0,0,0,2.22643e+06
2020-05-29 04:45:00,9kRcWv60rDACzjR,0,0,0,2.24782e+09
2020-06-10 05:15:00,Qf4GUc1pJu5T6c6,0,0,8086,8.38615e+08
2020-05-16 21:45:00,NgDl19wMapZy17u,0,0,7762,1.1153e+08
2020-06-16 10:30:00,V94E5Ben1TlhnDV,690.347,676.107,1682.6,1.41228e+09
2020-06-02 01:00:00,rrq4fwE8jgrTyWY,0,0,0,1.21065e+08
2020-06-12 09:30:00,NgDl19wMapZy17u,615.564,603.114,740.571,1.11716e+08
2020-05-15 04:15:00,LlT2YUhhzqhg5Sw,0,0,0,2.82593e+08
2020-06-02 02:15:00,xMbIugepa2P7lBB,0,0,4143,1.06795e+08
2020-06-07 13:15:00,IQ2d7wF4YD8zU1Q,1115.78,1089.43,5066.73,2.01237e+07
2020-06-15 08:00:00,xMbIugepa2P7lBB,482.833,473.427,377.267,1.06881e+08
2020-06-13 15:30:00,Mx2yZCDsyf6DPfv,692.793,677.953,2119.07,2.66635e+06
2020-06-02 14:00:00,IQ2d7wF4YD8zU1Q,1375.41,1341.04,5084.73,2.00874e+07
2020-05-30 04:00:00,PeE6FRyGXUgsRhN,0,0,0,1.34845e+09
2020-05-30 17:00:00,4UPUqMRk7TRMgml,386.593,379.887,7939.07,2.54562e+06
2020-05-21 04:00:00,oZ35aAeoifZaQzV,0,0,0,1.66001e+09
2020-05-15 17:15:00,LYwnQax7tkwH5Cb,193.093,189.273,8392.07,1.79497e+09
2020-06-07 02:15:00,q49J1IKaHRwDQnt,0,0,3599,468465
2020-06-06 22:00:00,V94E5Ben1TlhnDV,0,0,2613,1.41224e+09
2020-06-16 07:00:00,xoJJ8DcxJEcupym,162.387,158.893,6159,2.09326e+08
2020-06-04 06:15:00,Quc1TzYxW2pYoWX,23.76,22.9467,4.13333,3.29597e+08
2020-05-30 13:30:00,q49J1IKaHRwDQnt,1029.11,1005.24,4758.6,434888
2020-05-31 06:15:00,xMbIugepa2P7lBB,59.1333,57.26,8.73333,1.06785e+08
2020-05-23 18:15:00,LlT2YUhhzqhg5Sw,32.5067,31.4133,3380.8,2.82646e+08
2020-05-29 22:00:00,4UPUqMRk7TRMgml,0,0,7545.57,2.35642e+06
2020-06-01 14:00:00,LYwnQax7tkwH5Cb,84.4,81.9714,3721.64,1.79505e+09
2020-06-12 03:30:00,rrq4fwE8jgrTyWY,0,0,3650,1.21101e+08
2020-05-27 01:15:00,rrq4fwE8jgrTyWY,0,0,0,1.2103e+08
2020-05-16 13:45:00,IQ2d7wF4YD8zU1Q,623.871,610.879,6124.79,1.99573e+07
2020-06-13 21:15:00,9kRcWv60rDACzjR,0,0,2777,2.24789e+09
2020-05-26 18:30:00,xoJJ8DcxJEcupym,25.6,24.72,6230.13,2.09211e+08
2020-06-04 04:15:00,oZ35aAeoifZaQzV,0,0,0,1.66011e+09
2020-06-12 20:30:00,Mx2yZCDsyf6DPfv,0,0,4576,2.66424e+06
2020-06-08 08:30:00,IQ2d7wF4YD8zU1Q,701.067,686.52,717.2,2.01273e+07
2020-06-02 14:30:00,xoJJ8DcxJEcupym,0,0,4242,2.09248e+08
2020-06-02 23:45:00,WcxssY2VbP4hApt,0,0,2215.43,1.81838e+08
2020-05-31 06:30:00,Mx2yZCDsyf6DPfv,105.467,102.48,30.2667,2.57897e+06
2020-05-31 04:30:00,LYwnQax7tkwH5Cb,0,0,0,1.79504e+09
2020-06-16 20:00:00,V94E5Ben1TlhnDV,0,0,5407,1.41229e+09
2020-05-25 16:45:00,Qf4GUc1pJu5T6c6,388.367,381.633,8981.13,8.38504e+08
2020-06-03 03:30:00,PeE6FRyGXUgsRhN,0,0,0,1.34847e+09
2020-06-11 17:15:00,NgDl19wMapZy17u,95.2357,92.5,3803.36,1.11715e+08
2020-06-01 16:45:00,WcxssY2VbP4hApt,70.8429,68.6714,4258.86,1.81834e+08
2020-06-03 01:45:00,Qf4GUc1pJu5T6c6,0,0,0,8.38562e+08
2020-06-04 09:30:00,oZ35aAeoifZaQzV,778.58,762.04,1221.2,1.66012e+09
2020-05-17 20:30:00,Qf4GUc1pJu5T6c6,0,0,7220,8.38443e+08
2020-05-29 15:30:00,PeE6FRyGXUgsRhN,804.113,787.067,5481.27,1.34845e+09
2020-05-24 11:15:00,81aHJ1q11NBPMrL,0,0,0,0
2020-06-02 19:15:00,xMbIugepa2P7lBB,0,0,7138,1.06802e+08
2020-05-22 05:30:00,V94E5Ben1TlhnDV,0,0,0,1.41213e+09
2020-06-07 20:45:00,xMbIugepa2P7lBB,0,0,7775,1.06839e+08
2020-05-22 09:45:00,oZ35aAeoifZaQzV,1095.64,1070.76,1950.14,1.66002e+09
2020-06-16 23:45:00,vOuJvMaM2sgwLmb,0,0,5534,2.42337e+06
2020-05-21 08:15:00,Et9kgGMDl729KT4,548.613,537.707,509.333,1.7294e+06
2020-06-15 17:15:00,rrq4fwE8jgrTyWY,88.1143,85.5643,3582,1.21122e+08
2020-05-26 16:15:00,9kRcWv60rDACzjR,595.44,583.467,8613.53,2.2478e+09
2020-06-09 16:45:00,9kRcWv60rDACzjR,343.113,336.907,3528.27,2.24788e+09
2020-06-15 04:30:00,xoJJ8DcxJEcupym,0,0,7268,2.0932e+08
2020-06-16 08:15:00,9kRcWv60rDACzjR,449.673,441.347,422.133,2.24791e+09
2020-06-16 19:30:00,Mx2yZCDsyf6DPfv,0,0,5526,2.67891e+06
2020-05-18 23:30:00,Et9kgGMDl729KT4,0,0,2320,1.72181e+06
2020-05-24 03:45:00,81aHJ1q11NBPMrL,0,0,0,1.21533e+09
2020-06-08 22:45:00,4UPUqMRk7TRMgml,0,0,9210,2.61059e+06
2020-06-04 11:30:00,xMbIugepa2P7lBB,1241.53,1211.33,2833.93,1.06811e+08
2020-06-10 21:00:00,Et9kgGMDl729KT4,0,0,2448,1.82832e+06
2020-06-02 09:45:00,9kRcWv60rDACzjR,619.347,606.787,1510.8,2.24784e+09
2020-05-27 03:45:00,Quc1TzYxW2pYoWX,0,0,7269,3.29559e+08
2020-06-14 18:00:00,LYwnQax7tkwH5Cb,97.6133,94.8333,7280.53,1.7951e+09
2020-05-26 18:00:00,9kRcWv60rDACzjR,46.74,45.2,9091.8,2.2478e+09
2020-05-31 02:00:00,Qf4GUc1pJu5T6c6,0,0,0,8.38544e+08
2020-06-04 12:30:00,81aHJ1q11NBPMrL,1296.26,1264.25,3202.14,1.21541e+09
2020-06-15 13:30:00,4UPUqMRk7TRMgml,421.307,413.44,859.867,2.6424e+06
2020-05-31 09:45:00,NgDl19wMapZy17u,874.013,855.113,1197.67,1.11639e+08
2020-06-08 13:00:00,WcxssY2VbP4hApt,0,0,2000.13,1.6974e+08
2020-05-17 13:00:00,xoJJ8DcxJEcupym,971.433,949.993,3618.87,2.09153e+08
2020-05-23 21:00:00,Et9kgGMDl729KT4,0,0,4598,1.74372e+06
2020-05-25 07:00:00,vOuJvMaM2sgwLmb,205.033,201.027,110,2.27832e+06
2020-06-07 21:15:00,oZ35aAeoifZaQzV,0,0,7860,1.66014e+09
2020-06-14 18:30:00,oZZkBaNadn6DNKz,23.1786,22.3929,3364.5,1.70827e+09
2020-05-26 14:00:00,LlT2YUhhzqhg5Sw,1103.59,1078.05,6671.27,2.8267e+08
2020-05-28 23:00:00,LYwnQax7tkwH5Cb,0,0,3474,1.79502e+09
2020-06-09 02:45:00,9kRcWv60rDACzjR,0,0,0,2.24787e+09
2020-05-27 02:45:00,oZZkBaNadn6DNKz,0,0,0,1.70817e+09
2020-05-18 08:30:00,9kRcWv60rDACzjR,440.733,432.62,201.133,2.24774e+09
2020-05-18 19:15:00,Qf4GUc1pJu5T6c6,0,0,7783,8.38451e+08
2020-06-12 13:15:00,q49J1IKaHRwDQnt,666.793,653,2516.67,489272
2020-06-06 05:45:00,LlT2YUhhzqhg5Sw,0,0,0,2.8273e+08
2020-05-24 22:30:00,Quc1TzYxW2pYoWX,0,0,4816,3.29548e+08
2020-06-09 07:45:00,4UPUqMRk7TRMgml,586.727,574.953,402.4,2.611e+06
2020-05-20 15:30:00,oZZkBaNadn6DNKz,865.633,847,2134.07,1.70811e+09
2020-06-02 01:30:00,81aHJ1q11NBPMrL,0,0,0,1.2154e+09
2020-05-15 18:00:00,NgDl19wMapZy17u,23.6533,22.8267,9469.07,1.11522e+08
2020-05-17 15:30:00,81aHJ1q11NBPMrL,431.136,423.471,4878.21,1.21529e+09
2020-06-16 12:45:00,q49J1IKaHRwDQnt,836.327,818.387,3355.8,514681
2020-06-10 12:15:00,9kRcWv60rDACzjR,0,0,0,2.24788e+09
2020-06-08 02:30:00,Quc1TzYxW2pYoWX,0,0,2598,3.29612e+08
2020-05-19 02:30:00,V94E5Ben1TlhnDV,0,0,0,1.41211e+09
2020-05-18 05:15:00,q49J1IKaHRwDQnt,0,0,5727,358279
2020-05-26 01:45:00,rrq4fwE8jgrTyWY,0,0,0,1.21023e+08
2020-05-24 23:00:00,4UPUqMRk7TRMgml,0,0,4635,2.4976e+06
2020-05-30 19:30:00,LYwnQax7tkwH5Cb,0,0,7771,1.79504e+09
2020-05-16 19:45:00,81aHJ1q11NBPMrL,0,0,4857,1.21529e+09
2020-05-28 23:30:00,q49J1IKaHRwDQnt,0,0,7799,422722
2020-05-21 23:15:00,4UPUqMRk7TRMgml,0,0,9151,2.47342e+06
2020-06-07 16:00:00,xMbIugepa2P7lBB,233.3,228.907,7172.29,1.06838e+08
2020-06-05 17:45:00,IQ2d7wF4YD8zU1Q,194.429,190.443,7723.43,2.01103e+07
2020-06-08 08:45:00,oZZkBaNadn6DNKz,480.113,470.967,911.8,1.70823e+09
2020-05-21 22:30:00,Et9kgGMDl729KT4,0,0,6646,1.73554e+06
2020-05-18 06:45:00,NgDl19wMapZy17u,0,0,0,1.11537e+08
2020-05-18 16:30:00,81aHJ1q11NBPMrL,403.973,396.707,3184.93,1.2153e+09
2020-05-15 18:45:00,xoJJ8DcxJEcupym,0,0,3092,2.09147e+08
2020-06-08 16:00:00,mqwcsP2rE7J0TFp,615.453,602.907,8270.53,5.93767e+08
2020-05-15 12:00:00,81aHJ1q11NBPMrL,0,0,1645,1.21528e+09
2020-05-17 09:00:00,Quc1TzYxW2pYoWX,587.467,575.64,703.8,3.2952e+08
2020-05-17 02:15:00,9kRcWv60rDACzjR,0,0,0,2.24774e+09
2020-05-25 10:15:00,oZ35aAeoifZaQzV,1117.38,1091.73,2275.87,1.66005e+09
2020-06-10 08:30:00,81aHJ1q11NBPMrL,721.52,706.493,485.133,1.21544e+09
2020-05-20 16:00:00,V94E5Ben1TlhnDV,627.26,614.513,8578.73,1.41213e+09
2020-05-19 16:15:00,Quc1TzYxW2pYoWX,26.85,25.9125,2196.88,3.29528e+08
2020-06-16 16:45:00,Et9kgGMDl729KT4,162.94,159.347,4484.27,1.85002e+06
2020-06-06 15:45:00,xMbIugepa2P7lBB,708.543,693.514,7115.36,1.0683e+08
2020-06-05 21:00:00,Qf4GUc1pJu5T6c6,0,0,7599,8.38582e+08
2020-05-15 10:45:00,Et9kgGMDl729KT4,0,0,1541,1.70579e+06
2020-06-11 10:45:00,4UPUqMRk7TRMgml,564.36,552.967,1118.33,2.45046e+06
2020-06-03 06:00:00,Quc1TzYxW2pYoWX,0,0,0,3.29593e+08
2020-05-23 19:00:00,V94E5Ben1TlhnDV,0,0,9483,1.41215e+09
2020-06-12 19:15:00,xoJJ8DcxJEcupym,0,0,4788,2.09306e+08
2020-05-28 01:00:00,rrq4fwE8jgrTyWY,0,0,0,1.21036e+08
2020-06-07 17:00:00,mqwcsP2rE7J0TFp,327.307,321.22,7289.07,5.93758e+08
2020-06-01 05:45:00,q49J1IKaHRwDQnt,0,0,0,444300
2020-05-30 05:30:00,rrq4fwE8jgrTyWY,0,0,0,1.21047e+08
2020-06-12 07:15:00,Mx2yZCDsyf6DPfv,173.471,169.964,94.1429,2.65975e+06
2020-06-09 09:15:00,LYwnQax7tkwH5Cb,917.813,897.813,1382.13,1.79508e+09
2020-06-11 11:00:00,Et9kgGMDl729KT4,511.047,501.113,1132.93,1.82945e+06
2020-05-31 19:30:00,IQ2d7wF4YD8zU1Q,0,0,6664,2.0078e+07
2020-05-21 15:00:00,Et9kgGMDl729KT4,866.793,848.127,5327.6,1.73422e+06
2020-06-04 09:45:00,IQ2d7wF4YD8zU1Q,740.473,724.44,1383.73,2.00969e+07
2020-05-16 04:30:00,WcxssY2VbP4hApt,0,0,0,1.81705e+08
2020-06-13 15:00:00,Mx2yZCDsyf6DPfv,594.536,582.329,1758.29,2.66599e+06
2020-06-15 00:30:00,WcxssY2VbP4hApt,0,0,7634,1.81896e+08
2020-05-22 13:45:00,Qf4GUc1pJu5T6c6,1221.17,1190.66,6935.07,8.38478e+08
2020-06-03 21:45:00,oZ35aAeoifZaQzV,0,0,5493,1.66011e+09
2020-05-19 12:30:00,V94E5Ben1TlhnDV,1166.1,1138.26,3948.27,1.41211e+09
2020-06-08 20:45:00,mqwcsP2rE7J0TFp,0,0,9065,5.93768e+08
2020-05-30 05:15:00,Qf4GUc1pJu5T6c6,0,0,0,8.38535e+08
2020-06-07 23:15:00,oZZkBaNadn6DNKz,0,0,7743,1.70823e+09
2020-05-31 18:30:00,rrq4fwE8jgrTyWY,1.25714,1.20714,6256,1.21061e+08
2020-06-17 05:45:00,Quc1TzYxW2pYoWX,0,0,0,3.29642e+08
2020-05-24 02:15:00,vOuJvMaM2sgwLmb,0,0,0,2.27493e+06
2020-06-14 23:30:00,xoJJ8DcxJEcupym,0,0,7268,2.0932e+08
2020-06-05 15:00:00,Et9kgGMDl729KT4,461.38,452.687,1641.87,1.81281e+06
2020-05-18 21:15:00,WcxssY2VbP4hApt,0,0,7740,1.81728e+08
2020-05-26 23:00:00,oZZkBaNadn6DNKz,0,0,9368,1.70817e+09
2020-05-30 11:00:00,Et9kgGMDl729KT4,0,0,1616,1.78492e+06
2020-06-14 21:45:00,PeE6FRyGXUgsRhN,0,0,7209,1.34854e+09
2020-06-01 02:15:00,V94E5Ben1TlhnDV,0,0,0,1.41221e+09
2020-05-26 07:30:00,Quc1TzYxW2pYoWX,281.493,276.207,184.133,3.29552e+08
2020-06-17 23:30:00,WcxssY2VbP4hApt,0,0,4331,1.81912e+08
2020-06-07 18:15:00,IQ2d7wF4YD8zU1Q,60.8867,58.94,7869.27,2.01265e+07
2020-06-02 23:00:00,vOuJvMaM2sgwLmb,0,0,3796,2.34127e+06
2020-06-11 14:45:00,IQ2d7wF4YD8zU1Q,254.793,249.879,3114.93,2.01527e+07
2020-05-21 18:15:00,oZ35aAeoifZaQzV,40.3867,39.04,8341.73,1.66002e+09
2020-06-10 22:45:00,oZZkBaNadn6DNKz,0,0,5460,1.70826e+09
2020-05-23 00:45:00,V94E5Ben1TlhnDV,0,0,0,1.41214e+09
2020-06-14 18:45:00,NgDl19wMapZy17u,0,0,6277,1.1173e+08
2020-05-27 00:15:00,Qf4GUc1pJu5T6c6,0,0,0,8.38514e+08
2020-05-21 06:45:00,LlT2YUhhzqhg5Sw,127.607,124.207,48.7333,2.82632e+08
2020-05-28 22:00:00,81aHJ1q11NBPMrL,0,0,8947,1.21537e+09
2020-06-04 12:30:00,q49J1IKaHRwDQnt,1359.63,1325.83,2807.73,459069
2020-05-18 21:45:00,4UPUqMRk7TRMgml,0,0,7641,2.45287e+06
2020-05-19 16:30:00,4UPUqMRk7TRMgml,87.3714,84.8143,1940.29,2.45481e+06
2020-05-21 07:30:00,9kRcWv60rDACzjR,361.46,355.273,214,2.24776e+09
2020-06-15 05:15:00,81aHJ1q11NBPMrL,0,0,0,1.21547e+09
2020-06-17 16:15:00,xMbIugepa2P7lBB,303.514,298.007,3928,1.06896e+08
2020-06-07 15:45:00,oZ35aAeoifZaQzV,691.48,677.067,7141.8,1.66014e+09
2020-06-10 07:00:00,LlT2YUhhzqhg5Sw,101.98,99.08,50,2.82749e+08
2020-06-08 06:00:00,81aHJ1q11NBPMrL,19.8067,19.12,1.73333,1.1344e+09
2020-05-23 19:15:00,Et9kgGMDl729KT4,0,0,4598,1.74372e+06
2020-05-25 03:15:00,rrq4fwE8jgrTyWY,0,0,0,1.21018e+08
2020-06-14 05:15:00,81aHJ1q11NBPMrL,0,0,0,1.21546e+09
2020-06-16 02:45:00,Quc1TzYxW2pYoWX,0,0,0,3.29638e+08
2020-05-29 23:30:00,Mx2yZCDsyf6DPfv,0,0,8240,2.57074e+06
2020-05-29 19:45:00,vOuJvMaM2sgwLmb,0,0,5083,2.3201e+06
2020-06-07 17:15:00,IQ2d7wF4YD8zU1Q,283.893,278.643,7695.21,2.01263e+07
2020-06-16 03:00:00,mqwcsP2rE7J0TFp,0,0,0,5.93805e+08
2020-05-21 20:45:00,Quc1TzYxW2pYoWX,0,0,4896,3.29536e+08
2020-06-07 15:45:00,rrq4fwE8jgrTyWY,640.393,627.32,2399,1.21087e+08
2020-06-04 00:30:00,IQ2d7wF4YD8zU1Q,0,0,5991,2.00956e+07
2020-06-17 13:00:00,rrq4fwE8jgrTyWY,698.987,684.553,2262.07,1.2113e+08
2020-06-09 16:30:00,oZZkBaNadn6DNKz,612.38,600,7507.07,1.70825e+09
2020-05-15 00:30:00,Qf4GUc1pJu5T6c6,0,0,0,8.38421e+08
2020-06-10 21:15:00,WcxssY2VbP4hApt,0,0,3531,1.81873e+08
2020-05-26 06:30:00,Mx2yZCDsyf6DPfv,92.3071,89.6357,26.2857,2.54019e+06
2020-06-05 22:30:00,81aHJ1q11NBPMrL,0,0,7393,1.21542e+09
2020-05-16 20:00:00,q49J1IKaHRwDQnt,0,0,3533,352552
2020-06-14 11:00:00,mqwcsP2rE7J0TFp,1132.39,1105.08,2445,5.93795e+08
2020-05-18 19:00:00,xMbIugepa2P7lBB,0,0,7696,1.06689e+08
2020-06-02 23:15:00,Et9kgGMDl729KT4,0,0,5476,1.80438e+06
2020-06-14 20:15:00,IQ2d7wF4YD8zU1Q,0,0,7301,2.01689e+07
2020-06-11 13:00:00,IQ2d7wF4YD8zU1Q,483.513,474.093,2275.87,2.01519e+07
2020-05-25 04:30:00,LlT2YUhhzqhg5Sw,0,0,0,2.82655e+08
2020-06-02 13:00:00,vOuJvMaM2sgwLmb,0,0,2532,2.34001e+06
2020-05-26 12:15:00,xoJJ8DcxJEcupym,0,0,2906,2.09208e+08
2020-06-05 01:45:00,mqwcsP2rE7J0TFp,0,0,0,5.93735e+08
2020-06-04 18:30:00,vOuJvMaM2sgwLmb,23.3867,22.5867,6882.33,2.35311e+06
2020-06-15 05:15:00,NgDl19wMapZy17u,0,0,6277,1.1173e+08
2020-06-10 23:30:00,9kRcWv60rDACzjR,0,0,3698,2.24788e+09
2020-05-28 21:00:00,xoJJ8DcxJEcupym,0,0,8656,2.09223e+08
2020-05-15 11:45:00,vOuJvMaM2sgwLmb,1280.93,1248.93,4418.4,2.21638e+06
2020-06-11 03:15:00,xMbIugepa2P7lBB,0,0,5523,1.06861e+08
2020-06-15 03:30:00,NgDl19wMapZy17u,0,0,6277,1.1173e+08
2020-05-28 10:30:00,4UPUqMRk7TRMgml,0,0,2100,2.52793e+06
2020-06-01 15:00:00,LlT2YUhhzqhg5Sw,57.6733,55.8,3852.73,2.82716e+08
2020-06-16 05:30:00,81aHJ1q11NBPMrL,0,0,0,1.21548e+09
2020-05-18 06:30:00,rrq4fwE8jgrTyWY,0,0,0,1.20982e+08
2020-06-11 07:30:00,LYwnQax7tkwH5Cb,146.25,142.55,91.7857,1.79508e+09
2020-06-10 09:00:00,vOuJvMaM2sgwLmb,510.92,500.813,793.667,2.38434e+06
2020-05-25 12:15:00,Quc1TzYxW2pYoWX,0,0,1178,3.29549e+08
2020-05-17 09:45:00,WcxssY2VbP4hApt,970.193,948.753,1593.13,1.81714e+08
2020-06-06 02:45:00,Et9kgGMDl729KT4,0,0,2769,1.81393e+06
2020-06-02 06:30:00,NgDl19wMapZy17u,111.94,108.9,34.5333,1.11649e+08
2020-05-21 15:30:00,Et9kgGMDl729KT4,604.567,592.373,5714.93,1.73461e+06
2020-05-15 06:00:00,Quc1TzYxW2pYoWX,11.42,11.0133,1,3.29509e+08
2020-05-21 19:15:00,4UPUqMRk7TRMgml,0,0,9151,2.47342e+06
2020-06-01 16:15:00,rrq4fwE8jgrTyWY,130.773,127.273,3765.73,1.21065e+08
2020-06-07 01:45:00,NgDl19wMapZy17u,0,0,8134,1.11683e+08
2020-05-31 02:15:00,WcxssY2VbP4hApt,0,0,0,0
2020-05-24 08:45:00,q49J1IKaHRwDQnt,736.787,721.413,894.333,387652
2020-05-15 03:45:00,mqwcsP2rE7J0TFp,0,0,0,5.9358e+08
2020-05-19 04:00:00,9kRcWv60rDACzjR,0,0,0,2.24775e+09
2020-05-25 01:15:00,4UPUqMRk7TRMgml,0,0,4635,2.4976e+06
2020-06-11 11:15:00,V94E5Ben1TlhnDV,697.76,683.353,1495.87,1.41227e+09
2020-05-19 04:00:00,Et9kgGMDl729KT4,0,0,0,1.72181e+06
2020-05-29 23:30:00,WcxssY2VbP4hApt,0,0,7691.6,1.69694e+08
2020-06-05 20:00:00,rrq4fwE8jgrTyWY,0,0,2964,1.21082e+08
2020-06-13 23:30:00,vOuJvMaM2sgwLmb,0,0,6375,2.4041e+06
2020-06-06 09:45:00,oZZkBaNadn6DNKz,0,0,909,1.70822e+09
2020-05-17 11:45:00,oZZkBaNadn6DNKz,664.653,651.027,3282.47,1.7081e+09
2020-05-26 00:15:00,q49J1IKaHRwDQnt,0,0,6197,401827
2020-05-22 23:30:00,Qf4GUc1pJu5T6c6,0,0,9873,8.38481e+08
2020-05-26 01:45:00,LlT2YUhhzqhg5Sw,0,0,0,2.82664e+08
2020-06-11 15:00:00,oZ35aAeoifZaQzV,384.16,377.287,3260.2,1.66016e+09
2020-06-13 07:30:00,4UPUqMRk7TRMgml,355.893,349.78,125.6,2.63299e+06
2020-05-23 05:15:00,xoJJ8DcxJEcupym,0,0,0,2.09177e+08
2020-05-20 05:15:00,vOuJvMaM2sgwLmb,0,0,0,2.24376e+06
2020-06-02 11:15:00,q49J1IKaHRwDQnt,272.3,266.267,1140.47,300388
2020-06-11 06:45:00,LlT2YUhhzqhg5Sw,34.78,33.6067,11,2.82755e+08
2020-06-16 18:45:00,vOuJvMaM2sgwLmb,0,0,5534,2.42337e+06
2020-06-15 23:00:00,IQ2d7wF4YD8zU1Q,0,0,6296,2.01752e+07
2020-05-17 15:15:00,LYwnQax7tkwH5Cb,365.773,359.527,4572.67,1.79497e+09
2020-06-05 09:15:00,mqwcsP2rE7J0TFp,817.727,799.94,1159,5.93736e+08
2020-06-10 05:30:00,IQ2d7wF4YD8zU1Q,0,0,3803.8,2.0144e+07
2020-06-06 08:15:00,Quc1TzYxW2pYoWX,494.287,484.74,312.867,3.29606e+08
2020-06-04 14:15:00,Quc1TzYxW2pYoWX,477.267,468.053,4093.07,3.29601e+08
2020-05-23 12:00:00,Qf4GUc1pJu5T6c6,1303.36,1270.76,4609,8.38486e+08
2020-06-02 22:00:00,IQ2d7wF4YD8zU1Q,0,0,7297,2.00896e+07
2020-06-03 13:15:00,xoJJ8DcxJEcupym,599.687,587.487,2199.4,2.09252e+08
2020-06-10 09:45:00,xMbIugepa2P7lBB,975.257,952.486,1340.93,1.06857e+08
2020-06-10 14:30:00,IQ2d7wF4YD8zU1Q,427.293,419.52,4820.6,2.01488e+07
2020-05-28 11:30:00,4UPUqMRk7TRMgml,0,0,2100,2.52793e+06
2020-06-03 20:00:00,Qf4GUc1pJu5T6c6,0,0,6027,8.38568e+08
2020-06-10 15:45:00,IQ2d7wF4YD8zU1Q,265.529,260.3,5167.5,2.01491e+07
2020-06-08 03:15:00,IQ2d7wF4YD8zU1Q,0,0,7884,2.01265e+07
2020-05-25 12:00:00,4UPUqMRk7TRMgml,1303.77,1271.16,4377.53,2.50198e+06
2020-06-06 17:30:00,q49J1IKaHRwDQnt,215.26,210.933,3487.67,468354
2020-06-09 05:45:00,Mx2yZCDsyf6DPfv,0,0,0,2.64211e+06
2020-05-26 10:00:00,WcxssY2VbP4hApt,1098.23,1073.28,2110.27,1.81786e+08
2020-05-28 04:30:00,rrq4fwE8jgrTyWY,0,0,0,1.21036e+08
2020-05-26 04:30:00,Qf4GUc1pJu5T6c6,0,0,0,8.38504e+08
2020-06-05 14:15:00,81aHJ1q11NBPMrL,447.413,439.147,5866.87,1.21542e+09
2020-06-12 11:00:00,9kRcWv60rDACzjR,579.221,567.6,1269.14,2.24789e+09
2020-05-30 11:15:00,Qf4GUc1pJu5T6c6,1310.05,1277.63,2378.47,8.38538e+08
2020-06-05 12:00:00,mqwcsP2rE7J0TFp,1252.16,1221.63,3951.43,5.93739e+08
2020-05-22 20:45:00,oZZkBaNadn6DNKz,0,0,9729,1.70813e+09
2020-05-27 07:15:00,PeE6FRyGXUgsRhN,244.233,239.507,136.8,1.34843e+09
2020-05-23 01:15:00,LYwnQax7tkwH5Cb,0,0,0,1.795e+09
2020-05-17 17:15:00,V94E5Ben1TlhnDV,163.407,159.767,5590.67,1.41211e+09
2020-06-09 00:30:00,xMbIugepa2P7lBB,0,0,9052,1.06848e+08
2020-06-01 14:15:00,q49J1IKaHRwDQnt,69.9533,67.7733,3590.87,447891
2020-05-16 12:45:00,Qf4GUc1pJu5T6c6,683.04,668.947,5219.67,8.38433e+08
2020-05-26 02:15:00,Qf4GUc1pJu5T6c6,0,0,0,8.38504e+08
2020-05-19 06:30:00,Qf4GUc1pJu5T6c6,85.0467,82.52,23.3333,8.38451e+08
2020-05-29 17:00:00,xoJJ8DcxJEcupym,409.893,402.693,5172.93,2.09228e+08
2020-05-25 20:30:00,WcxssY2VbP4hApt,0,0,9124,1.81784e+08
2020-06-15 14:00:00,LlT2YUhhzqhg5Sw,1081.21,1055.88,4609.8,2.82778e+08
2020-06-15 06:45:00,81aHJ1q11NBPMrL,125.853,122.433,47.3333,1.21547e+09
2020-06-08 16:15:00,NgDl19wMapZy17u,602.85,590.65,8506.93,1.117e+08
2020-06-08 09:15:00,Et9kgGMDl729KT4,133.085,130.2,1067.77,1.81985e+06
2020-06-17 06:15:00,Et9kgGMDl729KT4,23.12,22.3133,1.86667,1.85014e+06
2020-05-31 06:30:00,V94E5Ben1TlhnDV,104.1,101.167,30.0667,1.41221e+09
2020-06-16 04:15:00,Et9kgGMDl729KT4,0,0,2199,1.84554e+06
2020-05-16 23:15:00,V94E5Ben1TlhnDV,0,0,7721,1.4121e+09
2020-05-29 12:45:00,9kRcWv60rDACzjR,908.3,888.54,3549.07,2.24782e+09
2020-06-13 12:15:00,81aHJ1q11NBPMrL,1236.72,1206.53,2791.73,1.21546e+09
2020-06-06 16:30:00,NgDl19wMapZy17u,609.693,597.38,7603.07,1.11683e+08
2020-05-18 16:00:00,Et9kgGMDl729KT4,580.113,568.5,1801.07,1.72129e+06
2020-05-24 01:15:00,Et9kgGMDl729KT4,0,0,0,1.74372e+06
2020-05-29 04:00:00,Quc1TzYxW2pYoWX,0,0,4863,3.29571e+08
2020-06-11 17:00:00,Et9kgGMDl729KT4,102.233,99.34,3207.07,1.83153e+06
2020-05-16 20:30:00,V94E5Ben1TlhnDV,0,0,7721,1.4121e+09
2020-05-19 18:30:00,Quc1TzYxW2pYoWX,0,0,2229,3.29528e+08
2020-06-08 07:00:00,oZ35aAeoifZaQzV,236.127,231.467,100.667,1.66014e+09
2020-05-25 05:15:00,q49J1IKaHRwDQnt,0,0,8872,395630
2020-05-31 05:00:00,oZZkBaNadn6DNKz,0,0,0,1.70819e+09
2020-05-28 22:15:00,LlT2YUhhzqhg5Sw,0,0,8881,2.82691e+08
2020-05-23 17:45:00,LlT2YUhhzqhg5Sw,125.253,121.853,3342.53,2.82646e+08
2020-06-07 19:30:00,oZZkBaNadn6DNKz,0,0,7743,1.70823e+09
2020-05-22 05:45:00,rrq4fwE8jgrTyWY,0,0,0,1.21001e+08
2020-06-15 11:30:00,oZZkBaNadn6DNKz,0,0,1113,1.70828e+09
2020-06-08 00:00:00,WcxssY2VbP4hApt,0,0,1950,1.81862e+08
2020-05-16 00:30:00,IQ2d7wF4YD8zU1Q,0,0,0,1.99512e+07
2020-06-10 04:45:00,xoJJ8DcxJEcupym,0,0,6993,2.09293e+08
2020-05-18 23:45:00,vOuJvMaM2sgwLmb,0,0,4119.5,2.23704e+06
2020-05-16 20:00:00,WcxssY2VbP4hApt,0,0,8021,1.81713e+08
2020-05-24 05:30:00,Mx2yZCDsyf6DPfv,0,0,0,2.52603e+06
2020-05-15 17:15:00,9kRcWv60rDACzjR,196.493,192.621,9178.36,2.24773e+09
2020-05-21 22:45:00,WcxssY2VbP4hApt,0,0,9167,1.81753e+08
2020-05-30 05:15:00,WcxssY2VbP4hApt,0,0,0,1.81815e+08
2020-06-03 20:15:00,Qf4GUc1pJu5T6c6,0,0,6027,8.38568e+08
2020-06-12 22:30:00,V94E5Ben1TlhnDV,0,0,4539,1.41227e+09
2020-06-16 11:15:00,PeE6FRyGXUgsRhN,729.287,713.813,552.8,1.34854e+09
2020-05-23 21:45:00,Et9kgGMDl729KT4,0,0,4598,1.74372e+06
2020-06-15 04:45:00,oZ35aAeoifZaQzV,0,0,3347,1.66018e+09
2020-06-13 16:15:00,LlT2YUhhzqhg5Sw,594.12,581.82,2302.27,2.82765e+08
2020-05-31 18:30:00,vOuJvMaM2sgwLmb,1.85333,1.78667,6518,2.33321e+06
2020-05-21 19:30:00,81aHJ1q11NBPMrL,0,0,8570,1.21531e+09
2020-06-09 16:00:00,LYwnQax7tkwH5Cb,626.907,614.173,2608.07,1.79508e+09
2020-05-16 22:30:00,oZZkBaNadn6DNKz,0,0,6259,1.7081e+09
2020-06-04 07:45:00,WcxssY2VbP4hApt,360.679,354.529,248.786,1.81844e+08
2020-06-05 00:30:00,vOuJvMaM2sgwLmb,0,0,6885,2.35311e+06
2020-05-20 02:15:00,xoJJ8DcxJEcupym,0,0,0,2.09166e+08
2020-05-15 14:30:00,xMbIugepa2P7lBB,985.153,963.113,7644.47,1.06664e+08
2020-06-17 00:00:00,81aHJ1q11NBPMrL,0,0,366.733,1.21548e+09
2020-06-11 05:15:00,9kRcWv60rDACzjR,0,0,0,2.24788e+09
2020-05-25 22:00:00,Mx2yZCDsyf6DPfv,0,0,9167,2.54016e+06
2020-06-15 13:15:00,Et9kgGMDl729KT4,187.567,183.7,1039.4,1.84438e+06
2020-05-22 22:00:00,Mx2yZCDsyf6DPfv,0,0,9801,2.51638e+06
2020-06-01 07:15:00,9kRcWv60rDACzjR,239.727,235.127,101.667,2.24784e+09
2020-05-19 07:45:00,rrq4fwE8jgrTyWY,460.04,451.413,341.733,1.20987e+08
2020-05-29 17:00:00,Et9kgGMDl729KT4,388.193,381.457,4054.36,1.78306e+06
2020-05-28 21:15:00,PeE6FRyGXUgsRhN,0,0,8554,1.34844e+09
2020-06-06 03:45:00,oZZkBaNadn6DNKz,0,0,0,1.70822e+09
2020-05-16 22:30:00,xoJJ8DcxJEcupym,0,0,2995,2.0915e+08
2020-05-25 10:00:00,Quc1TzYxW2pYoWX,0,0,1178,3.29549e+08
2020-05-26 22:45:00,LYwnQax7tkwH5Cb,0,0,3874,1.79502e+09
2020-06-06 20:45:00,V94E5Ben1TlhnDV,0,0,2613,1.41224e+09
2020-06-04 07:30:00,Qf4GUc1pJu5T6c6,250.533,245.68,169.8,8.38568e+08
2020-05-22 11:15:00,81aHJ1q11NBPMrL,0,0,1605,1.21532e+09
2020-06-03 14:15:00,4UPUqMRk7TRMgml,1232.05,1202.35,4311.67,2.56861e+06
2020-05-30 01:00:00,Et9kgGMDl729KT4,0,0,0,1.7833e+06
2020-05-30 07:45:00,81aHJ1q11NBPMrL,201.479,197.271,154.786,1.21538e+09
2020-05-16 18:00:00,xMbIugepa2P7lBB,1.55333,1.5,7721.93,1.06674e+08
2020-06-05 04:00:00,oZZkBaNadn6DNKz,0,0,0,1.70822e+09
2020-05-15 23:30:00,mqwcsP2rE7J0TFp,0,0,9442,5.93589e+08
2020-05-30 05:30:00,xMbIugepa2P7lBB,0,0,8095,1.06776e+08
2020-05-17 01:15:00,WcxssY2VbP4hApt,0,0,0,1.81713e+08
2020-05-29 10:00:00,81aHJ1q11NBPMrL,0,0,1176,1.21537e+09
2020-05-22 00:00:00,V94E5Ben1TlhnDV,0,0,0,1.41213e+09
2020-06-08 09:30:00,q49J1IKaHRwDQnt,497.869,486.615,1357.15,472608
2020-06-09 15:30:00,mqwcsP2rE7J0TFp,634.971,621.95,6952.5,5.93775e+08
2020-05-21 15:30:00,V94E5Ben1TlhnDV,672.127,658.32,3880.2,1.41213e+09
2020-05-30 01:15:00,LlT2YUhhzqhg5Sw,0,0,0,2.82698e+08
2020-05-15 23:30:00,4UPUqMRk7TRMgml,0,0,4201,2.43321e+06
2020-06-05 17:15:00,PeE6FRyGXUgsRhN,310.16,304.707,7174.6,1.34849e+09
2020-06-08 02:30:00,V94E5Ben1TlhnDV,0,0,0,1.41224e+09
2020-05-20 03:15:00,q49J1IKaHRwDQnt,0,0,2825,365265
2020-06-03 04:30:00,xMbIugepa2P7lBB,0,0,7138,1.06802e+08
2020-06-12 22:30:00,NgDl19wMapZy17u,0,0,4764,1.1172e+08
2020-05-31 02:45:00,9kRcWv60rDACzjR,0,0,0,2.24783e+09
2020-06-10 12:30:00,Qf4GUc1pJu5T6c6,1149.71,1121.91,3547,8.38619e+08
2020-05-18 21:30:00,vOuJvMaM2sgwLmb,0,0,5243,2.23704e+06
2020-05-17 14:30:00,Qf4GUc1pJu5T6c6,881.2,861.96,5811.4,8.38442e+08
2020-06-09 19:00:00,Mx2yZCDsyf6DPfv,0,0,8042,2.65015e+06
2020-06-09 13:30:00,Qf4GUc1pJu5T6c6,955.9,934.107,5540.79,8.38613e+08
2020-05-27 08:15:00,81aHJ1q11NBPMrL,0,0,0,0
2020-06-13 18:00:00,LYwnQax7tkwH5Cb,112.7,109.6,6177.07,1.79509e+09
2020-05-24 17:15:00,WcxssY2VbP4hApt,256.08,251.133,9234.67,1.81775e+08
2020-06-12 04:30:00,oZ35aAeoifZaQzV,0,0,3963,1.66016e+09
2020-06-14 17:30:00,xMbIugepa2P7lBB,172.113,168.5,7237.6,1.0688e+08
2020-06-05 14:30:00,xoJJ8DcxJEcupym,546.343,535.507,5941.5,2.09265e+08
2020-05-16 19:15:00,xMbIugepa2P7lBB,0,0,7722,1.06674e+08
2020-06-06 13:30:00,PeE6FRyGXUgsRhN,0,0,861,1.34849e+09
2020-05-18 23:00:00,Et9kgGMDl729KT4,0,0,2320,1.72181e+06
2020-05-20 19:15:00,WcxssY2VbP4hApt,0,0,9480,1.81744e+08
2020-06-03 11:45:00,V94E5Ben1TlhnDV,0,0,2131,1.41222e+09
2020-05-29 04:00:00,LYwnQax7tkwH5Cb,0,0,0,1.79502e+09
2020-06-17 13:45:00,xMbIugepa2P7lBB,62.7214,61.3643,410.5,1.52707e+07
2020-06-11 12:45:00,9kRcWv60rDACzjR,586.22,574.44,2126.53,2.24788e+09
2020-05-21 18:45:00,Qf4GUc1pJu5T6c6,0,0,9173,8.38471e+08
2020-06-14 11:45:00,xoJJ8DcxJEcupym,720.327,704.58,3008.67,2.09315e+08
2020-06-04 17:00:00,xoJJ8DcxJEcupym,305.633,299.82,5985.07,2.09259e+08
2020-06-11 06:30:00,LYwnQax7tkwH5Cb,19.88,19.2,5.6,1.79508e+09
2020-05-25 06:45:00,vOuJvMaM2sgwLmb,158.28,155.133,65.6,2.27827e+06
2020-05-25 22:15:00,rrq4fwE8jgrTyWY,0,0,4163,1.21023e+08
2020-05-31 05:15:00,Et9kgGMDl729KT4,0,0,0,1.78881e+06
2020-05-24 16:45:00,oZZkBaNadn6DNKz,419.22,411.773,8981.07,1.70815e+09
2020-05-25 12:45:00,rrq4fwE8jgrTyWY,0,0,2219,1.21021e+08
2020-05-16 23:30:00,IQ2d7wF4YD8zU1Q,0,0,7930,1.99591e+07
2020-05-24 17:45:00,vOuJvMaM2sgwLmb,127.627,124.413,3228.67,2.27816e+06
2020-05-16 17:30:00,rrq4fwE8jgrTyWY,17.2867,16.6933,7367,1.20977e+08
2020-05-16 13:45:00,WcxssY2VbP4hApt,648.587,634.967,6179.4,1.81711e+08
2020-06-08 04:00:00,NgDl19wMapZy17u,0,0,7778,1.11691e+08
2020-05-15 09:30:00,Et9kgGMDl729KT4,261.729,256.029,1533.79,1.70578e+06
2020-06-17 01:45:00,NgDl19wMapZy17u,0,0,0,1.11742e+08
2020-05-16 20:15:00,WcxssY2VbP4hApt,0,0,8021,1.81713e+08
2020-06-10 03:30:00,WcxssY2VbP4hApt,0,0,4027,1.81869e+08
2020-06-02 12:00:00,Et9kgGMDl729KT4,676.413,662.153,2955.87,1.80186e+06
2020-06-14 06:00:00,81aHJ1q11NBPMrL,14.24,13.7533,0.666667,1.21546e+09
2020-06-03 14:45:00,oZZkBaNadn6DNKz,425.273,416.62,3885.33,1.70821e+09
2020-05-23 13:30:00,oZZkBaNadn6DNKz,1201.79,1171.74,6397.79,1.70814e+09
2020-05-27 19:45:00,Qf4GUc1pJu5T6c6,0,0,9440,8.38523e+08
2020-06-13 01:45:00,LYwnQax7tkwH5Cb,0,0,4500,1.79509e+09
2020-06-12 03:45:00,9kRcWv60rDACzjR,0,0,0,2.24789e+09
2020-05-25 07:00:00,rrq4fwE8jgrTyWY,195.247,191.42,106.333,1.21019e+08
2020-05-16 10:45:00,IQ2d7wF4YD8zU1Q,1189.29,1159.55,2942.53,1.99541e+07
2020-05-26 15:15:00,vOuJvMaM2sgwLmb,896.436,876.707,8057.57,2.29531e+06
2020-06-14 12:00:00,LlT2YUhhzqhg5Sw,822.653,804.66,3365.6,2.82769e+08
2020-05-15 02:45:00,vOuJvMaM2sgwLmb,0,0,0,2.21196e+06
2020-06-13 08:30:00,vOuJvMaM2sgwLmb,374.533,367.553,548,2.39827e+06
2020-05-18 20:15:00,vOuJvMaM2sgwLmb,0,0,5243,2.23704e+06
2020-05-15 00:45:00,mqwcsP2rE7J0TFp,0,0,0,5.9358e+08
2020-05-26 13:30:00,WcxssY2VbP4hApt,1096.89,1070.04,6315.13,1.81791e+08
2020-05-19 13:30:00,q49J1IKaHRwDQnt,0,0,1758,364198
2020-05-19 12:30:00,4UPUqMRk7TRMgml,0,0,1508,2.45438e+06
2020-05-16 06:15:00,81aHJ1q11NBPMrL,47.3933,45.8133,8.4,1.21528e+09
2020-05-29 19:30:00,mqwcsP2rE7J0TFp,0,0,8112,5.93698e+08
2020-05-26 02:15:00,oZ35aAeoifZaQzV,0,0,0,1.66005e+09
2020-05-29 00:45:00,4UPUqMRk7TRMgml,0,0,3729,2.52956e+06
2020-06-08 16:30:00,PeE6FRyGXUgsRhN,498.564,488.664,8328.07,1.3485e+09
2020-05-28 19:15:00,PeE6FRyGXUgsRhN,0,0,8554,1.34844e+09
2020-05-16 02:45:00,PeE6FRyGXUgsRhN,0,0,0,1.34836e+09
2020-06-03 02:00:00,Et9kgGMDl729KT4,0,0,0,1.80438e+06
2020-06-10 03:30:00,xMbIugepa2P7lBB,0,0,7997,1.06856e+08
2020-06-04 02:30:00,PeE6FRyGXUgsRhN,0,0,0,1.34847e+09
2020-06-14 06:00:00,PeE6FRyGXUgsRhN,13.32,12.8533,6515.73,1.34853e+09
2020-05-20 09:15:00,xoJJ8DcxJEcupym,0,0,1106,2.09167e+08
2020-06-01 17:00:00,xMbIugepa2P7lBB,75.4867,73.2133,4125.93,1.06795e+08
2020-05-18 17:30:00,xoJJ8DcxJEcupym,119.167,115.9,4190.07,2.0916e+08
2020-06-13 01:15:00,Quc1TzYxW2pYoWX,0,0,3668,3.29628e+08
2020-05-31 18:45:00,9kRcWv60rDACzjR,0,0,6433,2.24784e+09
2020-06-03 02:00:00,LYwnQax7tkwH5Cb,0,0,0,1.79506e+09
2020-05-18 09:00:00,IQ2d7wF4YD8zU1Q,623.62,611,478.467,1.99668e+07
2020-06-02 13:15:00,Qf4GUc1pJu5T6c6,1234.92,1204.95,4092.73,8.38558e+08
2020-06-08 06:00:00,q49J1IKaHRwDQnt,19.9667,19.2867,1.13333,471252
2020-05-17 20:15:00,Qf4GUc1pJu5T6c6,0,0,7220,8.38443e+08
2020-05-18 19:30:00,V94E5Ben1TlhnDV,0,0,4816,1.41211e+09
2020-06-12 20:45:00,81aHJ1q11NBPMrL,0,0,4769,1.21546e+09
2020-05-27 08:00:00,q49J1IKaHRwDQnt,499.387,489.62,411.867,406319
2020-06-13 11:15:00,9kRcWv60rDACzjR,0,0,1366,2.24789e+09
2020-06-15 13:00:00,Quc1TzYxW2pYoWX,542.093,531.433,743.533,3.29636e+08
2020-06-17 17:45:00,Qf4GUc1pJu5T6c6,98,95.2067,4358,8.38647e+08
2020-06-03 07:30:00,NgDl19wMapZy17u,193.187,189.347,148.133,1.11656e+08
2020-05-28 09:30:00,Mx2yZCDsyf6DPfv,995.447,973.347,1581.6,2.56036e+06
2020-06-04 10:15:00,IQ2d7wF4YD8zU1Q,797.893,780.873,1847.47,2.00974e+07
2020-05-23 02:15:00,LYwnQax7tkwH5Cb,0,0,0,1.795e+09
2020-06-01 00:15:00,mqwcsP2rE7J0TFp,0,0,0,5.93713e+08
2020-05-19 15:00:00,mqwcsP2rE7J0TFp,538.293,527.627,6405,5.93618e+08
2020-05-20 15:45:00,WcxssY2VbP4hApt,806.06,788.98,8640.2,1.81743e+08
2020-05-19 02:00:00,oZZkBaNadn6DNKz,0,0,0,1.70811e+09
2020-05-30 02:15:00,9kRcWv60rDACzjR,0,0,0,2.24782e+09
2020-05-27 19:45:00,81aHJ1q11NBPMrL,0,0,9138,1.21536e+09
2020-05-28 10:30:00,rrq4fwE8jgrTyWY,0,0,1645,1.21038e+08
2020-05-26 07:00:00,4UPUqMRk7TRMgml,206.8,202.72,98.1333,2.50692e+06
2020-06-04 21:30:00,xoJJ8DcxJEcupym,0,0,6168,2.09259e+08
2020-05-19 23:45:00,V94E5Ben1TlhnDV,0,0,2684,1.41212e+09
2020-06-08 12:30:00,xMbIugepa2P7lBB,1175.52,1146.88,4623.93,1.06843e+08
2020-05-31 10:00:00,Mx2yZCDsyf6DPfv,732.373,717.06,1400.27,2.58034e+06
2020-06-13 23:00:00,4UPUqMRk7TRMgml,0,0,6289,2.63915e+06
2020-05-28 18:00:00,81aHJ1q11NBPMrL,92.8667,90.18,8916.13,1.21537e+09
2020-05-21 17:30:00,LlT2YUhhzqhg5Sw,196.457,192.586,5767.64,2.82637e+08
2020-06-02 13:45:00,PeE6FRyGXUgsRhN,1130.89,1103.55,3551.93,1.34847e+09
2020-06-04 04:30:00,mqwcsP2rE7J0TFp,0,0,0,5.93729e+08
2020-05-17 21:30:00,q49J1IKaHRwDQnt,0,0,5727,358279
2020-06-17 20:30:00,q49J1IKaHRwDQnt,0,0,4157,520758
2020-06-15 02:15:00,Et9kgGMDl729KT4,0,0,2048,1.84334e+06
2020-05-29 04:00:00,xoJJ8DcxJEcupym,0,0,0,2.09223e+08
2020-06-05 01:00:00,vOuJvMaM2sgwLmb,0,0,6885,2.35311e+06
2020-05-24 10:00:00,oZZkBaNadn6DNKz,1071.58,1047.39,2052.73,1.70814e+09
2020-05-29 04:15:00,q49J1IKaHRwDQnt,0,0,7799,422722
2020-06-02 09:30:00,NgDl19wMapZy17u,617.393,604.871,1344.5,1.1165e+08
2020-05-26 21:45:00,LlT2YUhhzqhg5Sw,0,0,9079,2.82673e+08
2020-06-17 21:00:00,Qf4GUc1pJu5T6c6,0,0,4398,8.38647e+08
2020-05-22 03:45:00,V94E5Ben1TlhnDV,0,0,0,1.41213e+09
2020-06-13 00:15:00,Mx2yZCDsyf6DPfv,0,0,4576,2.66424e+06
2020-05-19 12:15:00,oZZkBaNadn6DNKz,0,0,1540,1.70811e+09
2020-06-03 18:30:00,oZZkBaNadn6DNKz,12.4533,12.0133,4807.6,1.70821e+09
2020-05-24 07:00:00,4UPUqMRk7TRMgml,202.18,198.2,98,2.49306e+06
2020-05-23 14:15:00,oZZkBaNadn6DNKz,1108.82,1083.56,7248.27,1.70814e+09
2020-05-16 11:00:00,q49J1IKaHRwDQnt,0,0,1816,350835
2020-06-14 10:15:00,PeE6FRyGXUgsRhN,988.793,965.8,1753.14,1.34853e+09
2020-05-31 12:00:00,xoJJ8DcxJEcupym,1003.47,979.707,3093.2,2.09236e+08
2020-05-26 13:15:00,xoJJ8DcxJEcupym,751.947,733.687,2964.07,2.09208e+08
2020-06-02 04:30:00,81aHJ1q11NBPMrL,0,0,0,1.2154e+09
2020-05-22 14:15:00,4UPUqMRk7TRMgml,1149.71,1122.39,7473.93,2.48089e+06
2020-05-16 03:00:00,LlT2YUhhzqhg5Sw,0,0,0,2.82602e+08
2020-05-23 12:45:00,q49J1IKaHRwDQnt,0,0,1555,385059
2020-05-28 03:00:00,PeE6FRyGXUgsRhN,0,0,0,1.34843e+09
2020-05-21 06:00:00,oZ35aAeoifZaQzV,12.42,11.9933,1.4,1.66001e+09
2020-05-20 22:00:00,Quc1TzYxW2pYoWX,0,0,2419,3.29531e+08
2020-05-21 16:00:00,9kRcWv60rDACzjR,650.629,637.35,8094.57,2.24777e+09
2020-05-31 23:45:00,rrq4fwE8jgrTyWY,0,0,6256,1.21061e+08
2020-06-03 23:45:00,V94E5Ben1TlhnDV,0,0,1850.57,1.41223e+09
2020-06-07 07:30:00,q49J1IKaHRwDQnt,207.753,203.673,124.133,468589
2020-05-18 17:45:00,NgDl19wMapZy17u,84.34,81.84,7647.6,1.11545e+08
2020-06-03 19:00:00,rrq4fwE8jgrTyWY,0,0,4128,1.21073e+08
2020-06-08 21:30:00,LYwnQax7tkwH5Cb,0,0,2702,1.79507e+09
2020-05-18 15:45:00,rrq4fwE8jgrTyWY,491.887,482.613,3537.2,1.20985e+08
2020-06-05 21:15:00,oZ35aAeoifZaQzV,0,0,7708,1.66013e+09
2020-06-17 21:45:00,xMbIugepa2P7lBB,0,0,4218,1.06896e+08
2020-05-29 14:45:00,Et9kgGMDl729KT4,723.05,708,2607.43,1.78161e+06
2020-05-26 06:45:00,xoJJ8DcxJEcupym,140.647,137.153,53.7333,2.09205e+08
2020-06-09 00:15:00,rrq4fwE8jgrTyWY,0,0,3457,1.21091e+08
2020-05-21 18:00:00,LlT2YUhhzqhg5Sw,75.54,73.24,5831.07,2.82637e+08
2020-05-22 05:00:00,V94E5Ben1TlhnDV,0,0,0,1.41213e+09
2020-05-22 06:30:00,xoJJ8DcxJEcupym,104.413,101.453,28.1333,2.09173e+08
2020-06-05 06:45:00,q49J1IKaHRwDQnt,127.52,124.293,38.2,462009
2020-06-06 19:45:00,4UPUqMRk7TRMgml,0,0,8376,2.59354e+06
2020-05-17 03:30:00,PeE6FRyGXUgsRhN,0,0,0,1.34836e+09
2020-05-17 07:15:00,vOuJvMaM2sgwLmb,103.087,100.233,53.7333,2.22649e+06
2020-05-19 14:00:00,9kRcWv60rDACzjR,940.813,920.067,5314.4,2.24776e+09
2020-06-17 06:15:00,81aHJ1q11NBPMrL,25.5143,24.6214,3.42857,1.21548e+09
2020-06-16 15:30:00,Et9kgGMDl729KT4,585.06,573.307,4092.87,1.84963e+06
2020-06-12 08:00:00,WcxssY2VbP4hApt,236.893,232.287,261.267,1.81877e+08
2020-06-06 13:00:00,NgDl19wMapZy17u,1010.41,986.507,5112.8,1.1168e+08
2020-06-03 03:15:00,xMbIugepa2P7lBB,0,0,7138,1.06802e+08
2020-06-07 04:45:00,rrq4fwE8jgrTyWY,0,0,2342,1.21085e+08
2020-06-05 06:15:00,xMbIugepa2P7lBB,30.7,29.6533,3.53333,1.06815e+08
2020-05-18 11:45:00,oZ35aAeoifZaQzV,1225.56,1195.01,2920.29,1.65999e+09
2020-05-27 04:45:00,oZ35aAeoifZaQzV,0,0,0,1.66006e+09
2020-06-02 05:45:00,rrq4fwE8jgrTyWY,0,0,0,1.21065e+08
2020-06-02 06:00:00,vOuJvMaM2sgwLmb,27.3667,26.44,2.4,2.33748e+06
2020-05-20 18:45:00,PeE6FRyGXUgsRhN,0,0,2707,1.34838e+09
2020-06-04 16:00:00,Quc1TzYxW2pYoWX,230.453,225.947,4822.6,3.29601e+08
2020-05-28 14:00:00,xoJJ8DcxJEcupym,1134.98,1108.97,6106.14,2.0922e+08
2020-06-04 12:45:00,xoJJ8DcxJEcupym,1295.64,1263.67,3495,2.09257e+08
2020-05-29 13:30:00,81aHJ1q11NBPMrL,788.16,771.513,2059.27,1.21537e+09
2020-05-30 08:30:00,LYwnQax7tkwH5Cb,212.947,208.767,361.133,1.79503e+09
2020-06-11 13:30:00,oZZkBaNadn6DNKz,545.093,534.293,2537.53,1.70826e+09
2020-06-14 20:45:00,oZ35aAeoifZaQzV,0,0,3123.87,1.5495e+09
2020-06-08 17:15:00,oZ35aAeoifZaQzV,292.727,287.24,4208.27,1.66015e+09
2020-05-16 06:45:00,IQ2d7wF4YD8zU1Q,127.367,123.893,49.8667,1.99512e+07
2020-06-15 02:45:00,Quc1TzYxW2pYoWX,0,0,0,3.29636e+08
2020-06-06 15:15:00,LYwnQax7tkwH5Cb,385.9,377.447,905.8,1.79507e+09
2020-06-03 00:00:00,4UPUqMRk7TRMgml,0,0,7404,2.5643e+06
2020-06-08 09:15:00,V94E5Ben1TlhnDV,651.838,638.146,1146.77,1.30361e+09
2020-05-24 10:15:00,xoJJ8DcxJEcupym,1092.59,1067.79,2252.4,2.09189e+08
2020-05-16 11:30:00,LlT2YUhhzqhg5Sw,1265.83,1234.19,3697.67,2.82606e+08
2020-05-19 22:00:00,IQ2d7wF4YD8zU1Q,0,0,6847,1.9981e+07
2020-06-10 09:30:00,mqwcsP2rE7J0TFp,496.733,485.067,1077.2,5.93777e+08
2020-05-23 01:00:00,oZZkBaNadn6DNKz,0,0,0,1.70813e+09
2020-05-25 08:00:00,q49J1IKaHRwDQnt,489.96,480.393,446.533,396077
2020-05-19 16:15:00,Mx2yZCDsyf6DPfv,35.8875,34.675,6730.75,2.4881e+06
2020-06-05 00:30:00,IQ2d7wF4YD8zU1Q,0,0,7020,2.01026e+07
2020-06-14 16:15:00,oZ35aAeoifZaQzV,314.26,308.62,2861,1.66018e+09
2020-05-15 00:15:00,Qf4GUc1pJu5T6c6,0,0,0,8.38421e+08
2020-05-28 10:30:00,WcxssY2VbP4hApt,1208.36,1178.17,2668.27,1.81801e+08
2020-05-21 18:30:00,Quc1TzYxW2pYoWX,7.17143,6.92857,4895.43,3.29536e+08
2020-06-12 08:15:00,oZ35aAeoifZaQzV,282.2,277.007,325.8,1.66016e+09
2020-06-13 01:15:00,rrq4fwE8jgrTyWY,0,0,4455,1.21105e+08
2020-06-16 08:30:00,rrq4fwE8jgrTyWY,474.973,465.727,511,1.21123e+08
2020-05-30 07:00:00,Mx2yZCDsyf6DPfv,147.873,144.547,41.3333,2.57079e+06
2020-06-03 12:00:00,oZ35aAeoifZaQzV,1229.35,1199.8,2721.29,1.66011e+09
2020-06-11 23:00:00,oZZkBaNadn6DNKz,0,0,3921,1.70826e+09
2020-06-11 02:15:00,vOuJvMaM2sgwLmb,0,0,5480,2.38903e+06
2020-05-24 11:45:00,81aHJ1q11NBPMrL,0,0,0,0
2020-05-31 19:15:00,PeE6FRyGXUgsRhN,0,0,6313,1.34846e+09
2020-06-02 23:45:00,NgDl19wMapZy17u,0,0,7098,1.11656e+08
2020-06-06 07:00:00,4UPUqMRk7TRMgml,131.153,127.887,92.9333,2.58525e+06
2020-05-27 15:45:00,4UPUqMRk7TRMgml,746.893,731.25,8593.07,2.52492e+06
2020-06-03 20:00:00,vOuJvMaM2sgwLmb,0,0,4953,2.34622e+06
2020-06-07 19:15:00,4UPUqMRk7TRMgml,0,0,7826,2.60136e+06
2020-05-17 06:00:00,Qf4GUc1pJu5T6c6,3.55333,3.42,0.2,8.38436e+08
2020-05-21 19:15:00,V94E5Ben1TlhnDV,0,0,4924,1.41213e+09
2020-05-25 18:15:00,Mx2yZCDsyf6DPfv,1.08667,1.04667,9167,2.54016e+06
2020-06-06 05:00:00,9kRcWv60rDACzjR,0,0,0,2.24786e+09
2020-06-06 01:45:00,rrq4fwE8jgrTyWY,0,0,2964,1.21082e+08
2020-05-19 01:00:00,4UPUqMRk7TRMgml,0,0,7641,2.45287e+06
2020-06-05 13:30:00,Qf4GUc1pJu5T6c6,541.971,531.114,5758.79,8.3858e+08
2020-05-15 10:30:00,rrq4fwE8jgrTyWY,0,0,2300,1.20966e+08
2020-05-25 04:45:00,oZZkBaNadn6DNKz,0,0,0,1.70815e+09
2020-05-25 08:15:00,Mx2yZCDsyf6DPfv,583.987,572.28,588.867,2.53158e+06
2020-06-01 02:30:00,LlT2YUhhzqhg5Sw,0,0,0,2.82712e+08
2020-05-31 11:15:00,mqwcsP2rE7J0TFp,712.293,697.367,2484.4,5.93709e+08
2020-05-23 11:15:00,Quc1TzYxW2pYoWX,0,0,1322,3.29541e+08
2020-05-31 15:15:00,81aHJ1q11NBPMrL,441.073,432.247,5944.53,1.21539e+09
2020-05-17 16:45:00,oZZkBaNadn6DNKz,465.78,456.873,6752.73,1.7081e+09
2020-06-14 06:00:00,Quc1TzYxW2pYoWX,9.94667,9.59333,5477.67,3.29633e+08
2020-06-10 12:15:00,81aHJ1q11NBPMrL,1223.97,1193.75,3222.93,1.21544e+09
2020-06-09 22:00:00,xMbIugepa2P7lBB,0,0,7997,1.06856e+08
2020-06-02 04:00:00,xMbIugepa2P7lBB,0,0,4143,1.06795e+08
2020-06-08 13:30:00,IQ2d7wF4YD8zU1Q,1162.14,1133.86,5796,2.01323e+07
2020-06-09 15:15:00,Quc1TzYxW2pYoWX,477.26,468.253,2781.93,3.29617e+08
2020-05-17 08:45:00,q49J1IKaHRwDQnt,621.76,609.14,720,353272
2020-05-27 03:00:00,V94E5Ben1TlhnDV,0,0,0,1.41218e+09
2020-05-17 19:00:00,81aHJ1q11NBPMrL,0,0,5758,1.21529e+09
2020-05-17 02:00:00,Mx2yZCDsyf6DPfv,0,0,0,2.46725e+06
2020-06-05 01:30:00,4UPUqMRk7TRMgml,0,0,6990,2.5774e+06
2020-05-19 13:30:00,xMbIugepa2P7lBB,1225.1,1195.46,5142.67,1.06694e+08
2020-05-25 16:30:00,V94E5Ben1TlhnDV,316.173,310.38,8757.4,1.41217e+09
2020-06-05 05:15:00,NgDl19wMapZy17u,0,0,6331,1.11668e+08
2020-05-26 15:45:00,q49J1IKaHRwDQnt,728.307,713.171,3269.29,405096
2020-05-23 11:15:00,PeE6FRyGXUgsRhN,1233.02,1202.19,3474.53,1.3484e+09
2020-06-05 05:45:00,V94E5Ben1TlhnDV,0,0,0,1.41223e+09
2020-05-20 14:00:00,WcxssY2VbP4hApt,1214.25,1183.9,6778,1.81742e+08
2020-06-09 16:45:00,LYwnQax7tkwH5Cb,344.433,338.067,3041.73,1.79508e+09
2020-05-28 18:45:00,WcxssY2VbP4hApt,1.74667,1.68,6752.53,1.33325e+08
2020-05-29 18:00:00,V94E5Ben1TlhnDV,93.1067,90.42,8078.87,1.4122e+09
2020-06-14 13:30:00,rrq4fwE8jgrTyWY,1176.35,1147.63,4957.73,1.21116e+08
2020-06-17 16:00:00,mqwcsP2rE7J0TFp,287.58,282.347,3610.33,5.54227e+08
2020-06-08 20:15:00,PeE6FRyGXUgsRhN,0,0,8837,1.3485e+09
2020-05-30 06:15:00,mqwcsP2rE7J0TFp,21.4,20.6571,4.21429,5.93698e+08
2020-05-21 13:30:00,Mx2yZCDsyf6DPfv,1255.14,1223.78,5951.71,2.50347e+06
2020-06-13 04:15:00,PeE6FRyGXUgsRhN,0,0,4685,1.34852e+09
2020-06-15 06:00:00,Mx2yZCDsyf6DPfv,11.6533,11.2533,1.2,2.67074e+06
2020-05-18 10:15:00,81aHJ1q11NBPMrL,576.693,563.8,1499.36,1.21529e+09
2020-06-03 09:15:00,xMbIugepa2P7lBB,440.4,431.867,958.467,1.06803e+08
2020-05-18 21:45:00,WcxssY2VbP4hApt,0,0,7740,1.81728e+08
2020-06-04 10:30:00,V94E5Ben1TlhnDV,744.573,728.107,2104.27,1.41223e+09
2020-05-22 05:15:00,q49J1IKaHRwDQnt,0,0,4844,374171
2020-05-18 10:45:00,LlT2YUhhzqhg5Sw,605.833,593.6,1825.2,2.82618e+08
2020-06-08 07:00:00,4UPUqMRk7TRMgml,238.833,234.18,86.4667,2.60146e+06
2020-06-12 18:30:00,mqwcsP2rE7J0TFp,32.3933,31.3333,4760.8,5.93787e+08
2020-05-31 16:15:00,81aHJ1q11NBPMrL,215.867,211.64,6206.2,1.21539e+09
2020-05-17 16:45:00,81aHJ1q11NBPMrL,467.307,458.443,5508.21,1.21529e+09
2020-05-16 20:45:00,9kRcWv60rDACzjR,0,0,7678,2.24774e+09
2020-06-15 06:45:00,xMbIugepa2P7lBB,122.153,118.813,45.4667,1.06881e+08
2020-05-19 05:30:00,PeE6FRyGXUgsRhN,0,0,0,1.34838e+09
2020-06-17 05:15:00,81aHJ1q11NBPMrL,0,0,0,1.21548e+09
2020-05-28 08:45:00,oZZkBaNadn6DNKz,793.887,777.1,925.067,1.70817e+09
2020-06-07 07:30:00,PeE6FRyGXUgsRhN,209.813,205.7,126.733,1.34849e+09
2020-05-20 16:45:00,PeE6FRyGXUgsRhN,350.747,344.793,2385.47,1.34838e+09
2020-05-24 00:30:00,LlT2YUhhzqhg5Sw,0,0,0,2.82646e+08
2020-06-02 21:15:00,q49J1IKaHRwDQnt,0,0,3744,451874
2020-05-30 01:45:00,Et9kgGMDl729KT4,0,0,0,1.7833e+06
2020-06-03 21:15:00,rrq4fwE8jgrTyWY,0,0,4128,1.21073e+08
2020-06-09 04:30:00,LYwnQax7tkwH5Cb,0,0,2702,1.79507e+09
2020-05-24 04:00:00,Quc1TzYxW2pYoWX,0,0,3998,3.29543e+08
2020-06-10 04:00:00,NgDl19wMapZy17u,0,0,8067,1.11708e+08
2020-06-09 07:45:00,LlT2YUhhzqhg5Sw,569.65,558.279,404.357,2.82746e+08
2020-06-15 08:30:00,rrq4fwE8jgrTyWY,709.871,695.171,648.286,1.21119e+08
2020-05-30 14:00:00,mqwcsP2rE7J0TFp,1131.41,1105.43,5448.93,5.93704e+08
2020-05-21 10:00:00,9kRcWv60rDACzjR,238.971,233.514,381.786,9.63327e+08
2020-06-07 18:15:00,4UPUqMRk7TRMgml,59.92,58,7811,2.60135e+06
2020-06-05 16:00:00,xMbIugepa2P7lBB,349.38,343.44,6979.07,1.06822e+08
2020-06-03 23:30:00,Qf4GUc1pJu5T6c6,0,0,6027,8.38568e+08
2020-05-27 17:45:00,oZ35aAeoifZaQzV,145.567,142.007,9399.27,1.66007e+09
2020-06-08 22:30:00,Quc1TzYxW2pYoWX,0,0,3027,3.29615e+08
2020-06-06 10:00:00,IQ2d7wF4YD8zU1Q,1094.16,1068.23,1899.6,2.01123e+07
2020-06-04 05:30:00,vOuJvMaM2sgwLmb,0,0,0,2.34622e+06
2020-05-22 16:30:00,Quc1TzYxW2pYoWX,419.047,411.653,3346.8,3.29539e+08
2020-06-08 13:15:00,Mx2yZCDsyf6DPfv,728.893,712.5,5508.07,2.63844e+06
2020-06-14 21:30:00,xoJJ8DcxJEcupym,0,0,7268,2.0932e+08
2020-06-09 18:00:00,q49J1IKaHRwDQnt,79.94,77.5533,3574.33,477611
2020-06-10 10:00:00,81aHJ1q11NBPMrL,849.513,830.96,1578.13,1.21544e+09
2020-06-15 00:15:00,Et9kgGMDl729KT4,0,0,2048,1.84334e+06
2020-05-29 00:30:00,oZZkBaNadn6DNKz,0,0,0,1.70818e+09
2020-06-14 13:45:00,PeE6FRyGXUgsRhN,1091.94,1066.05,5131.93,1.34853e+09
2020-06-03 13:00:00,IQ2d7wF4YD8zU1Q,114.913,111.933,3319.8,2.00929e+07
2020-06-05 16:45:00,Quc1TzYxW2pYoWX,597.787,585.82,3446.8,3.29605e+08
2020-05-24 06:15:00,Mx2yZCDsyf6DPfv,50.38,48.74,9,2.52604e+06
2020-05-16 13:15:00,PeE6FRyGXUgsRhN,0,0,1968,1.34836e+09
2020-06-06 12:45:00,9kRcWv60rDACzjR,949.821,927.521,5010.14,2.24787e+09
2020-06-17 01:00:00,q49J1IKaHRwDQnt,0,0,0,516601
2020-05-23 22:15:00,vOuJvMaM2sgwLmb,0,0,9534,2.27493e+06
2020-05-29 05:15:00,Mx2yZCDsyf6DPfv,0,0,0,2.5625e+06
2020-05-31 05:30:00,Et9kgGMDl729KT4,0,0,0,1.78881e+06
2020-06-08 23:00:00,NgDl19wMapZy17u,0,0,9167,1.117e+08
2020-05-29 18:15:00,WcxssY2VbP4hApt,37.2733,36.04,8233.4,1.81815e+08
2020-05-18 05:15:00,9kRcWv60rDACzjR,0,0,0,2.24774e+09
2020-05-16 19:15:00,LYwnQax7tkwH5Cb,0,0,3176,1.79497e+09
2020-05-25 09:15:00,9kRcWv60rDACzjR,852.847,834.547,1263.4,2.24779e+09
2020-05-30 18:00:00,oZ35aAeoifZaQzV,72.38,70.1533,8230.47,1.66009e+09
2020-06-09 11:45:00,Qf4GUc1pJu5T6c6,930.293,908.793,3865.53,8.38611e+08
2020-06-11 18:15:00,mqwcsP2rE7J0TFp,33.9067,32.78,3871.67,5.93782e+08
2020-05-23 21:30:00,Quc1TzYxW2pYoWX,0,0,3998,3.29543e+08
2020-06-07 14:45:00,Et9kgGMDl729KT4,835.953,817.52,1509.73,1.81774e+06
2020-06-15 19:45:00,V94E5Ben1TlhnDV,0,0,2566,1.41228e+09
2020-06-07 06:30:00,WcxssY2VbP4hApt,70.28,68.0667,22.3333,1.8186e+08
2020-06-14 14:45:00,xoJJ8DcxJEcupym,966.627,944.18,5987.4,2.09318e+08
2020-05-16 17:30:00,q49J1IKaHRwDQnt,17.5467,16.92,3528.13,352547
2020-06-09 21:00:00,V94E5Ben1TlhnDV,0,0,7802,1.41226e+09
2020-06-01 06:00:00,4UPUqMRk7TRMgml,4.16667,4.02,0.2,2.55256e+06
2020-06-03 08:15:00,LlT2YUhhzqhg5Sw,442.373,434.293,421.267,2.8272e+08
2020-05-15 00:45:00,xMbIugepa2P7lBB,0,0,9166,1.06657e+08
2020-06-15 03:00:00,rrq4fwE8jgrTyWY,0,0,7271,1.21119e+08
2020-06-13 13:30:00,LYwnQax7tkwH5Cb,909.507,888.733,3825.67,1.79509e+09
2020-06-15 18:30:00,IQ2d7wF4YD8zU1Q,32.9467,31.84,6291.73,2.01752e+07
2020-06-12 19:15:00,LYwnQax7tkwH5Cb,0,0,4500,1.79509e+09
2020-05-18 21:00:00,PeE6FRyGXUgsRhN,0,0,6551,1.34838e+09
2020-05-31 12:00:00,LYwnQax7tkwH5Cb,1171.77,1143.24,2940.73,1.79504e+09
2020-06-10 11:15:00,rrq4fwE8jgrTyWY,0,0,0,0
2020-05-19 00:15:00,81aHJ1q11NBPMrL,0,0,0,1.2153e+09
2020-06-11 00:45:00,Mx2yZCDsyf6DPfv,0,0,5563,2.65571e+06
2020-05-30 12:30:00,PeE6FRyGXUgsRhN,0,0,1972,1.34845e+09
2020-05-19 01:15:00,xoJJ8DcxJEcupym,0,0,0,2.0916e+08
2020-06-17 21:45:00,Qf4GUc1pJu5T6c6,0,0,4398,8.38647e+08
2020-05-17 10:30:00,Quc1TzYxW2pYoWX,744.64,729.04,1070.93,3.29521e+08
2020-06-14 01:00:00,rrq4fwE8jgrTyWY,0,0,6127,1.21111e+08
2020-06-01 08:30:00,rrq4fwE8jgrTyWY,376.36,369.8,398.067,1.21061e+08
2020-05-17 07:30:00,xoJJ8DcxJEcupym,177.673,173.887,83.6,2.0915e+08
2020-05-18 04:00:00,vOuJvMaM2sgwLmb,0,0,0,2.23179e+06
2020-05-27 00:00:00,81aHJ1q11NBPMrL,0,0,0,0
2020-05-27 14:15:00,xoJJ8DcxJEcupym,0,0,1560,2.09212e+08
2020-06-06 08:15:00,q49J1IKaHRwDQnt,495.887,486.393,395.4,465261
2020-06-05 08:45:00,mqwcsP2rE7J0TFp,826.047,808.4,758.4,5.93736e+08
2020-06-01 11:00:00,rrq4fwE8jgrTyWY,561.94,550.68,2222.93,1.21063e+08
2020-05-20 03:45:00,PeE6FRyGXUgsRhN,0,0,0,1.34838e+09
2020-05-26 04:00:00,q49J1IKaHRwDQnt,0,0,6197,401827
2020-05-25 03:30:00,V94E5Ben1TlhnDV,0,0,0,1.41216e+09
2020-05-25 13:00:00,LlT2YUhhzqhg5Sw,1217.77,1187.31,5393.93,2.8266e+08
2020-06-14 21:30:00,WcxssY2VbP4hApt,0,0,7634,1.81896e+08
2020-06-09 05:30:00,q49J1IKaHRwDQnt,0,0,199,474037
2020-06-07 02:00:00,xMbIugepa2P7lBB,0,0,8142,1.06831e+08
2020-06-11 14:15:00,PeE6FRyGXUgsRhN,518.193,508.057,2909.79,1.34852e+09
2020-05-26 06:30:00,xoJJ8DcxJEcupym,90.2333,87.6133,26.0667,2.09205e+08
2020-05-28 20:00:00,q49J1IKaHRwDQnt,0,0,7799,422722
2020-05-17 03:30:00,mqwcsP2rE7J0TFp,0,0,0,5.93597e+08
2020-05-18 00:45:00,Qf4GUc1pJu5T6c6,0,0,0,8.38443e+08
2020-06-02 11:15:00,rrq4fwE8jgrTyWY,302.813,295.993,905.4,7.26403e+07
2020-06-02 15:00:00,xoJJ8DcxJEcupym,524.467,513.08,4292.67,2.09248e+08
2020-05-17 14:15:00,xMbIugepa2P7lBB,1040.56,1017.22,5456.93,1.06679e+08
2020-05-30 17:45:00,Qf4GUc1pJu5T6c6,141.864,138.457,8032.5,8.38543e+08
2020-06-16 16:00:00,4UPUqMRk7TRMgml,290.96,285.727,4662.67,2.64871e+06
2020-06-11 00:00:00,mqwcsP2rE7J0TFp,0,0,527.2,5.93778e+08
2020-05-26 05:45:00,vOuJvMaM2sgwLmb,0,0,0,2.28725e+06
2020-05-19 06:30:00,xoJJ8DcxJEcupym,78.5,76.1267,21.7333,2.0916e+08
2020-06-05 21:45:00,oZ35aAeoifZaQzV,0,0,7708,1.66013e+09
2020-05-22 12:00:00,Mx2yZCDsyf6DPfv,1294.94,1262.55,4647.67,2.51122e+06
2020-06-13 17:45:00,Et9kgGMDl729KT4,116.68,113.66,5863.07,1.84122e+06
2020-06-03 07:15:00,4UPUqMRk7TRMgml,185.933,182.213,108.933,2.56441e+06
2020-06-17 14:00:00,q49J1IKaHRwDQnt,321.933,315.293,1344.07,346313
2020-05-18 23:45:00,oZZkBaNadn6DNKz,0,0,6333.6,1.70811e+09
2020-05-18 13:15:00,vOuJvMaM2sgwLmb,0,0,4251,2.23604e+06
2020-06-07 07:00:00,V94E5Ben1TlhnDV,102.267,99.3533,59.8667,1.41224e+09
2020-05-31 01:00:00,IQ2d7wF4YD8zU1Q,0,0,0,2.00714e+07
2020-05-25 03:45:00,oZZkBaNadn6DNKz,0,0,0,1.70815e+09
2020-06-08 01:30:00,NgDl19wMapZy17u,0,0,7778,1.11691e+08
2020-05-22 12:45:00,LYwnQax7tkwH5Cb,1265.58,1233.94,5413.13,1.795e+09
2020-06-09 15:30:00,V94E5Ben1TlhnDV,620.7,608.08,6706.93,1.41226e+09
2020-06-16 15:45:00,oZZkBaNadn6DNKz,481.973,472.673,5132.6,1.70828e+09
2020-05-27 03:15:00,rrq4fwE8jgrTyWY,0,0,0,1.2103e+08
2020-05-28 13:30:00,4UPUqMRk7TRMgml,0,0,0,0
2020-05-30 03:15:00,Qf4GUc1pJu5T6c6,0,0,0,8.38535e+08
2020-06-09 23:30:00,9kRcWv60rDACzjR,0,0,3803,2.24788e+09
2020-06-13 18:30:00,oZZkBaNadn6DNKz,28.9733,28.0133,6477.8,1.70827e+09
2020-06-13 11:30:00,mqwcsP2rE7J0TFp,0,0,1546,5.93789e+08
2020-05-26 18:00:00,Qf4GUc1pJu5T6c6,47.06,45.4933,9378.67,8.38514e+08
2020-05-23 16:00:00,Qf4GUc1pJu5T6c6,672.293,658.5,8874.07,8.3849e+08
2020-06-08 13:30:00,rrq4fwE8jgrTyWY,0,0,1091,1.21089e+08
2020-05-30 13:15:00,oZZkBaNadn6DNKz,0,0,1960,1.70819e+09
2020-06-02 00:15:00,V94E5Ben1TlhnDV,0,0,0,1.41222e+09
2020-06-17 13:15:00,Qf4GUc1pJu5T6c6,707.213,692.58,2768.67,8.38645e+08
2020-06-06 05:45:00,4UPUqMRk7TRMgml,0,0,0,2.58516e+06
2020-06-11 03:30:00,xMbIugepa2P7lBB,0,0,5523,1.06861e+08
2020-06-17 04:15:00,xoJJ8DcxJEcupym,0,0,0,2.09331e+08
2020-06-12 15:00:00,rrq4fwE8jgrTyWY,659.064,645.586,3461.93,1.21104e+08
2020-06-04 15:15:00,9kRcWv60rDACzjR,494.213,484.533,2045.73,2.24786e+09
2020-05-17 17:30:00,LlT2YUhhzqhg5Sw,221.42,217.093,6626.27,2.82616e+08
2020-06-13 01:00:00,PeE6FRyGXUgsRhN,0,0,4685,1.34852e+09
2020-05-31 03:30:00,oZZkBaNadn6DNKz,0,0,0,1.70819e+09
2020-06-17 06:00:00,oZZkBaNadn6DNKz,2.22667,2.14667,0,1.70828e+09
2020-06-02 03:30:00,NgDl19wMapZy17u,0,0,0,1.11649e+08
2020-05-20 14:15:00,Quc1TzYxW2pYoWX,0,0,787,3.29529e+08
2020-06-13 16:30:00,Et9kgGMDl729KT4,407.82,399.827,5480,1.84084e+06
2020-06-14 19:30:00,oZ35aAeoifZaQzV,0,0,3347,1.66018e+09
2020-06-16 11:45:00,Qf4GUc1pJu5T6c6,0,0,2597,8.3864e+08
2020-06-15 10:15:00,q49J1IKaHRwDQnt,1068.79,1043.25,2083.27,507348
2020-06-01 03:45:00,LYwnQax7tkwH5Cb,0,0,0,1.79505e+09
2020-06-14 05:15:00,9kRcWv60rDACzjR,0,0,0,2.24789e+09
2020-05-19 18:45:00,PeE6FRyGXUgsRhN,0,0,1942,1.34838e+09
2020-06-07 06:15:00,oZZkBaNadn6DNKz,42.3733,40.9533,8.33333,1.70823e+09
2020-05-28 17:30:00,q49J1IKaHRwDQnt,194.973,191.133,7698.27,422621
2020-06-01 19:30:00,xoJJ8DcxJEcupym,0,0,4208,2.09244e+08
2020-06-08 11:15:00,Et9kgGMDl729KT4,0,0,1069,1.81985e+06
2020-06-07 14:00:00,Mx2yZCDsyf6DPfv,1088.03,1061.8,5888.36,2.631e+06
2020-06-13 09:15:00,NgDl19wMapZy17u,351.773,345.553,893.467,1.1172e+08
2020-05-29 19:15:00,mqwcsP2rE7J0TFp,0,0,8112,5.93698e+08
2020-05-23 03:30:00,Quc1TzYxW2pYoWX,0,0,3687,3.29539e+08
2020-06-17 06:15:00,oZZkBaNadn6DNKz,25.1071,24.2429,1.71429,1.70828e+09
2020-06-04 02:00:00,LlT2YUhhzqhg5Sw,0,0,0,2.82724e+08
2020-06-03 22:45:00,vOuJvMaM2sgwLmb,0,0,4953,2.34622e+06
2020-05-23 18:30:00,rrq4fwE8jgrTyWY,2.54286,2.45714,2982,1.21014e+08
2020-05-23 22:30:00,Quc1TzYxW2pYoWX,0,0,3998,3.29543e+08
2020-06-09 09:30:00,PeE6FRyGXUgsRhN,810.353,792.32,1630.27,1.34851e+09
2020-05-16 17:30:00,oZ35aAeoifZaQzV,17.08,16.5,8057.8,1.65998e+09
2020-06-14 16:00:00,vOuJvMaM2sgwLmb,471.86,462.813,6887.87,2.41099e+06
2020-05-15 19:00:00,q49J1IKaHRwDQnt,0,0,9096,349019
2020-05-19 09:30:00,IQ2d7wF4YD8zU1Q,334.9,329.287,1122.07,1.99752e+07
2020-05-19 17:00:00,rrq4fwE8jgrTyWY,19.7267,19.0533,3788.47,1.2099e+08
2020-06-13 06:00:00,LYwnQax7tkwH5Cb,2.37143,2.28571,0,1.79509e+09
2020-06-17 21:00:00,Quc1TzYxW2pYoWX,0,0,3702,3.29646e+08
2020-06-06 07:30:00,q49J1IKaHRwDQnt,133.127,129.747,179.067,465045
2020-06-07 16:00:00,oZ35aAeoifZaQzV,253.52,248.793,7254.27,1.66014e+09
2020-06-01 03:45:00,oZZkBaNadn6DNKz,0,0,0,1.7082e+09
2020-05-25 19:15:00,81aHJ1q11NBPMrL,0,0,8860,1.21535e+09
2020-06-06 15:30:00,4UPUqMRk7TRMgml,671.827,657.5,7183,2.59234e+06
2020-06-01 12:00:00,NgDl19wMapZy17u,465.533,453.9,788.4,5.95454e+07
2020-05-25 08:00:00,xoJJ8DcxJEcupym,481.353,472.133,432.733,2.09196e+08
2020-05-15 02:00:00,vOuJvMaM2sgwLmb,0,0,0,2.21196e+06
2020-05-31 22:45:00,oZZkBaNadn6DNKz,0,0,6617,1.7082e+09
2020-05-18 04:30:00,mqwcsP2rE7J0TFp,0,0,0,5.93604e+08
2020-06-02 16:30:00,81aHJ1q11NBPMrL,0,0,0,8.68142e+07
2020-06-02 18:15:00,Qf4GUc1pJu5T6c6,81.3,78.88,7282.73,8.38562e+08
2020-06-11 05:00:00,Quc1TzYxW2pYoWX,0,0,2508,3.29621e+08
2020-05-16 23:45:00,oZZkBaNadn6DNKz,0,0,5424.47,1.7081e+09
2020-06-01 17:00:00,V94E5Ben1TlhnDV,83.9267,81.4667,4285.2,1.41222e+09
2020-06-08 15:00:00,mqwcsP2rE7J0TFp,1048.82,1025,7386.6,5.93766e+08
2020-06-12 16:00:00,oZ35aAeoifZaQzV,457.693,449.073,4108,1.66017e+09
2020-06-07 14:00:00,4UPUqMRk7TRMgml,1039.73,1015.18,5915.5,2.59945e+06
2020-05-19 14:15:00,oZZkBaNadn6DNKz,0,0,1540,1.70811e+09
2020-06-12 16:45:00,oZ35aAeoifZaQzV,296.533,291.167,4321.73,1.66017e+09
2020-06-16 16:30:00,81aHJ1q11NBPMrL,208.336,204.064,5325.71,1.21548e+09
2020-06-02 07:00:00,Qf4GUc1pJu5T6c6,232.627,228.153,134.6,8.38555e+08
2020-05-24 02:00:00,V94E5Ben1TlhnDV,0,0,0,1.41215e+09
2020-06-09 10:15:00,Quc1TzYxW2pYoWX,639.027,625.3,1504.2,3.29616e+08
2020-06-10 16:00:00,Qf4GUc1pJu5T6c6,413.514,406.207,5211.64,8.38621e+08
2020-05-16 09:15:00,Qf4GUc1pJu5T6c6,942.267,921.613,1373.07,8.38429e+08
2020-06-02 20:45:00,oZ35aAeoifZaQzV,0,0,7147,1.66011e+09
2020-06-09 09:00:00,oZZkBaNadn6DNKz,885.42,866.24,1213.87,1.70824e+09
2020-05-15 18:15:00,9kRcWv60rDACzjR,15.6467,15.1,9243.67,2.24773e+09
2020-05-24 19:00:00,Et9kgGMDl729KT4,0,0,3416,1.74713e+06
2020-06-16 19:30:00,vOuJvMaM2sgwLmb,0,0,5534,2.42337e+06
2020-05-17 15:00:00,LlT2YUhhzqhg5Sw,428.353,420.573,5679.13,2.82615e+08
2020-05-17 11:45:00,q49J1IKaHRwDQnt,563.98,552.473,2047.2,354599
2020-05-30 08:30:00,Quc1TzYxW2pYoWX,183.28,179.64,306.933,3.29575e+08
2020-05-31 21:00:00,Et9kgGMDl729KT4,0,0,6058,1.79487e+06
2020-06-02 17:30:00,Et9kgGMDl729KT4,323.093,317.607,5327.43,1.80423e+06
2020-05-27 11:30:00,Qf4GUc1pJu5T6c6,1294.14,1261.79,3806.2,8.38518e+08
2020-05-30 09:15:00,Mx2yZCDsyf6DPfv,476.186,467.064,664.5,2.57141e+06
2020-05-16 22:45:00,LYwnQax7tkwH5Cb,0,0,3176,1.79497e+09
2020-06-17 00:15:00,IQ2d7wF4YD8zU1Q,0,0,2611.47,2.01808e+07
2020-05-15 18:00:00,LlT2YUhhzqhg5Sw,24.7267,23.8733,9226.8,2.82602e+08
2020-05-27 06:15:00,PeE6FRyGXUgsRhN,41.3933,40.0067,8.46667,1.34843e+09
2020-06-05 18:45:00,IQ2d7wF4YD8zU1Q,0,0,7779,2.01104e+07
2020-06-07 07:45:00,Et9kgGMDl729KT4,315.393,309.793,184.214,1.81641e+06
2020-06-05 14:30:00,IQ2d7wF4YD8zU1Q,532.407,521.893,6333.2,2.01089e+07
2020-06-15 08:45:00,LlT2YUhhzqhg5Sw,829.393,811.647,864.133,2.82774e+08
2020-05-21 15:45:00,Qf4GUc1pJu5T6c6,685.767,671.653,8280.2,8.3847e+08
2020-06-02 20:30:00,xMbIugepa2P7lBB,0,0,7138,1.06802e+08
2020-05-15 03:00:00,WcxssY2VbP4hApt,0,0,0,1.81695e+08
2020-05-26 11:00:00,rrq4fwE8jgrTyWY,1154.18,1126.4,2056,1.21025e+08
2020-05-15 07:00:00,WcxssY2VbP4hApt,321.92,316.307,101.8,1.81695e+08
2020-05-26 04:45:00,Et9kgGMDl729KT4,0,0,0,1.75408e+06
2020-06-14 12:00:00,Et9kgGMDl729KT4,0,0,842,1.84213e+06
2020-06-06 14:45:00,rrq4fwE8jgrTyWY,0,0,0,9.51371e+07
2020-05-17 06:45:00,mqwcsP2rE7J0TFp,44.7867,43.3,20.8667,5.93597e+08
2020-06-10 14:45:00,NgDl19wMapZy17u,240.707,236.107,1895.6,1.1171e+08
2020-06-17 22:00:00,Mx2yZCDsyf6DPfv,0,0,4441,2.68335e+06
2020-06-01 19:45:00,oZ35aAeoifZaQzV,0,0,4359,1.6601e+09
2020-05-16 17:15:00,oZZkBaNadn6DNKz,46.7267,45.22,6247.6,1.70809e+09
2020-05-18 22:45:00,81aHJ1q11NBPMrL,0,0,3485,1.2153e+09
2020-05-31 02:15:00,V94E5Ben1TlhnDV,0,0,0,1.41221e+09
2020-06-05 01:45:00,xoJJ8DcxJEcupym,0,0,6168,2.09259e+08
2020-06-16 22:45:00,oZ35aAeoifZaQzV,0,0,5623,1.66018e+09
2020-06-12 09:45:00,LlT2YUhhzqhg5Sw,437.107,429.033,857.467,2.82759e+08
2020-05-22 19:45:00,oZ35aAeoifZaQzV,0,0,9866,1.66003e+09
2020-05-29 20:15:00,xoJJ8DcxJEcupym,0,0,5437,2.09228e+08
2020-06-08 23:00:00,LYwnQax7tkwH5Cb,0,0,2702,1.79507e+09
2020-05-15 09:30:00,V94E5Ben1TlhnDV,995.636,973.543,1722.43,1.41208e+09
2020-05-21 20:45:00,Qf4GUc1pJu5T6c6,0,0,9173,8.38471e+08
2020-05-18 21:15:00,PeE6FRyGXUgsRhN,0,0,6551,1.34838e+09
2020-06-17 13:45:00,LYwnQax7tkwH5Cb,109.393,107.06,718.6,4.78697e+08
2020-06-08 10:00:00,WcxssY2VbP4hApt,1015.07,991.343,1980.29,1.81864e+08
2020-05-25 18:15:00,LYwnQax7tkwH5Cb,0.54,0.52,4939.93,1.79501e+09
2020-05-23 08:15:00,Et9kgGMDl729KT4,552.267,541.287,530.333,1.73965e+06
2020-06-12 08:00:00,Et9kgGMDl729KT4,214.207,210,219.4,1.83184e+06
2020-06-10 14:00:00,mqwcsP2rE7J0TFp,158.767,156.02,909.333,3.16681e+08
2020-05-30 06:30:00,LYwnQax7tkwH5Cb,24.26,23.4133,8.53333,1.79503e+09
2020-06-14 13:30:00,V94E5Ben1TlhnDV,0,0,1760,1.41228e+09
2020-05-22 08:30:00,xoJJ8DcxJEcupym,707.433,692.78,775.133,2.09174e+08
2020-05-30 08:30:00,WcxssY2VbP4hApt,196.633,192.787,332.133,1.57574e+08
2020-05-24 05:15:00,vOuJvMaM2sgwLmb,0,0,0,2.27493e+06
2020-05-17 03:00:00,LlT2YUhhzqhg5Sw,0,0,0,2.8261e+08
2020-05-26 16:00:00,xoJJ8DcxJEcupym,665.567,651.92,5585.6,2.0921e+08
2020-05-24 13:15:00,4UPUqMRk7TRMgml,0,0,2479,2.49544e+06
2020-06-04 19:15:00,xMbIugepa2P7lBB,0,0,6899,1.06815e+08
2020-05-18 02:15:00,oZZkBaNadn6DNKz,0,0,0,1.7081e+09
2020-05-20 07:00:00,WcxssY2VbP4hApt,150.84,147.3,77.7333,1.81735e+08
2020-06-07 20:15:00,rrq4fwE8jgrTyWY,0,0,3052,1.21088e+08
2020-06-01 01:00:00,oZZkBaNadn6DNKz,0,0,0,1.7082e+09
2020-05-24 12:30:00,LlT2YUhhzqhg5Sw,1239.59,1208.59,4895.67,2.82651e+08
2020-05-28 23:00:00,V94E5Ben1TlhnDV,0,0,9108,1.41219e+09
2020-05-15 04:00:00,q49J1IKaHRwDQnt,0,0,4315,339923
2020-06-02 10:15:00,4UPUqMRk7TRMgml,746.553,730.82,1890.33,2.55879e+06
2020-06-06 14:15:00,81aHJ1q11NBPMrL,756.133,738.2,5154.67,9.72339e+08
2020-05-30 19:30:00,PeE6FRyGXUgsRhN,0,0,4061,1.34845e+09
2020-06-10 10:15:00,V94E5Ben1TlhnDV,888.473,869.107,1792.93,1.41226e+09
2020-06-04 13:30:00,V94E5Ben1TlhnDV,0,0,2439,1.41223e+09
2020-06-09 09:45:00,vOuJvMaM2sgwLmb,312.5,305.227,600.667,1.26798e+06
2020-05-28 12:30:00,oZZkBaNadn6DNKz,1292.57,1260.25,5041.73,1.70818e+09
2020-06-12 23:15:00,mqwcsP2rE7J0TFp,0,0,4764,5.93787e+08
2020-06-07 14:00:00,Et9kgGMDl729KT4,0,0,0,1.81725e+06
2020-05-22 10:30:00,oZ35aAeoifZaQzV,1231.56,1200.77,2804.93,1.66002e+09
2020-06-16 12:30:00,NgDl19wMapZy17u,792.673,775.833,3197.2,1.11739e+08
2020-05-28 23:45:00,Mx2yZCDsyf6DPfv,0,0,3727,2.5625e+06
2020-06-16 23:30:00,oZZkBaNadn6DNKz,0,0,5554,1.70828e+09
2020-06-01 17:15:00,Mx2yZCDsyf6DPfv,34.74,33.5667,4328.87,2.58991e+06
2020-06-14 18:15:00,4UPUqMRk7TRMgml,63.2933,61.32,1855.4,2.64131e+06
2020-06-01 08:30:00,Et9kgGMDl729KT4,401.779,394.543,393.929,1.79526e+06
2020-05-15 12:30:00,mqwcsP2rE7J0TFp,1270.02,1238.27,5285.8,5.93585e+08
2020-06-09 13:15:00,IQ2d7wF4YD8zU1Q,888.893,868.553,5326.87,2.01411e+07
2020-05-29 13:00:00,rrq4fwE8jgrTyWY,832.18,814.407,4513.2,1.21044e+08
2020-05-23 11:45:00,oZZkBaNadn6DNKz,1291.05,1258.78,4239.6,1.70813e+09
2020-06-14 21:15:00,NgDl19wMapZy17u,0,0,6277,1.1173e+08
2020-06-14 09:00:00,IQ2d7wF4YD8zU1Q,726.4,711.06,707.667,2.01623e+07
2020-06-03 23:30:00,vOuJvMaM2sgwLmb,0,0,4953,2.34622e+06
2020-05-27 19:30:00,Quc1TzYxW2pYoWX,0,0,7370,3.29566e+08
2020-05-21 08:45:00,PeE6FRyGXUgsRhN,711.433,696.7,872.6,1.34838e+09
2020-06-07 15:15:00,LYwnQax7tkwH5Cb,0,0,171.6,2.39343e+08
2020-05-20 13:45:00,oZZkBaNadn6DNKz,0,0,1647,1.70811e+09
2020-06-14 10:00:00,rrq4fwE8jgrTyWY,670.627,656.56,1520.87,1.21113e+08
2020-06-06 00:30:00,4UPUqMRk7TRMgml,0,0,7756,2.58516e+06
2020-06-01 19:45:00,4UPUqMRk7TRMgml,0,0,4338,2.5569e+06
2020-06-01 21:15:00,rrq4fwE8jgrTyWY,0,0,3858,1.21065e+08
2020-05-25 05:30:00,Qf4GUc1pJu5T6c6,0,0,0,8.38495e+08
2020-06-16 10:15:00,9kRcWv60rDACzjR,770.107,753.9,1514.13,2.24791e+09
2020-05-27 21:15:00,PeE6FRyGXUgsRhN,0,0,3852,1.34843e+09
2020-06-12 12:30:00,IQ2d7wF4YD8zU1Q,610.493,598.16,2286.87,2.01558e+07
2020-05-15 12:45:00,IQ2d7wF4YD8zU1Q,1331.97,1298.67,5694.53,1.99472e+07
2020-06-10 03:00:00,9kRcWv60rDACzjR,0,0,0,2.24788e+09
2020-06-08 19:15:00,81aHJ1q11NBPMrL,0,0,9171,1.21544e+09
2020-06-16 09:15:00,Qf4GUc1pJu5T6c6,467.513,458.507,932.467,8.38638e+08
2020-05-22 09:00:00,PeE6FRyGXUgsRhN,859.693,841.22,1151.87,1.34839e+09
2020-06-10 17:15:00,q49J1IKaHRwDQnt,20.4733,19.7533,5290.73,482929
2020-05-16 19:00:00,mqwcsP2rE7J0TFp,0,0,7854,5.93597e+08
2020-06-02 08:00:00,9kRcWv60rDACzjR,505.021,495.186,499.786,2.24784e+09
2020-06-01 21:45:00,oZ35aAeoifZaQzV,0,0,4359,1.6601e+09
2020-06-01 21:15:00,Qf4GUc1pJu5T6c6,0,0,4260,8.38554e+08
2020-06-17 17:45:00,oZZkBaNadn6DNKz,99.44,96.62,4348.47,1.70829e+09
2020-06-06 14:30:00,81aHJ1q11NBPMrL,0,0,0,8.10283e+07
2020-05-17 20:30:00,Mx2yZCDsyf6DPfv,0,0,6481,2.47373e+06
2020-05-17 14:00:00,9kRcWv60rDACzjR,66.26,64.7933,4936.47,2.24774e+09
2020-06-10 17:45:00,Qf4GUc1pJu5T6c6,13.9357,13.45,5552.5,8.38621e+08
2020-05-15 19:45:00,LYwnQax7tkwH5Cb,0,0,8458,1.79497e+09
2020-05-24 15:15:00,rrq4fwE8jgrTyWY,800.113,783.16,3750,1.21017e+08
2020-06-07 16:30:00,IQ2d7wF4YD8zU1Q,404.947,397.047,7485.6,2.01261e+07
2020-05-19 19:30:00,Mx2yZCDsyf6DPfv,0,0,6771,2.48814e+06
2020-05-16 06:00:00,V94E5Ben1TlhnDV,14.5133,14.0067,1,1.41209e+09
2020-06-12 20:00:00,V94E5Ben1TlhnDV,0,0,4539,1.41227e+09
2020-05-30 11:15:00,Et9kgGMDl729KT4,0,0,1616,1.78492e+06
2020-06-09 22:15:00,xMbIugepa2P7lBB,0,0,7997,1.06856e+08
2020-05-18 09:45:00,Qf4GUc1pJu5T6c6,987.773,965.9,1041.67,8.38444e+08
2020-05-23 02:30:00,V94E5Ben1TlhnDV,0,0,0,1.41214e+09
2020-05-27 22:30:00,Et9kgGMDl729KT4,0,0,8653,1.77103e+06
2020-06-15 17:45:00,9kRcWv60rDACzjR,127.573,124.133,6144.27,2.24791e+09
2020-05-20 11:15:00,vOuJvMaM2sgwLmb,1258.48,1227.02,3400.53,2.24716e+06
2020-05-16 21:00:00,q49J1IKaHRwDQnt,0,0,3533,352552
2020-06-05 06:00:00,Quc1TzYxW2pYoWX,2.82143,2.72143,0.714286,3.29602e+08
2020-06-14 00:00:00,q49J1IKaHRwDQnt,0,0,6393,497789
2020-06-12 18:15:00,LYwnQax7tkwH5Cb,87.14,84.5933,4482.13,1.79509e+09
2020-06-09 23:15:00,Et9kgGMDl729KT4,0,0,3898,1.82587e+06
2020-05-29 12:45:00,rrq4fwE8jgrTyWY,775.793,759.457,4326,1.21044e+08
2020-06-04 16:00:00,rrq4fwE8jgrTyWY,267.593,262.507,6119.79,1.21079e+08
2020-05-17 10:00:00,xMbIugepa2P7lBB,947.243,926.414,1780.21,1.06676e+08
2020-05-30 10:30:00,oZ35aAeoifZaQzV,991.693,969.014,1567.86,1.66008e+09
2020-06-02 23:00:00,WcxssY2VbP4hApt,0,0,3877,1.81838e+08
2020-05-26 10:30:00,xoJJ8DcxJEcupym,1139.25,1112.7,2540.71,2.09207e+08
2020-06-02 06:00:00,9kRcWv60rDACzjR,26.6133,25.7,2.93333,2.24784e+09
2020-05-31 04:45:00,vOuJvMaM2sgwLmb,0,0,0,2.32669e+06
2020-06-06 05:30:00,81aHJ1q11NBPMrL,0,0,0,1.21542e+09
2020-05-26 10:15:00,81aHJ1q11NBPMrL,1098.74,1073.77,2300.79,1.21535e+09
2020-06-06 10:30:00,LYwnQax7tkwH5Cb,0,0,2212,1.79507e+09
2020-06-10 08:15:00,IQ2d7wF4YD8zU1Q,513.8,503.707,341.667,2.01443e+07
2020-05-25 04:00:00,q49J1IKaHRwDQnt,0,0,8872,395630
2020-06-03 03:00:00,mqwcsP2rE7J0TFp,0,0,0,5.93724e+08
2020-06-15 04:00:00,PeE6FRyGXUgsRhN,0,0,7209,1.34854e+09
2020-05-21 01:45:00,4UPUqMRk7TRMgml,0,0,0,2.46426e+06
2020-06-03 17:30:00,vOuJvMaM2sgwLmb,153.387,150.247,4872.53,2.34614e+06
2020-06-06 13:15:00,xMbIugepa2P7lBB,913.557,892.171,5383.57,1.06828e+08
2020-06-14 20:00:00,9kRcWv60rDACzjR,0,0,7458,2.2479e+09
2020-06-17 13:00:00,vOuJvMaM2sgwLmb,780.147,763.5,2517.8,2.42589e+06
2020-05-16 08:00:00,Quc1TzYxW2pYoWX,426.887,419.127,341.8,3.29514e+08
2020-05-21 23:45:00,V94E5Ben1TlhnDV,0,0,2297.87,1.41213e+09
2020-06-14 16:00:00,q49J1IKaHRwDQnt,500.74,491.12,6921.33,504710
2020-05-20 18:45:00,xoJJ8DcxJEcupym,0,0,2617,2.09169e+08
2020-06-01 08:00:00,Quc1TzYxW2pYoWX,206.993,202.893,230.4,3.29584e+08
2020-06-05 06:30:00,oZZkBaNadn6DNKz,61.4467,59.5133,15.3333,1.70822e+09
2020-06-02 02:45:00,xoJJ8DcxJEcupym,0,0,0,2.09244e+08
2020-06-15 12:00:00,4UPUqMRk7TRMgml,0,0,687,2.64222e+06
2020-06-07 02:45:00,9kRcWv60rDACzjR,0,0,0,2.24787e+09
2020-06-17 05:00:00,NgDl19wMapZy17u,0,0,0,1.11742e+08
2020-06-06 12:30:00,q49J1IKaHRwDQnt,0,0,2290,467156
2020-06-13 17:45:00,mqwcsP2rE7J0TFp,146.727,143.333,5864.67,5.93793e+08
2020-06-05 11:15:00,WcxssY2VbP4hApt,0,0,1710,1.8185e+08
2020-05-23 12:45:00,PeE6FRyGXUgsRhN,1229.66,1198.91,5306.6,1.3484e+09
2020-06-04 00:00:00,xoJJ8DcxJEcupym,0,0,3622,2.09253e+08
2020-05-20 08:00:00,9kRcWv60rDACzjR,521.7,511.5,417.933,2.24776e+09
2020-06-01 16:45:00,Mx2yZCDsyf6DPfv,75.7533,73.44,4294.6,2.58988e+06
2020-06-11 00:30:00,Qf4GUc1pJu5T6c6,0,0,5556,8.38621e+08
2020-06-02 12:00:00,Mx2yZCDsyf6DPfv,814.353,796.067,3210.93,2.59313e+06
2020-06-11 20:45:00,Quc1TzYxW2pYoWX,0,0,3184,3.29624e+08
2020-06-13 21:30:00,4UPUqMRk7TRMgml,0,0,6289,2.63915e+06
2020-05-21 05:45:00,rrq4fwE8jgrTyWY,0,0,0,1.20997e+08
2020-05-16 13:15:00,mqwcsP2rE7J0TFp,1118.39,1092.1,5569.2,5.93595e+08
2020-05-20 18:30:00,NgDl19wMapZy17u,15.1133,14.5867,9290.07,1.11561e+08
2020-05-18 00:15:00,V94E5Ben1TlhnDV,0,0,0,1.41211e+09
2020-06-07 19:45:00,Quc1TzYxW2pYoWX,0,0,2598,3.29612e+08
2020-05-21 23:15:00,81aHJ1q11NBPMrL,0,0,8570,1.21531e+09
2020-05-28 12:30:00,81aHJ1q11NBPMrL,1267.41,1235.71,5003,1.21537e+09
2020-05-17 07:45:00,81aHJ1q11NBPMrL,329.807,323.88,151.067,1.21529e+09
2020-06-04 03:30:00,4UPUqMRk7TRMgml,0,0,6113,2.57041e+06
2020-06-15 05:00:00,WcxssY2VbP4hApt,0,0,7634,1.81896e+08
2020-05-19 10:45:00,xoJJ8DcxJEcupym,1076.63,1051.94,1666.5,2.09162e+08
2020-06-13 10:00:00,4UPUqMRk7TRMgml,276.147,269.827,969.467,2.63406e+06
2020-05-30 18:45:00,Mx2yZCDsyf6DPfv,0,0,8199,2.57894e+06
2020-05-24 05:00:00,81aHJ1q11NBPMrL,0,0,0,1.21533e+09
2020-06-15 22:00:00,NgDl19wMapZy17u,0,0,6245,1.11736e+08
2020-06-10 01:00:00,mqwcsP2rE7J0TFp,0,0,0,5.93776e+08
2020-06-05 09:45:00,4UPUqMRk7TRMgml,1122.62,1095.29,1675.2,2.57908e+06
2020-05-15 14:00:00,mqwcsP2rE7J0TFp,1172.18,1143.27,7081.2,5.93587e+08
2020-06-09 02:30:00,Et9kgGMDl729KT4,0,0,3189,1.82197e+06
2020-05-31 13:45:00,IQ2d7wF4YD8zU1Q,1204.56,1174.61,5104.57,2.00765e+07
2020-06-12 14:15:00,PeE6FRyGXUgsRhN,625.127,612.4,3231.33,1.34852e+09
2020-06-05 02:00:00,Mx2yZCDsyf6DPfv,0,0,6981,2.60907e+06
2020-05-23 18:30:00,Mx2yZCDsyf6DPfv,3.99333,3.86,9655,2.52603e+06
2020-05-22 01:45:00,Et9kgGMDl729KT4,0,0,0,1.73554e+06
2020-06-15 01:45:00,LYwnQax7tkwH5Cb,0,0,7310,1.7951e+09
2020-05-25 05:00:00,PeE6FRyGXUgsRhN,0,0,0,1.34841e+09
2020-06-13 09:30:00,q49J1IKaHRwDQnt,626.936,613.964,1027.57,492424
2020-05-18 13:00:00,xoJJ8DcxJEcupym,0,0,1612,2.09157e+08
2020-06-07 00:15:00,Quc1TzYxW2pYoWX,0,0,3413,3.29609e+08
2020-05-18 07:30:00,81aHJ1q11NBPMrL,29.96,28.9333,7.66667,1.21529e+09
2020-05-17 22:00:00,Qf4GUc1pJu5T6c6,0,0,7220,8.38443e+08
2020-06-09 09:15:00,xoJJ8DcxJEcupym,928.587,908.28,1421.2,2.09287e+08
2020-06-08 00:15:00,rrq4fwE8jgrTyWY,0,0,3052,1.21088e+08
2020-06-14 08:00:00,mqwcsP2rE7J0TFp,507.293,497.407,480.4,5.93793e+08
2020-06-16 21:15:00,vOuJvMaM2sgwLmb,0,0,5534,2.42337e+06
2020-06-04 05:30:00,mqwcsP2rE7J0TFp,0,0,0,5.93729e+08
2020-05-16 12:45:00,vOuJvMaM2sgwLmb,0,0,3921,2.22546e+06
2020-05-18 13:30:00,q49J1IKaHRwDQnt,0,0,3179,361458
2020-05-22 15:00:00,Quc1TzYxW2pYoWX,727.293,712.14,2481.53,3.29538e+08
2020-05-15 17:00:00,Mx2yZCDsyf6DPfv,308.333,302.867,7672.4,2.46132e+06
2020-06-05 21:30:00,V94E5Ben1TlhnDV,0,0,7336,1.41224e+09
2020-05-29 22:30:00,Et9kgGMDl729KT4,0,0,4299,1.7833e+06
2020-06-03 17:45:00,81aHJ1q11NBPMrL,121.273,117.947,4639.67,1.2154e+09
2020-06-06 09:00:00,oZ35aAeoifZaQzV,899.979,880.379,950.929,1.66013e+09
2020-06-07 06:45:00,q49J1IKaHRwDQnt,74.74,72.4533,39.3333,468504
2020-06-10 21:00:00,4UPUqMRk7TRMgml,0,0,5588,2.62429e+06
2020-06-04 05:15:00,oZZkBaNadn6DNKz,0,0,0,1.70821e+09
2020-05-18 14:30:00,9kRcWv60rDACzjR,1014.86,992.233,5888.87,2.24775e+09
2020-05-29 20:15:00,V94E5Ben1TlhnDV,0,0,8102,1.4122e+09
2020-05-16 07:45:00,LYwnQax7tkwH5Cb,389.487,382.487,308.667,1.79497e+09
2020-06-05 13:00:00,LlT2YUhhzqhg5Sw,0,0,1387,2.82729e+08
2020-05-19 16:45:00,PeE6FRyGXUgsRhN,38.28,37.0067,1931.47,1.34838e+09
2020-05-15 18:15:00,V94E5Ben1TlhnDV,15.25,14.7143,9365.64,1.41209e+09
2020-06-08 16:00:00,vOuJvMaM2sgwLmb,708.02,693.093,8185.27,2.37487e+06
2020-05-15 13:15:00,4UPUqMRk7TRMgml,0,0,2750,2.43176e+06
2020-05-28 07:15:00,V94E5Ben1TlhnDV,238.567,234.013,124.533,1.41218e+09
2020-06-06 01:30:00,4UPUqMRk7TRMgml,0,0,7756,2.58516e+06
2020-06-16 02:30:00,WcxssY2VbP4hApt,0,0,6367,1.81902e+08
2020-06-13 11:15:00,Et9kgGMDl729KT4,848.267,829.493,1519.87,1.83688e+06
2020-06-15 13:45:00,q49J1IKaHRwDQnt,638.921,625.936,4313.29,509578
2020-05-19 13:15:00,9kRcWv60rDACzjR,1311.96,1279.35,4520,2.24776e+09
2020-05-21 21:30:00,PeE6FRyGXUgsRhN,0,0,4638,1.34839e+09
2020-05-23 15:45:00,4UPUqMRk7TRMgml,773.329,757.05,8782.14,2.49206e+06
2020-05-19 17:00:00,4UPUqMRk7TRMgml,22.0467,21.2933,1963.53,2.45484e+06
2020-06-16 16:15:00,WcxssY2VbP4hApt,373.52,366.827,5339.73,1.81907e+08
2020-06-14 00:30:00,mqwcsP2rE7J0TFp,0,0,0,5.93793e+08
2020-06-06 18:00:00,q49J1IKaHRwDQnt,100.553,97.6933,3567.87,468434
2020-06-07 01:45:00,q49J1IKaHRwDQnt,0,0,3599,468465
2020-05-23 16:15:00,xoJJ8DcxJEcupym,589.333,577.513,8822.47,2.09186e+08
2020-05-15 18:30:00,Qf4GUc1pJu5T6c6,1.99286,1.92143,6415.93,8.38428e+08
2020-05-17 10:15:00,9kRcWv60rDACzjR,775.92,759.513,1968.27,2.24774e+09
2020-05-24 17:15:00,PeE6FRyGXUgsRhN,245.233,240.493,8830.07,1.34841e+09
2020-06-09 21:15:00,4UPUqMRk7TRMgml,0,0,8098,2.6187e+06
2020-05-20 12:15:00,q49J1IKaHRwDQnt,0,0,2033,367298
2020-05-15 17:45:00,xoJJ8DcxJEcupym,36.5133,35.2867,3077.8,2.09147e+08
2020-05-26 21:00:00,LYwnQax7tkwH5Cb,0,0,3874,1.79502e+09
2020-05-17 02:00:00,PeE6FRyGXUgsRhN,0,0,0,1.34836e+09
2020-05-18 09:30:00,rrq4fwE8jgrTyWY,806.343,789.221,787.071,1.20983e+08
2020-06-07 07:00:00,4UPUqMRk7TRMgml,104.586,101.636,60.7143,2.5936e+06
2020-06-15 07:15:00,Qf4GUc1pJu5T6c6,235.687,231.14,142.6,8.38635e+08
2020-05-19 13:15:00,xoJJ8DcxJEcupym,1017.37,993.013,4283.8,2.09164e+08
2020-05-15 02:30:00,IQ2d7wF4YD8zU1Q,0,0,0,1.99415e+07
2020-06-04 00:15:00,Qf4GUc1pJu5T6c6,0,0,0,8.38568e+08
2020-06-08 10:30:00,xMbIugepa2P7lBB,952.45,930.457,2376.07,1.06841e+08
2020-06-16 12:15:00,4UPUqMRk7TRMgml,385.087,377.427,2445,2.64649e+06
2020-05-25 11:15:00,LlT2YUhhzqhg5Sw,1193.59,1163.97,3297.14,2.82658e+08
2020-05-27 16:45:00,oZ35aAeoifZaQzV,426.96,419.307,9129.8,1.66007e+09
2020-06-15 03:30:00,oZZkBaNadn6DNKz,0,0,0,1.70827e+09
2020-05-19 06:45:00,4UPUqMRk7TRMgml,122.827,119.46,49.2667,2.45292e+06
2020-06-17 03:45:00,oZ35aAeoifZaQzV,0,0,0,1.66018e+09
2020-06-04 04:15:00,rrq4fwE8jgrTyWY,0,0,0,1.21073e+08
2020-06-10 01:30:00,Et9kgGMDl729KT4,0,0,3898,1.82587e+06
2020-06-08 13:30:00,oZZkBaNadn6DNKz,1290.71,1258.65,5759.8,1.70824e+09
2020-06-03 11:15:00,rrq4fwE8jgrTyWY,0,0,1627.14,1.2107e+08
2020-05-26 02:00:00,Et9kgGMDl729KT4,0,0,0,1.75408e+06
2020-06-07 07:00:00,81aHJ1q11NBPMrL,99.6857,96.8571,59.6429,1.21543e+09
2020-06-13 19:15:00,mqwcsP2rE7J0TFp,0,0,5941,5.93793e+08
2020-05-28 14:30:00,LlT2YUhhzqhg5Sw,1043.69,1020.29,6908,2.82689e+08
2020-06-17 10:00:00,mqwcsP2rE7J0TFp,564.9,553.62,731.933,5.93812e+08
2020-05-28 22:30:00,q49J1IKaHRwDQnt,0,0,7799,422722
2020-05-15 08:00:00,NgDl19wMapZy17u,569.357,557.957,548.214,1.11513e+08
2020-06-09 00:00:00,Et9kgGMDl729KT4,0,0,3189,1.82197e+06
2020-05-28 11:45:00,xoJJ8DcxJEcupym,1256.73,1225.31,3774.27,2.09218e+08
2020-05-27 02:00:00,LYwnQax7tkwH5Cb,0,0,0,1.79502e+09
2020-06-01 13:00:00,q49J1IKaHRwDQnt,397.4,390.22,3448.6,447749
2020-05-19 02:00:00,oZ35aAeoifZaQzV,0,0,0,1.65999e+09
2020-05-16 09:30:00,Quc1TzYxW2pYoWX,776.714,760.364,1251.57,3.29515e+08
2020-06-04 19:00:00,NgDl19wMapZy17u,0,0,6331,1.11668e+08
2020-05-22 13:30:00,Qf4GUc1pJu5T6c6,1248.47,1217.25,6633.93,8.38478e+08
2020-05-26 17:45:00,LlT2YUhhzqhg5Sw,78.2933,75.92,9042.4,2.82673e+08
2020-05-20 07:00:00,LYwnQax7tkwH5Cb,141.693,138.147,72.8667,1.79498e+09
2020-05-26 00:15:00,rrq4fwE8jgrTyWY,0,0,0,1.21023e+08
2020-06-02 19:15:00,NgDl19wMapZy17u,0,0,7098,1.11656e+08
2020-05-17 17:45:00,oZ35aAeoifZaQzV,118.74,115.593,5499.2,1.65999e+09
2020-05-28 21:45:00,oZ35aAeoifZaQzV,0,0,3790,1.66007e+09
2020-05-26 06:15:00,Mx2yZCDsyf6DPfv,53.3,51.5667,9.6,2.54017e+06
2020-06-05 09:30:00,Mx2yZCDsyf6DPfv,988.1,964.813,1385.33,2.61046e+06
2020-06-01 22:45:00,9kRcWv60rDACzjR,0,0,4163,2.24784e+09
2020-06-01 16:45:00,Quc1TzYxW2pYoWX,62.5133,60.54,3614.33,3.29588e+08
2020-06-07 16:15:00,WcxssY2VbP4hApt,558.68,547.1,1426.6,1.81861e+08
2020-05-17 09:45:00,NgDl19wMapZy17u,950.887,930.007,1560.33,1.11531e+08
2020-06-13 20:30:00,IQ2d7wF4YD8zU1Q,0,0,3023,2.01614e+07
2020-05-15 14:30:00,WcxssY2VbP4hApt,980.973,959.033,7795.87,1.81703e+08
2020-05-24 05:45:00,xoJJ8DcxJEcupym,0,0,0,2.09187e+08
2020-05-31 02:15:00,9kRcWv60rDACzjR,0,0,0,2.24783e+09
2020-06-17 09:00:00,IQ2d7wF4YD8zU1Q,189.307,185.55,356.357,2.01812e+07
2020-06-16 09:45:00,4UPUqMRk7TRMgml,663.06,649.487,1012.07,2.64506e+06
2020-06-01 16:15:00,q49J1IKaHRwDQnt,134.467,130.973,3731.8,448032
2020-05-20 09:45:00,LlT2YUhhzqhg5Sw,915.42,895.493,1687.67,2.82629e+08
2020-05-16 07:30:00,NgDl19wMapZy17u,384.407,377.747,215.6,1.11522e+08
2020-05-22 06:00:00,rrq4fwE8jgrTyWY,19.92,19.24,2.53333,1.21001e+08
2020-06-08 07:00:00,xMbIugepa2P7lBB,216.786,212.486,95.7857,1.06839e+08
2020-06-08 01:45:00,NgDl19wMapZy17u,0,0,7778,1.11691e+08
2020-06-09 07:15:00,vOuJvMaM2sgwLmb,394.093,386.947,173.533,2.37586e+06
2020-05-18 18:45:00,xMbIugepa2P7lBB,0,0,7696,1.06689e+08
2020-06-02 19:45:00,Et9kgGMDl729KT4,0,0,5476,1.80438e+06
2020-06-10 23:15:00,rrq4fwE8jgrTyWY,0,0,2369,1.21097e+08
2020-06-05 15:00:00,LYwnQax7tkwH5Cb,476.333,467.267,1744,1.79506e+09
2020-06-07 00:45:00,IQ2d7wF4YD8zU1Q,0,0,8293,2.01187e+07
2020-05-26 16:15:00,xoJJ8DcxJEcupym,595.743,583.75,5737.21,2.0921e+08
2020-06-02 22:00:00,rrq4fwE8jgrTyWY,0,0,3856,1.21069e+08
2020-06-03 17:45:00,9kRcWv60rDACzjR,122.62,119.273,4293.13,2.24785e+09
2020-05-31 00:15:00,Mx2yZCDsyf6DPfv,0,0,0,2.57894e+06
2020-06-15 14:45:00,81aHJ1q11NBPMrL,556.653,545.567,5205,1.21547e+09
2020-06-15 23:30:00,q49J1IKaHRwDQnt,0,0,6060,511325
2020-06-03 05:15:00,4UPUqMRk7TRMgml,0,0,0,2.5643e+06
2020-05-19 21:30:00,V94E5Ben1TlhnDV,0,0,6710,1.41212e+09
2020-05-17 00:00:00,LYwnQax7tkwH5Cb,0,0,1693.87,1.79497e+09
2020-06-13 03:15:00,vOuJvMaM2sgwLmb,0,0,4778,2.39772e+06
2020-05-23 22:15:00,Mx2yZCDsyf6DPfv,0,0,9655,2.52603e+06
2020-05-18 01:15:00,LYwnQax7tkwH5Cb,0,0,0,1.79498e+09
2020-05-19 18:00:00,Qf4GUc1pJu5T6c6,0,0,1909,8.38453e+08
2020-05-17 08:00:00,LYwnQax7tkwH5Cb,562.32,551.253,252.133,1.79497e+09
2020-05-15 18:00:00,4UPUqMRk7TRMgml,25.1867,24.3133,4193.33,2.4332e+06
2020-06-16 15:15:00,4UPUqMRk7TRMgml,578.429,566.836,4262.14,2.64831e+06
2020-06-13 19:15:00,LlT2YUhhzqhg5Sw,0,0,2911,2.82766e+08
2020-06-02 23:00:00,rrq4fwE8jgrTyWY,0,0,3856,1.21069e+08
2020-06-14 02:15:00,q49J1IKaHRwDQnt,0,0,6393,497789
2020-05-23 09:30:00,WcxssY2VbP4hApt,0,0,0,0
2020-05-25 23:15:00,Qf4GUc1pJu5T6c6,0,0,9156,8.38504e+08
2020-06-11 19:00:00,81aHJ1q11NBPMrL,0,0,3902,1.21545e+09
2020-05-21 20:15:00,oZ35aAeoifZaQzV,0,0,8349,1.66002e+09
2020-06-16 13:45:00,mqwcsP2rE7J0TFp,678.987,664.9,4189,5.93809e+08
2020-06-01 23:30:00,9kRcWv60rDACzjR,0,0,4163,2.24784e+09
2020-06-09 04:15:00,rrq4fwE8jgrTyWY,0,0,3457,1.21091e+08
2020-05-28 05:00:00,Qf4GUc1pJu5T6c6,0,0,0,8.38523e+08
2020-05-26 02:30:00,4UPUqMRk7TRMgml,0,0,0,2.50682e+06
2020-05-21 13:45:00,oZZkBaNadn6DNKz,1156.55,1128.56,2152.87,1.70812e+09
2020-05-15 19:00:00,Mx2yZCDsyf6DPfv,0,0,7800,2.46145e+06
2020-06-17 06:30:00,xoJJ8DcxJEcupym,55.4467,53.6467,12.5333,2.09331e+08
2020-05-24 14:15:00,PeE6FRyGXUgsRhN,1043.5,1020.08,6819.93,1.34841e+09
2020-06-07 19:00:00,4UPUqMRk7TRMgml,0,0,7826,2.60136e+06
2020-05-21 02:00:00,q49J1IKaHRwDQnt,0,0,4062,369327
2020-05-22 19:00:00,rrq4fwE8jgrTyWY,0,0,9148,1.21011e+08
2020-05-22 06:30:00,Mx2yZCDsyf6DPfv,106.733,103.747,29.6,2.5066e+06
2020-05-30 19:00:00,Mx2yZCDsyf6DPfv,0,0,8199,2.57894e+06
2020-06-13 12:45:00,q49J1IKaHRwDQnt,808.98,791.353,3224.47,494620
2020-06-06 03:30:00,xMbIugepa2P7lBB,0,0,7722,1.06823e+08
2020-06-08 04:15:00,81aHJ1q11NBPMrL,0,0,0,1.21543e+09
2020-06-06 03:00:00,Quc1TzYxW2pYoWX,0,0,3779,3.29606e+08
2020-05-16 11:15:00,LYwnQax7tkwH5Cb,0,0,1828,1.79497e+09
2020-06-12 09:00:00,81aHJ1q11NBPMrL,473.033,463.993,524.733,1.21545e+09
2020-05-23 13:15:00,oZZkBaNadn6DNKz,1218.31,1187.86,6108.47,1.70813e+09
2020-05-26 19:00:00,q49J1IKaHRwDQnt,0,0,4080,405907
2020-06-13 02:45:00,mqwcsP2rE7J0TFp,0,0,0,5.93787e+08
2020-06-01 07:45:00,mqwcsP2rE7J0TFp,202.053,198.093,222.667,5.93713e+08
2020-06-06 02:00:00,oZ35aAeoifZaQzV,0,0,7708,1.66013e+09
2020-06-15 04:30:00,Qf4GUc1pJu5T6c6,0,0,2107,8.38635e+08
2020-05-22 12:30:00,vOuJvMaM2sgwLmb,0,0,1405,2.26362e+06
2020-05-17 00:15:00,LlT2YUhhzqhg5Sw,0,0,0,2.8261e+08
2020-05-24 03:30:00,WcxssY2VbP4hApt,0,0,0,1.81766e+08
2020-06-05 07:30:00,oZZkBaNadn6DNKz,222.571,218.214,176.643,1.70822e+09
2020-05-31 19:30:00,PeE6FRyGXUgsRhN,0,0,6313,1.34846e+09
2020-06-17 07:30:00,PeE6FRyGXUgsRhN,100.08,97.2533,78.6667,1.34855e+09
2020-05-18 23:45:00,V94E5Ben1TlhnDV,0,0,2247.47,1.41211e+09
2020-05-18 13:30:00,WcxssY2VbP4hApt,1183.58,1154.68,4956,1.81725e+08
2020-05-18 21:15:00,IQ2d7wF4YD8zU1Q,0,0,7818,1.99741e+07
2020-05-25 23:30:00,LlT2YUhhzqhg5Sw,0,0,8810,2.82664e+08
2020-05-15 08:45:00,LlT2YUhhzqhg5Sw,805.536,788.471,1053.57,2.82594e+08
2020-05-21 16:15:00,LlT2YUhhzqhg5Sw,536.6,525.993,5289.57,2.82637e+08
2020-06-17 16:30:00,Qf4GUc1pJu5T6c6,283.443,278.214,4185.29,8.38646e+08
2020-05-26 00:15:00,V94E5Ben1TlhnDV,0,0,0,1.41217e+09
2020-06-14 19:00:00,V94E5Ben1TlhnDV,0,0,3304,1.41228e+09
2020-06-07 09:00:00,IQ2d7wF4YD8zU1Q,885.679,866.436,860.071,2.01195e+07
2020-05-17 03:45:00,Quc1TzYxW2pYoWX,0,0,5940.67,3.2952e+08
2020-06-03 07:00:00,xMbIugepa2P7lBB,148.913,145.04,65,1.06802e+08
2020-06-01 22:45:00,mqwcsP2rE7J0TFp,0,0,4211,5.93717e+08
2020-05-21 02:00:00,V94E5Ben1TlhnDV,0,0,0,1.41213e+09
2020-06-11 20:15:00,NgDl19wMapZy17u,0,0,3884,1.11715e+08
2020-06-07 15:00:00,9kRcWv60rDACzjR,548.267,535.98,1098.13,2.24787e+09
2020-05-15 05:15:00,4UPUqMRk7TRMgml,0,0,0,2.42901e+06
2020-05-22 13:00:00,LYwnQax7tkwH5Cb,1238.24,1207.71,5716.54,1.795e+09
2020-06-11 03:15:00,PeE6FRyGXUgsRhN,0,0,4003,1.34851e+09
2020-06-01 07:45:00,q49J1IKaHRwDQnt,196.533,192.66,217.067,444517
2020-05-19 19:00:00,PeE6FRyGXUgsRhN,0,0,1942,1.34838e+09
2020-06-14 12:15:00,Mx2yZCDsyf6DPfv,0,0,1705,2.66914e+06
2020-05-25 09:00:00,Et9kgGMDl729KT4,699.047,684.593,938.267,1.74807e+06
2020-05-21 05:00:00,LYwnQax7tkwH5Cb,0,0,0,1.79499e+09
2020-06-05 01:00:00,V94E5Ben1TlhnDV,0,0,0,1.41223e+09
2020-05-25 16:30:00,oZ35aAeoifZaQzV,328.493,322.421,8926.14,1.66005e+09
2020-06-16 21:00:00,WcxssY2VbP4hApt,0,0,5587,1.81908e+08
2020-05-19 13:30:00,V94E5Ben1TlhnDV,1184.24,1155.81,5103.47,1.41212e+09
2020-05-26 06:45:00,q49J1IKaHRwDQnt,141.879,138.4,47.9286,401875
2020-06-04 21:00:00,PeE6FRyGXUgsRhN,0,0,6168,1.34848e+09
2020-05-18 11:30:00,mqwcsP2rE7J0TFp,1090.84,1065.85,2581.8,5.93607e+08
2020-06-08 14:45:00,Mx2yZCDsyf6DPfv,1171.3,1142.29,7220.87,2.64015e+06
2020-06-13 22:15:00,81aHJ1q11NBPMrL,0,0,6656,1.21546e+09
2020-06-11 12:00:00,xoJJ8DcxJEcupym,0,0,130.333,1.39532e+07
2020-06-06 10:30:00,Quc1TzYxW2pYoWX,0,0,639,3.29606e+08
2020-05-25 23:30:00,WcxssY2VbP4hApt,0,0,9124,1.81784e+08
2020-05-31 02:30:00,vOuJvMaM2sgwLmb,0,0,0,2.32669e+06
2020-05-21 08:00:00,rrq4fwE8jgrTyWY,460.633,452,401,1.20997e+08
2020-06-08 15:00:00,Mx2yZCDsyf6DPfv,878.007,858.06,7486.6,2.64042e+06
2020-06-13 20:30:00,oZZkBaNadn6DNKz,0,0,6481,1.70827e+09
2020-06-16 19:30:00,LlT2YUhhzqhg5Sw,0,0,5357,2.82785e+08
2020-06-12 02:30:00,Qf4GUc1pJu5T6c6,0,0,3887,8.38625e+08
2020-06-17 12:00:00,LYwnQax7tkwH5Cb,440.813,432.687,1623.53,1.79511e+09
2020-06-09 15:45:00,V94E5Ben1TlhnDV,822.571,804.95,6884.14,1.41226e+09
2020-06-01 21:00:00,LYwnQax7tkwH5Cb,0,0,3970,1.79505e+09
2020-06-15 07:45:00,81aHJ1q11NBPMrL,454.94,446.26,274.267,1.21547e+09
2020-05-30 03:45:00,oZZkBaNadn6DNKz,0,0,0,1.70819e+09
2020-06-12 02:45:00,V94E5Ben1TlhnDV,0,0,0,1.41227e+09
2020-05-27 17:30:00,81aHJ1q11NBPMrL,188.293,184.564,9037.57,1.21536e+09
2020-05-21 03:30:00,rrq4fwE8jgrTyWY,0,0,0,1.20997e+08
2020-06-16 07:15:00,IQ2d7wF4YD8zU1Q,200.567,196.613,119.667,2.01753e+07
2020-06-17 11:00:00,PeE6FRyGXUgsRhN,510.713,500.66,1200.27,1.34855e+09
2020-06-10 14:00:00,PeE6FRyGXUgsRhN,80.2333,78.8333,1626.47,7.19207e+08
2020-05-31 03:00:00,Et9kgGMDl729KT4,0,0,0,1.78881e+06
2020-06-04 21:15:00,xMbIugepa2P7lBB,0,0,6899,1.06815e+08
2020-06-10 00:45:00,81aHJ1q11NBPMrL,0,0,0,1.21544e+09
2020-06-11 18:15:00,WcxssY2VbP4hApt,35.1667,33.9933,3940.67,1.81877e+08
2020-05-18 01:15:00,Quc1TzYxW2pYoWX,0,0,3548,3.29523e+08
2020-05-31 11:00:00,Quc1TzYxW2pYoWX,607.253,594.947,1879.2,3.29581e+08
2020-06-01 18:45:00,IQ2d7wF4YD8zU1Q,0,0,4256,2.00823e+07
2020-05-16 16:45:00,xoJJ8DcxJEcupym,100.357,97.6286,2932.29,2.0915e+08
2020-06-08 13:15:00,WcxssY2VbP4hApt,0,0,2143,1.81864e+08
2020-06-10 19:45:00,4UPUqMRk7TRMgml,0,0,5588,2.62429e+06
2020-06-06 14:15:00,xoJJ8DcxJEcupym,0,0,841.867,1.95316e+08
2020-05-26 06:45:00,vOuJvMaM2sgwLmb,142.957,139.664,54.8571,2.28731e+06
2020-05-20 09:45:00,xoJJ8DcxJEcupym,0,0,1106,2.09167e+08
2020-06-05 22:00:00,4UPUqMRk7TRMgml,0,0,7756,2.58516e+06
2020-06-14 07:30:00,Qf4GUc1pJu5T6c6,380.54,373.62,262.733,8.38633e+08
2020-06-06 06:00:00,Quc1TzYxW2pYoWX,10.4867,10.1267,0.333333,3.29606e+08
2020-05-24 23:45:00,Mx2yZCDsyf6DPfv,0,0,4962,2.53099e+06
2020-06-15 02:30:00,rrq4fwE8jgrTyWY,0,0,7271,1.21119e+08
2020-06-02 13:00:00,mqwcsP2rE7J0TFp,786.54,769.673,3843.67,5.93721e+08
2020-05-31 02:00:00,81aHJ1q11NBPMrL,0,0,0,1.21538e+09
2020-05-28 02:30:00,LlT2YUhhzqhg5Sw,0,0,0,2.82682e+08
2020-06-17 03:45:00,81aHJ1q11NBPMrL,0,0,0,1.21548e+09
2020-06-09 23:00:00,xoJJ8DcxJEcupym,0,0,6993,2.09293e+08
2020-05-18 01:15:00,81aHJ1q11NBPMrL,0,0,0,1.21529e+09
2020-06-13 23:45:00,Quc1TzYxW2pYoWX,0,0,5477,3.29633e+08
2020-05-22 14:15:00,WcxssY2VbP4hApt,0,0,1224,1.81755e+08
2020-06-16 12:15:00,PeE6FRyGXUgsRhN,548.9,538.114,1412.29,1.34854e+09
2020-06-07 16:45:00,LYwnQax7tkwH5Cb,190.257,186.486,1760.64,1.79507e+09
2020-05-20 20:15:00,PeE6FRyGXUgsRhN,0,0,2707,1.34838e+09
2020-06-02 14:00:00,NgDl19wMapZy17u,1302.91,1270.55,4954.6,1.11654e+08
2020-05-15 22:30:00,q49J1IKaHRwDQnt,0,0,9096,349019
2020-06-01 07:15:00,WcxssY2VbP4hApt,243.107,238.413,102.133,1.8183e+08
2020-06-05 02:30:00,q49J1IKaHRwDQnt,0,0,5710,461971
2020-06-06 22:45:00,oZZkBaNadn6DNKz,0,0,2588,1.70823e+09
2020-05-28 12:30:00,Qf4GUc1pJu5T6c6,0,0,2376,8.38526e+08
2020-05-19 13:00:00,Qf4GUc1pJu5T6c6,0,0,1470,8.38452e+08
2020-06-03 19:15:00,oZZkBaNadn6DNKz,0,0,4809,1.70821e+09
2020-06-12 11:45:00,LlT2YUhhzqhg5Sw,608.927,596.14,1750.2,2.8276e+08
2020-05-16 09:30:00,PeE6FRyGXUgsRhN,947.94,927.147,1513.13,1.34836e+09
2020-05-21 13:15:00,Et9kgGMDl729KT4,1103.78,1078.67,3624.73,1.73252e+06
2020-06-06 13:00:00,oZ35aAeoifZaQzV,1041.31,1016.61,5291.07,1.66013e+09
2020-05-23 07:45:00,oZZkBaNadn6DNKz,469.273,460.413,350.333,1.70813e+09
2020-06-15 02:00:00,LlT2YUhhzqhg5Sw,0,0,7445,2.82773e+08
2020-05-25 22:00:00,vOuJvMaM2sgwLmb,0,0,9042,2.28725e+06
2020-06-12 19:30:00,81aHJ1q11NBPMrL,0,0,4769,1.21546e+09
2020-05-24 17:15:00,LYwnQax7tkwH5Cb,242.633,237.92,4581.47,1.79501e+09
2020-06-06 16:45:00,WcxssY2VbP4hApt,522.553,512.233,7992.4,1.81859e+08
2020-05-16 22:00:00,LlT2YUhhzqhg5Sw,0,0,7542,2.8261e+08
2020-06-16 22:30:00,rrq4fwE8jgrTyWY,0,0,5161,1.21127e+08
2020-06-06 04:15:00,Et9kgGMDl729KT4,0,0,2769,1.81393e+06
2020-06-07 07:30:00,Mx2yZCDsyf6DPfv,223.06,218.687,132.467,2.62524e+06
2020-05-24 17:15:00,LlT2YUhhzqhg5Sw,252.313,247.42,8900.8,2.82655e+08
2020-06-07 13:45:00,V94E5Ben1TlhnDV,0,0,1104,1.41224e+09
2020-06-11 04:15:00,V94E5Ben1TlhnDV,0,0,0,1.41226e+09
2020-06-09 02:30:00,4UPUqMRk7TRMgml,0,0,9210,2.61059e+06
2020-05-25 14:00:00,xoJJ8DcxJEcupym,1095.03,1070.2,6543.07,2.09202e+08
2020-06-06 04:15:00,PeE6FRyGXUgsRhN,0,0,7333,1.34849e+09
2020-06-09 05:00:00,Et9kgGMDl729KT4,0,0,3189,1.82197e+06
2020-06-14 13:15:00,WcxssY2VbP4hApt,1245.78,1215.17,4910.27,1.81893e+08
2020-05-23 22:45:00,LlT2YUhhzqhg5Sw,0,0,3385,2.82646e+08
2020-05-15 06:45:00,xMbIugepa2P7lBB,160.707,157.136,41.6429,1.06657e+08
2020-05-30 17:15:00,Qf4GUc1pJu5T6c6,277.913,272.927,7925.13,8.38543e+08
2020-05-31 17:00:00,LlT2YUhhzqhg5Sw,94.8733,92.14,6283.8,2.82712e+08
2020-05-22 07:30:00,81aHJ1q11NBPMrL,401.586,394.586,245.071,1.21532e+09
2020-05-23 23:45:00,q49J1IKaHRwDQnt,0,0,3254,386758
2020-06-06 09:15:00,IQ2d7wF4YD8zU1Q,911.213,891.233,1150.67,2.01115e+07
2020-06-01 11:15:00,LlT2YUhhzqhg5Sw,671.793,657.727,2466,2.82715e+08
2020-05-28 15:45:00,WcxssY2VbP4hApt,559.22,547.467,6104.47,1.33325e+08
2020-06-01 17:00:00,oZZkBaNadn6DNKz,84.6067,82.1133,4308.2,1.7082e+09
2020-05-21 01:30:00,9kRcWv60rDACzjR,0,0,0,2.24776e+09
2020-05-17 20:30:00,WcxssY2VbP4hApt,0,0,7266,1.8172e+08
2020-05-18 09:15:00,4UPUqMRk7TRMgml,685.027,670.927,622.467,2.44585e+06
2020-06-16 02:15:00,PeE6FRyGXUgsRhN,0,0,2801,1.34854e+09
2020-06-14 23:30:00,4UPUqMRk7TRMgml,0,0,1868,2.64132e+06
2020-05-23 01:30:00,xoJJ8DcxJEcupym,0,0,0,2.09177e+08
2020-05-17 19:30:00,LlT2YUhhzqhg5Sw,0,0,6717,2.82616e+08
2020-06-01 15:00:00,vOuJvMaM2sgwLmb,59.4,57.5067,4063.07,2.33727e+06
2020-05-16 22:45:00,Et9kgGMDl729KT4,0,0,6483,1.71489e+06
2020-06-14 05:45:00,oZZkBaNadn6DNKz,0,0,0,1.70827e+09
2020-06-16 00:45:00,Quc1TzYxW2pYoWX,0,0,0,3.29638e+08
2020-06-16 14:00:00,4UPUqMRk7TRMgml,738.033,722.593,3770.07,2.64782e+06
2020-06-01 07:00:00,vOuJvMaM2sgwLmb,101.44,98.5933,66.8667,2.33327e+06
2020-05-22 04:15:00,9kRcWv60rDACzjR,0,0,0,2.24777e+09
2020-06-02 14:15:00,Mx2yZCDsyf6DPfv,1143.9,1116.27,5307.8,2.59522e+06
2020-05-23 10:00:00,oZ35aAeoifZaQzV,1113.4,1088.01,2183.73,1.66003e+09
2020-06-12 10:30:00,q49J1IKaHRwDQnt,242.587,237.88,1081.93,487837
2020-06-17 17:15:00,vOuJvMaM2sgwLmb,135.6,132.367,4218,2.42759e+06
2020-06-12 09:00:00,mqwcsP2rE7J0TFp,450.287,441.893,534.4,5.93783e+08
2020-06-09 14:30:00,mqwcsP2rE7J0TFp,730.073,714.787,6313.53,5.93774e+08
2020-06-13 11:00:00,rrq4fwE8jgrTyWY,500.467,488.52,599.333,8.07378e+07
2020-06-15 18:30:00,V94E5Ben1TlhnDV,34.7,33.52,2560.93,1.41228e+09
2020-05-27 00:30:00,WcxssY2VbP4hApt,0,0,0,1.81794e+08
2020-05-24 01:45:00,oZ35aAeoifZaQzV,0,0,0,1.66004e+09
2020-05-26 03:45:00,Et9kgGMDl729KT4,0,0,0,1.75408e+06
2020-05-19 07:30:00,Mx2yZCDsyf6DPfv,468.567,459.573,240.733,2.48161e+06
2020-05-28 00:30:00,rrq4fwE8jgrTyWY,0,0,0,1.21036e+08
2020-06-03 18:15:00,mqwcsP2rE7J0TFp,37.02,35.7733,5337.07,5.93729e+08
2020-06-11 11:00:00,Qf4GUc1pJu5T6c6,602.953,590.787,1334.07,8.38622e+08
2020-05-27 13:15:00,PeE6FRyGXUgsRhN,0,0,1887,1.34843e+09
2020-05-21 11:00:00,LlT2YUhhzqhg5Sw,506.813,495.167,2492.2,2.82634e+08
2020-06-06 12:00:00,IQ2d7wF4YD8zU1Q,937.971,916.1,4125.93,2.01145e+07
2020-06-05 04:15:00,xMbIugepa2P7lBB,0,0,6899,1.06815e+08
2020-05-23 08:45:00,Et9kgGMDl729KT4,686.85,672.707,828.929,1.73995e+06
2020-06-01 19:15:00,LYwnQax7tkwH5Cb,0,0,3970,1.79505e+09
2020-05-21 00:00:00,oZ35aAeoifZaQzV,0,0,634.067,1.66001e+09
2020-05-28 14:45:00,9kRcWv60rDACzjR,929.6,908.929,6677.36,2.08726e+09
2020-06-05 23:15:00,Qf4GUc1pJu5T6c6,0,0,7599,8.38582e+08
2020-05-30 05:15:00,Et9kgGMDl729KT4,0,0,0,1.7833e+06
2020-05-18 19:45:00,xoJJ8DcxJEcupym,0,0,4243,2.0916e+08
2020-05-19 18:45:00,xMbIugepa2P7lBB,0,0,6752,1.06695e+08
2020-06-02 18:45:00,Quc1TzYxW2pYoWX,0.526667,0.506667,4962,3.29593e+08
2020-05-18 07:00:00,rrq4fwE8jgrTyWY,3.09333,2.97333,0.266667,1.20982e+08
2020-05-25 08:15:00,Quc1TzYxW2pYoWX,454.54,446.04,461.333,3.29549e+08
2020-06-12 11:45:00,WcxssY2VbP4hApt,622.26,609.14,1826.93,1.81879e+08
2020-05-30 20:45:00,NgDl19wMapZy17u,0,0,7983,1.11638e+08
2020-06-06 08:30:00,q49J1IKaHRwDQnt,699.407,684.807,526.214,465392
2020-06-12 13:00:00,Mx2yZCDsyf6DPfv,121.147,118.693,509.8,887400
2020-05-29 02:15:00,Mx2yZCDsyf6DPfv,0,0,0,2.5625e+06
2020-06-05 23:00:00,9kRcWv60rDACzjR,0,0,3354,2.24786e+09
2020-05-26 22:30:00,LYwnQax7tkwH5Cb,0,0,3874,1.79502e+09
2020-05-18 09:00:00,4UPUqMRk7TRMgml,613.629,601.214,464.571,2.4457e+06
2020-06-15 09:30:00,IQ2d7wF4YD8zU1Q,514.927,504.967,1446.73,2.01704e+07
2020-06-13 06:30:00,PeE6FRyGXUgsRhN,73.5667,71.3133,14.2667,1.34852e+09
2020-06-14 00:00:00,mqwcsP2rE7J0TFp,0,0,792.133,5.93793e+08
2020-06-04 07:30:00,V94E5Ben1TlhnDV,249.32,244.487,180.667,1.41223e+09
2020-06-17 05:30:00,9kRcWv60rDACzjR,0,0,0,2.24791e+09
2020-05-15 17:00:00,Quc1TzYxW2pYoWX,247.4,242.664,4137.79,3.29513e+08
2020-05-19 11:45:00,NgDl19wMapZy17u,1307.48,1274.78,2929.33,1.11547e+08
2020-06-07 21:45:00,Et9kgGMDl729KT4,0,0,2554,1.81878e+06
2020-06-16 02:15:00,xoJJ8DcxJEcupym,0,0,6083,2.09326e+08
2020-05-18 16:00:00,xoJJ8DcxJEcupym,520.914,510.636,3755.93,2.0916e+08
2020-06-11 15:30:00,IQ2d7wF4YD8zU1Q,351.727,345.407,3444.6,2.0153e+07
2020-06-10 04:15:00,oZ35aAeoifZaQzV,0,0,8094,1.66016e+09
2020-05-19 21:30:00,PeE6FRyGXUgsRhN,0,0,1942,1.34838e+09
2020-05-20 13:00:00,oZZkBaNadn6DNKz,0,0,1647,1.70811e+09
2020-05-27 03:45:00,Qf4GUc1pJu5T6c6,0,0,0,8.38514e+08
2020-05-18 17:30:00,IQ2d7wF4YD8zU1Q,130.88,127.433,7760.27,1.99741e+07
2020-05-21 11:30:00,PeE6FRyGXUgsRhN,0,0,1574,1.34838e+09
2020-05-26 08:15:00,4UPUqMRk7TRMgml,628.593,615.833,597.333,2.50742e+06
2020-06-05 01:00:00,Quc1TzYxW2pYoWX,0,0,5261,3.29602e+08
2020-05-27 00:30:00,PeE6FRyGXUgsRhN,0,0,0,1.34843e+09
2020-06-15 15:00:00,vOuJvMaM2sgwLmb,461.687,452.953,5312.33,2.41687e+06
2020-05-27 06:30:00,vOuJvMaM2sgwLmb,81.9214,79.5286,22.1429,2.29657e+06
2020-05-17 21:00:00,Quc1TzYxW2pYoWX,0,0,3548,3.29523e+08
2020-06-09 18:00:00,V94E5Ben1TlhnDV,81.4,78.9714,7774.79,1.41226e+09
2020-06-04 13:15:00,4UPUqMRk7TRMgml,1222.47,1192.87,4824,2.57524e+06
2020-05-25 01:15:00,Quc1TzYxW2pYoWX,0,0,4816,3.29548e+08
2020-05-31 22:15:00,Qf4GUc1pJu5T6c6,0,0,6606,8.3855e+08
2020-06-05 18:15:00,WcxssY2VbP4hApt,41.1143,39.7429,3437.86,1.81851e+08
2020-06-11 12:00:00,WcxssY2VbP4hApt,0,0,0,0
2020-05-20 21:30:00,Qf4GUc1pJu5T6c6,0,0,9474,8.38462e+08
2020-05-19 20:15:00,4UPUqMRk7TRMgml,0,0,1969,2.45484e+06
2020-05-15 17:00:00,9kRcWv60rDACzjR,298.033,292.707,9121.4,2.24773e+09
2020-05-25 09:45:00,PeE6FRyGXUgsRhN,970.733,949.327,1695.47,1.34841e+09
2020-06-10 02:45:00,mqwcsP2rE7J0TFp,0,0,0,5.93776e+08
2020-05-30 23:00:00,NgDl19wMapZy17u,0,0,7983,1.11638e+08
2020-06-07 20:00:00,NgDl19wMapZy17u,0,0,7778,1.11691e+08
2020-05-25 18:00:00,Qf4GUc1pJu5T6c6,13.54,13.0667,9155.07,8.38504e+08
2020-05-17 12:15:00,xMbIugepa2P7lBB,818.153,800.747,3642.27,1.06677e+08
2020-06-05 06:15:00,Qf4GUc1pJu5T6c6,32.4667,31.3667,3.53333,8.38575e+08
2020-06-11 07:15:00,4UPUqMRk7TRMgml,154.04,150.493,51.7333,2.62434e+06
2020-06-15 06:00:00,xoJJ8DcxJEcupym,11.7467,11.3333,7269.2,2.0932e+08
2020-05-24 00:00:00,Mx2yZCDsyf6DPfv,0,0,6206.79,2.52603e+06
2020-06-12 06:00:00,PeE6FRyGXUgsRhN,0.886667,0.853333,2811.6,1.34852e+09
2020-06-14 14:30:00,Mx2yZCDsyf6DPfv,430.057,421.529,1741.21,2.66918e+06
2020-06-02 18:15:00,81aHJ1q11NBPMrL,80.64,78.24,3864.93,1.2154e+09
2020-05-26 03:45:00,9kRcWv60rDACzjR,0,0,0,2.2478e+09
2020-05-19 02:45:00,NgDl19wMapZy17u,0,0,0,1.11545e+08
2020-06-08 14:45:00,81aHJ1q11NBPMrL,1138.83,1110.97,7221.6,1.21543e+09
2020-05-17 05:00:00,9kRcWv60rDACzjR,0,0,0,2.24774e+09
2020-05-25 10:15:00,V94E5Ben1TlhnDV,1091.33,1066.55,2264.47,1.41216e+09
2020-06-01 02:45:00,Qf4GUc1pJu5T6c6,0,0,0,8.3855e+08
2020-06-06 18:15:00,4UPUqMRk7TRMgml,57.1667,55.34,8362.13,2.59352e+06
2020-05-27 11:30:00,81aHJ1q11NBPMrL,0,0,0,0
2020-05-31 18:00:00,IQ2d7wF4YD8zU1Q,51.96,50.2667,6650.67,2.0078e+07
2020-06-16 08:00:00,oZ35aAeoifZaQzV,373.98,367.54,334.133,1.66018e+09
2020-05-27 23:30:00,WcxssY2VbP4hApt,0,0,4247,1.81798e+08
2020-06-09 21:30:00,LYwnQax7tkwH5Cb,0,0,3308,1.79508e+09
2020-06-12 17:15:00,mqwcsP2rE7J0TFp,254.027,249.127,4618.67,5.93787e+08
2020-06-07 11:30:00,Qf4GUc1pJu5T6c6,917.947,896.767,3128.27,8.38594e+08
2020-06-07 14:30:00,Quc1TzYxW2pYoWX,856,837.44,1453.87,3.2961e+08
2020-06-03 03:00:00,xoJJ8DcxJEcupym,0,0,0,2.0925e+08
2020-06-01 10:30:00,oZ35aAeoifZaQzV,926.747,905.747,2286.73,1.6601e+09
2020-06-11 23:30:00,Et9kgGMDl729KT4,0,0,3299,1.83162e+06
2020-06-02 08:15:00,Et9kgGMDl729KT4,511.36,501.3,565.4,1.79947e+06
2020-06-03 20:15:00,9kRcWv60rDACzjR,0,0,4339,2.24785e+09
2020-06-15 22:00:00,xMbIugepa2P7lBB,0,0,6200,1.06887e+08
2020-05-21 18:00:00,4UPUqMRk7TRMgml,76.9733,74.6533,9129.67,2.47339e+06
2020-05-19 05:00:00,Mx2yZCDsyf6DPfv,0,0,0,2.48137e+06
2020-05-15 03:00:00,xoJJ8DcxJEcupym,0,0,0,2.09144e+08
2020-06-08 02:15:00,Qf4GUc1pJu5T6c6,0,0,7718,8.38598e+08
2020-06-06 04:45:00,Quc1TzYxW2pYoWX,0,0,3779,3.29606e+08
2020-05-31 10:45:00,q49J1IKaHRwDQnt,927.653,906.38,2025.73,439978
2020-05-22 10:00:00,LlT2YUhhzqhg5Sw,1102.26,1077.18,2149.47,2.82639e+08
2020-06-05 22:45:00,PeE6FRyGXUgsRhN,0,0,7333,1.34849e+09
2020-05-29 07:30:00,q49J1IKaHRwDQnt,194.973,191.133,166.733,422889
2020-06-15 01:15:00,oZ35aAeoifZaQzV,0,0,3347,1.66018e+09
2020-05-21 07:00:00,LlT2YUhhzqhg5Sw,175.34,171.873,85.9333,2.82632e+08
2020-06-12 17:45:00,WcxssY2VbP4hApt,105.507,102.52,4754,1.81882e+08
2020-06-08 08:15:00,oZZkBaNadn6DNKz,487.213,477.48,632.267,1.70823e+09
2020-06-06 17:45:00,mqwcsP2rE7J0TFp,161.7,158.047,8291.53,5.93751e+08
2020-05-30 05:45:00,LYwnQax7tkwH5Cb,0,0,0,1.79503e+09
2020-05-31 01:45:00,xoJJ8DcxJEcupym,0,0,0,2.09233e+08
2020-05-30 22:15:00,vOuJvMaM2sgwLmb,0,0,6591,2.32669e+06
2020-06-03 18:00:00,NgDl19wMapZy17u,76.9533,74.64,5267.6,1.11661e+08
2020-06-06 20:45:00,9kRcWv60rDACzjR,0,0,8190,2.24787e+09
2020-05-22 17:15:00,oZ35aAeoifZaQzV,289.08,283.767,9732.2,1.66003e+09
2020-06-13 06:45:00,vOuJvMaM2sgwLmb,114.007,111.043,40.2857,2.39776e+06
2020-05-26 20:00:00,81aHJ1q11NBPMrL,0,0,0,0
2020-05-31 22:30:00,xoJJ8DcxJEcupym,0,0,6486,2.0924e+08
2020-05-16 10:45:00,q49J1IKaHRwDQnt,0,0,1816,350835
2020-05-30 23:15:00,oZZkBaNadn6DNKz,0,0,3689,1.70819e+09
2020-06-01 02:15:00,LYwnQax7tkwH5Cb,0,0,0,1.79505e+09
2020-05-18 22:15:00,WcxssY2VbP4hApt,0,0,7740,1.81728e+08
2020-05-25 22:45:00,Mx2yZCDsyf6DPfv,0,0,9167,2.54016e+06
2020-05-31 01:30:00,WcxssY2VbP4hApt,0,0,0,0
2020-06-13 23:30:00,Quc1TzYxW2pYoWX,0,0,5477,3.29633e+08
2020-06-06 03:30:00,Quc1TzYxW2pYoWX,0,0,3779,3.29606e+08
2020-05-27 17:30:00,xoJJ8DcxJEcupym,188.379,184.671,3223.29,2.09214e+08
2020-05-25 17:45:00,Et9kgGMDl729KT4,22.4867,21.7333,6944.8,1.75408e+06
2020-05-16 00:00:00,Quc1TzYxW2pYoWX,0,0,4239,3.29513e+08
2020-05-15 02:00:00,LlT2YUhhzqhg5Sw,0,0,0,2.82593e+08
2020-06-02 05:00:00,PeE6FRyGXUgsRhN,0,0,0,1.34846e+09
2020-06-12 09:00:00,IQ2d7wF4YD8zU1Q,458.167,449.547,516.8,2.0154e+07
2020-05-23 13:15:00,WcxssY2VbP4hApt,1230.63,1199.86,6140,1.81762e+08
2020-05-15 11:45:00,mqwcsP2rE7J0TFp,1248.38,1217.15,4371.53,5.93584e+08
2020-06-09 10:00:00,WcxssY2VbP4hApt,670.079,653.721,1981.29,1.81867e+08
2020-05-31 16:00:00,mqwcsP2rE7J0TFp,231.587,227.067,6278.13,5.93712e+08
2020-05-30 22:30:00,V94E5Ben1TlhnDV,0,0,5288,1.41221e+09
2020-05-19 21:00:00,Qf4GUc1pJu5T6c6,0,0,1909,8.38453e+08
2020-05-17 04:45:00,LYwnQax7tkwH5Cb,0,0,0,1.79497e+09
2020-05-30 17:30:00,4UPUqMRk7TRMgml,226.336,221.936,8092.64,2.54577e+06
2020-05-29 14:15:00,rrq4fwE8jgrTyWY,785.147,768.593,5539,1.21045e+08
2020-05-23 04:00:00,oZZkBaNadn6DNKz,0,0,0,1.70813e+09
2020-05-20 10:15:00,q49J1IKaHRwDQnt,0,0,2033,367298
2020-05-27 00:45:00,Mx2yZCDsyf6DPfv,0,0,0,2.54933e+06
2020-06-09 17:00:00,NgDl19wMapZy17u,280.867,275.48,7860.13,1.11708e+08
2020-06-15 16:30:00,oZZkBaNadn6DNKz,381.247,374.38,2445.93,1.70828e+09
2020-05-31 16:30:00,vOuJvMaM2sgwLmb,194.153,190.347,6362.67,2.33305e+06
2020-05-25 12:00:00,LYwnQax7tkwH5Cb,0,0,2901,1.79501e+09
2020-06-17 00:45:00,Mx2yZCDsyf6DPfv,0,0,0,2.67891e+06
2020-05-23 08:45:00,LYwnQax7tkwH5Cb,773.453,757.187,937.067,1.795e+09
2020-06-17 13:00:00,LYwnQax7tkwH5Cb,706.267,691.64,2285,1.79511e+09
2020-06-01 18:15:00,Quc1TzYxW2pYoWX,0,0,3649,3.29588e+08
2020-06-06 12:15:00,LlT2YUhhzqhg5Sw,0,0,3443,2.82734e+08
2020-05-30 14:15:00,IQ2d7wF4YD8zU1Q,1118.55,1093.02,5828.2,2.0069e+07
2020-05-15 21:45:00,PeE6FRyGXUgsRhN,0,0,9119,1.34836e+09
2020-06-06 05:45:00,9kRcWv60rDACzjR,0,0,0,2.24786e+09
2020-05-25 23:00:00,81aHJ1q11NBPMrL,0,0,8860,1.21535e+09
2020-06-05 10:30:00,xMbIugepa2P7lBB,1300.89,1268.53,2442.2,1.06818e+08
2020-05-31 22:00:00,4UPUqMRk7TRMgml,0,0,6692,2.55256e+06
2020-06-17 16:15:00,q49J1IKaHRwDQnt,297.56,292.067,3870.8,520472
2020-06-07 23:15:00,oZ35aAeoifZaQzV,0,0,7860,1.66014e+09
2020-06-07 19:15:00,LlT2YUhhzqhg5Sw,0,0,7771,2.82743e+08
2020-05-18 17:00:00,vOuJvMaM2sgwLmb,256.753,251.84,5090.4,2.23688e+06
2020-06-13 22:45:00,LYwnQax7tkwH5Cb,0,0,6213,1.79509e+09
2020-05-23 18:00:00,V94E5Ben1TlhnDV,79.7267,77.34,9464.53,1.41215e+09
2020-06-03 02:15:00,Quc1TzYxW2pYoWX,0,0,4962,3.29593e+08
2020-06-06 01:00:00,NgDl19wMapZy17u,0,0,7629,1.11675e+08
2020-06-05 05:15:00,81aHJ1q11NBPMrL,0,0,0,1.21541e+09
2020-06-16 02:30:00,xoJJ8DcxJEcupym,0,0,6083,2.09326e+08
2020-05-17 12:00:00,Mx2yZCDsyf6DPfv,765.78,749.687,3479.07,2.47073e+06
2020-05-15 18:30:00,LYwnQax7tkwH5Cb,3.03333,2.92667,8458,1.79497e+09
2020-06-02 09:00:00,LlT2YUhhzqhg5Sw,673.887,660.04,1060.33,2.82717e+08
2020-05-30 20:15:00,oZ35aAeoifZaQzV,0,0,8253,1.66009e+09
2020-06-12 21:45:00,Qf4GUc1pJu5T6c6,0,0,4455,8.38629e+08
2020-05-29 03:00:00,LlT2YUhhzqhg5Sw,0,0,0,2.82691e+08
2020-05-26 04:30:00,4UPUqMRk7TRMgml,0,0,0,2.50682e+06
2020-06-09 07:00:00,oZ35aAeoifZaQzV,251.573,246.833,94.9333,1.66015e+09
2020-06-15 09:45:00,vOuJvMaM2sgwLmb,779.627,761.987,1589.07,2.41315e+06
2020-05-25 16:00:00,vOuJvMaM2sgwLmb,702.087,687.427,8495.2,2.2867e+06
2020-06-08 17:45:00,vOuJvMaM2sgwLmb,216.743,212.514,8900.07,2.37559e+06
2020-05-17 17:00:00,xMbIugepa2P7lBB,130.707,127.46,6907.93,1.06681e+08
2020-06-09 20:00:00,mqwcsP2rE7J0TFp,0,0,8040,5.93776e+08
2020-05-21 01:30:00,81aHJ1q11NBPMrL,0,0,0,1.21531e+09
2020-06-05 12:45:00,Et9kgGMDl729KT4,0,0,1041,1.81221e+06
2020-05-15 20:30:00,Quc1TzYxW2pYoWX,0,0,4239,3.29513e+08
2020-06-06 05:00:00,rrq4fwE8jgrTyWY,0,0,2964,1.21082e+08
2020-05-29 10:30:00,vOuJvMaM2sgwLmb,0,0,1199,2.31622e+06
2020-06-08 00:15:00,LlT2YUhhzqhg5Sw,0,0,7771,2.82743e+08
2020-05-26 19:30:00,Qf4GUc1pJu5T6c6,0,0,0,8.38514e+08
2020-06-14 08:45:00,oZ35aAeoifZaQzV,441.76,433.553,812.067,1.66017e+09
2020-06-07 20:15:00,LlT2YUhhzqhg5Sw,0,0,7771,2.82743e+08
2020-06-06 01:45:00,WcxssY2VbP4hApt,0,0,3448,1.81851e+08
2020-06-08 12:30:00,oZZkBaNadn6DNKz,1316.1,1283.58,4670.6,1.70824e+09
2020-06-09 06:15:00,vOuJvMaM2sgwLmb,44.1643,42.7143,7.92857,2.37569e+06
2020-06-05 02:15:00,LYwnQax7tkwH5Cb,0,0,2885,1.79506e+09
2020-05-15 17:30:00,q49J1IKaHRwDQnt,92.9333,90.3267,9066.8,348990
2020-06-06 11:30:00,rrq4fwE8jgrTyWY,0,0,1063,1.21084e+08
2020-06-13 11:00:00,vOuJvMaM2sgwLmb,533.633,520.68,666.867,1.59942e+06
2020-06-14 00:30:00,WcxssY2VbP4hApt,0,0,6435,1.81888e+08
2020-05-22 12:45:00,81aHJ1q11NBPMrL,0,0,1605,1.21532e+09
2020-06-15 11:45:00,rrq4fwE8jgrTyWY,0,0,2112,1.21121e+08
2020-06-16 21:15:00,LlT2YUhhzqhg5Sw,0,0,5357,2.82785e+08
2020-06-17 10:15:00,xMbIugepa2P7lBB,462.086,453.493,855.286,1.06893e+08
2020-05-21 19:30:00,Et9kgGMDl729KT4,0,0,6646,1.73554e+06
2020-06-14 23:00:00,Mx2yZCDsyf6DPfv,0,0,3304,2.67074e+06
2020-05-18 16:30:00,xMbIugepa2P7lBB,402.993,395.693,7396.13,1.06688e+08
2020-05-15 05:15:00,Mx2yZCDsyf6DPfv,0,0,0,2.45365e+06
2020-06-08 03:15:00,4UPUqMRk7TRMgml,0,0,7826,2.60136e+06
2020-05-15 00:15:00,WcxssY2VbP4hApt,0,0,0,1.81695e+08
2020-05-30 14:45:00,PeE6FRyGXUgsRhN,910.9,890.773,2147.8,1.25855e+09
2020-05-16 07:30:00,Quc1TzYxW2pYoWX,326.707,321.12,177.533,3.29514e+08
2020-06-03 17:00:00,LlT2YUhhzqhg5Sw,235.964,231.429,4114.57,2.82724e+08
2020-06-03 04:45:00,4UPUqMRk7TRMgml,0,0,0,2.5643e+06
2020-05-29 20:00:00,NgDl19wMapZy17u,0,0,8027,1.1163e+08
2020-06-15 16:45:00,LYwnQax7tkwH5Cb,384,377.32,5367,1.79511e+09
2020-05-22 04:30:00,LlT2YUhhzqhg5Sw,0,0,0,2.82637e+08
2020-06-17 22:15:00,oZZkBaNadn6DNKz,0,0,4389,1.70829e+09
2020-06-12 19:45:00,Quc1TzYxW2pYoWX,0,0,3668,3.29628e+08
2020-05-16 01:15:00,Qf4GUc1pJu5T6c6,0,0,0,8.38428e+08
2020-05-31 16:30:00,LYwnQax7tkwH5Cb,182.833,179.213,6088.47,1.79505e+09
2020-06-09 09:30:00,Qf4GUc1pJu5T6c6,833.66,814.9,1663.93,8.38609e+08
2020-06-11 16:15:00,vOuJvMaM2sgwLmb,178.813,175.28,3701,2.39273e+06
2020-05-15 07:15:00,LlT2YUhhzqhg5Sw,380.887,374.313,185.467,2.82593e+08
2020-06-14 14:15:00,Quc1TzYxW2pYoWX,162.607,159.607,978.4,3.29635e+08
2020-05-28 10:45:00,rrq4fwE8jgrTyWY,0,0,1645,1.21038e+08
2020-05-30 21:30:00,Et9kgGMDl729KT4,0,0,5509,1.78881e+06
2020-05-17 18:30:00,LYwnQax7tkwH5Cb,6.80714,6.56429,5518.5,1.79498e+09
2020-06-16 12:00:00,oZZkBaNadn6DNKz,810.167,792.88,2924.67,1.70828e+09
2020-06-12 06:45:00,9kRcWv60rDACzjR,96.6467,93.8867,26.6,2.24789e+09
2020-06-02 05:15:00,PeE6FRyGXUgsRhN,0,0,0,1.34846e+09
2020-05-24 13:15:00,Qf4GUc1pJu5T6c6,0,0,2354,8.38493e+08
2020-06-14 02:00:00,rrq4fwE8jgrTyWY,0,0,6127,1.21111e+08
2020-05-16 15:30:00,Mx2yZCDsyf6DPfv,597.557,585.471,5334.57,2.46678e+06
2020-06-06 12:45:00,xoJJ8DcxJEcupym,0,0,902,2.09268e+08
2020-05-30 10:15:00,NgDl19wMapZy17u,693.673,679.347,1324.87,1.11632e+08
2020-05-29 00:30:00,oZ35aAeoifZaQzV,0,0,0,1.66007e+09
2020-06-14 23:15:00,rrq4fwE8jgrTyWY,0,0,7271,1.21119e+08
2020-06-13 22:15:00,mqwcsP2rE7J0TFp,0,0,5941,5.93793e+08
2020-06-11 20:15:00,81aHJ1q11NBPMrL,0,0,3902,1.21545e+09
2020-05-24 18:00:00,9kRcWv60rDACzjR,75.9333,73.6333,9063.33,2.24779e+09
2020-05-23 18:00:00,Qf4GUc1pJu5T6c6,77.5667,75.22,9576.67,8.38491e+08
2020-05-21 16:00:00,81aHJ1q11NBPMrL,645.371,632.214,7857.64,1.21531e+09
2020-05-22 14:30:00,Et9kgGMDl729KT4,946.8,926.027,1772.4,1.73731e+06
2020-05-29 22:45:00,Mx2yZCDsyf6DPfv,0,0,7690.67,2.39936e+06
2020-05-23 12:30:00,LlT2YUhhzqhg5Sw,0,0,1617,2.82644e+08
2020-06-14 20:15:00,oZ35aAeoifZaQzV,0,0,3347,1.66018e+09
2020-06-08 11:45:00,mqwcsP2rE7J0TFp,958.127,935.573,3828,5.93762e+08
2020-05-22 01:00:00,q49J1IKaHRwDQnt,0,0,4844,374171
2020-06-09 00:30:00,Mx2yZCDsyf6DPfv,0,0,9179,2.64211e+06
2020-06-15 18:00:00,81aHJ1q11NBPMrL,94.6929,91.9714,6271.14,1.21548e+09
2020-05-19 18:00:00,xoJJ8DcxJEcupym,0,0,6155,2.09166e+08
2020-06-11 08:00:00,LlT2YUhhzqhg5Sw,104.073,101.16,149.333,2.82755e+08
2020-05-15 12:00:00,V94E5Ben1TlhnDV,1238.74,1207.79,4620.93,1.41209e+09
2020-05-25 13:00:00,WcxssY2VbP4hApt,1265.51,1233.87,5584.27,1.81781e+08
2020-06-16 09:30:00,PeE6FRyGXUgsRhN,556.087,545.02,990.667,1.34854e+09
2020-05-24 23:30:00,vOuJvMaM2sgwLmb,0,0,3276,2.27821e+06
2020-06-17 20:30:00,LlT2YUhhzqhg5Sw,0,0,4121,2.82789e+08
2020-06-03 11:45:00,9kRcWv60rDACzjR,0,0,1694,2.24785e+09
2020-06-14 23:30:00,IQ2d7wF4YD8zU1Q,0,0,7301,2.01689e+07
2020-06-15 15:45:00,Mx2yZCDsyf6DPfv,205.02,200.82,2048.13,2.67279e+06
2020-06-11 10:45:00,oZZkBaNadn6DNKz,583.713,572.007,1194.8,1.70826e+09
2020-05-18 03:45:00,LlT2YUhhzqhg5Sw,0,0,0,2.82616e+08
2020-06-06 01:30:00,LYwnQax7tkwH5Cb,0,0,2878,1.79507e+09
2020-05-21 06:30:00,vOuJvMaM2sgwLmb,90.02,87.42,24.1333,2.25315e+06
2020-05-23 08:45:00,Mx2yZCDsyf6DPfv,815.327,797.987,984,2.51736e+06
2020-05-16 06:00:00,Mx2yZCDsyf6DPfv,13.9714,13.4786,1.07143,2.46145e+06
2020-06-09 19:00:00,9kRcWv60rDACzjR,0,0,3803,2.24788e+09
2020-05-31 20:00:00,xMbIugepa2P7lBB,0,0,6524,1.06791e+08
2020-05-23 14:00:00,9kRcWv60rDACzjR,0,0,2390,2.24778e+09
2020-06-14 06:00:00,LlT2YUhhzqhg5Sw,14.6786,14.1929,0.642857,2.82766e+08
2020-05-15 19:15:00,oZZkBaNadn6DNKz,0,0,5396,1.70809e+09
2020-05-20 08:15:00,9kRcWv60rDACzjR,532.74,522.28,546.4,2.24776e+09
2020-05-15 14:45:00,xoJJ8DcxJEcupym,0,0,1735,2.09145e+08
2020-05-22 11:15:00,xoJJ8DcxJEcupym,0,0,2091,2.09175e+08
2020-05-26 15:45:00,Mx2yZCDsyf6DPfv,764.62,748.547,8324.07,2.54848e+06
2020-06-13 22:15:00,PeE6FRyGXUgsRhN,0,0,6515,1.34853e+09
2020-06-01 08:00:00,xMbIugepa2P7lBB,228.987,224.54,276.667,1.06791e+08
2020-06-05 11:30:00,Quc1TzYxW2pYoWX,0,0,918.867,3.29603e+08
2020-05-22 03:15:00,Quc1TzYxW2pYoWX,0,0,4896,3.29536e+08
2020-06-07 06:00:00,mqwcsP2rE7J0TFp,15.0533,14.52,1.4,5.93751e+08
2020-05-22 12:15:00,Mx2yZCDsyf6DPfv,1304.28,1271.67,4948.71,2.51152e+06
2020-06-02 00:45:00,WcxssY2VbP4hApt,0,0,0,1.81834e+08
2020-05-25 13:30:00,Qf4GUc1pJu5T6c6,1215.17,1184.8,6218,8.38502e+08
2020-05-26 13:45:00,q49J1IKaHRwDQnt,0,0,1870,403697
2020-05-27 16:15:00,Et9kgGMDl729KT4,540.064,529.364,8116.86,1.77049e+06
2020-05-18 07:00:00,PeE6FRyGXUgsRhN,0.713333,0.686667,0,1.34837e+09
2020-06-04 04:00:00,NgDl19wMapZy17u,0,0,0,1.11661e+08
2020-05-25 07:45:00,LYwnQax7tkwH5Cb,415.793,408.467,325.667,1.79501e+09
2020-05-28 09:30:00,Quc1TzYxW2pYoWX,808.24,791.093,1279.67,3.29567e+08
2020-05-30 21:00:00,V94E5Ben1TlhnDV,0,0,5288,1.41221e+09
2020-06-08 12:00:00,oZ35aAeoifZaQzV,0,0,2457,1.66015e+09
2020-06-02 10:45:00,vOuJvMaM2sgwLmb,745.413,729.16,2192.73,2.33967e+06
2020-05-31 20:30:00,rrq4fwE8jgrTyWY,0,0,6256,1.21061e+08
2020-05-23 12:45:00,4UPUqMRk7TRMgml,1272.08,1240.27,5592.36,2.48887e+06
2020-06-03 09:00:00,q49J1IKaHRwDQnt,716.787,701.633,812.267,452686
2020-05-31 09:15:00,9kRcWv60rDACzjR,598.587,586.533,791.333,2.24783e+09
2020-05-24 02:15:00,WcxssY2VbP4hApt,0,0,0,1.81766e+08
2020-05-29 03:00:00,Et9kgGMDl729KT4,0,0,0,1.779e+06
2020-05-24 11:30:00,rrq4fwE8jgrTyWY,0,0,1585,1.21015e+08
2020-05-23 02:00:00,q49J1IKaHRwDQnt,0,0,9333,383504
2020-05-19 18:15:00,Quc1TzYxW2pYoWX,0,0,2229,3.29528e+08
2020-05-28 17:15:00,81aHJ1q11NBPMrL,263.169,258.092,8791.69,1.21537e+09
2020-05-19 15:45:00,mqwcsP2rE7J0TFp,94.3571,91.9429,6623.29,5.93619e+08
2020-05-15 04:30:00,Et9kgGMDl729KT4,0,0,0,1.70425e+06
2020-06-03 04:30:00,81aHJ1q11NBPMrL,0,0,0,1.2154e+09
2020-05-24 12:00:00,Mx2yZCDsyf6DPfv,0,0,3346,2.52938e+06
2020-05-19 14:30:00,xMbIugepa2P7lBB,865.713,846.92,6129.27,1.06695e+08
2020-06-08 01:15:00,xMbIugepa2P7lBB,0,0,7775,1.06839e+08
2020-05-24 10:45:00,LlT2YUhhzqhg5Sw,1164.31,1135.59,2806.8,2.82649e+08
2020-06-12 03:45:00,Et9kgGMDl729KT4,0,0,3299,1.83162e+06
2020-05-28 02:30:00,xoJJ8DcxJEcupym,0,0,0,2.09214e+08
2020-05-29 23:00:00,Qf4GUc1pJu5T6c6,0,0,8165,8.38535e+08
2020-06-15 03:30:00,Qf4GUc1pJu5T6c6,0,0,2107,8.38635e+08
2020-05-19 13:15:00,mqwcsP2rE7J0TFp,1283.89,1251.99,4752.53,5.93617e+08
2020-06-13 08:45:00,mqwcsP2rE7J0TFp,569.114,557.8,660.357,5.93788e+08
2020-06-06 22:15:00,Quc1TzYxW2pYoWX,0,0,3413,3.29609e+08
2020-05-17 21:15:00,Et9kgGMDl729KT4,0,0,4603,1.71949e+06
2020-05-23 12:30:00,WcxssY2VbP4hApt,923.743,900.621,3759.29,1.2983e+08
2020-06-14 01:30:00,9kRcWv60rDACzjR,0,0,0,2.24789e+09
2020-05-28 07:30:00,81aHJ1q11NBPMrL,373.493,367.057,198,1.21536e+09
2020-05-29 22:30:00,xMbIugepa2P7lBB,0,0,8095,1.06776e+08
2020-05-26 07:45:00,Mx2yZCDsyf6DPfv,445.436,437.271,332.357,2.54049e+06
2020-06-11 19:30:00,xoJJ8DcxJEcupym,0,0,3941,2.09301e+08
2020-05-24 03:30:00,LYwnQax7tkwH5Cb,0,0,0,1.795e+09
2020-05-27 17:45:00,PeE6FRyGXUgsRhN,137.087,133.553,3793.27,1.34843e+09
2020-06-03 22:15:00,9kRcWv60rDACzjR,0,0,4339,2.24785e+09
2020-05-30 15:15:00,9kRcWv60rDACzjR,890.633,871.353,6638.2,2.24783e+09
2020-06-11 01:00:00,PeE6FRyGXUgsRhN,0,0,4003,1.34851e+09
2020-05-25 04:15:00,81aHJ1q11NBPMrL,0,0,0,0
2020-06-13 13:45:00,Mx2yZCDsyf6DPfv,0,0,1629,2.66586e+06
2020-05-28 15:00:00,LlT2YUhhzqhg5Sw,948.12,927.307,7393.13,2.82689e+08
2020-06-01 08:45:00,mqwcsP2rE7J0TFp,740.947,725.447,569.333,5.93713e+08
2020-05-24 22:00:00,oZ35aAeoifZaQzV,0,0,5081,1.66004e+09
2020-06-12 03:45:00,rrq4fwE8jgrTyWY,0,0,3650,1.21101e+08
2020-05-21 14:00:00,4UPUqMRk7TRMgml,1145.36,1118.22,6591.27,2.47086e+06
2020-06-10 15:15:00,81aHJ1q11NBPMrL,304.9,299.429,4974.64,1.21545e+09
2020-06-13 09:00:00,oZ35aAeoifZaQzV,680.264,665.921,829.929,1.66017e+09
2020-06-17 18:00:00,IQ2d7wF4YD8zU1Q,61.3667,59.44,4231.33,2.0185e+07
2020-06-17 12:00:00,WcxssY2VbP4hApt,518.564,508.45,1772.86,1.81909e+08
2020-06-16 12:30:00,Et9kgGMDl729KT4,686.967,672.787,2479.53,1.84802e+06
2020-05-18 14:45:00,Et9kgGMDl729KT4,710.873,695.493,1029.93,1.72052e+06
2020-05-16 06:00:00,xMbIugepa2P7lBB,15.7733,15.2267,1.66667,1.06666e+08
2020-05-18 09:00:00,81aHJ1q11NBPMrL,614.173,601.747,474,1.21529e+09
2020-05-20 12:00:00,WcxssY2VbP4hApt,1293.75,1261.4,4403.93,1.81739e+08
2020-06-13 22:45:00,vOuJvMaM2sgwLmb,0,0,6375,2.4041e+06
2020-05-30 08:00:00,q49J1IKaHRwDQnt,368.693,362.107,234.733,430364
2020-06-05 03:00:00,mqwcsP2rE7J0TFp,0,0,0,5.93735e+08
2020-05-31 06:00:00,xMbIugepa2P7lBB,19.5867,18.92,5396.07,1.06784e+08
2020-05-29 02:45:00,9kRcWv60rDACzjR,0,0,0,2.24782e+09
2020-06-10 23:45:00,xoJJ8DcxJEcupym,0,0,3971,2.09297e+08
2020-05-16 04:30:00,q49J1IKaHRwDQnt,0,0,9096,349019
2020-05-21 02:30:00,WcxssY2VbP4hApt,0,0,0,1.81744e+08
2020-06-07 12:00:00,9kRcWv60rDACzjR,0,0,1049,2.24787e+09
2020-06-04 00:30:00,NgDl19wMapZy17u,0,0,0,1.11661e+08
2020-05-20 21:45:00,PeE6FRyGXUgsRhN,0,0,2707,1.34838e+09
2020-06-16 17:00:00,xMbIugepa2P7lBB,121.927,118.96,5413.93,1.06892e+08
2020-06-13 12:00:00,q49J1IKaHRwDQnt,951.114,929.414,2394.07,493790
2020-05-19 23:45:00,81aHJ1q11NBPMrL,0,0,4965.4,1.2153e+09
2020-05-15 19:45:00,4UPUqMRk7TRMgml,0,0,4201,2.43321e+06
2020-06-17 22:15:00,oZ35aAeoifZaQzV,0,0,4467,1.66019e+09
2020-05-23 23:45:00,WcxssY2VbP4hApt,0,0,5752.8,1.81766e+08
2020-05-16 12:15:00,oZZkBaNadn6DNKz,697.153,682.48,3216.4,1.70809e+09
2020-05-17 13:30:00,IQ2d7wF4YD8zU1Q,597.853,584.573,2576.07,1.59711e+07
2020-06-10 06:00:00,IQ2d7wF4YD8zU1Q,12.5933,12.1667,0.533333,2.0144e+07
2020-06-02 13:45:00,IQ2d7wF4YD8zU1Q,1324.36,1291.59,4746.53,2.0087e+07
2020-06-08 17:30:00,4UPUqMRk7TRMgml,264.053,258.96,9052.47,2.61043e+06
2020-05-19 12:15:00,mqwcsP2rE7J0TFp,1272.87,1241.29,3569.13,5.93616e+08
2020-05-17 18:30:00,q49J1IKaHRwDQnt,6.94286,6.7,5726.93,358279
2020-05-18 10:00:00,Mx2yZCDsyf6DPfv,925.86,905.64,1268.67,2.475e+06
2020-06-05 02:15:00,mqwcsP2rE7J0TFp,0,0,0,5.93735e+08
2020-06-12 07:15:00,rrq4fwE8jgrTyWY,157.967,154.28,85.2,1.21101e+08
2020-06-06 12:15:00,q49J1IKaHRwDQnt,0,0,2290,467156
2020-06-10 13:15:00,IQ2d7wF4YD8zU1Q,823.727,805.673,4208.53,2.01482e+07
2020-06-05 15:00:00,4UPUqMRk7TRMgml,514.16,504.167,6518,2.58392e+06
2020-06-16 20:15:00,IQ2d7wF4YD8zU1Q,0,0,5596,2.01808e+07
2020-05-30 01:15:00,vOuJvMaM2sgwLmb,0,0,0,2.3201e+06
2020-05-20 23:15:00,9kRcWv60rDACzjR,0,0,3994,2.24776e+09
2020-06-09 12:15:00,LYwnQax7tkwH5Cb,0,0,1696,1.79508e+09
2020-06-01 09:45:00,Quc1TzYxW2pYoWX,765.147,748.9,1165.73,3.29585e+08
2020-05-21 02:45:00,rrq4fwE8jgrTyWY,0,0,0,1.20997e+08
2020-06-14 10:15:00,IQ2d7wF4YD8zU1Q,956.247,934.14,1563.8,2.01632e+07
2020-05-28 02:45:00,oZZkBaNadn6DNKz,0,0,0,1.70817e+09
2020-06-15 14:00:00,81aHJ1q11NBPMrL,1029.17,1005.55,4725.67,1.21547e+09
2020-06-04 15:00:00,WcxssY2VbP4hApt,618.067,605.547,2811.6,1.81847e+08
2020-05-23 03:45:00,rrq4fwE8jgrTyWY,0,0,0,1.21011e+08
2020-05-18 17:45:00,4UPUqMRk7TRMgml,6.58667,6.4,7620.87,2.45285e+06
2020-05-18 12:30:00,WcxssY2VbP4hApt,1237.87,1207.15,3800.14,1.81724e+08
2020-06-02 03:45:00,81aHJ1q11NBPMrL,0,0,0,1.2154e+09
2020-05-20 20:00:00,Quc1TzYxW2pYoWX,0,0,2419,3.29531e+08
2020-06-01 10:30:00,V94E5Ben1TlhnDV,940.379,918.971,2266,1.41221e+09
2020-05-15 01:15:00,PeE6FRyGXUgsRhN,0,0,0,1.34835e+09
2020-05-31 03:30:00,Et9kgGMDl729KT4,0,0,0,1.78881e+06
2020-06-17 01:15:00,mqwcsP2rE7J0TFp,0,0,0,5.93811e+08
2020-05-28 12:30:00,WcxssY2VbP4hApt,1221.6,1191.07,4814.93,1.69683e+08
2020-06-13 18:30:00,V94E5Ben1TlhnDV,28.86,27.8667,3611.53,1.41228e+09
2020-06-06 15:30:00,q49J1IKaHRwDQnt,660.427,646.513,2455.13,467321
2020-06-16 06:15:00,4UPUqMRk7TRMgml,38.8071,37.5286,2309.43,2.64385e+06
2020-06-08 10:45:00,9kRcWv60rDACzjR,0,0,1909,2.24787e+09
2020-06-07 21:00:00,xMbIugepa2P7lBB,0,0,7775,1.06839e+08
2020-06-02 22:30:00,mqwcsP2rE7J0TFp,0,0,7177,5.93724e+08
2020-06-01 18:30:00,9kRcWv60rDACzjR,0,0,4163,2.24784e+09
2020-06-10 18:45:00,xMbIugepa2P7lBB,0,0,5523,1.06861e+08
2020-05-19 00:00:00,vOuJvMaM2sgwLmb,0,0,0,2.23704e+06
2020-05-17 12:45:00,rrq4fwE8jgrTyWY,968.6,947.233,2085.53,1.20979e+08
2020-05-17 12:15:00,vOuJvMaM2sgwLmb,837.587,819.427,2808.27,2.22924e+06
2020-05-17 07:45:00,Qf4GUc1pJu5T6c6,360.26,353.807,158.133,8.38436e+08
2020-06-14 20:30:00,LlT2YUhhzqhg5Sw,0,0,7445,2.82773e+08
2020-06-07 08:00:00,mqwcsP2rE7J0TFp,309.187,303.607,282.333,5.93751e+08
2020-06-16 05:30:00,Mx2yZCDsyf6DPfv,0,0,176.2,2.67338e+06
2020-06-03 22:00:00,LYwnQax7tkwH5Cb,0,0,4135,1.79506e+09
2020-06-05 20:30:00,xoJJ8DcxJEcupym,0,0,7368,2.09267e+08
2020-05-15 21:00:00,Quc1TzYxW2pYoWX,0,0,4239,3.29513e+08
2020-05-24 13:45:00,oZ35aAeoifZaQzV,0,0,3456,1.66004e+09
2020-05-19 00:45:00,NgDl19wMapZy17u,0,0,0,1.11545e+08
2020-06-09 22:30:00,rrq4fwE8jgrTyWY,0,0,3378,1.21095e+08
2020-05-28 21:00:00,q49J1IKaHRwDQnt,0,0,7799,422722
2020-06-16 13:00:00,q49J1IKaHRwDQnt,879.833,860.793,3563.87,514889
2020-06-16 21:00:00,xMbIugepa2P7lBB,0,0,5502,1.06892e+08
2020-05-17 14:30:00,81aHJ1q11NBPMrL,432.16,423.093,4372,1.21529e+09
2020-05-15 09:30:00,oZ35aAeoifZaQzV,1034.57,1011.4,1767.53,1.65997e+09
2020-05-19 07:00:00,xMbIugepa2P7lBB,148.913,145.293,79.6,1.06689e+08
2020-06-17 17:45:00,mqwcsP2rE7J0TFp,98.9133,96.1067,4197.33,5.93815e+08
2020-05-25 16:00:00,LYwnQax7tkwH5Cb,667.08,653.427,4418.8,1.79501e+09
2020-06-14 20:00:00,rrq4fwE8jgrTyWY,0,0,7271,1.21119e+08
2020-05-24 15:00:00,81aHJ1q11NBPMrL,913.6,893.707,7638.87,1.21534e+09
2020-06-10 22:00:00,IQ2d7wF4YD8zU1Q,0,0,5627,2.01496e+07
2020-05-31 22:00:00,Mx2yZCDsyf6DPfv,0,0,6639,2.58558e+06
2020-05-19 02:45:00,4UPUqMRk7TRMgml,0,0,0,2.45287e+06
2020-05-18 07:30:00,oZZkBaNadn6DNKz,29.9286,28.8929,8.07143,1.7081e+09
2020-06-16 21:00:00,V94E5Ben1TlhnDV,0,0,5407,1.41229e+09
2020-05-27 22:45:00,vOuJvMaM2sgwLmb,0,0,9330,2.30588e+06
2020-06-14 17:30:00,Mx2yZCDsyf6DPfv,174.747,171.113,3197.4,2.67063e+06
2020-05-28 09:45:00,LYwnQax7tkwH5Cb,193.847,189.567,1665.4,1.79502e+09
2020-05-23 08:15:00,vOuJvMaM2sgwLmb,643.687,630.42,622.667,2.26602e+06
2020-06-13 22:15:00,V94E5Ben1TlhnDV,0,0,3615,1.41228e+09
2020-06-14 13:30:00,PeE6FRyGXUgsRhN,1071.63,1045.75,4856.27,1.34853e+09
2020-05-23 19:15:00,Mx2yZCDsyf6DPfv,0,0,9655,2.52603e+06
2020-06-13 05:00:00,PeE6FRyGXUgsRhN,0,0,4685,1.34852e+09
2020-06-10 19:00:00,4UPUqMRk7TRMgml,0,0,5588,2.62429e+06
2020-06-05 15:45:00,Et9kgGMDl729KT4,373.987,367.567,2007.27,1.81317e+06
2020-06-02 13:45:00,9kRcWv60rDACzjR,1243.31,1212.63,4640.33,2.24785e+09
2020-06-07 20:30:00,V94E5Ben1TlhnDV,0,0,1879,1.41224e+09
2020-06-13 16:00:00,xMbIugepa2P7lBB,450.014,440.807,2193,1.06872e+08
2020-06-04 03:30:00,rrq4fwE8jgrTyWY,0,0,0,1.21073e+08
2020-06-11 22:45:00,oZZkBaNadn6DNKz,0,0,3921,1.70826e+09
2020-06-13 06:15:00,rrq4fwE8jgrTyWY,38.8267,37.52,4.4,1.21105e+08
2020-05-30 13:45:00,WcxssY2VbP4hApt,512.657,499.836,2247.57,7.79231e+07
2020-05-27 08:00:00,xoJJ8DcxJEcupym,501.493,491.66,408.6,2.09211e+08
2020-05-29 20:00:00,LYwnQax7tkwH5Cb,0,0,7826,1.79503e+09
2020-05-17 05:15:00,PeE6FRyGXUgsRhN,0,0,0,1.34836e+09
2020-06-09 19:30:00,81aHJ1q11NBPMrL,0,0,4696,1.21544e+09
2020-06-05 22:15:00,IQ2d7wF4YD8zU1Q,0,0,7779,2.01104e+07
2020-06-03 08:45:00,Et9kgGMDl729KT4,497.94,488.2,631.4,1.80501e+06
2020-06-14 07:45:00,WcxssY2VbP4hApt,480.06,470.66,356.6,1.81888e+08
2020-05-27 07:30:00,4UPUqMRk7TRMgml,336.707,330.993,214.143,2.51654e+06
2020-06-04 05:00:00,81aHJ1q11NBPMrL,0,0,0,1.2154e+09
2020-06-17 02:00:00,Qf4GUc1pJu5T6c6,0,0,0,8.38642e+08
2020-05-15 13:15:00,PeE6FRyGXUgsRhN,1194.05,1164.54,5989.86,1.34836e+09
2020-05-16 00:15:00,WcxssY2VbP4hApt,0,0,0,1.81705e+08
2020-06-12 16:30:00,Mx2yZCDsyf6DPfv,243.353,238.62,4223.93,2.66388e+06
2020-06-07 00:00:00,oZ35aAeoifZaQzV,0,0,8368,1.66013e+09
2020-06-08 03:45:00,vOuJvMaM2sgwLmb,0,0,1910,2.36669e+06
2020-05-29 04:45:00,xoJJ8DcxJEcupym,0,0,0,2.09223e+08
2020-06-10 21:30:00,81aHJ1q11NBPMrL,0,0,5548,1.21545e+09
2020-06-08 07:45:00,q49J1IKaHRwDQnt,508.764,498.8,352.214,471603
2020-06-15 07:30:00,oZ35aAeoifZaQzV,226.18,221.793,200.2,1.66018e+09
2020-06-13 00:00:00,q49J1IKaHRwDQnt,0,0,4641,491396
2020-05-22 16:30:00,4UPUqMRk7TRMgml,555.18,544.14,9417.67,2.48283e+06
2020-06-15 22:30:00,mqwcsP2rE7J0TFp,0,0,6289,5.93805e+08
2020-06-12 05:30:00,PeE6FRyGXUgsRhN,0,0,3834,1.34852e+09
2020-05-24 15:30:00,WcxssY2VbP4hApt,803.433,786.393,8309.53,1.81774e+08
2020-06-10 18:45:00,vOuJvMaM2sgwLmb,0,0,5480,2.38903e+06
2020-06-09 11:00:00,Mx2yZCDsyf6DPfv,921.293,900.086,3042.64,2.64515e+06
2020-05-25 15:30:00,oZZkBaNadn6DNKz,801.936,784.957,8161.07,1.70816e+09
2020-05-24 14:30:00,V94E5Ben1TlhnDV,1024.64,1001.73,7295.13,1.41216e+09
2020-06-08 14:15:00,Et9kgGMDl729KT4,0,0,1069,1.81985e+06
2020-05-15 17:30:00,mqwcsP2rE7J0TFp,92.2786,89.6786,9412.43,5.93589e+08
2020-06-05 15:00:00,IQ2d7wF4YD8zU1Q,506.427,496.613,6555.8,2.01091e+07
2020-05-24 23:45:00,oZZkBaNadn6DNKz,0,0,8050.47,1.70815e+09
2020-05-19 09:30:00,xMbIugepa2P7lBB,334,328.32,1109.4,1.0669e+08
2020-06-16 02:45:00,Et9kgGMDl729KT4,0,0,2199,1.84554e+06
2020-05-23 23:15:00,Quc1TzYxW2pYoWX,0,0,3998,3.29543e+08
2020-05-18 17:15:00,WcxssY2VbP4hApt,197.887,194,7644.53,1.81728e+08
2020-05-26 05:45:00,Qf4GUc1pJu5T6c6,0,0,0,8.38504e+08
2020-05-19 04:15:00,oZ35aAeoifZaQzV,0,0,0,1.65999e+09
2020-06-07 12:30:00,PeE6FRyGXUgsRhN,1287.3,1255.71,4149.13,1.34849e+09
2020-05-17 17:00:00,q49J1IKaHRwDQnt,125.507,122.307,5557,358109
2020-06-07 20:15:00,vOuJvMaM2sgwLmb,0,0,1910,2.36669e+06
2020-05-16 07:45:00,V94E5Ben1TlhnDV,382.773,376.067,319.467,1.41209e+09
2020-06-11 20:00:00,Mx2yZCDsyf6DPfv,0,0,3945,2.65966e+06
2020-05-16 18:30:00,xMbIugepa2P7lBB,0,0,7722,1.06674e+08
2020-05-18 19:30:00,IQ2d7wF4YD8zU1Q,0,0,7818,1.99741e+07
2020-06-09 22:45:00,81aHJ1q11NBPMrL,0,0,4696,1.21544e+09
2020-06-14 20:00:00,oZZkBaNadn6DNKz,0,0,3367,1.70827e+09
2020-05-28 21:00:00,PeE6FRyGXUgsRhN,0,0,8554,1.34844e+09
2020-06-17 00:00:00,xMbIugepa2P7lBB,0,0,5502,1.06892e+08
2020-06-09 13:45:00,xoJJ8DcxJEcupym,833.793,815.74,4638.2,2.0929e+08
2020-06-10 13:00:00,Mx2yZCDsyf6DPfv,627.633,614.433,3955.93,2.65411e+06
2020-06-17 17:15:00,xMbIugepa2P7lBB,140.679,137.107,4115,1.06896e+08
2020-05-20 06:00:00,9kRcWv60rDACzjR,16.6333,16.0533,1.46667,2.24776e+09
2020-05-24 19:15:00,Mx2yZCDsyf6DPfv,0,0,4962,2.53099e+06
2020-05-30 06:00:00,oZZkBaNadn6DNKz,6.86667,6.63333,0.8,1.70819e+09
2020-06-15 22:00:00,Qf4GUc1pJu5T6c6,0,0,2231,8.38637e+08
2020-06-08 13:15:00,LlT2YUhhzqhg5Sw,0,0,1427,2.82744e+08
2020-05-31 19:15:00,Qf4GUc1pJu5T6c6,0,0,6606,8.3855e+08
2020-06-06 05:00:00,4UPUqMRk7TRMgml,0,0,7756,2.58516e+06
2020-05-22 20:45:00,WcxssY2VbP4hApt,0,0,0,0
2020-06-07 21:00:00,WcxssY2VbP4hApt,0,0,1950,1.81862e+08
2020-06-01 05:45:00,9kRcWv60rDACzjR,0,0,0,2.24784e+09
2020-06-11 14:30:00,81aHJ1q11NBPMrL,348.921,342.914,3065.71,1.21545e+09
2020-06-10 22:00:00,WcxssY2VbP4hApt,0,0,3531,1.81873e+08
2020-05-30 11:15:00,xMbIugepa2P7lBB,1282.29,1250.58,2348.4,1.06779e+08
2020-05-15 20:30:00,mqwcsP2rE7J0TFp,0,0,9442,5.93589e+08
2020-05-24 09:15:00,9kRcWv60rDACzjR,881.573,862.513,1299.27,2.24778e+09
2020-05-24 16:00:00,Quc1TzYxW2pYoWX,514.94,504.807,4258.87,3.29548e+08
2020-06-01 09:45:00,Qf4GUc1pJu5T6c6,814.867,796.387,1422.47,8.38552e+08
2020-06-06 20:30:00,Quc1TzYxW2pYoWX,0,0,3413,3.29609e+08
2020-06-13 15:00:00,WcxssY2VbP4hApt,670.66,656.847,5011.47,1.81887e+08
2020-05-26 23:00:00,LYwnQax7tkwH5Cb,0,0,3874,1.79502e+09
2020-06-06 23:30:00,9kRcWv60rDACzjR,0,0,8190,2.24787e+09
2020-05-31 06:30:00,xMbIugepa2P7lBB,103.236,100.314,27.5714,1.06785e+08
2020-05-17 00:30:00,Qf4GUc1pJu5T6c6,0,0,0,8.38436e+08
2020-06-15 07:45:00,vOuJvMaM2sgwLmb,452.3,443.44,276.733,2.41184e+06
2020-06-02 22:00:00,vOuJvMaM2sgwLmb,0,0,3796,2.34127e+06
2020-06-03 07:45:00,xMbIugepa2P7lBB,356.357,349.429,204.643,1.06803e+08
2020-06-17 00:45:00,oZ35aAeoifZaQzV,0,0,0,1.66018e+09
2020-05-15 07:30:00,xoJJ8DcxJEcupym,443.613,435.46,274.067,2.09144e+08
2020-06-08 08:00:00,81aHJ1q11NBPMrL,604.82,592.66,487,1.21543e+09
2020-05-29 06:15:00,Mx2yZCDsyf6DPfv,64.7933,62.7733,11.5333,2.56252e+06
2020-06-11 13:30:00,Qf4GUc1pJu5T6c6,541.12,530.467,2508.07,8.38623e+08
2020-06-03 19:15:00,vOuJvMaM2sgwLmb,0,0,4953,2.34622e+06
2020-06-17 17:30:00,WcxssY2VbP4hApt,139.23,135.91,4257.3,1.81912e+08
2020-05-23 04:30:00,PeE6FRyGXUgsRhN,0,0,0,1.3484e+09
2020-06-01 03:45:00,WcxssY2VbP4hApt,0,0,0,1.8183e+08
2020-05-21 20:00:00,xoJJ8DcxJEcupym,0,0,4501,2.09173e+08
2020-05-30 13:45:00,V94E5Ben1TlhnDV,0,0,3559,1.4122e+09
2020-05-20 18:45:00,81aHJ1q11NBPMrL,0,0,3439,1.21531e+09
2020-05-15 06:45:00,q49J1IKaHRwDQnt,162.887,159.3,41.1333,339964
2020-06-03 10:00:00,Mx2yZCDsyf6DPfv,612.82,600.047,1417,2.59867e+06
2020-06-07 16:45:00,xMbIugepa2P7lBB,195.507,191.66,7438.27,1.06838e+08
2020-05-30 11:00:00,IQ2d7wF4YD8zU1Q,1065.86,1041.06,2125.64,2.00653e+07
2020-06-11 01:30:00,NgDl19wMapZy17u,0,0,2618,1.11711e+08
2020-05-15 19:15:00,xoJJ8DcxJEcupym,0,0,3092,2.09147e+08
2020-06-14 06:00:00,q49J1IKaHRwDQnt,14.4571,13.9571,0.714286,497790
2020-05-19 22:00:00,vOuJvMaM2sgwLmb,0,0,6722,2.24376e+06
2020-06-13 16:45:00,81aHJ1q11NBPMrL,474.313,464.64,6252.07,1.21546e+09
2020-05-15 23:30:00,oZ35aAeoifZaQzV,0,0,7096,1.65997e+09
2020-05-19 21:15:00,oZZkBaNadn6DNKz,0,0,1999,1.70811e+09
2020-06-02 03:00:00,LYwnQax7tkwH5Cb,0,0,0,1.79505e+09
2020-06-11 08:15:00,Qf4GUc1pJu5T6c6,177.814,174.221,186.286,8.38621e+08
2020-05-18 04:00:00,81aHJ1q11NBPMrL,0,0,0,1.21529e+09
2020-05-21 15:45:00,LYwnQax7tkwH5Cb,644.26,631.133,3948.27,1.79499e+09
2020-05-15 13:45:00,Qf4GUc1pJu5T6c6,1245.29,1214.17,3701.6,8.38425e+08
2020-05-19 15:00:00,xoJJ8DcxJEcupym,554.44,543.387,5894.07,2.09166e+08
2020-06-09 18:00:00,9kRcWv60rDACzjR,80.1933,77.7867,3776.53,2.24788e+09
2020-05-20 11:30:00,V94E5Ben1TlhnDV,1251.49,1220.19,3645.93,1.41212e+09
2020-05-22 10:30:00,Qf4GUc1pJu5T6c6,1239.51,1208.5,2820.73,8.38474e+08
2020-06-12 08:30:00,Quc1TzYxW2pYoWX,282.471,277.379,318.571,3.29624e+08
2020-06-11 08:15:00,oZZkBaNadn6DNKz,177.213,173.633,185.933,1.70826e+09
2020-06-16 14:30:00,9kRcWv60rDACzjR,0,0,0,1.60565e+08
2020-05-31 16:00:00,Et9kgGMDl729KT4,219.633,215.347,5812.2,1.79462e+06
2020-06-06 19:15:00,V94E5Ben1TlhnDV,0,0,2613,1.41224e+09
2020-06-13 17:15:00,xMbIugepa2P7lBB,275.667,270.413,2777.6,1.06873e+08
2020-06-06 21:00:00,oZZkBaNadn6DNKz,0,0,2588,1.70823e+09
2020-05-15 13:15:00,LYwnQax7tkwH5Cb,1194.29,1164.9,5585.4,1.79496e+09
2020-06-09 09:15:00,oZ35aAeoifZaQzV,944.5,923.767,1463.73,1.66015e+09
2020-05-27 05:15:00,Mx2yZCDsyf6DPfv,0,0,0,2.54933e+06
2020-05-25 14:30:00,V94E5Ben1TlhnDV,1033.46,1010.32,7191.33,1.41217e+09
2020-05-20 05:45:00,9kRcWv60rDACzjR,0,0,0,2.24776e+09
2020-06-06 05:45:00,PeE6FRyGXUgsRhN,0,0,0,1.34849e+09
2020-05-28 09:30:00,xoJJ8DcxJEcupym,951.627,930.7,1519,2.09216e+08
2020-06-02 14:30:00,PeE6FRyGXUgsRhN,930.053,908.64,4377.6,1.34847e+09
2020-05-31 18:00:00,PeE6FRyGXUgsRhN,48.7067,47.1,6301.27,1.34846e+09
2020-06-12 20:00:00,Quc1TzYxW2pYoWX,0,0,3668,3.29628e+08
2020-06-17 15:15:00,Qf4GUc1pJu5T6c6,604.7,592.507,3745.64,8.38646e+08
2020-06-12 03:45:00,4UPUqMRk7TRMgml,0,0,3930,2.62822e+06
2020-05-27 09:15:00,WcxssY2VbP4hApt,663.78,649.353,934,1.33316e+08
2020-05-16 08:45:00,oZ35aAeoifZaQzV,786.293,769.687,945.933,1.65997e+09
2020-06-11 15:30:00,xMbIugepa2P7lBB,345.56,339.3,3382.47,1.06865e+08
2020-05-27 06:00:00,Qf4GUc1pJu5T6c6,15.6533,15.12,0.4,8.38514e+08
2020-05-30 08:00:00,LYwnQax7tkwH5Cb,361.293,354.72,226.667,1.79503e+09
2020-06-15 11:30:00,Qf4GUc1pJu5T6c6,88,86.3533,620.6,8.38635e+08
2020-05-18 06:15:00,PeE6FRyGXUgsRhN,0,0,0,1.34837e+09
2020-05-17 22:00:00,WcxssY2VbP4hApt,0,0,7266,1.8172e+08
2020-06-14 10:00:00,xoJJ8DcxJEcupym,656.187,642.44,1380.2,2.09314e+08
2020-06-01 15:00:00,PeE6FRyGXUgsRhN,56.6733,54.8333,3962.47,1.34846e+09
2020-05-17 07:45:00,V94E5Ben1TlhnDV,326.207,320.336,146.214,1.4121e+09
2020-06-04 06:15:00,WcxssY2VbP4hApt,30.96,29.9133,4.93333,1.81844e+08
2020-06-07 16:00:00,mqwcsP2rE7J0TFp,306.107,299.986,6967.86,5.93758e+08
2020-06-14 17:00:00,mqwcsP2rE7J0TFp,268.214,263.4,5313.36,5.51384e+08
2020-05-19 05:00:00,PeE6FRyGXUgsRhN,0,0,0,1.34838e+09
2020-06-09 20:00:00,4UPUqMRk7TRMgml,0,0,8098,2.6187e+06
2020-05-18 12:15:00,PeE6FRyGXUgsRhN,1106.11,1079.89,2562.64,1.34837e+09
2020-06-11 13:45:00,Et9kgGMDl729KT4,583.7,571.987,2262.07,1.83058e+06
2020-05-18 09:30:00,q49J1IKaHRwDQnt,820.193,802.729,800.143,359079
2020-06-16 20:00:00,oZZkBaNadn6DNKz,0,0,5554,1.70828e+09
2020-05-15 11:00:00,q49J1IKaHRwDQnt,1226.49,1195.82,3351.07,343274
2020-05-16 18:30:00,vOuJvMaM2sgwLmb,0,0,4898,2.22643e+06
2020-06-12 08:15:00,oZZkBaNadn6DNKz,263.527,258.553,318.133,1.70826e+09
2020-06-09 23:30:00,xMbIugepa2P7lBB,0,0,7997,1.06856e+08
2020-05-20 18:30:00,mqwcsP2rE7J0TFp,15.6467,15.0867,9291.67,5.93628e+08
2020-06-04 08:00:00,oZZkBaNadn6DNKz,380.667,374.067,339.6,1.70821e+09
2020-06-04 04:00:00,81aHJ1q11NBPMrL,0,0,0,1.2154e+09
2020-05-24 09:15:00,q49J1IKaHRwDQnt,877.627,858.693,1293.87,388052
2020-06-03 21:15:00,mqwcsP2rE7J0TFp,0,0,5344,5.93729e+08
2020-05-29 11:15:00,Mx2yZCDsyf6DPfv,1065.45,1040.97,3222.2,2.56573e+06
2020-06-03 02:45:00,q49J1IKaHRwDQnt,0,0,3744,451874
2020-06-02 02:15:00,vOuJvMaM2sgwLmb,0,0,0,2.33747e+06
2020-05-26 16:15:00,LlT2YUhhzqhg5Sw,589.573,577.74,8583.73,2.82672e+08
2020-06-10 15:15:00,Et9kgGMDl729KT4,260.44,255.407,1964,1.82784e+06
2020-06-03 09:30:00,mqwcsP2rE7J0TFp,523.867,513.66,1075.73,5.93725e+08
2020-05-25 02:00:00,oZZkBaNadn6DNKz,0,0,0,1.70815e+09
2020-05-29 23:00:00,Mx2yZCDsyf6DPfv,0,0,8240,2.57074e+06
2020-05-24 19:00:00,oZ35aAeoifZaQzV,0,0,5081,1.66004e+09
2020-06-11 22:15:00,oZZkBaNadn6DNKz,0,0,3921,1.70826e+09
2020-05-26 11:15:00,Mx2yZCDsyf6DPfv,1270.88,1239.11,3553.86,2.54371e+06
2020-06-16 08:45:00,Mx2yZCDsyf6DPfv,519.033,508.787,675.267,2.67406e+06
2020-06-06 23:15:00,LYwnQax7tkwH5Cb,0,0,3489,1.79507e+09
2020-05-19 09:30:00,vOuJvMaM2sgwLmb,354.207,348.087,1170.8,2.23821e+06
2020-06-07 10:45:00,oZZkBaNadn6DNKz,729.727,713.807,2410.4,1.70823e+09
2020-06-16 23:00:00,4UPUqMRk7TRMgml,0,0,5004,2.64905e+06
2020-06-14 16:15:00,oZZkBaNadn6DNKz,313.036,307.307,2892.71,1.70827e+09
2020-06-01 15:15:00,oZ35aAeoifZaQzV,59.4933,57.5933,3890.33,1.54943e+09
2020-06-13 14:30:00,xMbIugepa2P7lBB,0,0,1543,1.06871e+08
2020-05-20 12:30:00,9kRcWv60rDACzjR,0,0,2316,2.24776e+09
2020-05-26 09:30:00,PeE6FRyGXUgsRhN,937.413,916.893,1514.47,1.34842e+09
2020-05-26 17:15:00,LlT2YUhhzqhg5Sw,167.687,164.333,8978.07,2.82673e+08
2020-06-10 10:45:00,81aHJ1q11NBPMrL,1172.69,1143.99,2268.53,1.21544e+09
2020-05-30 08:00:00,NgDl19wMapZy17u,363.747,357.373,230.733,1.1163e+08
2020-06-05 23:15:00,oZZkBaNadn6DNKz,0,0,7461,1.70822e+09
2020-06-02 01:15:00,LlT2YUhhzqhg5Sw,0,0,0,2.82716e+08
2020-05-29 20:15:00,IQ2d7wF4YD8zU1Q,0,0,8245,2.00631e+07
2020-05-31 07:30:00,mqwcsP2rE7J0TFp,137.253,133.58,156.467,5.93706e+08
2020-05-15 08:00:00,IQ2d7wF4YD8zU1Q,578.171,566.579,552.786,1.99421e+07
2020-06-05 06:45:00,mqwcsP2rE7J0TFp,132.493,129.247,38.0667,5.93735e+08
2020-05-29 19:45:00,NgDl19wMapZy17u,0,0,8027,1.1163e+08
2020-06-08 05:30:00,oZ35aAeoifZaQzV,0,0,524,1.66014e+09
2020-06-10 18:45:00,rrq4fwE8jgrTyWY,0,0,2369,1.21097e+08
2020-06-10 05:30:00,9kRcWv60rDACzjR,0,0,0,2.24788e+09
2020-05-26 21:15:00,V94E5Ben1TlhnDV,0,0,9347,1.41218e+09
2020-06-11 23:00:00,LlT2YUhhzqhg5Sw,0,0,3814,2.82758e+08
2020-06-04 10:30:00,rrq4fwE8jgrTyWY,627.767,614.393,1928.4,1.21075e+08
2020-06-17 12:30:00,xoJJ8DcxJEcupym,732.013,716.747,2127.8,2.09334e+08
2020-05-17 06:15:00,mqwcsP2rE7J0TFp,25.5,24.6143,3.78571,5.93597e+08
2020-06-14 03:30:00,V94E5Ben1TlhnDV,0,0,0,1.41228e+09
2020-05-24 18:30:00,Mx2yZCDsyf6DPfv,14.3286,13.8286,4961.07,2.53099e+06
2020-05-20 13:30:00,LlT2YUhhzqhg5Sw,0,0,2227,2.8263e+08
2020-06-17 04:30:00,WcxssY2VbP4hApt,0,0,0,1.81908e+08
2020-05-17 15:30:00,LlT2YUhhzqhg5Sw,426.347,418.813,5870.67,2.82615e+08
2020-06-17 01:00:00,9kRcWv60rDACzjR,0,0,0,2.24791e+09
2020-06-14 08:30:00,Quc1TzYxW2pYoWX,379.02,378.15,349.357,3.29634e+08
2020-05-18 02:30:00,Mx2yZCDsyf6DPfv,0,0,0,2.47373e+06
2020-05-17 17:45:00,WcxssY2VbP4hApt,120.187,117.073,7215.6,1.8172e+08
2020-06-05 14:15:00,Quc1TzYxW2pYoWX,373.74,367.3,2463.73,3.29604e+08
2020-05-17 13:00:00,WcxssY2VbP4hApt,1078.31,1053.92,4452.57,1.81717e+08
2020-05-30 00:45:00,LlT2YUhhzqhg5Sw,0,0,0,2.82698e+08
2020-05-31 22:15:00,q49J1IKaHRwDQnt,0,0,6348,444300
2020-06-15 18:45:00,WcxssY2VbP4hApt,6.96,6.72,6366.87,1.81902e+08
2020-05-18 23:00:00,V94E5Ben1TlhnDV,0,0,4816,1.41211e+09
2020-06-10 00:45:00,xMbIugepa2P7lBB,0,0,7997,1.06856e+08
2020-05-17 17:45:00,LlT2YUhhzqhg5Sw,117.607,114.507,6667.67,2.82616e+08
2020-06-04 10:45:00,mqwcsP2rE7J0TFp,450.08,441.613,2110.73,5.93732e+08
2020-06-15 16:30:00,Mx2yZCDsyf6DPfv,379.96,373.08,2285,2.67303e+06
2020-06-05 00:15:00,9kRcWv60rDACzjR,0,0,0,2.24786e+09
2020-06-08 08:45:00,LlT2YUhhzqhg5Sw,533.12,522.587,891.733,2.82744e+08
2020-06-07 13:00:00,V94E5Ben1TlhnDV,0,0,1104,1.41224e+09
2020-06-02 04:30:00,Qf4GUc1pJu5T6c6,0,0,0,8.38554e+08
2020-06-17 13:15:00,xoJJ8DcxJEcupym,713.54,698.76,2689.13,2.09334e+08
2020-06-05 08:30:00,LlT2YUhhzqhg5Sw,769.88,753.687,547,2.82728e+08
2020-06-06 23:00:00,4UPUqMRk7TRMgml,0,0,8376,2.59354e+06
2020-05-18 13:15:00,81aHJ1q11NBPMrL,0,0,1746,1.21529e+09
2020-05-31 02:30:00,IQ2d7wF4YD8zU1Q,0,0,0,2.00714e+07
2020-05-24 01:45:00,WcxssY2VbP4hApt,0,0,0,1.81766e+08
2020-06-15 08:45:00,WcxssY2VbP4hApt,869.307,850.52,905.133,1.81897e+08
2020-05-31 17:00:00,PeE6FRyGXUgsRhN,97.8,95,6232.71,1.34846e+09
2020-06-10 07:15:00,4UPUqMRk7TRMgml,110.2,107.147,74.4667,2.61877e+06
2020-06-16 02:45:00,9kRcWv60rDACzjR,0,0,0,2.24791e+09
2020-05-26 13:30:00,9kRcWv60rDACzjR,1113.32,1086.25,6123,2.2478e+09
2020-06-01 15:30:00,vOuJvMaM2sgwLmb,70.6214,68.45,4093.93,2.3373e+06
2020-06-15 07:15:00,Mx2yZCDsyf6DPfv,238.127,233.5,145.4,2.67089e+06
2020-05-22 09:45:00,rrq4fwE8jgrTyWY,1012.9,990.32,1818.53,1.21003e+08
2020-05-18 05:30:00,IQ2d7wF4YD8zU1Q,0,0,0,1.99663e+07
2020-06-03 19:15:00,oZ35aAeoifZaQzV,0,0,5493,1.66011e+09
2020-05-28 15:45:00,oZZkBaNadn6DNKz,772.153,755.907,8154.67,1.70818e+09
2020-05-20 21:30:00,Quc1TzYxW2pYoWX,0,0,2419,3.29531e+08
2020-05-29 12:45:00,PeE6FRyGXUgsRhN,0,0,3682,1.34844e+09
2020-05-30 05:30:00,Mx2yZCDsyf6DPfv,0,0,0,2.57074e+06
2020-06-15 16:00:00,WcxssY2VbP4hApt,312.747,307.313,5825.67,1.81901e+08
2020-06-13 07:15:00,WcxssY2VbP4hApt,190.073,186.233,125.867,1.81882e+08
2020-05-18 12:15:00,vOuJvMaM2sgwLmb,1149.57,1121.81,3490.07,2.23528e+06
2020-06-04 03:15:00,rrq4fwE8jgrTyWY,0,0,0,1.21073e+08
2020-05-28 01:45:00,Qf4GUc1pJu5T6c6,0,0,0,8.38523e+08
2020-05-19 17:15:00,Qf4GUc1pJu5T6c6,6.93333,6.68667,1908.4,8.38453e+08
2020-05-22 19:15:00,WcxssY2VbP4hApt,0,0,0,0
2020-06-04 15:15:00,oZZkBaNadn6DNKz,500.967,491.14,2835.73,1.70822e+09
2020-05-30 20:45:00,PeE6FRyGXUgsRhN,0,0,4061,1.34845e+09
2020-06-01 03:15:00,xMbIugepa2P7lBB,0,0,6524,1.06791e+08
2020-05-17 23:00:00,PeE6FRyGXUgsRhN,0,0,6960,1.34837e+09
2020-05-18 14:00:00,q49J1IKaHRwDQnt,0,0,3179,361458
2020-05-21 08:45:00,q49J1IKaHRwDQnt,714.964,700.143,887.929,370215
2020-05-21 20:15:00,xoJJ8DcxJEcupym,0,0,4501,2.09173e+08
2020-06-07 01:45:00,9kRcWv60rDACzjR,0,0,0,2.24787e+09
2020-05-30 06:45:00,NgDl19wMapZy17u,52.8067,51.1267,17.8,1.1163e+08
2020-06-03 00:30:00,q49J1IKaHRwDQnt,0,0,3744,451874
2020-06-16 15:00:00,mqwcsP2rE7J0TFp,541.347,530.613,4723,5.9381e+08
2020-05-16 06:30:00,rrq4fwE8jgrTyWY,84.06,81.5733,24,1.2097e+08
2020-06-17 09:30:00,LlT2YUhhzqhg5Sw,361.213,354.573,456.733,2.82785e+08
2020-06-14 21:45:00,vOuJvMaM2sgwLmb,0,0,7463,2.41156e+06
2020-06-03 16:45:00,xoJJ8DcxJEcupym,295.073,289.653,3373.67,2.09253e+08
2020-06-02 04:00:00,LlT2YUhhzqhg5Sw,0,0,0,2.82716e+08
2020-06-16 16:15:00,LlT2YUhhzqhg5Sw,358.46,352.087,5118.2,2.82785e+08
2020-06-01 05:00:00,IQ2d7wF4YD8zU1Q,0,0,0,2.0078e+07
2020-06-01 18:30:00,vOuJvMaM2sgwLmb,0,0,4266,2.33747e+06
2020-06-15 21:00:00,WcxssY2VbP4hApt,0,0,6367,1.81902e+08
2020-06-14 17:00:00,Et9kgGMDl729KT4,235.08,230.593,1726.87,1.72026e+06
2020-06-08 21:45:00,xMbIugepa2P7lBB,0,0,9052,1.06848e+08
2020-05-31 04:15:00,oZ35aAeoifZaQzV,0,0,0,1.66009e+09
2020-05-25 04:00:00,LYwnQax7tkwH5Cb,0,0,0,1.79501e+09
2020-05-26 23:15:00,oZZkBaNadn6DNKz,0,0,9368,1.70817e+09
2020-05-17 16:00:00,Quc1TzYxW2pYoWX,325.107,319.673,3023,3.29523e+08
2020-05-25 14:30:00,LYwnQax7tkwH5Cb,986.827,965,3212.07,1.79501e+09
2020-06-17 08:00:00,V94E5Ben1TlhnDV,184.727,181.087,147.2,1.41229e+09
2020-06-11 15:00:00,q49J1IKaHRwDQnt,386.993,380.113,3119.13,486060
2020-05-31 16:15:00,PeE6FRyGXUgsRhN,213.907,209.707,6113.53,1.34846e+09
2020-06-06 22:45:00,81aHJ1q11NBPMrL,0,0,8196,1.21543e+09
2020-05-19 05:00:00,WcxssY2VbP4hApt,0,0,0,1.81728e+08
2020-05-27 02:45:00,PeE6FRyGXUgsRhN,0,0,0,1.34843e+09
2020-06-12 01:00:00,Et9kgGMDl729KT4,0,0,3299,1.83162e+06
2020-06-04 19:00:00,oZZkBaNadn6DNKz,0,0,3715,1.70822e+09
2020-06-16 09:45:00,Et9kgGMDl729KT4,593.167,581.24,1077.13,1.84661e+06
2020-05-29 03:15:00,PeE6FRyGXUgsRhN,0,0,0,1.34844e+09
2020-06-06 12:00:00,Et9kgGMDl729KT4,0,0,717,1.81465e+06
2020-05-15 07:15:00,xoJJ8DcxJEcupym,368.767,362.46,175.067,2.09144e+08
2020-05-25 22:45:00,LYwnQax7tkwH5Cb,0,0,4940,1.79501e+09
2020-05-15 08:15:00,Et9kgGMDl729KT4,602.14,590.027,644.867,1.70489e+06
2020-05-16 15:00:00,LlT2YUhhzqhg5Sw,630.1,617.187,6823.6,2.82609e+08
2020-06-15 08:45:00,xoJJ8DcxJEcupym,779.78,763.133,699.667,2.09321e+08
2020-05-29 23:30:00,4UPUqMRk7TRMgml,0,0,8126,2.53768e+06
2020-05-15 09:15:00,oZ35aAeoifZaQzV,958.157,937.1,1530.29,1.65997e+09
2020-06-08 12:15:00,vOuJvMaM2sgwLmb,1253.01,1222.04,4298.5,2.37099e+06
2020-06-15 09:15:00,Qf4GUc1pJu5T6c6,0,0,615,8.38635e+08
2020-06-03 12:45:00,PeE6FRyGXUgsRhN,137.747,135.24,2084.53,1.34847e+09
2020-06-12 19:30:00,xMbIugepa2P7lBB,0,0,4716,1.0687e+08
2020-06-07 12:45:00,WcxssY2VbP4hApt,0,0,1084,1.81861e+08
2020-05-18 10:30:00,q49J1IKaHRwDQnt,665.814,652.136,1681.57,359961
2020-05-25 02:00:00,Quc1TzYxW2pYoWX,0,0,4816,3.29548e+08
2020-06-08 02:45:00,oZZkBaNadn6DNKz,0,0,0,1.70823e+09
2020-06-11 21:30:00,Et9kgGMDl729KT4,0,0,3299,1.83162e+06
2020-06-03 01:30:00,xoJJ8DcxJEcupym,0,0,0,2.0925e+08
2020-05-15 06:45:00,rrq4fwE8jgrTyWY,161.993,158.42,41,1.20964e+08
2020-06-15 18:30:00,xoJJ8DcxJEcupym,33.5133,32.3733,6077.4,2.09326e+08
2020-06-15 19:30:00,NgDl19wMapZy17u,0,0,6245,1.11736e+08
2020-06-09 18:30:00,4UPUqMRk7TRMgml,23.78,22.9467,8095.53,2.6187e+06
2020-05-28 21:00:00,Qf4GUc1pJu5T6c6,0,0,3968,8.38527e+08
2020-06-16 04:45:00,NgDl19wMapZy17u,0,0,6245,1.11736e+08
2020-05-23 04:15:00,PeE6FRyGXUgsRhN,0,0,0,1.3484e+09
2020-06-17 18:15:00,xoJJ8DcxJEcupym,32.3867,31.2933,4305.67,2.09336e+08
2020-05-27 22:00:00,oZ35aAeoifZaQzV,0,0,9463,1.66007e+09
2020-05-29 03:00:00,4UPUqMRk7TRMgml,0,0,0,2.52956e+06
2020-06-14 07:00:00,vOuJvMaM2sgwLmb,232.543,228.171,105.357,2.4042e+06
2020-06-12 23:30:00,oZZkBaNadn6DNKz,0,0,4728,1.70827e+09
2020-06-12 08:45:00,xMbIugepa2P7lBB,167.673,164.06,393.267,9.97412e+07
2020-06-05 03:15:00,81aHJ1q11NBPMrL,0,0,0,1.21541e+09
2020-05-30 00:45:00,NgDl19wMapZy17u,0,0,0,1.1163e+08
2020-06-11 08:15:00,9kRcWv60rDACzjR,181.9,178.307,188.8,2.24788e+09
2020-06-07 01:00:00,9kRcWv60rDACzjR,0,0,0,2.24787e+09
2020-05-26 18:15:00,Et9kgGMDl729KT4,37.34,36.0733,8278.4,1.76236e+06
2020-05-19 20:45:00,PeE6FRyGXUgsRhN,0,0,1942,1.34838e+09
2020-05-26 04:00:00,Et9kgGMDl729KT4,0,0,0,1.75408e+06
2020-05-28 14:45:00,oZ35aAeoifZaQzV,232.608,227.431,320.231,1.66007e+09
2020-05-27 20:00:00,rrq4fwE8jgrTyWY,0,0,5696,1.21036e+08
2020-06-17 01:00:00,NgDl19wMapZy17u,0,0,0,1.11742e+08
2020-06-13 04:30:00,rrq4fwE8jgrTyWY,0,0,4455,1.21105e+08
2020-06-01 01:30:00,oZ35aAeoifZaQzV,0,0,0,1.6601e+09
2020-05-26 03:30:00,oZZkBaNadn6DNKz,0,0,0,1.70816e+09
2020-06-12 00:45:00,LlT2YUhhzqhg5Sw,0,0,3814,2.82758e+08
2020-05-16 20:30:00,vOuJvMaM2sgwLmb,0,0,4898,2.22643e+06
2020-06-01 11:45:00,NgDl19wMapZy17u,704.987,688.86,2625,1.04204e+08
2020-06-05 04:30:00,rrq4fwE8jgrTyWY,0,0,6643,1.21079e+08
2020-05-16 21:30:00,V94E5Ben1TlhnDV,0,0,7206.27,1.31796e+09
2020-05-25 03:30:00,Mx2yZCDsyf6DPfv,0,0,0,2.53099e+06
2020-06-08 10:30:00,oZZkBaNadn6DNKz,1219.5,1189.71,2444.6,1.70824e+09
2020-06-03 16:15:00,IQ2d7wF4YD8zU1Q,308.593,303.086,5612.5,2.00952e+07
2020-06-04 22:15:00,vOuJvMaM2sgwLmb,0,0,6885,2.35311e+06
2020-06-13 11:30:00,LlT2YUhhzqhg5Sw,0,0,1520,2.82764e+08
2020-06-17 09:45:00,Qf4GUc1pJu5T6c6,586.767,575,586.8,8.38643e+08
2020-05-16 04:00:00,xoJJ8DcxJEcupym,0,0,0,2.09147e+08
2020-05-17 23:00:00,LlT2YUhhzqhg5Sw,0,0,6717,2.82616e+08
2020-05-29 12:30:00,LYwnQax7tkwH5Cb,959.513,938.387,4290.2,1.79503e+09
2020-06-11 10:30:00,4UPUqMRk7TRMgml,529.021,518.543,1059.07,2.62535e+06
2020-05-26 12:45:00,WcxssY2VbP4hApt,1293.96,1261.61,5454.57,1.8179e+08
2020-06-08 13:45:00,LYwnQax7tkwH5Cb,0,0,1330,1.79507e+09
2020-06-17 07:45:00,WcxssY2VbP4hApt,133.047,129.507,109.333,1.81908e+08
2020-05-19 09:45:00,mqwcsP2rE7J0TFp,316.2,310.947,1204.2,5.93613e+08
2020-06-12 12:00:00,81aHJ1q11NBPMrL,648.313,635.073,1973.87,1.21545e+09
2020-06-13 21:15:00,Quc1TzYxW2pYoWX,0,0,5477,3.29633e+08
2020-05-31 17:00:00,81aHJ1q11NBPMrL,98.3571,95.5643,6326.5,1.21539e+09
2020-05-25 11:15:00,xoJJ8DcxJEcupym,1200.04,1170.03,3295.07,2.09199e+08
2020-05-27 03:30:00,PeE6FRyGXUgsRhN,0,0,0,1.34843e+09
2020-06-14 17:30:00,oZ35aAeoifZaQzV,176.207,172.507,3238.93,1.66018e+09
2020-06-11 03:00:00,mqwcsP2rE7J0TFp,0,0,0,5.93778e+08
2020-06-17 10:30:00,vOuJvMaM2sgwLmb,461.807,452.9,978.067,2.42435e+06
2020-05-17 05:30:00,WcxssY2VbP4hApt,0,0,0,1.81713e+08
2020-06-10 13:00:00,Et9kgGMDl729KT4,588.487,576.173,1097.27,1.82697e+06
2020-05-25 01:00:00,Et9kgGMDl729KT4,0,0,0,1.74713e+06
2020-05-22 23:00:00,Qf4GUc1pJu5T6c6,0,0,9873,8.38481e+08
2020-06-09 09:30:00,Et9kgGMDl729KT4,734.82,718.927,1512.07,1.82349e+06
2020-05-29 02:15:00,PeE6FRyGXUgsRhN,0,0,0,1.34844e+09
2020-05-17 19:45:00,LYwnQax7tkwH5Cb,0,0,5519,1.79498e+09
2020-06-09 04:15:00,xMbIugepa2P7lBB,0,0,9052,1.06848e+08
2020-05-19 07:00:00,81aHJ1q11NBPMrL,152.727,149.1,82.4667,1.2153e+09
2020-05-24 14:45:00,4UPUqMRk7TRMgml,1000.73,978.467,2882.2,2.49585e+06
2020-06-06 02:45:00,LYwnQax7tkwH5Cb,0,0,2878,1.79507e+09
2020-05-22 08:00:00,xoJJ8DcxJEcupym,543.147,532.393,480,2.09174e+08
2020-05-21 09:45:00,V94E5Ben1TlhnDV,626.927,612.847,1250.07,1.03556e+09
2020-06-14 13:15:00,Et9kgGMDl729KT4,0,0,842,1.84213e+06
2020-05-16 03:00:00,rrq4fwE8jgrTyWY,0,0,0,1.2097e+08
2020-05-29 20:15:00,Et9kgGMDl729KT4,0,0,4299,1.7833e+06
2020-05-16 02:00:00,rrq4fwE8jgrTyWY,0,0,0,1.2097e+08
2020-06-01 11:45:00,LYwnQax7tkwH5Cb,533.36,521.72,2308.13,1.55571e+09
2020-05-30 08:00:00,Et9kgGMDl729KT4,309.04,303.373,220.133,1.78352e+06
2020-05-26 20:00:00,WcxssY2VbP4hApt,0,0,9381,1.81794e+08
2020-06-03 09:45:00,Quc1TzYxW2pYoWX,626.007,613.057,995.929,3.29594e+08
2020-05-21 03:45:00,Quc1TzYxW2pYoWX,0,0,2419,3.29531e+08
2020-06-03 10:30:00,Qf4GUc1pJu5T6c6,484.786,475.45,1641.14,8.38563e+08
2020-05-15 21:15:00,Qf4GUc1pJu5T6c6,0,0,6416,8.38428e+08
2020-06-16 07:30:00,Quc1TzYxW2pYoWX,210.447,206.307,147.933,3.29638e+08
2020-05-26 19:00:00,Quc1TzYxW2pYoWX,0,0,7269,3.29559e+08
2020-06-02 20:45:00,WcxssY2VbP4hApt,0,0,3877,1.81838e+08
2020-06-03 21:00:00,IQ2d7wF4YD8zU1Q,0,0,5991,2.00956e+07
2020-05-30 08:00:00,xMbIugepa2P7lBB,368.933,362.407,232.867,1.06777e+08
2020-06-16 14:15:00,mqwcsP2rE7J0TFp,225.6,220.967,2095.8,2.77111e+08
2020-05-20 06:00:00,oZZkBaNadn6DNKz,17.5933,16.9733,1.6,1.70811e+09
2020-05-20 21:00:00,xMbIugepa2P7lBB,0,0,9311,1.06705e+08
2020-05-30 08:45:00,WcxssY2VbP4hApt,216.147,212.253,274.667,1.0909e+08
2020-05-19 08:45:00,Et9kgGMDl729KT4,326.127,320.153,722.6,1.72253e+06
2020-06-12 17:45:00,vOuJvMaM2sgwLmb,105.747,102.8,4716.8,2.39766e+06
2020-06-08 10:15:00,oZ35aAeoifZaQzV,1005.67,982.247,2145.87,1.66014e+09
2020-05-22 22:30:00,WcxssY2VbP4hApt,0,0,0,0
2020-06-17 15:15:00,IQ2d7wF4YD8zU1Q,583.2,571.527,3597.93,2.01844e+07
2020-05-17 10:15:00,mqwcsP2rE7J0TFp,739,723.567,2018.2,5.93599e+08
2020-05-21 03:30:00,LYwnQax7tkwH5Cb,0,0,0,1.79499e+09
2020-06-02 21:00:00,Mx2yZCDsyf6DPfv,0,0,7340,2.59726e+06
2020-05-26 10:15:00,LlT2YUhhzqhg5Sw,1094.66,1069.81,2290.4,2.82666e+08
2020-05-30 22:00:00,Mx2yZCDsyf6DPfv,0,0,8199,2.57894e+06
2020-05-17 00:00:00,Qf4GUc1pJu5T6c6,0,0,0,8.38436e+08
2020-06-02 23:30:00,q49J1IKaHRwDQnt,0,0,3744,451874
2020-05-31 13:00:00,9kRcWv60rDACzjR,1153.65,1125.71,4031.4,2.24784e+09
2020-06-16 23:45:00,4UPUqMRk7TRMgml,0,0,5004,2.64905e+06
2020-05-17 21:30:00,mqwcsP2rE7J0TFp,0,0,7037,5.93604e+08
2020-05-29 09:30:00,oZ35aAeoifZaQzV,1104.22,1079.1,1455.53,1.66008e+09
2020-06-12 04:30:00,xMbIugepa2P7lBB,0,0,3850,1.06865e+08
2020-06-14 10:30:00,Mx2yZCDsyf6DPfv,0,0,1705,2.66914e+06
2020-05-30 20:00:00,xoJJ8DcxJEcupym,0,0,5088,2.09233e+08
2020-06-06 09:00:00,Et9kgGMDl729KT4,0,0,717,1.81465e+06
2020-06-08 00:00:00,Qf4GUc1pJu5T6c6,0,0,7718,8.38598e+08
2020-05-16 08:45:00,NgDl19wMapZy17u,765.733,749.647,917.4,1.11523e+08
2020-05-18 15:15:00,q49J1IKaHRwDQnt,449.564,440.25,3210.5,361490
2020-05-22 12:00:00,LYwnQax7tkwH5Cb,1262.73,1231.15,4476.07,1.795e+09
2020-05-20 18:00:00,81aHJ1q11NBPMrL,104.353,101.413,3411.8,1.21531e+09
2020-05-20 21:45:00,81aHJ1q11NBPMrL,0,0,3439,1.21531e+09
2020-05-29 00:15:00,9kRcWv60rDACzjR,0,0,0,2.24782e+09
2020-05-23 23:00:00,WcxssY2VbP4hApt,0,0,9588,1.81766e+08
2020-05-18 23:45:00,4UPUqMRk7TRMgml,0,0,7641,2.45287e+06
2020-05-27 11:30:00,PeE6FRyGXUgsRhN,0,0,1887,1.34843e+09
2020-05-31 06:00:00,xoJJ8DcxJEcupym,19.8929,19.1929,1.57143,2.09233e+08
2020-06-14 21:00:00,NgDl19wMapZy17u,0,0,6277,1.1173e+08
2020-06-15 03:30:00,xoJJ8DcxJEcupym,0,0,7268,2.0932e+08
2020-06-03 05:30:00,oZZkBaNadn6DNKz,0,0,0,1.70821e+09
2020-05-15 05:00:00,mqwcsP2rE7J0TFp,0,0,0,5.9358e+08
2020-05-26 08:45:00,PeE6FRyGXUgsRhN,749.92,734.247,898.067,1.34842e+09
2020-06-01 03:45:00,Qf4GUc1pJu5T6c6,0,0,0,8.3855e+08
2020-06-04 11:45:00,81aHJ1q11NBPMrL,1199.91,1170.89,2443.33,1.21541e+09
2020-06-13 13:30:00,V94E5Ben1TlhnDV,0,0,1574,1.41227e+09
2020-05-31 22:30:00,NgDl19wMapZy17u,0,0,6486,1.11645e+08
2020-06-01 00:30:00,81aHJ1q11NBPMrL,0,0,0,1.21539e+09
2020-06-12 04:00:00,mqwcsP2rE7J0TFp,0,0,0,5.93782e+08
2020-06-11 20:15:00,rrq4fwE8jgrTyWY,0,0,3650,1.21101e+08
2020-06-05 01:15:00,9kRcWv60rDACzjR,0,0,0,2.24786e+09
2020-06-02 00:00:00,Et9kgGMDl729KT4,0,0,269,1.7989e+06
2020-05-30 15:45:00,mqwcsP2rE7J0TFp,760.54,744.58,7116.87,5.93705e+08
2020-05-25 05:30:00,4UPUqMRk7TRMgml,0,0,0,2.4976e+06
2020-05-20 10:15:00,rrq4fwE8jgrTyWY,0,0,1907,1.20992e+08
2020-06-09 22:00:00,81aHJ1q11NBPMrL,0,0,4696,1.21544e+09
2020-06-17 16:00:00,Qf4GUc1pJu5T6c6,309.813,304.253,4037.33,8.38646e+08
2020-06-08 03:30:00,IQ2d7wF4YD8zU1Q,0,0,7884,2.01265e+07
2020-06-07 04:30:00,oZ35aAeoifZaQzV,0,0,8368,1.66013e+09
2020-06-03 11:15:00,LYwnQax7tkwH5Cb,0,0,1636,1.79506e+09
2020-05-30 03:15:00,9kRcWv60rDACzjR,0,0,0,2.24782e+09
2020-05-19 20:45:00,Qf4GUc1pJu5T6c6,0,0,1909,8.38453e+08
2020-05-15 22:15:00,NgDl19wMapZy17u,0,0,9475,1.11522e+08
2020-05-27 06:30:00,V94E5Ben1TlhnDV,83.5643,81.1,22.7143,1.41218e+09
2020-06-11 08:45:00,vOuJvMaM2sgwLmb,359.053,352.78,307,2.38934e+06
2020-06-04 16:00:00,PeE6FRyGXUgsRhN,274.073,268.953,5622.53,1.34848e+09
2020-05-27 21:15:00,LYwnQax7tkwH5Cb,0,0,4296,1.79502e+09
2020-06-05 22:15:00,Qf4GUc1pJu5T6c6,0,0,7599,8.38582e+08
2020-05-27 22:15:00,vOuJvMaM2sgwLmb,0,0,9330,2.30588e+06
2020-05-28 21:30:00,Et9kgGMDl729KT4,0,0,7975,1.779e+06
2020-05-26 20:45:00,81aHJ1q11NBPMrL,0,0,0,0
2020-06-11 17:45:00,vOuJvMaM2sgwLmb,82.6933,80.2867,3876,2.39291e+06
2020-06-10 17:15:00,Quc1TzYxW2pYoWX,16.3467,15.7733,2499.07,3.29621e+08
2020-06-09 06:45:00,vOuJvMaM2sgwLmb,134.56,131.387,48.4,2.37573e+06
2020-06-06 10:30:00,vOuJvMaM2sgwLmb,1237.21,1206.49,2536.87,2.35907e+06
2020-06-13 18:15:00,PeE6FRyGXUgsRhN,68.9571,66.8357,6500.57,1.34853e+09
2020-05-29 01:00:00,oZZkBaNadn6DNKz,0,0,0,1.70818e+09
2020-06-17 12:30:00,4UPUqMRk7TRMgml,764.787,748.727,2230.87,2.65128e+06
2020-05-25 05:00:00,oZZkBaNadn6DNKz,0,0,0,1.70815e+09
2020-06-15 15:00:00,oZZkBaNadn6DNKz,484.68,475.527,1840,1.70828e+09
2020-06-02 03:45:00,rrq4fwE8jgrTyWY,0,0,0,1.21065e+08
2020-06-08 14:00:00,Qf4GUc1pJu5T6c6,1126.92,1099.49,6256,8.38604e+08
2020-06-02 12:00:00,xoJJ8DcxJEcupym,0,0,2448,2.09247e+08
2020-06-11 02:30:00,4UPUqMRk7TRMgml,0,0,5588,2.62429e+06
2020-05-30 04:30:00,q49J1IKaHRwDQnt,0,0,7407,430129
2020-05-31 23:00:00,rrq4fwE8jgrTyWY,0,0,6256,1.21061e+08
2020-06-08 19:00:00,q49J1IKaHRwDQnt,0,0,2786,474037
2020-05-30 06:15:00,81aHJ1q11NBPMrL,20.6867,19.96,4.13333,1.21538e+09
2020-05-29 19:45:00,9kRcWv60rDACzjR,0,0,6958,2.24782e+09
2020-05-15 13:00:00,Qf4GUc1pJu5T6c6,1266.18,1234.52,2792.33,8.38424e+08
2020-05-17 11:00:00,Et9kgGMDl729KT4,0,0,1119,1.71601e+06
2020-05-15 03:00:00,LYwnQax7tkwH5Cb,0,0,0,1.79496e+09
2020-06-10 19:30:00,Et9kgGMDl729KT4,0,0,2448,1.82832e+06
2020-05-28 15:15:00,V94E5Ben1TlhnDV,926.057,905.829,7786.79,1.41219e+09
2020-06-11 09:00:00,Et9kgGMDl729KT4,455.913,447.367,350.4,1.82867e+06
2020-06-15 00:30:00,xoJJ8DcxJEcupym,0,0,7268,2.0932e+08
2020-05-31 01:00:00,Mx2yZCDsyf6DPfv,0,0,0,2.57894e+06
2020-06-12 06:30:00,81aHJ1q11NBPMrL,47.3333,45.7867,9.86667,1.21545e+09
2020-05-31 22:45:00,q49J1IKaHRwDQnt,0,0,6348,444300
2020-06-14 17:15:00,oZZkBaNadn6DNKz,223.129,218.764,3211.86,1.70827e+09
2020-05-24 02:00:00,4UPUqMRk7TRMgml,0,0,0,2.49297e+06
2020-06-06 23:45:00,81aHJ1q11NBPMrL,0,0,6556.8,1.21543e+09
2020-06-13 07:45:00,oZ35aAeoifZaQzV,301.029,295.479,274.857,1.66017e+09
2020-06-04 13:30:00,Mx2yZCDsyf6DPfv,1146.06,1118.68,5120,2.60721e+06
2020-06-13 18:00:00,rrq4fwE8jgrTyWY,114.507,111.393,6090.13,1.21111e+08
2020-05-31 14:15:00,Mx2yZCDsyf6DPfv,794.513,776.647,5627.27,2.58457e+06
2020-06-06 00:15:00,xoJJ8DcxJEcupym,0,0,7368,2.09267e+08
2020-06-14 11:30:00,4UPUqMRk7TRMgml,0,0,673,2.64012e+06
2020-06-15 09:30:00,xoJJ8DcxJEcupym,517.133,507.113,1272.2,2.09321e+08
2020-05-22 14:00:00,LlT2YUhhzqhg5Sw,0,0,2683,2.8264e+08
2020-06-13 14:45:00,xMbIugepa2P7lBB,0,0,1543,1.06871e+08
2020-06-06 12:15:00,81aHJ1q11NBPMrL,1382.21,1347.66,4411.33,1.21542e+09
2020-06-06 02:30:00,mqwcsP2rE7J0TFp,0,0,0,5.93743e+08
2020-06-03 10:45:00,81aHJ1q11NBPMrL,127.464,124.7,234.929,1.73629e+08
2020-06-04 23:30:00,LYwnQax7tkwH5Cb,0,0,2885,1.79506e+09
2020-06-12 09:30:00,oZ35aAeoifZaQzV,646.473,633.293,781.867,1.66017e+09
2020-05-27 20:00:00,V94E5Ben1TlhnDV,0,0,5825,1.41218e+09
2020-05-24 12:00:00,81aHJ1q11NBPMrL,0,0,0,0
2020-06-14 18:15:00,NgDl19wMapZy17u,61.82,59.8867,6264.33,1.1173e+08
2020-06-17 22:45:00,xMbIugepa2P7lBB,0,0,4218,1.06896e+08
2020-06-12 23:45:00,Qf4GUc1pJu5T6c6,0,0,4455,8.38629e+08
2020-05-18 12:45:00,rrq4fwE8jgrTyWY,0,0,1896,1.20984e+08
2020-06-14 11:45:00,V94E5Ben1TlhnDV,0,0,1760,1.41228e+09
2020-05-15 02:15:00,V94E5Ben1TlhnDV,0,0,0,1.41208e+09
2020-06-09 10:45:00,Et9kgGMDl729KT4,0,0,1605,1.82358e+06
2020-05-24 03:15:00,rrq4fwE8jgrTyWY,0,0,0,1.21014e+08
2020-06-11 22:30:00,Quc1TzYxW2pYoWX,0,0,3184,3.29624e+08
2020-06-09 01:15:00,IQ2d7wF4YD8zU1Q,0,0,9265,2.01358e+07
2020-05-27 16:00:00,Et9kgGMDl729KT4,611.72,599.36,7979.8,1.77035e+06
2020-06-14 14:30:00,q49J1IKaHRwDQnt,511.173,501.06,5962.73,503752
2020-05-18 16:15:00,q49J1IKaHRwDQnt,555.507,544.447,3754,362033
2020-05-28 02:00:00,rrq4fwE8jgrTyWY,0,0,0,1.21036e+08
2020-06-10 15:45:00,V94E5Ben1TlhnDV,303.967,297.973,4970.2,1.41226e+09
2020-05-18 21:45:00,Et9kgGMDl729KT4,0,0,2320,1.72181e+06
2020-05-25 20:15:00,oZ35aAeoifZaQzV,0,0,9186,1.66005e+09
2020-05-15 17:15:00,rrq4fwE8jgrTyWY,192.473,188.68,5441.33,1.2097e+08
2020-06-03 12:30:00,xoJJ8DcxJEcupym,0,0,2083,2.09252e+08
2020-05-29 04:15:00,rrq4fwE8jgrTyWY,0,0,0,1.2104e+08
2020-06-11 23:15:00,Mx2yZCDsyf6DPfv,0,0,3945,2.65966e+06
2020-06-17 16:30:00,Quc1TzYxW2pYoWX,222.28,217.927,3531.8,3.29646e+08
2020-06-04 17:30:00,NgDl19wMapZy17u,145.664,142.136,6247.43,1.11667e+08
2020-06-08 08:15:00,9kRcWv60rDACzjR,467.167,458.12,617.4,2.24787e+09
2020-06-06 13:15:00,PeE6FRyGXUgsRhN,0,0,861,1.34849e+09
2020-06-04 07:45:00,Quc1TzYxW2pYoWX,280.327,275.187,205.267,3.29597e+08
2020-06-05 05:15:00,WcxssY2VbP4hApt,0,0,3834,1.81848e+08
2020-06-13 14:15:00,Et9kgGMDl729KT4,601.807,589.493,4083,1.83944e+06
2020-05-26 03:30:00,81aHJ1q11NBPMrL,0,0,0,1.21535e+09
2020-06-05 01:30:00,vOuJvMaM2sgwLmb,0,0,6885,2.35311e+06
2020-06-14 19:30:00,LYwnQax7tkwH5Cb,0,0,7310,1.7951e+09
2020-06-12 07:30:00,4UPUqMRk7TRMgml,202.653,198.673,113.667,2.62836e+06
2020-05-28 16:45:00,Quc1TzYxW2pYoWX,302.267,296.9,4597.4,3.29571e+08
2020-06-16 20:15:00,NgDl19wMapZy17u,0,0,5537,1.11742e+08
2020-05-16 22:45:00,WcxssY2VbP4hApt,0,0,8021,1.81713e+08
2020-06-16 22:00:00,IQ2d7wF4YD8zU1Q,0,0,5596,2.01808e+07
2020-05-17 04:30:00,oZZkBaNadn6DNKz,0,0,0,1.7081e+09
2020-06-12 00:15:00,LlT2YUhhzqhg5Sw,0,0,3814,2.82758e+08
2020-06-11 03:15:00,9kRcWv60rDACzjR,0,0,0,2.24788e+09
2020-05-29 11:45:00,PeE6FRyGXUgsRhN,1087.23,1062.59,3547.2,1.34844e+09
2020-05-26 00:45:00,Qf4GUc1pJu5T6c6,0,0,0,8.38504e+08
2020-05-23 03:30:00,vOuJvMaM2sgwLmb,0,0,0,2.2654e+06
2020-05-26 03:30:00,LlT2YUhhzqhg5Sw,0,0,0,2.82664e+08
2020-06-12 06:45:00,oZZkBaNadn6DNKz,100.273,97.4133,27.9333,1.70826e+09
2020-06-10 05:00:00,LYwnQax7tkwH5Cb,0,0,3308,1.79508e+09
2020-05-19 02:00:00,NgDl19wMapZy17u,0,0,0,1.11545e+08
2020-05-19 09:15:00,LlT2YUhhzqhg5Sw,374.853,368.347,1007.4,2.82622e+08
2020-06-08 18:00:00,LlT2YUhhzqhg5Sw,150.386,146.886,2793.64,2.82746e+08
2020-05-21 22:15:00,Mx2yZCDsyf6DPfv,0,0,9059,2.50657e+06
2020-05-27 23:15:00,oZ35aAeoifZaQzV,0,0,9463,1.66007e+09
2020-06-15 01:45:00,xoJJ8DcxJEcupym,0,0,7268,2.0932e+08
2020-06-13 13:45:00,NgDl19wMapZy17u,436.679,428.514,1585.29,1.11721e+08
2020-06-02 19:15:00,Qf4GUc1pJu5T6c6,0,0,7298,8.38562e+08
2020-06-05 15:30:00,9kRcWv60rDACzjR,508.58,498.707,2435.07,2.24786e+09
2020-06-14 02:30:00,9kRcWv60rDACzjR,0,0,0,2.24789e+09
2020-06-02 20:45:00,9kRcWv60rDACzjR,0,0,7073,2.24785e+09
2020-06-03 19:30:00,Mx2yZCDsyf6DPfv,0,0,4836,2.60209e+06
2020-06-02 01:15:00,Qf4GUc1pJu5T6c6,0,0,0,8.38554e+08
2020-05-16 12:00:00,Qf4GUc1pJu5T6c6,1314.43,1281.57,4502.53,8.38432e+08
2020-05-27 22:00:00,q49J1IKaHRwDQnt,0,0,9016,414923
2020-05-19 14:45:00,IQ2d7wF4YD8zU1Q,734.173,718.787,6420.53,1.99805e+07
2020-06-14 09:30:00,q49J1IKaHRwDQnt,622.307,609.593,1282.5,499072
2020-06-07 21:45:00,WcxssY2VbP4hApt,0,0,1950,1.81862e+08
2020-05-18 14:45:00,oZ35aAeoifZaQzV,998.843,976.643,6290.43,1.65999e+09
2020-05-29 05:00:00,9kRcWv60rDACzjR,0,0,0,2.24782e+09
2020-05-24 13:00:00,LlT2YUhhzqhg5Sw,1211.17,1180.87,5494.2,2.82651e+08
2020-06-07 15:30:00,IQ2d7wF4YD8zU1Q,191.607,187.387,1408.6,8.05027e+06
2020-05-23 06:15:00,vOuJvMaM2sgwLmb,50.3867,48.7467,10.4667,2.26541e+06
2020-06-07 05:30:00,V94E5Ben1TlhnDV,0,0,0,1.41224e+09
2020-06-16 12:30:00,4UPUqMRk7TRMgml,802.453,785.367,2593,2.64664e+06
2020-05-26 19:30:00,xoJJ8DcxJEcupym,0,0,6233,2.09211e+08
2020-06-04 14:45:00,NgDl19wMapZy17u,565.387,554.087,5211.13,1.11666e+08
2020-06-06 22:00:00,4UPUqMRk7TRMgml,0,0,8376,2.59354e+06
2020-06-04 02:30:00,NgDl19wMapZy17u,0,0,0,1.11661e+08
2020-05-22 23:30:00,xoJJ8DcxJEcupym,0,0,3954,2.09177e+08
2020-05-15 23:45:00,IQ2d7wF4YD8zU1Q,0,0,9663,1.99512e+07
2020-05-23 20:30:00,vOuJvMaM2sgwLmb,0,0,9534,2.27493e+06
2020-05-25 23:45:00,WcxssY2VbP4hApt,0,0,5474.4,1.81784e+08
2020-06-09 21:30:00,NgDl19wMapZy17u,0,0,8067,1.11708e+08
2020-06-04 12:15:00,LYwnQax7tkwH5Cb,0,0,1420,1.79506e+09
2020-06-02 05:30:00,4UPUqMRk7TRMgml,0,0,0,2.5569e+06
2020-06-09 05:30:00,V94E5Ben1TlhnDV,0,0,0,1.41225e+09
2020-06-02 19:00:00,4UPUqMRk7TRMgml,0,0,7404,2.5643e+06
2020-06-13 15:15:00,NgDl19wMapZy17u,666.627,652.84,2715.87,1.11722e+08
2020-05-21 08:00:00,oZZkBaNadn6DNKz,497.527,487.933,435.533,1.70811e+09
2020-05-30 10:30:00,IQ2d7wF4YD8zU1Q,1043.01,1019.09,1573.13,2.00647e+07
2020-05-31 14:00:00,Mx2yZCDsyf6DPfv,1243.83,1212.75,5351.6,2.5843e+06
2020-06-06 21:00:00,PeE6FRyGXUgsRhN,0,0,2212,1.34849e+09
2020-05-31 22:15:00,WcxssY2VbP4hApt,0,0,6611,1.8183e+08
2020-06-01 06:45:00,Et9kgGMDl729KT4,99.0133,96.1933,35.1333,1.7949e+06
2020-06-07 15:30:00,q49J1IKaHRwDQnt,131.679,128.807,285,168018
2020-05-19 22:15:00,oZZkBaNadn6DNKz,0,0,1999,1.70811e+09
2020-05-18 08:15:00,oZ35aAeoifZaQzV,336.56,330.727,109.933,1.65999e+09
2020-05-15 09:45:00,NgDl19wMapZy17u,1061.31,1037.4,1967.6,1.11515e+08
2020-06-09 00:00:00,PeE6FRyGXUgsRhN,0,0,8837,1.3485e+09
2020-06-08 02:45:00,mqwcsP2rE7J0TFp,0,0,0,5.93759e+08
2020-06-07 22:45:00,vOuJvMaM2sgwLmb,0,0,1910,2.36669e+06
2020-06-05 02:45:00,NgDl19wMapZy17u,0,0,6331,1.11668e+08
2020-06-16 17:15:00,xoJJ8DcxJEcupym,49.6533,48.0867,5257.2,2.09331e+08
2020-06-02 02:30:00,9kRcWv60rDACzjR,0,0,0,2.24784e+09
2020-05-27 20:15:00,PeE6FRyGXUgsRhN,0,0,3852,1.34843e+09
2020-06-03 11:30:00,xoJJ8DcxJEcupym,327.667,320.407,2068.4,2.09252e+08
2020-06-11 02:30:00,Mx2yZCDsyf6DPfv,0,0,5563,2.65571e+06
2020-06-04 13:30:00,oZZkBaNadn6DNKz,0,0,2434,1.70821e+09
2020-05-17 14:00:00,IQ2d7wF4YD8zU1Q,1044.61,1020.69,5292.93,1.99644e+07
2020-05-22 05:45:00,q49J1IKaHRwDQnt,0,0,0,374171
2020-06-07 21:00:00,LlT2YUhhzqhg5Sw,0,0,7771,2.82743e+08
2020-06-05 07:30:00,q49J1IKaHRwDQnt,217.693,213.44,169.133,462140
2020-06-06 21:00:00,LlT2YUhhzqhg5Sw,0,0,4674,2.82735e+08
2020-05-16 14:30:00,PeE6FRyGXUgsRhN,0,0,2083,1.34836e+09
2020-06-06 02:30:00,xMbIugepa2P7lBB,0,0,7722,1.06823e+08
2020-06-15 05:30:00,Et9kgGMDl729KT4,0,0,0,1.84334e+06
2020-05-23 07:30:00,rrq4fwE8jgrTyWY,355.493,349.46,227.8,1.21011e+08
2020-05-22 01:30:00,V94E5Ben1TlhnDV,0,0,0,1.41213e+09
2020-05-25 00:00:00,4UPUqMRk7TRMgml,0,0,4635,2.4976e+06
2020-06-02 01:45:00,xMbIugepa2P7lBB,0,0,4143,1.06795e+08
2020-06-15 22:30:00,oZZkBaNadn6DNKz,0,0,2803,1.70828e+09
2020-05-30 21:30:00,81aHJ1q11NBPMrL,0,0,7156,1.21538e+09
2020-06-17 14:45:00,rrq4fwE8jgrTyWY,499.636,489.843,3066.71,1.2113e+08
2020-06-07 22:45:00,WcxssY2VbP4hApt,0,0,1950,1.81862e+08
2020-05-18 06:15:00,Quc1TzYxW2pYoWX,0,0,0,3.29523e+08
2020-05-30 19:45:00,V94E5Ben1TlhnDV,0,0,5288,1.41221e+09
2020-05-20 05:15:00,q49J1IKaHRwDQnt,0,0,2825,365265
2020-06-08 02:00:00,mqwcsP2rE7J0TFp,0,0,0,5.93759e+08
2020-06-03 13:30:00,xMbIugepa2P7lBB,607.547,595.327,3499.4,1.06806e+08
2020-05-18 07:00:00,4UPUqMRk7TRMgml,4.68667,4.52667,0.0666667,2.44523e+06
2020-06-07 10:45:00,LYwnQax7tkwH5Cb,0,0,1036,1.79507e+09
2020-05-16 18:45:00,WcxssY2VbP4hApt,0,0,8021,1.81713e+08
2020-05-22 05:00:00,xoJJ8DcxJEcupym,0,0,0,2.09173e+08
2020-06-01 14:45:00,PeE6FRyGXUgsRhN,54.22,52.4667,3949,1.34846e+09
2020-06-02 02:00:00,LYwnQax7tkwH5Cb,0,0,0,1.79505e+09
2020-05-22 06:15:00,V94E5Ben1TlhnDV,51.9133,50.2467,10.0667,1.41213e+09
2020-06-07 09:45:00,9kRcWv60rDACzjR,0,0,1049,2.24787e+09
2020-06-09 08:00:00,Et9kgGMDl729KT4,443.927,435.44,503,1.82248e+06
2020-06-06 17:00:00,q49J1IKaHRwDQnt,402.113,395.087,3337.13,468203
2020-05-29 18:15:00,xoJJ8DcxJEcupym,35.05,33.8643,5429.14,2.09228e+08
2020-05-20 22:45:00,oZ35aAeoifZaQzV,0,0,9511,1.66001e+09
2020-05-25 15:00:00,oZZkBaNadn6DNKz,931.293,910.933,7740,1.70816e+09
2020-05-21 08:30:00,9kRcWv60rDACzjR,693.036,678.736,715.429,2.24776e+09
2020-06-08 01:45:00,9kRcWv60rDACzjR,0,0,0,2.24787e+09
2020-06-17 17:45:00,LYwnQax7tkwH5Cb,93.04,90.38,3929.07,1.79512e+09
2020-06-07 05:00:00,9kRcWv60rDACzjR,0,0,0,2.24787e+09
2020-05-23 01:15:00,rrq4fwE8jgrTyWY,0,0,0,1.21011e+08
2020-06-03 20:00:00,xMbIugepa2P7lBB,0,0,5879,1.06808e+08
2020-05-16 01:00:00,Et9kgGMDl729KT4,0,0,0,1.7084e+06
2020-05-16 07:00:00,xMbIugepa2P7lBB,164.82,161.467,85.3333,1.06666e+08
2020-05-31 02:45:00,LYwnQax7tkwH5Cb,0,0,0,1.79504e+09
2020-06-13 23:45:00,oZ35aAeoifZaQzV,0,0,3472,1.66017e+09
2020-06-08 20:30:00,Quc1TzYxW2pYoWX,0,0,3027,3.29615e+08
2020-05-31 18:15:00,IQ2d7wF4YD8zU1Q,26.6333,25.7133,6660.73,2.0078e+07
2020-06-05 11:30:00,NgDl19wMapZy17u,1170.93,1142.41,3532.33,1.11671e+08
2020-05-24 12:45:00,Quc1TzYxW2pYoWX,975.147,953.613,1731.93,3.29545e+08
2020-05-17 09:30:00,PeE6FRyGXUgsRhN,865.667,846.92,1306.47,1.34836e+09
2020-06-13 02:45:00,oZ35aAeoifZaQzV,0,0,4607,1.66017e+09
2020-06-14 00:30:00,xMbIugepa2P7lBB,0,0,2950,1.06873e+08
2020-06-15 13:30:00,V94E5Ben1TlhnDV,378.607,371.85,1057.29,1.41228e+09
2020-06-04 21:15:00,mqwcsP2rE7J0TFp,0,0,5742,5.93735e+08
2020-06-01 14:45:00,NgDl19wMapZy17u,56.58,54.7667,3908.6,1.11649e+08
2020-06-07 05:45:00,Qf4GUc1pJu5T6c6,0,0,0,8.3859e+08
2020-06-07 05:45:00,Quc1TzYxW2pYoWX,0,0,1592.73,3.29609e+08
2020-06-05 03:00:00,NgDl19wMapZy17u,0,0,6331,1.11668e+08
2020-06-17 20:45:00,xoJJ8DcxJEcupym,0,0,4316,2.09336e+08
2020-06-09 18:45:00,WcxssY2VbP4hApt,1.28,1.23333,4027,1.81869e+08
2020-05-29 07:45:00,Mx2yZCDsyf6DPfv,235.887,231.3,226.2,2.56273e+06
2020-05-21 08:00:00,Et9kgGMDl729KT4,439.28,431.24,387.6,1.72928e+06
2020-06-14 18:45:00,81aHJ1q11NBPMrL,0,0,7555,1.21547e+09
2020-06-15 15:30:00,NgDl19wMapZy17u,503.14,493.407,5574.67,1.11735e+08
2020-05-22 04:45:00,rrq4fwE8jgrTyWY,0,0,0,1.21001e+08
2020-05-15 15:00:00,mqwcsP2rE7J0TFp,934.579,914.121,8121.64,5.93588e+08
2020-05-15 10:00:00,Qf4GUc1pJu5T6c6,976.24,953.467,2293.87,8.38424e+08
2020-05-16 12:45:00,9kRcWv60rDACzjR,707.86,693.12,5005.8,2.24773e+09
2020-05-25 08:15:00,WcxssY2VbP4hApt,580.96,569.307,588.867,1.81776e+08
2020-05-16 08:30:00,oZZkBaNadn6DNKz,715.073,700.227,739.4,1.70809e+09
2020-05-20 21:15:00,oZZkBaNadn6DNKz,0,0,3163,1.70811e+09
2020-06-11 17:15:00,LlT2YUhhzqhg5Sw,92.4133,89.76,3734.87,2.82758e+08
2020-05-30 09:00:00,q49J1IKaHRwDQnt,466.647,457.747,535.867,430665
2020-05-21 01:30:00,xoJJ8DcxJEcupym,0,0,0,2.09169e+08
2020-06-01 22:30:00,LYwnQax7tkwH5Cb,0,0,3705.33,1.67538e+09
2020-05-26 01:00:00,WcxssY2VbP4hApt,0,0,0,1.81784e+08
2020-06-06 15:30:00,Mx2yZCDsyf6DPfv,680.013,665.567,7109.8,2.62391e+06
2020-06-13 06:00:00,V94E5Ben1TlhnDV,3.20667,3.09333,0,1.41227e+09
2020-06-05 03:30:00,PeE6FRyGXUgsRhN,0,0,6168,1.34848e+09
2020-05-29 07:45:00,LYwnQax7tkwH5Cb,221.467,217.14,212.867,1.79503e+09
2020-06-15 18:45:00,LYwnQax7tkwH5Cb,6.59333,6.36,5603.67,1.79511e+09
2020-06-13 08:45:00,Et9kgGMDl729KT4,525.107,514.953,571.667,1.83593e+06
2020-06-11 04:00:00,LYwnQax7tkwH5Cb,0,0,2407,1.79508e+09
2020-05-18 00:00:00,oZ35aAeoifZaQzV,0,0,370,1.65999e+09
2020-05-20 22:15:00,Quc1TzYxW2pYoWX,0,0,2419,3.29531e+08
2020-06-07 04:30:00,LlT2YUhhzqhg5Sw,0,0,4674,2.82735e+08
2020-06-07 18:15:00,PeE6FRyGXUgsRhN,56.3,54.48,7530.4,1.3485e+09
2020-05-28 07:15:00,vOuJvMaM2sgwLmb,243.133,238.68,125.667,2.306e+06
2020-05-25 05:45:00,LlT2YUhhzqhg5Sw,0,0,0,2.82655e+08
2020-05-15 22:15:00,xMbIugepa2P7lBB,0,0,9465,1.06666e+08
2020-06-16 05:45:00,4UPUqMRk7TRMgml,0,0,2304,2.64384e+06
2020-05-17 18:15:00,Quc1TzYxW2pYoWX,32.1533,31.0667,3543.67,3.29523e+08
2020-06-11 17:00:00,Mx2yZCDsyf6DPfv,121.907,118.58,3835,2.65955e+06
2020-05-19 08:30:00,xMbIugepa2P7lBB,506.72,496.96,693.467,1.06689e+08
2020-05-27 21:45:00,V94E5Ben1TlhnDV,0,0,5825,1.41218e+09
2020-06-11 14:00:00,Quc1TzYxW2pYoWX,455.447,446.76,2317.6,3.29623e+08
2020-05-18 07:30:00,xoJJ8DcxJEcupym,27.4929,26.5571,7,2.09156e+08
2020-05-18 06:00:00,PeE6FRyGXUgsRhN,0,0,0,1.34837e+09
2020-06-04 15:15:00,IQ2d7wF4YD8zU1Q,455.986,447.064,5711.93,1.86659e+07
2020-06-11 05:45:00,IQ2d7wF4YD8zU1Q,0,0,5627,2.01496e+07
2020-05-25 00:30:00,xoJJ8DcxJEcupym,0,0,0,2.09196e+08
2020-06-07 09:45:00,Et9kgGMDl729KT4,0,0,0,1.81725e+06
2020-05-18 09:15:00,LlT2YUhhzqhg5Sw,654.367,640.993,626.267,2.82617e+08
2020-06-17 01:15:00,xoJJ8DcxJEcupym,0,0,0,2.09331e+08
2020-05-30 12:15:00,LYwnQax7tkwH5Cb,891.567,871.873,3324.93,1.79504e+09
2020-05-18 18:00:00,vOuJvMaM2sgwLmb,54.1467,52.4067,5228.27,2.23702e+06
2020-06-06 12:45:00,mqwcsP2rE7J0TFp,983.027,959.76,5058.2,5.93748e+08
2020-05-20 01:00:00,WcxssY2VbP4hApt,0,0,0,1.81735e+08
2020-06-12 14:15:00,xMbIugepa2P7lBB,644.221,631.043,3251.64,1.06868e+08
2020-06-08 07:45:00,LYwnQax7tkwH5Cb,480.021,470.714,342.571,1.79507e+09
2020-05-21 04:15:00,LlT2YUhhzqhg5Sw,0,0,0,2.82631e+08
2020-05-31 04:45:00,LYwnQax7tkwH5Cb,0,0,0,1.79504e+09
2020-05-25 12:30:00,Quc1TzYxW2pYoWX,0,0,1178,3.29549e+08
2020-05-15 04:15:00,LYwnQax7tkwH5Cb,0,0,0,1.79496e+09
2020-06-02 08:30:00,Mx2yZCDsyf6DPfv,553.673,542.68,770.333,2.59069e+06
2020-05-29 20:15:00,9kRcWv60rDACzjR,0,0,6958,2.24782e+09
2020-06-08 20:45:00,LlT2YUhhzqhg5Sw,0,0,2841,2.82746e+08
2020-05-21 21:45:00,oZ35aAeoifZaQzV,0,0,8349,1.66002e+09
2020-06-01 11:15:00,mqwcsP2rE7J0TFp,690.321,676.014,2613.43,5.93715e+08
2020-05-22 17:30:00,9kRcWv60rDACzjR,199.893,195.973,3019.73,2.24777e+09
2020-06-03 15:45:00,PeE6FRyGXUgsRhN,696.147,681.78,2929.73,1.34847e+09
2020-06-15 20:00:00,81aHJ1q11NBPMrL,0,0,6307,1.21548e+09
2020-05-18 01:30:00,xoJJ8DcxJEcupym,0,0,0,2.09156e+08
2020-06-16 18:30:00,PeE6FRyGXUgsRhN,12.0714,11.65,3810.86,1.34854e+09
2020-06-01 08:15:00,q49J1IKaHRwDQnt,308.321,302.821,333.143,444633
2020-06-17 12:15:00,WcxssY2VbP4hApt,808.54,791.16,1926.87,1.8191e+08
2020-05-17 06:30:00,81aHJ1q11NBPMrL,36.36,35.16,11.7333,1.21529e+09
2020-05-26 20:15:00,xoJJ8DcxJEcupym,0,0,6233,2.09211e+08
2020-05-16 17:15:00,Mx2yZCDsyf6DPfv,47.2267,45.7,5797,2.46724e+06
2020-05-29 16:45:00,4UPUqMRk7TRMgml,527.936,517.507,7744.21,2.5373e+06
2020-05-28 18:15:00,xoJJ8DcxJEcupym,58.3533,56.4667,8642.93,2.09223e+08
2020-05-21 22:15:00,Et9kgGMDl729KT4,0,0,6646,1.73554e+06
2020-05-30 15:45:00,Qf4GUc1pJu5T6c6,773.687,757.413,7132.13,8.38543e+08
2020-05-25 15:15:00,q49J1IKaHRwDQnt,842.773,824.74,5110,400740
2020-05-21 13:00:00,xoJJ8DcxJEcupym,0,0,1514,2.0917e+08
2020-05-22 22:00:00,Qf4GUc1pJu5T6c6,0,0,9873,8.38481e+08
2020-06-15 10:00:00,PeE6FRyGXUgsRhN,0,0,1144,1.34854e+09
2020-05-15 07:30:00,V94E5Ben1TlhnDV,470.72,461.84,290.4,1.41208e+09
2020-06-05 21:30:00,vOuJvMaM2sgwLmb,0,0,3421,2.35653e+06
2020-05-27 18:45:00,oZ35aAeoifZaQzV,1.21333,1.16667,9462.93,1.66007e+09
2020-05-24 08:15:00,81aHJ1q11NBPMrL,596.021,584.029,564.071,1.21533e+09
2020-06-04 09:45:00,WcxssY2VbP4hApt,770.933,753.993,1391.33,1.81845e+08
2020-05-17 02:45:00,IQ2d7wF4YD8zU1Q,0,0,0,1.99591e+07
2020-05-26 17:15:00,oZ35aAeoifZaQzV,174.967,171.5,9351.93,1.66006e+09
2020-06-16 18:15:00,oZZkBaNadn6DNKz,24.1733,23.3667,5547.6,1.70828e+09
2020-05-24 19:30:00,q49J1IKaHRwDQnt,0,0,8872,395630
2020-06-01 09:45:00,rrq4fwE8jgrTyWY,528.887,518.587,1379.2,1.21062e+08
2020-05-25 13:45:00,4UPUqMRk7TRMgml,1182.31,1152.81,6552.29,2.50415e+06
2020-06-17 14:45:00,9kRcWv60rDACzjR,524.66,514.293,3282.13,2.24792e+09
2020-06-04 02:30:00,IQ2d7wF4YD8zU1Q,0,0,0,2.00956e+07
2020-05-21 16:30:00,Mx2yZCDsyf6DPfv,544.34,533.553,8608.53,2.50612e+06
2020-06-11 11:30:00,vOuJvMaM2sgwLmb,706.753,691.96,1676,2.39071e+06
2020-05-15 11:45:00,PeE6FRyGXUgsRhN,1220.99,1190.47,4200.87,1.34836e+09
2020-05-23 12:15:00,xoJJ8DcxJEcupym,1282.61,1250.55,4773.29,2.09182e+08
2020-05-21 13:00:00,4UPUqMRk7TRMgml,1313.39,1280.55,5387,2.46965e+06
2020-06-14 01:15:00,rrq4fwE8jgrTyWY,0,0,6127,1.21111e+08
2020-06-07 08:45:00,mqwcsP2rE7J0TFp,743.92,728.34,697,5.93752e+08
2020-05-27 19:45:00,LlT2YUhhzqhg5Sw,0,0,9086,2.82682e+08
2020-06-08 12:30:00,xoJJ8DcxJEcupym,1338.56,1305.31,4686,2.09281e+08
2020-05-17 19:45:00,LlT2YUhhzqhg5Sw,0,0,6717,2.82616e+08
2020-06-03 19:00:00,9kRcWv60rDACzjR,0,0,4339,2.24785e+09
2020-06-10 10:30:00,4UPUqMRk7TRMgml,1088.29,1063.15,2013.33,2.62071e+06
2020-06-16 16:15:00,q49J1IKaHRwDQnt,361.34,354.893,5035.07,516360
2020-06-10 15:15:00,LlT2YUhhzqhg5Sw,302.673,297.167,4882.4,2.82754e+08
2020-05-26 23:30:00,LYwnQax7tkwH5Cb,0,0,3874,1.79502e+09
2020-06-04 13:30:00,rrq4fwE8jgrTyWY,961.3,938.84,4937.67,1.21078e+08
2020-05-22 22:15:00,4UPUqMRk7TRMgml,0,0,9863,2.48328e+06
2020-06-04 09:30:00,q49J1IKaHRwDQnt,479.573,469.593,694.2,456955
2020-05-21 20:15:00,Mx2yZCDsyf6DPfv,0,0,9059,2.50657e+06
2020-06-04 04:45:00,xoJJ8DcxJEcupym,0,0,0,2.09253e+08
2020-05-26 05:00:00,vOuJvMaM2sgwLmb,0,0,0,2.28725e+06
2020-06-14 12:15:00,vOuJvMaM2sgwLmb,1072.35,1046.61,3667.6,2.40777e+06
2020-06-05 12:00:00,Et9kgGMDl729KT4,0,0,1041,1.81221e+06
2020-05-16 22:15:00,PeE6FRyGXUgsRhN,0,0,2974,1.34836e+09
2020-06-04 21:00:00,Mx2yZCDsyf6DPfv,0,0,6981,2.60907e+06
2020-05-24 03:00:00,V94E5Ben1TlhnDV,0,0,0,1.41215e+09
2020-06-09 14:30:00,oZ35aAeoifZaQzV,705.007,690.36,6334.8,1.66015e+09
2020-05-18 04:45:00,xMbIugepa2P7lBB,0,0,7087,1.06681e+08
2020-05-16 02:30:00,mqwcsP2rE7J0TFp,0,0,0,5.93589e+08
2020-06-05 09:30:00,xoJJ8DcxJEcupym,960.08,938.613,1340.2,2.09261e+08
2020-06-10 06:45:00,oZZkBaNadn6DNKz,71.98,69.7933,26.6667,1.70825e+09
2020-05-21 11:15:00,xoJJ8DcxJEcupym,0,0,1514,2.0917e+08
2020-06-12 22:45:00,oZZkBaNadn6DNKz,0,0,4728,1.70827e+09
2020-05-28 03:30:00,oZ35aAeoifZaQzV,0,0,0,1.66007e+09
2020-06-15 03:15:00,WcxssY2VbP4hApt,0,0,7634,1.81896e+08
2020-05-30 06:30:00,mqwcsP2rE7J0TFp,26.36,25.44,9.86667,5.93698e+08
2020-06-06 11:00:00,Mx2yZCDsyf6DPfv,1116.13,1089.21,3042.4,2.61984e+06
2020-06-15 15:00:00,rrq4fwE8jgrTyWY,389.143,382.071,2817.5,1.21121e+08
2020-06-08 14:00:00,mqwcsP2rE7J0TFp,1227.65,1197.15,6246,5.93765e+08
2020-05-30 11:15:00,rrq4fwE8jgrTyWY,1234.66,1204.21,2278.2,1.21049e+08
2020-06-13 12:45:00,Qf4GUc1pJu5T6c6,0,0,1459,8.38631e+08
2020-06-14 00:45:00,Mx2yZCDsyf6DPfv,0,0,3202,2.66744e+06
2020-06-08 21:30:00,PeE6FRyGXUgsRhN,0,0,8837,1.3485e+09
2020-05-19 00:30:00,Et9kgGMDl729KT4,0,0,0,1.72181e+06
2020-05-24 08:00:00,rrq4fwE8jgrTyWY,495.107,485.427,417.4,1.21014e+08
2020-05-31 21:15:00,Mx2yZCDsyf6DPfv,0,0,6639,2.58558e+06
2020-05-28 09:45:00,q49J1IKaHRwDQnt,1017.85,995.153,1777.8,416701
2020-05-30 01:45:00,Quc1TzYxW2pYoWX,0,0,4046,3.29575e+08
2020-06-15 14:30:00,Et9kgGMDl729KT4,38.8067,38.1067,1339,1.84468e+06
2020-06-01 02:30:00,mqwcsP2rE7J0TFp,0,0,0,5.93713e+08
2020-06-06 11:30:00,Qf4GUc1pJu5T6c6,1145.96,1118.14,3626.86,8.38586e+08
2020-06-16 18:00:00,Qf4GUc1pJu5T6c6,36.1467,34.94,5177.33,8.38642e+08
2020-06-15 20:00:00,q49J1IKaHRwDQnt,0,0,6060,511325
2020-05-18 02:00:00,81aHJ1q11NBPMrL,0,0,0,1.21529e+09
2020-05-30 19:30:00,vOuJvMaM2sgwLmb,0,0,6591,2.32669e+06
2020-05-21 03:30:00,Mx2yZCDsyf6DPfv,0,0,0,2.49752e+06
2020-05-21 03:30:00,Qf4GUc1pJu5T6c6,0,0,0,8.38462e+08
2020-05-29 23:00:00,NgDl19wMapZy17u,0,0,8027,1.1163e+08
2020-06-13 00:30:00,4UPUqMRk7TRMgml,0,0,4548,2.63279e+06
2020-05-16 11:45:00,NgDl19wMapZy17u,1277.09,1245.15,4078.87,1.11526e+08
2020-06-16 17:15:00,IQ2d7wF4YD8zU1Q,56.1286,54.3786,5524.14,2.01807e+07
2020-05-22 11:30:00,Mx2yZCDsyf6DPfv,1303.55,1270.97,3997,2.51057e+06
2020-05-19 17:15:00,mqwcsP2rE7J0TFp,7.44667,7.18,6682.07,5.93619e+08
2020-05-29 15:30:00,vOuJvMaM2sgwLmb,833.529,815.5,3863.5,2.31888e+06
2020-06-13 13:15:00,4UPUqMRk7TRMgml,1062.57,1037.61,3650.93,2.63651e+06
2020-05-31 13:15:00,Quc1TzYxW2pYoWX,1039.67,1016.33,3640.07,3.29582e+08
2020-05-23 14:00:00,rrq4fwE8jgrTyWY,0,0,1414,1.21012e+08
2020-05-30 16:45:00,LlT2YUhhzqhg5Sw,455.143,446.7,7619.29,2.82706e+08
2020-06-12 15:45:00,PeE6FRyGXUgsRhN,527.3,516.864,4085.86,1.34852e+09
2020-05-26 15:00:00,Et9kgGMDl729KT4,896.027,876.613,6923.27,1.76101e+06
2020-05-22 04:30:00,V94E5Ben1TlhnDV,0,0,0,1.41213e+09
2020-06-08 10:15:00,4UPUqMRk7TRMgml,914.087,893.007,2151.87,2.60353e+06
2020-05-31 21:30:00,q49J1IKaHRwDQnt,0,0,6348,444300
2020-06-01 09:45:00,oZZkBaNadn6DNKz,1071.83,1046.24,1440.27,1.7082e+09
2020-05-28 14:45:00,rrq4fwE8jgrTyWY,951.273,930.367,1909,1.21038e+08
2020-06-09 19:00:00,q49J1IKaHRwDQnt,0,0,3601,477638
2020-06-06 12:00:00,NgDl19wMapZy17u,850.207,830.843,4062,1.11679e+08
2020-05-28 07:00:00,9kRcWv60rDACzjR,160.107,156.733,77,2.24781e+09
2020-05-16 10:30:00,WcxssY2VbP4hApt,1200.09,1170.09,2702.67,1.81708e+08
2020-05-21 21:45:00,9kRcWv60rDACzjR,0,0,8813,2.24777e+09
2020-06-14 13:30:00,q49J1IKaHRwDQnt,1118.79,1091.74,5091.8,502881
2020-06-01 00:30:00,V94E5Ben1TlhnDV,0,0,0,1.41221e+09
2020-06-12 08:00:00,Quc1TzYxW2pYoWX,209.607,205.5,196.867,3.29624e+08
2020-05-16 11:30:00,9kRcWv60rDACzjR,1261.44,1229.89,3735.13,2.24773e+09
2020-06-04 19:15:00,mqwcsP2rE7J0TFp,0,0,5742,5.93735e+08
2020-05-17 12:45:00,LlT2YUhhzqhg5Sw,977.507,955.893,3984.73,2.82614e+08
2020-06-03 08:30:00,PeE6FRyGXUgsRhN,499.773,489.98,527.267,1.34847e+09
2020-05-29 16:30:00,PeE6FRyGXUgsRhN,568.433,557.08,6162.47,1.34845e+09
2020-05-15 13:15:00,81aHJ1q11NBPMrL,0,0,1645,1.21528e+09
2020-06-13 05:45:00,IQ2d7wF4YD8zU1Q,0,0,4802,2.01583e+07
2020-05-21 12:45:00,vOuJvMaM2sgwLmb,1315.06,1282.17,5044.8,2.25817e+06
2020-06-06 16:00:00,Qf4GUc1pJu5T6c6,694.587,680.033,7400.07,8.3859e+08
2020-06-11 09:00:00,rrq4fwE8jgrTyWY,517.08,507.02,398.067,1.21097e+08
2020-05-24 13:30:00,Et9kgGMDl729KT4,0,0,1277,1.74499e+06
2020-05-18 19:15:00,V94E5Ben1TlhnDV,0,0,4816,1.41211e+09
2020-05-18 11:00:00,oZZkBaNadn6DNKz,990.729,968.736,1277.71,1.7081e+09
2020-05-30 15:45:00,LYwnQax7tkwH5Cb,730.04,714.853,6880.47,1.79504e+09
2020-06-02 03:00:00,Quc1TzYxW2pYoWX,0,0,3649,3.29588e+08
2020-05-19 01:15:00,mqwcsP2rE7J0TFp,0,0,0,5.93612e+08
2020-05-31 07:45:00,rrq4fwE8jgrTyWY,168.44,164.727,182.533,1.21055e+08
2020-06-01 00:45:00,xMbIugepa2P7lBB,0,0,6524,1.06791e+08
2020-06-15 02:00:00,vOuJvMaM2sgwLmb,0,0,7463,2.41156e+06
2020-06-09 17:00:00,q49J1IKaHRwDQnt,274.247,268.993,3401.87,477439
2020-06-02 02:15:00,oZ35aAeoifZaQzV,0,0,0,1.6601e+09
2020-05-23 10:45:00,V94E5Ben1TlhnDV,1215.86,1185.47,2986.87,1.41214e+09
2020-06-05 13:15:00,q49J1IKaHRwDQnt,0,0,1221,463192
2020-05-25 21:00:00,xoJJ8DcxJEcupym,0,0,8833,2.09205e+08
2020-06-11 09:30:00,Quc1TzYxW2pYoWX,238.613,233.993,522,3.29621e+08
2020-06-13 01:15:00,NgDl19wMapZy17u,0,0,4764,1.1172e+08
2020-05-31 20:30:00,mqwcsP2rE7J0TFp,0,0,6540,5.93713e+08
2020-05-22 20:15:00,xoJJ8DcxJEcupym,0,0,3954,2.09177e+08
2020-06-16 19:45:00,PeE6FRyGXUgsRhN,0,0,3812,1.34854e+09
2020-05-27 13:45:00,oZZkBaNadn6DNKz,0,0,2650,1.70817e+09
2020-06-14 11:30:00,NgDl19wMapZy17u,873.727,854.06,2916.87,1.11726e+08
2020-05-31 11:45:00,Mx2yZCDsyf6DPfv,842.821,824.229,2984.36,2.58193e+06
2020-05-17 02:15:00,NgDl19wMapZy17u,0,0,0,1.1153e+08
2020-06-01 14:00:00,PeE6FRyGXUgsRhN,84.4357,81.9929,3902.93,1.34846e+09
2020-06-10 13:15:00,mqwcsP2rE7J0TFp,709.273,693.72,1245.93,5.93777e+08
2020-05-29 14:15:00,Quc1TzYxW2pYoWX,669.193,655.487,2224,3.29573e+08
2020-05-26 05:30:00,81aHJ1q11NBPMrL,0,0,0,1.21535e+09
2020-06-03 19:15:00,Mx2yZCDsyf6DPfv,0,0,4836,2.60209e+06
2020-05-24 18:15:00,q49J1IKaHRwDQnt,40.2571,38.9071,8863.93,395622
2020-06-17 11:15:00,LlT2YUhhzqhg5Sw,302.65,297.093,1272.29,2.82786e+08
2020-05-28 21:45:00,Et9kgGMDl729KT4,0,0,7975,1.779e+06
2020-06-06 20:45:00,xoJJ8DcxJEcupym,0,0,2354,2.09269e+08
2020-05-27 01:00:00,q49J1IKaHRwDQnt,0,0,4080,405907
2020-06-07 03:30:00,IQ2d7wF4YD8zU1Q,0,0,8293,2.01187e+07
2020-05-16 20:45:00,WcxssY2VbP4hApt,0,0,8021,1.81713e+08
2020-06-08 23:00:00,Et9kgGMDl729KT4,0,0,3189,1.82197e+06
2020-05-22 03:30:00,V94E5Ben1TlhnDV,0,0,0,1.41213e+09
2020-06-10 19:45:00,oZ35aAeoifZaQzV,0,0,5585,1.66016e+09
2020-05-21 23:00:00,Mx2yZCDsyf6DPfv,0,0,9059,2.50657e+06
2020-05-26 11:30:00,rrq4fwE8jgrTyWY,1188.49,1158.79,2628.93,1.21025e+08
2020-05-28 10:15:00,q49J1IKaHRwDQnt,1098.5,1073.55,2295.64,417219
2020-06-04 08:30:00,rrq4fwE8jgrTyWY,485.053,475.627,584.267,1.21073e+08
2020-05-29 00:15:00,81aHJ1q11NBPMrL,0,0,0,1.21537e+09
2020-05-27 03:00:00,81aHJ1q11NBPMrL,0,0,0,0
2020-06-13 03:45:00,xMbIugepa2P7lBB,0,0,4716,1.0687e+08
2020-06-10 10:15:00,xoJJ8DcxJEcupym,901.46,881.773,1803.13,2.09295e+08
2020-05-26 04:30:00,LlT2YUhhzqhg5Sw,0,0,0,2.82664e+08
2020-05-16 12:45:00,q49J1IKaHRwDQnt,0,0,2001,351020
2020-05-25 07:00:00,V94E5Ben1TlhnDV,206.727,202.667,110.733,1.41216e+09
2020-06-09 08:45:00,Quc1TzYxW2pYoWX,624.307,611.65,819.357,3.29615e+08
2020-06-09 09:15:00,PeE6FRyGXUgsRhN,895.787,876.32,1417.4,1.34851e+09
2020-05-25 13:15:00,Mx2yZCDsyf6DPfv,1239.87,1208.89,5910.53,2.5369e+06
2020-06-02 02:00:00,4UPUqMRk7TRMgml,0,0,4338,2.5569e+06
2020-05-31 03:00:00,mqwcsP2rE7J0TFp,0,0,0,5.93706e+08
2020-05-16 04:30:00,Mx2yZCDsyf6DPfv,0,0,0,2.46145e+06
2020-05-17 21:30:00,LlT2YUhhzqhg5Sw,0,0,6717,2.82616e+08
2020-06-05 13:30:00,LlT2YUhhzqhg5Sw,0,0,1387,2.82729e+08
2020-06-05 22:15:00,PeE6FRyGXUgsRhN,0,0,7333,1.34849e+09
2020-05-16 04:15:00,oZZkBaNadn6DNKz,0,0,0,1.70809e+09
2020-06-06 01:15:00,rrq4fwE8jgrTyWY,0,0,2964,1.21082e+08
2020-05-19 12:30:00,rrq4fwE8jgrTyWY,0,0,1361,1.20988e+08
2020-05-22 06:45:00,WcxssY2VbP4hApt,173.627,170.04,64.4,1.81753e+08
2020-06-03 06:15:00,WcxssY2VbP4hApt,28.68,27.7133,3.66667,1.81838e+08
2020-05-27 15:15:00,WcxssY2VbP4hApt,748.586,732.443,2547.07,1.55826e+08
2020-05-19 17:45:00,Quc1TzYxW2pYoWX,0,0,2229,3.29528e+08
2020-06-12 12:15:00,q49J1IKaHRwDQnt,615.08,602.64,2086.07,488841
2020-05-26 05:00:00,9kRcWv60rDACzjR,0,0,0,2.2478e+09
2020-06-16 01:00:00,LYwnQax7tkwH5Cb,0,0,5604,1.79511e+09
2020-06-09 15:00:00,NgDl19wMapZy17u,700.28,685.713,6656.87,1.11707e+08
2020-06-07 19:00:00,q49J1IKaHRwDQnt,0,0,2600.27,439834
2020-05-28 08:15:00,4UPUqMRk7TRMgml,629.78,616.993,582,2.52641e+06
2020-06-06 23:30:00,Mx2yZCDsyf6DPfv,0,0,8312,2.62511e+06
2020-06-04 03:45:00,xMbIugepa2P7lBB,0,0,5879,1.06808e+08
2020-06-15 03:45:00,oZ35aAeoifZaQzV,0,0,3347,1.66018e+09
2020-06-02 02:15:00,4UPUqMRk7TRMgml,0,0,4338,2.5569e+06
2020-05-25 00:00:00,PeE6FRyGXUgsRhN,0,0,6401.43,1.34841e+09
2020-06-09 20:00:00,PeE6FRyGXUgsRhN,0,0,6456,1.34851e+09
2020-05-17 02:45:00,9kRcWv60rDACzjR,0,0,0,2.24774e+09
2020-06-13 12:45:00,oZ35aAeoifZaQzV,0,0,1633,1.66017e+09
2020-06-12 09:00:00,WcxssY2VbP4hApt,472.34,463.333,531.133,1.81877e+08
2020-06-03 08:45:00,oZZkBaNadn6DNKz,541.853,531.107,686.4,1.70821e+09
2020-06-04 12:00:00,4UPUqMRk7TRMgml,1011.03,988.193,3447.07,2.57386e+06
2020-06-06 17:45:00,LYwnQax7tkwH5Cb,156.793,153.207,3427.8,1.79507e+09
2020-05-15 14:30:00,LlT2YUhhzqhg5Sw,936.287,915.713,7509,2.826e+08
2020-06-04 15:15:00,Et9kgGMDl729KT4,451.54,443.24,1889.93,1.81036e+06
2020-05-31 15:15:00,oZZkBaNadn6DNKz,431.127,422.54,6138.8,1.7082e+09
2020-05-21 23:45:00,LlT2YUhhzqhg5Sw,0,0,5852,2.82637e+08
2020-05-23 22:45:00,oZZkBaNadn6DNKz,0,0,9520,1.70814e+09
2020-06-10 20:15:00,Mx2yZCDsyf6DPfv,0,0,5563,2.65571e+06
2020-05-19 12:15:00,LlT2YUhhzqhg5Sw,1279.86,1248.21,3533.86,2.82625e+08
2020-06-10 18:30:00,rrq4fwE8jgrTyWY,0,0,2369,1.21097e+08
2020-06-13 20:15:00,Qf4GUc1pJu5T6c6,0,0,3544,8.38633e+08
2020-05-19 15:45:00,LYwnQax7tkwH5Cb,76.7286,74.5786,2396.43,1.79498e+09
2020-06-05 00:30:00,oZZkBaNadn6DNKz,0,0,0,1.70822e+09
2020-06-08 19:45:00,oZZkBaNadn6DNKz,0,0,9133,1.70824e+09
2020-06-10 00:30:00,rrq4fwE8jgrTyWY,0,0,3378,1.21095e+08
2020-06-01 22:30:00,xoJJ8DcxJEcupym,0,0,4208,2.09244e+08
2020-06-13 18:00:00,9kRcWv60rDACzjR,120.433,117.187,2738,2.24789e+09
2020-06-07 14:30:00,V94E5Ben1TlhnDV,0,0,1104,1.41224e+09
2020-05-16 05:30:00,LYwnQax7tkwH5Cb,0,0,0,1.79497e+09
2020-06-14 01:15:00,9kRcWv60rDACzjR,0,0,0,2.24789e+09
2020-05-16 07:45:00,xoJJ8DcxJEcupym,360.613,354.307,297.8,2.09147e+08
2020-06-14 11:00:00,Quc1TzYxW2pYoWX,0,0,546,3.29634e+08
2020-06-14 14:45:00,WcxssY2VbP4hApt,966.167,943.833,6297.93,1.81894e+08
2020-06-09 21:00:00,LlT2YUhhzqhg5Sw,0,0,3463,2.82749e+08
2020-06-01 15:15:00,rrq4fwE8jgrTyWY,59.88,57.9467,3684.6,1.21065e+08
2020-06-07 17:45:00,9kRcWv60rDACzjR,164.793,161.221,1957.36,2.24787e+09
2020-05-19 19:30:00,rrq4fwE8jgrTyWY,0,0,3792,1.2099e+08
2020-05-25 07:30:00,Mx2yZCDsyf6DPfv,348.1,342.2,245.357,2.53124e+06
2020-06-01 16:15:00,V94E5Ben1TlhnDV,134.967,131.42,4203,1.41222e+09
2020-05-26 18:30:00,Quc1TzYxW2pYoWX,20.74,20.0133,7266.6,3.29559e+08
2020-06-12 11:45:00,V94E5Ben1TlhnDV,566.293,554.68,1796.53,1.41227e+09
2020-06-08 04:30:00,oZ35aAeoifZaQzV,0,0,7860,1.66014e+09
2020-05-26 09:00:00,xoJJ8DcxJEcupym,831.82,814.08,1102.13,2.09206e+08
2020-05-16 09:45:00,81aHJ1q11NBPMrL,1032.45,1009.35,1812.27,1.21528e+09
2020-05-18 15:00:00,LlT2YUhhzqhg5Sw,0,0,3753,2.8262e+08
2020-06-11 08:45:00,LlT2YUhhzqhg5Sw,365.879,359.607,304.429,2.82755e+08
2020-05-26 18:00:00,rrq4fwE8jgrTyWY,44.3667,42.88,7755.47,1.2103e+08
2020-06-03 11:00:00,rrq4fwE8jgrTyWY,0,0,1300.8,9.68563e+07
2020-06-02 16:45:00,Qf4GUc1pJu5T6c6,496.753,486.807,5906.4,8.38561e+08
2020-06-01 08:45:00,Qf4GUc1pJu5T6c6,791.56,774.813,590.533,8.38551e+08
2020-05-24 04:30:00,WcxssY2VbP4hApt,0,0,0,1.81766e+08
2020-06-12 14:00:00,4UPUqMRk7TRMgml,776.787,760.413,2836.67,2.63108e+06
2020-05-19 00:45:00,mqwcsP2rE7J0TFp,0,0,0,5.93612e+08
2020-06-07 04:15:00,xoJJ8DcxJEcupym,0,0,2354,2.09269e+08
2020-06-09 18:15:00,PeE6FRyGXUgsRhN,48.7733,47.1533,6444.67,1.34851e+09
2020-05-16 06:15:00,V94E5Ben1TlhnDV,43.3667,41.9333,7.46667,1.31795e+09
2020-05-18 16:00:00,4UPUqMRk7TRMgml,643.38,630.273,7087.6,2.45232e+06
2020-05-20 19:15:00,V94E5Ben1TlhnDV,0,0,9237,1.41213e+09
2020-06-15 13:30:00,xMbIugepa2P7lBB,425.857,418.043,4295.29,1.06885e+08
2020-06-03 00:00:00,q49J1IKaHRwDQnt,0,0,3744,451874
2020-06-05 21:15:00,LlT2YUhhzqhg5Sw,0,0,3053,2.8273e+08
2020-05-31 19:00:00,xMbIugepa2P7lBB,0,0,6524,1.06791e+08
2020-05-30 08:00:00,4UPUqMRk7TRMgml,356.707,350.443,236.786,2.53792e+06
2020-05-30 10:00:00,oZZkBaNadn6DNKz,816.207,798.767,1165.8,1.70819e+09
2020-06-14 15:30:00,Qf4GUc1pJu5T6c6,687.313,672.987,1196.93,8.38634e+08
2020-05-19 07:30:00,IQ2d7wF4YD8zU1Q,479.747,470.48,243.533,1.99744e+07
2020-05-22 04:45:00,oZ35aAeoifZaQzV,0,0,0,1.66002e+09
2020-05-21 00:15:00,Quc1TzYxW2pYoWX,0,0,2419,3.29531e+08
2020-06-15 14:30:00,81aHJ1q11NBPMrL,681.579,667.5,5060.86,1.21547e+09
2020-06-15 08:45:00,NgDl19wMapZy17u,870.936,852.157,835.357,1.11731e+08
2020-05-17 21:45:00,q49J1IKaHRwDQnt,0,0,5727,358279
2020-06-03 04:00:00,IQ2d7wF4YD8zU1Q,0,0,0,2.00896e+07
2020-06-07 23:00:00,NgDl19wMapZy17u,0,0,7778,1.11691e+08
2020-06-10 11:30:00,V94E5Ben1TlhnDV,0,0,0,0
2020-06-08 21:30:00,rrq4fwE8jgrTyWY,0,0,3457,1.21091e+08
2020-05-30 11:00:00,NgDl19wMapZy17u,1051.96,1027.73,2060.64,1.11632e+08
2020-05-30 03:15:00,4UPUqMRk7TRMgml,0,0,0,2.53768e+06
2020-05-30 03:00:00,LlT2YUhhzqhg5Sw,0,0,0,2.82698e+08
2020-06-12 01:30:00,xoJJ8DcxJEcupym,0,0,3941,2.09301e+08
2020-05-24 01:00:00,oZ35aAeoifZaQzV,0,0,0,1.66004e+09
2020-05-29 04:30:00,9kRcWv60rDACzjR,0,0,0,2.24782e+09
2020-05-19 08:15:00,xMbIugepa2P7lBB,453.36,444.94,567.4,1.06689e+08
2020-06-08 22:00:00,V94E5Ben1TlhnDV,0,0,9145,1.41225e+09
2020-06-11 12:30:00,rrq4fwE8jgrTyWY,462.24,453.58,1868.27,1.21099e+08
2020-06-13 22:30:00,Et9kgGMDl729KT4,0,0,5929,1.84129e+06
2020-06-16 10:00:00,LYwnQax7tkwH5Cb,643.457,630.35,1283.93,1.79511e+09
2020-05-22 22:30:00,q49J1IKaHRwDQnt,0,0,9333,383504
2020-06-16 13:45:00,9kRcWv60rDACzjR,628.433,615.6,4080.07,2.24791e+09
2020-06-12 21:00:00,LYwnQax7tkwH5Cb,0,0,4500,1.79509e+09
2020-05-31 14:45:00,oZ35aAeoifZaQzV,503.687,493.813,5895.2,1.6601e+09
2020-06-03 19:00:00,Qf4GUc1pJu5T6c6,0,0,6027,8.38568e+08
2020-06-10 10:15:00,LlT2YUhhzqhg5Sw,893.827,874.393,1765.47,2.82751e+08
2020-06-14 01:45:00,4UPUqMRk7TRMgml,0,0,6289,2.63915e+06
2020-05-20 18:45:00,oZ35aAeoifZaQzV,0,0,9511,1.66001e+09
2020-05-17 18:00:00,PeE6FRyGXUgsRhN,102.067,99.1667,6936.6,1.34837e+09
2020-06-03 04:30:00,q49J1IKaHRwDQnt,0,0,3744,451874
2020-06-16 01:00:00,Mx2yZCDsyf6DPfv,0,0,2643,2.67338e+06
2020-05-24 17:15:00,xoJJ8DcxJEcupym,250.96,246.107,8944.93,2.09196e+08
2020-06-15 18:45:00,NgDl19wMapZy17u,7.02143,6.75714,6244.57,1.11736e+08
2020-06-12 17:00:00,LlT2YUhhzqhg5Sw,248.66,243.86,4426.2,2.82763e+08
2020-06-01 02:15:00,9kRcWv60rDACzjR,0,0,0,2.24784e+09
2020-05-19 14:30:00,Qf4GUc1pJu5T6c6,0,0,1470,8.38452e+08
2020-06-15 13:30:00,PeE6FRyGXUgsRhN,388.629,381.743,1255,1.34854e+09
2020-05-22 03:00:00,9kRcWv60rDACzjR,0,0,0,2.24777e+09
2020-05-21 16:00:00,vOuJvMaM2sgwLmb,659.286,645.664,8356.79,2.26149e+06
2020-06-13 18:30:00,mqwcsP2rE7J0TFp,28.9733,27.9733,5937.8,5.93793e+08
2020-05-31 23:30:00,xMbIugepa2P7lBB,0,0,6524,1.06791e+08
2020-06-03 05:00:00,LYwnQax7tkwH5Cb,0,0,0,1.79506e+09
2020-05-20 16:45:00,V94E5Ben1TlhnDV,362.533,356.347,8903.33,1.41213e+09
2020-06-02 12:00:00,rrq4fwE8jgrTyWY,193.48,189.193,2323.8,1.21067e+08
2020-05-27 16:45:00,Quc1TzYxW2pYoWX,346.293,340.44,7099.13,3.29566e+08
2020-05-28 20:45:00,Qf4GUc1pJu5T6c6,0,0,3968,8.38527e+08
2020-05-31 01:15:00,xoJJ8DcxJEcupym,0,0,0,2.09233e+08
2020-06-07 07:45:00,oZ35aAeoifZaQzV,348.007,341.907,205.933,1.66013e+09
2020-05-27 22:00:00,Quc1TzYxW2pYoWX,0,0,7370,3.29566e+08
2020-06-03 05:30:00,WcxssY2VbP4hApt,0,0,0,1.81838e+08
2020-06-07 21:30:00,rrq4fwE8jgrTyWY,0,0,3052,1.21088e+08
2020-06-08 15:45:00,mqwcsP2rE7J0TFp,813.067,795.693,8105.13,5.93767e+08
2020-05-15 04:45:00,V94E5Ben1TlhnDV,0,0,0,1.41208e+09
2020-05-23 02:30:00,WcxssY2VbP4hApt,0,0,0,0
2020-05-29 03:45:00,V94E5Ben1TlhnDV,0,0,0,1.41219e+09
2020-06-11 22:00:00,WcxssY2VbP4hApt,0,0,3947,1.81877e+08
2020-05-31 16:45:00,PeE6FRyGXUgsRhN,138.853,135.4,6204.4,1.34846e+09
2020-05-22 22:00:00,81aHJ1q11NBPMrL,0,0,3269,1.21532e+09
2020-05-26 02:30:00,WcxssY2VbP4hApt,0,0,0,1.81784e+08
2020-06-12 16:45:00,xMbIugepa2P7lBB,281.947,276.547,4437.73,1.0687e+08
2020-06-06 21:15:00,V94E5Ben1TlhnDV,0,0,2613,1.41224e+09
2020-06-13 20:30:00,Mx2yZCDsyf6DPfv,0,0,3202,2.66744e+06
2020-05-24 00:00:00,WcxssY2VbP4hApt,0,0,0,1.81766e+08
2020-05-28 14:00:00,Mx2yZCDsyf6DPfv,0,0,0,2.56084e+06
2020-05-30 17:30:00,Mx2yZCDsyf6DPfv,228.979,224.521,8106.57,2.57885e+06
2020-06-01 18:15:00,oZZkBaNadn6DNKz,0,0,4329,1.7082e+09
2020-06-11 08:00:00,WcxssY2VbP4hApt,108.393,105.367,154.333,1.81873e+08
2020-05-23 10:00:00,LYwnQax7tkwH5Cb,0,0,1455,1.795e+09
2020-06-09 11:00:00,81aHJ1q11NBPMrL,0,0,1769,1.21544e+09
2020-05-21 03:45:00,PeE6FRyGXUgsRhN,0,0,0,1.34838e+09
2020-05-23 06:30:00,4UPUqMRk7TRMgml,94.3071,91.5857,27.6429,2.48331e+06
2020-06-15 07:00:00,Qf4GUc1pJu5T6c6,206.587,202.473,83.6,8.38635e+08
2020-05-27 20:15:00,Mx2yZCDsyf6DPfv,0,0,9444,2.55878e+06
2020-05-19 03:30:00,NgDl19wMapZy17u,0,0,0,1.11545e+08
2020-05-20 06:30:00,LlT2YUhhzqhg5Sw,70.9929,68.8214,21.4286,2.82628e+08
2020-06-10 16:45:00,V94E5Ben1TlhnDV,214.307,210.227,5365.13,1.41226e+09
2020-05-17 02:45:00,LYwnQax7tkwH5Cb,0,0,0,1.79497e+09
2020-05-19 08:45:00,Mx2yZCDsyf6DPfv,356.673,350.18,801.333,2.48217e+06
2020-06-09 10:15:00,9kRcWv60rDACzjR,0,0,1966,2.24788e+09
2020-06-06 06:30:00,V94E5Ben1TlhnDV,99.8071,96.9571,27.2143,1.41224e+09
2020-05-24 09:30:00,WcxssY2VbP4hApt,968.914,947.55,1567.43,1.81767e+08
2020-06-10 06:30:00,Et9kgGMDl729KT4,34.9867,33.8333,11.6667,1.82588e+06
2020-06-17 18:30:00,LYwnQax7tkwH5Cb,18.4,17.76,3964.67,1.79512e+09
2020-05-21 12:00:00,LYwnQax7tkwH5Cb,0,0,1751,1.79499e+09
2020-05-21 19:00:00,oZZkBaNadn6DNKz,0,0,4934,1.70812e+09
2020-06-11 11:30:00,mqwcsP2rE7J0TFp,689.36,675.133,1660.07,5.9378e+08
2020-05-29 10:45:00,WcxssY2VbP4hApt,647.347,632.987,1800.4,1.21207e+08
2020-05-29 12:30:00,Quc1TzYxW2pYoWX,799.093,782.18,1029.4,3.29572e+08
2020-06-05 13:00:00,oZZkBaNadn6DNKz,964.7,941.94,5074.73,1.70822e+09
2020-06-10 08:00:00,LlT2YUhhzqhg5Sw,350.853,344.62,227.333,2.82749e+08
2020-05-31 18:15:00,4UPUqMRk7TRMgml,26.3214,25.4357,6689.57,2.55256e+06
2020-06-06 13:45:00,xMbIugepa2P7lBB,1224.46,1194.43,5827.07,1.06829e+08
2020-06-17 08:30:00,oZ35aAeoifZaQzV,216.513,212.267,244.8,1.66018e+09
2020-06-03 15:45:00,Et9kgGMDl729KT4,658.927,645.44,3511.93,1.80789e+06
2020-06-03 04:45:00,9kRcWv60rDACzjR,0,0,0,2.24785e+09
2020-06-05 23:30:00,WcxssY2VbP4hApt,0,0,3448,1.81851e+08
2020-05-24 22:30:00,9kRcWv60rDACzjR,0,0,9085,2.24779e+09
2020-05-19 16:45:00,Quc1TzYxW2pYoWX,32.06,31,2219.8,3.29528e+08
2020-06-03 10:00:00,IQ2d7wF4YD8zU1Q,603.973,591.613,1400.2,2.0091e+07
2020-05-26 21:00:00,81aHJ1q11NBPMrL,0,0,0,0
2020-05-15 04:00:00,IQ2d7wF4YD8zU1Q,0,0,0,1.99415e+07
2020-06-03 22:45:00,Qf4GUc1pJu5T6c6,0,0,6027,8.38568e+08
2020-06-14 07:45:00,NgDl19wMapZy17u,462.327,453.36,284.8,1.11724e+08
2020-06-14 10:15:00,q49J1IKaHRwDQnt,949.733,928.153,1808.47,499597
2020-05-18 09:15:00,xoJJ8DcxJEcupym,625.953,613.267,578,2.09156e+08
2020-05-19 17:30:00,Quc1TzYxW2pYoWX,0,0,2229,3.29528e+08
2020-05-18 10:30:00,WcxssY2VbP4hApt,686.073,671.94,1731.8,1.81722e+08
2020-06-03 15:00:00,V94E5Ben1TlhnDV,0,0,3473,1.41223e+09
2020-06-17 03:00:00,PeE6FRyGXUgsRhN,0,0,0,1.34854e+09
2020-06-02 19:15:00,q49J1IKaHRwDQnt,0,0,3744,451874
2020-06-06 03:30:00,LYwnQax7tkwH5Cb,0,0,2878,1.79507e+09
2020-05-17 17:45:00,9kRcWv60rDACzjR,118.74,115.627,6626.6,2.24774e+09
2020-06-05 09:30:00,Qf4GUc1pJu5T6c6,912.987,892.053,1371.8,8.38576e+08
2020-05-17 11:30:00,9kRcWv60rDACzjR,691.88,677.593,3077.93,2.24774e+09
2020-06-01 19:45:00,Mx2yZCDsyf6DPfv,0,0,4334,2.58992e+06
2020-05-24 15:00:00,oZZkBaNadn6DNKz,929.271,908.971,7805.86,1.70815e+09
2020-05-17 22:15:00,oZ35aAeoifZaQzV,0,0,5550,1.65999e+09
2020-05-24 02:45:00,LYwnQax7tkwH5Cb,0,0,0,1.795e+09
2020-06-10 10:45:00,WcxssY2VbP4hApt,1196.22,1166.69,2283.2,1.81872e+08
2020-05-21 02:45:00,4UPUqMRk7TRMgml,0,0,0,2.46426e+06
2020-05-15 18:30:00,V94E5Ben1TlhnDV,2.48,2.38667,9367.93,1.41209e+09
2020-06-12 18:45:00,PeE6FRyGXUgsRhN,1.89333,1.82667,4684.87,1.34852e+09
2020-06-13 05:15:00,V94E5Ben1TlhnDV,0,0,0,1.41227e+09
2020-05-31 12:00:00,IQ2d7wF4YD8zU1Q,1342.25,1308.87,3142.93,2.00745e+07
2020-06-02 20:00:00,4UPUqMRk7TRMgml,0,0,7404,2.5643e+06
2020-06-02 22:15:00,9kRcWv60rDACzjR,0,0,7073,2.24785e+09
2020-06-15 03:00:00,vOuJvMaM2sgwLmb,0,0,7463,2.41156e+06
2020-06-05 22:15:00,V94E5Ben1TlhnDV,0,0,7336,1.41224e+09
2020-06-14 13:30:00,Quc1TzYxW2pYoWX,0,0,971,3.29635e+08
2020-05-17 02:45:00,xMbIugepa2P7lBB,0,0,7722,1.06674e+08
2020-05-23 10:30:00,Mx2yZCDsyf6DPfv,1193.29,1163.46,2729.13,2.5191e+06
2020-06-01 20:45:00,9kRcWv60rDACzjR,0,0,4163,2.24784e+09
2020-06-12 18:45:00,xoJJ8DcxJEcupym,1.96667,1.89333,4788,2.09306e+08
2020-05-15 06:15:00,mqwcsP2rE7J0TFp,27.8467,26.88,6.93333,5.9358e+08
2020-06-01 18:00:00,Et9kgGMDl729KT4,0,0,4035,1.7989e+06
2020-06-17 03:15:00,LYwnQax7tkwH5Cb,0,0,0,1.79511e+09
2020-06-01 18:15:00,xMbIugepa2P7lBB,0,0,4143,1.06795e+08
2020-05-16 03:30:00,81aHJ1q11NBPMrL,0,0,0,1.21528e+09
2020-05-23 03:45:00,oZ35aAeoifZaQzV,0,0,0,1.66003e+09
2020-05-28 00:15:00,q49J1IKaHRwDQnt,0,0,9016,414923
2020-05-17 18:45:00,9kRcWv60rDACzjR,0,0,6676,2.24774e+09
2020-06-11 19:00:00,V94E5Ben1TlhnDV,0,0,3918,1.41227e+09
2020-05-31 01:15:00,Et9kgGMDl729KT4,0,0,0,1.78881e+06
2020-05-15 06:30:00,oZZkBaNadn6DNKz,58.5429,56.6929,16.0714,1.70808e+09
2020-06-05 14:00:00,IQ2d7wF4YD8zU1Q,390.993,384.187,6106.67,2.01087e+07
2020-06-06 05:30:00,NgDl19wMapZy17u,0,0,508.6,1.11675e+08
2020-06-07 07:45:00,oZZkBaNadn6DNKz,333.147,327.327,201.733,1.70823e+09
2020-05-15 09:30:00,q49J1IKaHRwDQnt,978.327,956.7,1707.27,341630
2020-06-15 16:30:00,LYwnQax7tkwH5Cb,361.22,354.547,5267.27,1.79511e+09
2020-06-08 17:15:00,WcxssY2VbP4hApt,285.42,280.027,3365.2,1.81865e+08
2020-06-04 05:15:00,rrq4fwE8jgrTyWY,0,0,0,1.21073e+08
2020-06-10 12:00:00,PeE6FRyGXUgsRhN,1086.52,1060.35,2843.2,1.34851e+09
2020-06-07 01:15:00,oZ35aAeoifZaQzV,0,0,8368,1.66013e+09
2020-05-23 01:45:00,Et9kgGMDl729KT4,0,0,0,1.73912e+06
2020-06-01 03:00:00,9kRcWv60rDACzjR,0,0,0,2.24784e+09
2020-05-27 17:30:00,4UPUqMRk7TRMgml,196.787,192.92,9396.87,2.52572e+06
2020-05-28 16:30:00,LYwnQax7tkwH5Cb,463.387,454.613,3076.8,1.79502e+09
2020-06-11 06:45:00,V94E5Ben1TlhnDV,35.6714,34.4714,12.9286,1.41226e+09
2020-05-17 09:45:00,Quc1TzYxW2pYoWX,0,0,968,3.29521e+08
2020-06-17 16:00:00,LYwnQax7tkwH5Cb,286.893,281.479,3625.43,1.79512e+09
2020-06-16 22:45:00,81aHJ1q11NBPMrL,0,0,5501,1.21548e+09
2020-05-28 20:45:00,q49J1IKaHRwDQnt,0,0,7799,422722
2020-05-26 09:45:00,4UPUqMRk7TRMgml,1055.06,1031.32,1857.4,2.50868e+06
2020-05-22 23:15:00,vOuJvMaM2sgwLmb,0,0,3182,2.2654e+06
2020-05-16 15:30:00,vOuJvMaM2sgwLmb,586.407,574.407,4430.73,2.22597e+06
2020-06-14 17:30:00,rrq4fwE8jgrTyWY,159.321,155.871,7176.07,1.21118e+08
2020-06-15 16:30:00,q49J1IKaHRwDQnt,372.26,365.38,5709.87,510975
2020-05-25 03:15:00,LYwnQax7tkwH5Cb,0,0,0,1.79501e+09
2020-05-23 22:00:00,vOuJvMaM2sgwLmb,0,0,9534,2.27493e+06
2020-06-10 16:30:00,WcxssY2VbP4hApt,432.54,424.553,3384.93,1.81873e+08
2020-05-20 15:30:00,vOuJvMaM2sgwLmb,876.113,856.947,8328.27,2.25209e+06
2020-05-18 17:30:00,PeE6FRyGXUgsRhN,123.14,119.773,6496.47,1.34838e+09
2020-06-16 04:00:00,WcxssY2VbP4hApt,0,0,6367,1.81902e+08
2020-06-02 23:30:00,xMbIugepa2P7lBB,0,0,7138,1.06802e+08
2020-06-11 03:30:00,LYwnQax7tkwH5Cb,0,0,2407,1.79508e+09
2020-06-01 22:30:00,rrq4fwE8jgrTyWY,0,0,3858,1.21065e+08
2020-06-17 17:15:00,Quc1TzYxW2pYoWX,105.867,102.9,3616.93,3.29646e+08
2020-05-18 02:45:00,LYwnQax7tkwH5Cb,0,0,0,1.79498e+09
2020-06-14 17:45:00,9kRcWv60rDACzjR,151.82,148.2,7395.8,2.2479e+09
2020-05-31 00:15:00,V94E5Ben1TlhnDV,0,0,0,1.41221e+09
2020-06-13 04:00:00,oZZkBaNadn6DNKz,0,0,0,1.70827e+09
2020-06-04 06:30:00,4UPUqMRk7TRMgml,64.58,62.54,15,2.57043e+06
2020-06-04 17:00:00,Et9kgGMDl729KT4,283.086,277.814,2522.36,1.81099e+06
2020-05-30 22:00:00,Qf4GUc1pJu5T6c6,0,0,8078,8.38544e+08
2020-06-06 09:45:00,LlT2YUhhzqhg5Sw,1051.61,1027.57,1642.07,2.82732e+08
2020-05-24 18:45:00,LYwnQax7tkwH5Cb,0,0,4713,1.79501e+09
2020-06-03 11:30:00,PeE6FRyGXUgsRhN,345.293,337.427,2059.8,1.34847e+09
2020-05-24 16:45:00,4UPUqMRk7TRMgml,423.527,415.987,4327.47,2.49729e+06
2020-05-23 11:45:00,xoJJ8DcxJEcupym,1277.2,1245.28,4152.47,2.09181e+08
2020-06-08 02:30:00,oZ35aAeoifZaQzV,0,0,7860,1.66014e+09
2020-06-11 16:45:00,xoJJ8DcxJEcupym,107.757,104.721,3805.29,2.09301e+08
2020-06-08 11:30:00,IQ2d7wF4YD8zU1Q,1343.73,1310.37,3605.93,2.01301e+07
2020-06-15 03:15:00,oZ35aAeoifZaQzV,0,0,3347,1.66018e+09
2020-06-16 10:45:00,q49J1IKaHRwDQnt,690.773,676.493,1846.33,513171
2020-05-21 11:15:00,Qf4GUc1pJu5T6c6,1340.07,1306.57,3181.4,8.38465e+08
2020-05-16 22:45:00,4UPUqMRk7TRMgml,0,0,5677,2.43889e+06
2020-06-04 12:15:00,rrq4fwE8jgrTyWY,1019.93,995.833,3531.4,1.21076e+08
2020-05-16 18:30:00,mqwcsP2rE7J0TFp,0,0,7854,5.93597e+08
2020-05-29 11:15:00,oZ35aAeoifZaQzV,1065.96,1041.46,3226.87,1.66008e+09
2020-05-18 03:45:00,IQ2d7wF4YD8zU1Q,0,0,0,1.99663e+07
2020-06-04 18:00:00,Et9kgGMDl729KT4,78.5533,76.1933,2669.27,1.81114e+06
2020-05-26 08:45:00,Qf4GUc1pJu5T6c6,786.287,769.68,946.2,8.38505e+08
2020-06-08 14:45:00,Quc1TzYxW2pYoWX,919.773,899.653,1422.47,3.29613e+08
2020-05-29 10:30:00,LlT2YUhhzqhg5Sw,914.433,894.507,2345.73,2.82693e+08
2020-06-14 23:45:00,q49J1IKaHRwDQnt,0,0,7476,505265
2020-06-06 18:15:00,mqwcsP2rE7J0TFp,57.6133,55.78,8342.73,5.93751e+08
2020-05-26 05:15:00,4UPUqMRk7TRMgml,0,0,0,2.50682e+06
2020-05-31 08:15:00,4UPUqMRk7TRMgml,469.193,460.313,330.467,2.5462e+06
2020-05-28 22:45:00,LlT2YUhhzqhg5Sw,0,0,8881,2.82691e+08
2020-05-22 11:45:00,q49J1IKaHRwDQnt,1238.14,1207.59,4186.14,378357
2020-06-07 12:45:00,81aHJ1q11NBPMrL,0,0,1079,1.21543e+09
2020-06-09 12:15:00,81aHJ1q11NBPMrL,0,0,1769,1.21544e+09
2020-05-18 14:00:00,xoJJ8DcxJEcupym,1011.69,989.14,2297.73,2.09158e+08
2020-05-29 01:45:00,LYwnQax7tkwH5Cb,0,0,0,1.79502e+09
2020-06-15 02:00:00,PeE6FRyGXUgsRhN,0,0,7209,1.34854e+09
2020-05-23 00:15:00,q49J1IKaHRwDQnt,0,0,9333,383504
2020-05-31 03:45:00,oZ35aAeoifZaQzV,0,0,0,1.66009e+09
2020-06-02 03:30:00,oZ35aAeoifZaQzV,0,0,0,1.6601e+09
2020-05-15 02:30:00,81aHJ1q11NBPMrL,0,0,0,1.21528e+09
2020-05-25 05:00:00,xoJJ8DcxJEcupym,0,0,0,2.09196e+08
2020-05-23 03:30:00,LlT2YUhhzqhg5Sw,0,0,0,2.82642e+08
2020-06-12 04:30:00,q49J1IKaHRwDQnt,0,0,3814,486755
2020-06-15 07:45:00,NgDl19wMapZy17u,422.943,414.857,222.5,1.1173e+08
2020-05-27 09:00:00,Mx2yZCDsyf6DPfv,837.8,819.873,1079.53,2.55041e+06
2020-05-15 08:15:00,Qf4GUc1pJu5T6c6,669.48,655.747,713.8,8.38422e+08
2020-06-01 14:00:00,rrq4fwE8jgrTyWY,85.1643,82.7,3610,1.21065e+08
2020-06-10 03:15:00,Mx2yZCDsyf6DPfv,0,0,8042,2.65015e+06
2020-06-12 00:00:00,IQ2d7wF4YD8zU1Q,0,0,3920,2.01535e+07
2020-06-13 02:45:00,PeE6FRyGXUgsRhN,0,0,4685,1.34852e+09
2020-05-30 02:30:00,rrq4fwE8jgrTyWY,0,0,0,1.21047e+08
2020-06-07 21:15:00,vOuJvMaM2sgwLmb,0,0,1910,2.36669e+06
2020-06-06 17:00:00,Mx2yZCDsyf6DPfv,425.86,418.267,8035.13,2.62484e+06
2020-06-14 01:45:00,xMbIugepa2P7lBB,0,0,2950,1.06873e+08
2020-06-01 23:30:00,WcxssY2VbP4hApt,0,0,4297,1.81834e+08
2020-06-16 21:45:00,PeE6FRyGXUgsRhN,0,0,3812,1.34854e+09
2020-06-05 12:30:00,Et9kgGMDl729KT4,0,0,1041,1.81221e+06
2020-06-03 18:30:00,V94E5Ben1TlhnDV,12.6133,12.1933,4317.47,1.41223e+09
2020-06-10 06:30:00,vOuJvMaM2sgwLmb,42,40.6133,14.0667,2.38357e+06
2020-05-17 05:15:00,LYwnQax7tkwH5Cb,0,0,0,1.79497e+09
2020-06-07 01:45:00,vOuJvMaM2sgwLmb,0,0,8249,2.36478e+06
2020-05-23 01:00:00,Mx2yZCDsyf6DPfv,0,0,0,2.51638e+06
2020-05-23 23:30:00,oZZkBaNadn6DNKz,0,0,9520,1.70814e+09
2020-06-16 00:30:00,WcxssY2VbP4hApt,0,0,6367,1.81902e+08
2020-06-03 13:15:00,Qf4GUc1pJu5T6c6,623.536,610.807,3447.07,8.38565e+08
2020-06-12 21:45:00,q49J1IKaHRwDQnt,0,0,4641,491396
2020-06-01 03:15:00,oZ35aAeoifZaQzV,0,0,0,1.6601e+09
2020-06-16 12:45:00,IQ2d7wF4YD8zU1Q,888.636,869.379,3463.64,2.01787e+07
2020-06-05 00:00:00,WcxssY2VbP4hApt,0,0,3834,1.81848e+08
2020-05-30 08:15:00,oZZkBaNadn6DNKz,303.313,297.933,314.467,1.70819e+09
2020-05-24 09:45:00,WcxssY2VbP4hApt,1039.29,1015.99,1806.07,1.81768e+08
2020-05-24 13:30:00,xoJJ8DcxJEcupym,1165.27,1136.29,6090.13,2.09193e+08
2020-05-19 11:30:00,mqwcsP2rE7J0TFp,932.693,909.379,2636.93,5.93615e+08
2020-05-29 04:45:00,Quc1TzYxW2pYoWX,0,0,0,3.29571e+08
2020-05-18 11:45:00,V94E5Ben1TlhnDV,0,0,1439,1.41211e+09
2020-05-26 19:30:00,LYwnQax7tkwH5Cb,0,0,3874,1.79502e+09
2020-06-15 03:45:00,mqwcsP2rE7J0TFp,0,0,0,5.93799e+08
2020-05-28 07:00:00,rrq4fwE8jgrTyWY,151.747,148.113,73.8,1.21036e+08
2020-05-25 09:15:00,Quc1TzYxW2pYoWX,691.813,677.547,1010.67,3.29549e+08
2020-05-26 22:30:00,WcxssY2VbP4hApt,0,0,9381,1.81794e+08
2020-05-18 17:00:00,Quc1TzYxW2pYoWX,199.92,195.993,2668.93,3.29526e+08
2020-06-14 13:00:00,WcxssY2VbP4hApt,1251.81,1221.08,4615.27,1.81893e+08
2020-06-01 13:45:00,xMbIugepa2P7lBB,104.88,101.92,3868,1.06795e+08
2020-05-25 08:45:00,oZZkBaNadn6DNKz,717.2,702.327,912.867,1.70815e+09
2020-05-15 09:45:00,IQ2d7wF4YD8zU1Q,1082.68,1058.16,2002.27,1.99435e+07
2020-06-05 23:30:00,oZZkBaNadn6DNKz,0,0,7461,1.70822e+09
2020-06-02 14:00:00,q49J1IKaHRwDQnt,0,0,2543,450673
2020-05-15 01:30:00,LYwnQax7tkwH5Cb,0,0,0,1.79496e+09
2020-06-16 17:00:00,mqwcsP2rE7J0TFp,116.733,113.807,5518.07,5.93811e+08
2020-05-31 02:00:00,q49J1IKaHRwDQnt,0,0,7823,437952
2020-05-26 20:00:00,rrq4fwE8jgrTyWY,0,0,7776,1.2103e+08
2020-06-09 02:00:00,xMbIugepa2P7lBB,0,0,9052,1.06848e+08
2020-05-27 06:00:00,WcxssY2VbP4hApt,15.2667,14.7533,1,1.81794e+08
2020-06-05 11:00:00,Quc1TzYxW2pYoWX,0,0,917,3.29603e+08
2020-05-23 19:45:00,Mx2yZCDsyf6DPfv,0,0,9655,2.52603e+06
2020-05-29 09:45:00,Quc1TzYxW2pYoWX,0,0,898,3.29572e+08
2020-05-19 15:30:00,vOuJvMaM2sgwLmb,162.173,158.733,6629.47,2.24366e+06
2020-06-15 15:00:00,4UPUqMRk7TRMgml,461.093,452.473,1344.93,2.64288e+06
2020-05-19 07:45:00,Qf4GUc1pJu5T6c6,433.413,425.487,355.933,8.38451e+08
2020-05-19 21:15:00,LYwnQax7tkwH5Cb,0,0,2451,1.79498e+09
2020-05-16 01:15:00,rrq4fwE8jgrTyWY,0,0,0,1.2097e+08
2020-06-05 03:30:00,mqwcsP2rE7J0TFp,0,0,0,5.93735e+08
2020-06-08 14:00:00,9kRcWv60rDACzjR,0,0,1909,2.24787e+09
2020-05-28 14:15:00,PeE6FRyGXUgsRhN,1075.39,1051.07,6323.73,1.34844e+09
2020-06-17 11:30:00,V94E5Ben1TlhnDV,643.36,630.267,1438.73,1.41229e+09
2020-05-27 01:15:00,Et9kgGMDl729KT4,0,0,0,1.76237e+06
2020-05-31 08:45:00,vOuJvMaM2sgwLmb,412.347,404.913,572.733,2.32726e+06
2020-05-19 00:15:00,LlT2YUhhzqhg5Sw,0,0,0,2.82621e+08
2020-06-17 21:00:00,q49J1IKaHRwDQnt,0,0,4157,520758
2020-05-15 14:15:00,xoJJ8DcxJEcupym,0,0,1735,2.09145e+08
2020-06-12 01:30:00,V94E5Ben1TlhnDV,0,0,0,1.41227e+09
2020-05-21 14:00:00,Et9kgGMDl729KT4,1002.43,980.153,4409.73,1.7333e+06
2020-05-21 19:45:00,Quc1TzYxW2pYoWX,0,0,4896,3.29536e+08
2020-06-01 20:45:00,oZ35aAeoifZaQzV,0,0,4359,1.6601e+09
2020-06-15 20:45:00,mqwcsP2rE7J0TFp,0,0,6289,5.93805e+08
2020-05-18 21:15:00,V94E5Ben1TlhnDV,0,0,4816,1.41211e+09
2020-05-17 00:30:00,LlT2YUhhzqhg5Sw,0,0,0,2.8261e+08
2020-05-16 18:30:00,q49J1IKaHRwDQnt,0,0,3533,352552
2020-05-24 03:00:00,Mx2yZCDsyf6DPfv,0,0,0,2.52603e+06
2020-06-11 04:00:00,oZ35aAeoifZaQzV,0,0,5585,1.66016e+09
2020-06-01 20:00:00,Quc1TzYxW2pYoWX,0,0,3649,3.29588e+08
2020-05-26 00:45:00,oZZkBaNadn6DNKz,0,0,0,1.70816e+09
2020-06-01 18:30:00,rrq4fwE8jgrTyWY,0,0,3858,1.21065e+08
2020-05-23 13:00:00,Mx2yZCDsyf6DPfv,1274.65,1242.79,5858.8,2.52223e+06
2020-06-05 16:00:00,xoJJ8DcxJEcupym,348.773,342.853,6637.67,2.09266e+08
2020-05-30 11:45:00,mqwcsP2rE7J0TFp,1237.76,1207.68,2996.13,5.93701e+08
2020-05-22 13:15:00,xoJJ8DcxJEcupym,0,0,2091,2.09175e+08
2020-06-15 14:15:00,q49J1IKaHRwDQnt,488.207,478.14,4737,510002
2020-06-10 18:15:00,V94E5Ben1TlhnDV,0,0,5423,1.41226e+09
2020-05-18 01:15:00,LlT2YUhhzqhg5Sw,0,0,0,2.82616e+08
2020-06-01 19:00:00,WcxssY2VbP4hApt,0,0,4297,1.81834e+08
2020-06-04 10:00:00,81aHJ1q11NBPMrL,0,0,1396,1.21541e+09
2020-06-17 23:45:00,Quc1TzYxW2pYoWX,0,0,3702,3.29646e+08
2020-06-10 03:15:00,mqwcsP2rE7J0TFp,0,0,0,5.93776e+08
2020-06-09 18:00:00,Qf4GUc1pJu5T6c6,80.4467,78.0467,8059.13,8.38615e+08
2020-05-21 03:00:00,oZ35aAeoifZaQzV,0,0,0,1.66001e+09
2020-05-29 19:30:00,vOuJvMaM2sgwLmb,0,0,5083,2.3201e+06
2020-05-30 20:45:00,q49J1IKaHRwDQnt,0,0,7823,437952
2020-05-31 06:15:00,V94E5Ben1TlhnDV,58.6267,56.7667,10.7333,1.41221e+09
2020-05-21 04:00:00,Qf4GUc1pJu5T6c6,0,0,0,8.38462e+08
2020-05-22 23:30:00,rrq4fwE8jgrTyWY,0,0,9148,1.21011e+08
2020-05-18 23:45:00,xoJJ8DcxJEcupym,0,0,2828.67,2.0916e+08
2020-05-30 23:45:00,oZZkBaNadn6DNKz,0,0,3425.5,1.70819e+09
2020-06-05 04:30:00,Qf4GUc1pJu5T6c6,0,0,6904,8.38575e+08
2020-06-02 11:15:00,oZ35aAeoifZaQzV,130.779,128.129,998.357,1.06721e+09
2020-05-31 15:00:00,oZZkBaNadn6DNKz,599.373,587.293,5984.87,1.7082e+09
2020-05-31 12:30:00,Mx2yZCDsyf6DPfv,456.38,447.94,3669.13,2.58261e+06
2020-05-27 13:30:00,LYwnQax7tkwH5Cb,0,0,1526,1.79502e+09
2020-06-01 08:00:00,Qf4GUc1pJu5T6c6,244.833,240.1,281,8.3855e+08
2020-06-01 21:15:00,vOuJvMaM2sgwLmb,0,0,4266,2.33747e+06
2020-06-04 13:00:00,V94E5Ben1TlhnDV,0,0,2439,1.41223e+09
2020-06-11 09:30:00,LlT2YUhhzqhg5Sw,279.56,274.447,637.2,2.82755e+08
2020-06-08 18:30:00,PeE6FRyGXUgsRhN,34.7467,33.56,8832,1.3485e+09
2020-06-15 10:30:00,NgDl19wMapZy17u,963.86,941.513,2301.2,1.11732e+08
2020-06-04 14:00:00,NgDl19wMapZy17u,330.971,325.186,4805,1.11666e+08
2020-05-22 04:00:00,LlT2YUhhzqhg5Sw,0,0,0,2.82637e+08
2020-05-27 03:45:00,LlT2YUhhzqhg5Sw,0,0,0,2.82673e+08
2020-05-30 22:30:00,PeE6FRyGXUgsRhN,0,0,4061,1.34845e+09
2020-06-16 00:30:00,xoJJ8DcxJEcupym,0,0,6083,2.09326e+08
2020-05-24 02:15:00,LlT2YUhhzqhg5Sw,0,0,0,2.82646e+08
2020-05-19 17:45:00,xMbIugepa2P7lBB,0,0,6751,1.06695e+08
2020-06-15 16:45:00,Quc1TzYxW2pYoWX,337.48,331.713,1910.93,3.29638e+08
2020-06-10 06:45:00,xoJJ8DcxJEcupym,72.1533,69.9667,26.6667,2.09293e+08
2020-05-17 16:15:00,LlT2YUhhzqhg5Sw,635.238,622.331,6205.77,2.82616e+08
2020-05-27 13:45:00,4UPUqMRk7TRMgml,1196.41,1166.51,6634,2.52296e+06
2020-06-10 18:15:00,rrq4fwE8jgrTyWY,0,0,2369,1.21097e+08
2020-05-17 18:45:00,WcxssY2VbP4hApt,0,0,7266,1.8172e+08
2020-05-15 12:00:00,Et9kgGMDl729KT4,0,0,1541,1.70579e+06
2020-06-12 23:00:00,oZ35aAeoifZaQzV,0,0,4607,1.66017e+09
2020-05-21 15:45:00,4UPUqMRk7TRMgml,686.753,672.6,8252.33,2.47252e+06
2020-05-17 04:15:00,81aHJ1q11NBPMrL,0,0,0,1.21529e+09
2020-05-28 18:15:00,Quc1TzYxW2pYoWX,48.56,46.9933,4852.53,3.29571e+08
2020-05-18 19:15:00,xoJJ8DcxJEcupym,0,0,4243,2.0916e+08
2020-05-22 03:45:00,LlT2YUhhzqhg5Sw,0,0,0,2.82637e+08
2020-06-06 07:15:00,xMbIugepa2P7lBB,190,186.257,134.714,1.06823e+08
2020-05-21 19:00:00,81aHJ1q11NBPMrL,0,0,8570,1.21531e+09
2020-06-02 18:30:00,81aHJ1q11NBPMrL,24.1867,23.3533,3877.27,1.2154e+09
2020-05-27 22:45:00,q49J1IKaHRwDQnt,0,0,9016,414923
2020-05-15 14:45:00,oZZkBaNadn6DNKz,989.753,967.807,3818.67,1.70809e+09
2020-05-18 09:45:00,LYwnQax7tkwH5Cb,952,931.107,1002.93,1.79498e+09
2020-06-01 05:45:00,LlT2YUhhzqhg5Sw,0,0,0,2.82712e+08
2020-05-23 02:45:00,LYwnQax7tkwH5Cb,0,0,0,1.795e+09
2020-06-02 21:15:00,LYwnQax7tkwH5Cb,0,0,4787,1.79506e+09
2020-06-07 02:45:00,81aHJ1q11NBPMrL,0,0,0,1.21543e+09
2020-05-26 05:45:00,xoJJ8DcxJEcupym,0,0,0,2.09205e+08
2020-06-01 23:00:00,mqwcsP2rE7J0TFp,0,0,4211,5.93717e+08
2020-05-22 11:30:00,V94E5Ben1TlhnDV,1293.18,1260.83,3971.33,1.41214e+09
2020-06-06 09:15:00,xoJJ8DcxJEcupym,0,0,902,2.09268e+08
2020-05-30 15:45:00,V94E5Ben1TlhnDV,775.447,759.127,4327.67,1.4122e+09
2020-06-06 05:00:00,oZZkBaNadn6DNKz,0,0,0,1.70822e+09
2020-06-17 19:45:00,NgDl19wMapZy17u,0,0,4239,1.11746e+08
2020-05-22 15:45:00,WcxssY2VbP4hApt,0,0,0,0
2020-06-03 03:15:00,V94E5Ben1TlhnDV,0,0,0,1.41222e+09
2020-05-25 20:30:00,Et9kgGMDl729KT4,0,0,6951,1.75408e+06
2020-05-21 02:00:00,9kRcWv60rDACzjR,0,0,0,2.24776e+09
2020-05-20 19:00:00,rrq4fwE8jgrTyWY,0,0,6790,1.20997e+08
2020-06-02 12:15:00,mqwcsP2rE7J0TFp,707.94,691.827,3450.73,5.9372e+08
2020-06-15 19:00:00,IQ2d7wF4YD8zU1Q,0,0,6296,2.01752e+07
2020-05-16 19:15:00,vOuJvMaM2sgwLmb,0,0,4898,2.22643e+06
2020-06-14 08:30:00,V94E5Ben1TlhnDV,537.167,533.421,677.071,1.41228e+09
2020-05-17 13:15:00,mqwcsP2rE7J0TFp,887.707,867.467,4280.4,5.54028e+08
2020-06-15 02:15:00,LlT2YUhhzqhg5Sw,0,0,7445,2.82773e+08
2020-06-05 17:45:00,oZZkBaNadn6DNKz,183.673,179.827,7407.2,1.70822e+09
2020-05-26 02:45:00,4UPUqMRk7TRMgml,0,0,0,2.50682e+06
2020-06-16 04:00:00,vOuJvMaM2sgwLmb,0,0,6274,2.41784e+06
2020-06-03 08:15:00,NgDl19wMapZy17u,439,431.033,424.267,1.11656e+08
2020-05-26 13:45:00,Quc1TzYxW2pYoWX,942.313,921.653,5154.4,3.29557e+08
2020-06-01 20:45:00,vOuJvMaM2sgwLmb,0,0,4266,2.33747e+06
2020-06-15 23:00:00,V94E5Ben1TlhnDV,0,0,2566,1.41228e+09
2020-05-16 13:15:00,Mx2yZCDsyf6DPfv,1149.06,1121.28,3498.21,2.46494e+06
2020-06-17 15:45:00,xoJJ8DcxJEcupym,331.213,325.647,3882.13,2.09335e+08
2020-06-09 16:15:00,Et9kgGMDl729KT4,625.973,613.267,3421.33,1.82539e+06
2020-05-19 08:00:00,vOuJvMaM2sgwLmb,428.7,420.7,471.667,2.23751e+06
2020-05-27 15:00:00,oZZkBaNadn6DNKz,929.086,908.8,3200,1.70817e+09
2020-06-02 04:00:00,4UPUqMRk7TRMgml,0,0,0,2.5569e+06
2020-06-17 07:30:00,Mx2yZCDsyf6DPfv,103.033,100.12,81.0667,2.67899e+06
2020-06-07 16:30:00,4UPUqMRk7TRMgml,374.993,368.071,7437.5,2.60097e+06
2020-06-13 04:00:00,4UPUqMRk7TRMgml,0,0,4548,2.63279e+06
2020-06-13 12:45:00,oZZkBaNadn6DNKz,848.014,829.557,3211.29,1.70827e+09
2020-06-16 17:45:00,mqwcsP2rE7J0TFp,83.2533,80.7867,5579.4,5.93811e+08
2020-05-16 01:30:00,WcxssY2VbP4hApt,0,0,0,1.81705e+08
2020-06-09 12:00:00,q49J1IKaHRwDQnt,0,0,1952,475989
2020-05-24 20:00:00,LlT2YUhhzqhg5Sw,0,0,9038,2.82655e+08
2020-05-24 08:30:00,Qf4GUc1pJu5T6c6,697.253,682.853,746.267,8.38492e+08
2020-06-13 13:15:00,q49J1IKaHRwDQnt,832.514,814.043,3695.43,495091
2020-05-22 15:00:00,WcxssY2VbP4hApt,0,0,0,0
2020-06-13 01:30:00,4UPUqMRk7TRMgml,0,0,4548,2.63279e+06
2020-05-15 17:45:00,IQ2d7wF4YD8zU1Q,40.2533,38.9133,9647.33,1.99512e+07
2020-06-07 06:45:00,xoJJ8DcxJEcupym,76.15,73.8071,38.5,2.09269e+08
2020-05-27 05:45:00,rrq4fwE8jgrTyWY,0,0,0,1.2103e+08
2020-05-17 23:15:00,oZZkBaNadn6DNKz,0,0,7003,1.7081e+09
2020-05-19 15:15:00,xoJJ8DcxJEcupym,329.787,323.587,6016.27,2.09166e+08
2020-06-10 07:45:00,Quc1TzYxW2pYoWX,209.2,205.107,130.667,3.29619e+08
2020-05-16 00:15:00,81aHJ1q11NBPMrL,0,0,0,1.21528e+09
2020-06-03 20:15:00,NgDl19wMapZy17u,0,0,5288,1.11661e+08
2020-06-17 20:15:00,81aHJ1q11NBPMrL,0,0,4306,1.21549e+09
2020-06-03 02:15:00,rrq4fwE8jgrTyWY,0,0,0,1.21069e+08
2020-06-06 16:15:00,oZZkBaNadn6DNKz,677.721,663.793,1911.57,1.70823e+09
2020-05-15 04:00:00,Mx2yZCDsyf6DPfv,0,0,0,2.45365e+06
2020-06-04 13:15:00,xoJJ8DcxJEcupym,1237.59,1207.24,4039,2.09257e+08
2020-06-06 15:15:00,Qf4GUc1pJu5T6c6,684.187,669.593,6864.73,8.38589e+08
2020-06-07 16:45:00,oZZkBaNadn6DNKz,190.733,186.987,7421.4,1.70823e+09
2020-05-22 20:15:00,V94E5Ben1TlhnDV,0,0,8470,1.41214e+09
2020-05-25 00:00:00,Et9kgGMDl729KT4,0,0,227.733,1.74713e+06
2020-05-31 11:00:00,mqwcsP2rE7J0TFp,797.247,780.153,2320.53,5.93708e+08
2020-06-05 14:45:00,81aHJ1q11NBPMrL,386.729,380.014,6104.14,1.21542e+09
2020-05-28 19:15:00,4UPUqMRk7TRMgml,0,0,3729,2.52956e+06
2020-05-18 16:45:00,WcxssY2VbP4hApt,275.967,270.787,7521.53,1.81728e+08
2020-05-20 16:30:00,xMbIugepa2P7lBB,381.753,375.107,8876.67,1.06704e+08
2020-05-30 01:00:00,Mx2yZCDsyf6DPfv,0,0,0,2.57074e+06
2020-05-16 08:45:00,LYwnQax7tkwH5Cb,750.273,734.573,904.533,1.79497e+09
2020-05-29 23:45:00,vOuJvMaM2sgwLmb,0,0,4405.27,2.3201e+06
2020-06-05 19:30:00,9kRcWv60rDACzjR,0,0,3354,2.24786e+09
2020-06-11 16:30:00,4UPUqMRk7TRMgml,179.9,176.279,3759.64,2.62805e+06
2020-06-08 07:15:00,vOuJvMaM2sgwLmb,285.8,280.653,169.667,2.36686e+06
2020-05-26 23:00:00,Quc1TzYxW2pYoWX,0,0,7269,3.29559e+08
2020-06-14 07:30:00,q49J1IKaHRwDQnt,359.473,352.9,254,498043
2020-05-31 04:45:00,PeE6FRyGXUgsRhN,0,0,0,1.34845e+09
2020-05-19 18:15:00,LlT2YUhhzqhg5Sw,2.39333,2.30667,6553,2.82628e+08
2020-06-01 07:00:00,81aHJ1q11NBPMrL,99.1333,96.3133,64.0667,1.21539e+09
2020-05-20 12:45:00,rrq4fwE8jgrTyWY,1225.59,1194.96,2984.73,1.20993e+08
2020-06-06 19:30:00,V94E5Ben1TlhnDV,0,0,2613,1.41224e+09
2020-06-05 17:15:00,IQ2d7wF4YD8zU1Q,308.52,303.007,7615.47,2.01102e+07
2020-06-01 14:00:00,LlT2YUhhzqhg5Sw,85.6429,83.15,3791.57,2.82716e+08
2020-06-15 14:45:00,vOuJvMaM2sgwLmb,556.813,545.607,5171.2,2.41673e+06
2020-05-20 10:00:00,PeE6FRyGXUgsRhN,0,0,1235,1.34838e+09
2020-06-10 06:45:00,PeE6FRyGXUgsRhN,71.0133,68.8,27.0667,1.34851e+09
2020-05-18 22:30:00,Qf4GUc1pJu5T6c6,0,0,7783,8.38451e+08
2020-06-14 19:30:00,xoJJ8DcxJEcupym,0,0,7268,2.0932e+08
2020-06-05 15:45:00,NgDl19wMapZy17u,386.44,379.747,6812.8,1.11674e+08
2020-06-14 01:15:00,Et9kgGMDl729KT4,0,0,5929,1.84129e+06
2020-06-16 05:30:00,Quc1TzYxW2pYoWX,0,0,0,3.29638e+08
2020-05-28 17:15:00,V94E5Ben1TlhnDV,275.687,270.467,8946.13,1.41219e+09
2020-06-02 19:30:00,9kRcWv60rDACzjR,0,0,7073,2.24785e+09
2020-05-19 11:00:00,Quc1TzYxW2pYoWX,0,0,1139,3.29527e+08
2020-05-19 13:30:00,rrq4fwE8jgrTyWY,1202.51,1173.52,2286.79,1.20988e+08
2020-06-02 16:30:00,Mx2yZCDsyf6DPfv,0,0,0,173113
2020-06-15 06:00:00,Quc1TzYxW2pYoWX,9.22,8.89333,0.333333,3.29636e+08
2020-06-11 00:45:00,LlT2YUhhzqhg5Sw,0,0,5452,2.82755e+08
2020-05-31 23:15:00,IQ2d7wF4YD8zU1Q,0,0,6664,2.0078e+07
2020-06-11 07:15:00,V94E5Ben1TlhnDV,154.98,151.407,56.3333,1.41226e+09
2020-05-16 10:00:00,V94E5Ben1TlhnDV,1059.81,1035.93,2057.4,1.41209e+09
2020-05-19 03:30:00,9kRcWv60rDACzjR,0,0,0,2.24775e+09
2020-06-12 00:00:00,q49J1IKaHRwDQnt,0,0,3814,486755
2020-06-07 09:30:00,81aHJ1q11NBPMrL,0,0,231.214,5.20897e+08
2020-05-26 08:45:00,9kRcWv60rDACzjR,764.753,748.7,916.533,2.2478e+09
2020-05-25 08:00:00,Qf4GUc1pJu5T6c6,497.473,487.82,454.267,8.38496e+08
2020-06-12 00:15:00,rrq4fwE8jgrTyWY,0,0,3650,1.21101e+08
2020-06-10 00:45:00,IQ2d7wF4YD8zU1Q,0,0,8151,2.0144e+07
2020-05-17 17:30:00,xMbIugepa2P7lBB,234.714,230.15,6992.93,1.06681e+08
2020-06-04 03:15:00,PeE6FRyGXUgsRhN,0,0,0,1.34847e+09
2020-05-25 04:00:00,vOuJvMaM2sgwLmb,0,0,0,2.27821e+06
2020-05-27 14:00:00,q49J1IKaHRwDQnt,1103.65,1078.54,6567.93,412475
2020-06-03 02:30:00,xMbIugepa2P7lBB,0,0,7138,1.06802e+08
2020-06-09 11:00:00,Et9kgGMDl729KT4,0,0,1605,1.82358e+06
2020-05-31 00:30:00,xoJJ8DcxJEcupym,0,0,0,2.09233e+08
2020-06-08 16:45:00,Et9kgGMDl729KT4,399.633,392.467,2821.13,1.82161e+06
2020-06-16 18:15:00,PeE6FRyGXUgsRhN,23.6533,22.8333,3806.8,1.34854e+09
2020-06-14 23:30:00,9kRcWv60rDACzjR,0,0,7458,2.2479e+09
2020-06-14 14:45:00,Quc1TzYxW2pYoWX,177.927,174.027,1151.6,3.29635e+08
2020-06-04 01:30:00,mqwcsP2rE7J0TFp,0,0,0,5.93729e+08
2020-05-31 22:00:00,xMbIugepa2P7lBB,0,0,6524,1.06791e+08
2020-05-29 15:30:00,oZ35aAeoifZaQzV,854.367,836.013,7004.73,1.66008e+09
2020-06-05 23:45:00,mqwcsP2rE7J0TFp,0,0,7561,5.93743e+08
2020-06-14 06:45:00,9kRcWv60rDACzjR,164.613,161,57.2,2.24789e+09
2020-05-31 01:30:00,q49J1IKaHRwDQnt,0,0,7823,437952
2020-05-19 17:15:00,WcxssY2VbP4hApt,7.50667,7.22667,6830.13,1.81735e+08
2020-05-20 19:45:00,xMbIugepa2P7lBB,0,0,9311,1.06705e+08
2020-06-13 11:00:00,Mx2yZCDsyf6DPfv,103.913,101.727,977,1.77724e+06
2020-05-27 16:45:00,4UPUqMRk7TRMgml,423.653,416.127,9172.4,2.5255e+06
2020-06-08 13:00:00,Quc1TzYxW2pYoWX,0,0,939,3.29613e+08
2020-05-29 19:00:00,PeE6FRyGXUgsRhN,0,0,6653,1.34845e+09
2020-05-21 04:30:00,oZZkBaNadn6DNKz,0,0,0,1.70811e+09
2020-06-09 15:30:00,LYwnQax7tkwH5Cb,584.653,572.887,2266.8,1.79508e+09
2020-05-23 22:45:00,81aHJ1q11NBPMrL,0,0,9333,1.21533e+09
2020-06-02 12:30:00,xoJJ8DcxJEcupym,0,0,0,0
2020-06-05 08:15:00,LlT2YUhhzqhg5Sw,546.293,535.607,383.643,2.82728e+08
2020-05-29 05:00:00,oZZkBaNadn6DNKz,0,0,0,1.70818e+09
2020-05-17 23:30:00,rrq4fwE8jgrTyWY,0,0,4957,1.20982e+08
2020-06-17 10:30:00,Mx2yZCDsyf6DPfv,473.636,464.629,999.714,2.67991e+06
2020-05-17 23:00:00,NgDl19wMapZy17u,0,0,7041,1.11537e+08
2020-06-06 22:45:00,oZ35aAeoifZaQzV,0,0,8368,1.66013e+09
2020-06-05 19:15:00,Et9kgGMDl729KT4,0,0,2769,1.81393e+06
2020-05-29 17:15:00,81aHJ1q11NBPMrL,318.233,312.633,4642.73,1.21538e+09
2020-06-10 20:00:00,vOuJvMaM2sgwLmb,0,0,5480,2.38903e+06
2020-06-08 16:15:00,81aHJ1q11NBPMrL,590.533,578.707,8523.87,1.21544e+09
2020-05-21 18:00:00,rrq4fwE8jgrTyWY,72.1267,69.9133,4655.73,1.21001e+08
2020-06-08 03:00:00,mqwcsP2rE7J0TFp,0,0,0,5.93759e+08
2020-06-03 05:15:00,oZZkBaNadn6DNKz,0,0,0,1.70821e+09
2020-05-22 22:00:00,WcxssY2VbP4hApt,0,0,0,0
2020-06-09 23:30:00,vOuJvMaM2sgwLmb,0,0,7868,2.38355e+06
2020-06-06 11:30:00,81aHJ1q11NBPMrL,1250.48,1219.82,3625.64,1.21542e+09
2020-05-18 01:00:00,xoJJ8DcxJEcupym,0,0,0,2.09156e+08
2020-05-28 21:15:00,WcxssY2VbP4hApt,0,0,4823.24,9.52323e+07
2020-06-11 18:45:00,81aHJ1q11NBPMrL,0,0,3902,1.21545e+09
2020-05-15 04:30:00,xoJJ8DcxJEcupym,0,0,0,2.09144e+08
2020-05-23 18:15:00,Quc1TzYxW2pYoWX,28.0333,27.0733,3995.27,3.29543e+08
2020-06-12 01:45:00,xMbIugepa2P7lBB,0,0,3850,1.06865e+08
2020-06-16 10:45:00,V94E5Ben1TlhnDV,724.013,708.92,1866.47,1.41228e+09
2020-06-17 21:45:00,Et9kgGMDl729KT4,0,0,4020,1.85416e+06
2020-05-27 15:45:00,WcxssY2VbP4hApt,734.107,718.807,3354,1.81797e+08
2020-06-06 02:15:00,Mx2yZCDsyf6DPfv,0,0,7726,2.6168e+06
2020-05-19 13:00:00,Et9kgGMDl729KT4,0,0,1332,1.72314e+06
2020-05-19 20:30:00,WcxssY2VbP4hApt,0,0,6831,1.81735e+08
2020-05-27 05:00:00,81aHJ1q11NBPMrL,0,0,0,0
2020-05-31 06:45:00,IQ2d7wF4YD8zU1Q,136.54,132.88,59.8667,2.00714e+07
2020-05-31 13:30:00,IQ2d7wF4YD8zU1Q,1283.13,1251.13,4806.4,2.00762e+07
2020-05-27 09:30:00,xoJJ8DcxJEcupym,746.607,730.287,1476.4,2.09212e+08
2020-06-11 11:30:00,9kRcWv60rDACzjR,687.033,672.867,1652.73,2.24788e+09
2020-06-15 21:45:00,LYwnQax7tkwH5Cb,0,0,5604,1.79511e+09
2020-06-16 14:15:00,q49J1IKaHRwDQnt,224.053,219.46,2027.67,240646
2020-06-01 11:30:00,oZ35aAeoifZaQzV,549.186,538.443,2879.5,1.6601e+09
2020-06-05 21:30:00,LlT2YUhhzqhg5Sw,0,0,3053,2.8273e+08
2020-06-07 08:15:00,Mx2yZCDsyf6DPfv,469.857,460.736,373,2.62548e+06
2020-05-17 05:45:00,oZZkBaNadn6DNKz,0,0,0,1.7081e+09
2020-05-24 02:45:00,Qf4GUc1pJu5T6c6,0,0,0,8.38491e+08
2020-05-16 19:15:00,mqwcsP2rE7J0TFp,0,0,7854,5.93597e+08
2020-05-16 11:45:00,Mx2yZCDsyf6DPfv,0,0,2582,2.46403e+06
2020-05-18 21:45:00,PeE6FRyGXUgsRhN,0,0,6551,1.34838e+09
2020-06-05 01:30:00,PeE6FRyGXUgsRhN,0,0,6168,1.34848e+09
2020-05-30 05:45:00,LlT2YUhhzqhg5Sw,0,0,0,2.82698e+08
2020-05-16 20:30:00,xMbIugepa2P7lBB,0,0,7722,1.06674e+08
2020-05-22 23:00:00,vOuJvMaM2sgwLmb,0,0,3182,2.2654e+06
2020-06-14 00:30:00,Quc1TzYxW2pYoWX,0,0,5477,3.29633e+08
2020-05-31 13:00:00,PeE6FRyGXUgsRhN,1159.67,1131.27,3931.93,1.34846e+09
2020-05-17 03:15:00,oZ35aAeoifZaQzV,0,0,0,1.65998e+09
2020-06-01 18:15:00,Et9kgGMDl729KT4,0,0,4035,1.7989e+06
2020-06-13 14:15:00,81aHJ1q11NBPMrL,668.767,654.66,4618,1.21546e+09
2020-05-24 17:30:00,rrq4fwE8jgrTyWY,173.66,170.06,4844.4,1.21018e+08
2020-05-28 00:00:00,LlT2YUhhzqhg5Sw,0,0,2422.93,2.82682e+08
2020-06-17 14:45:00,LYwnQax7tkwH5Cb,501.271,491.457,3102.21,1.79512e+09
2020-06-05 11:45:00,V94E5Ben1TlhnDV,524.647,514.253,3617.87,1.41223e+09
2020-05-22 16:45:00,Mx2yZCDsyf6DPfv,465.833,457.053,9477.4,2.51605e+06
2020-06-06 19:30:00,IQ2d7wF4YD8zU1Q,0,0,8293,2.01187e+07
2020-06-04 19:45:00,WcxssY2VbP4hApt,0,0,3834,1.81848e+08
2020-06-12 16:15:00,rrq4fwE8jgrTyWY,225.764,221.364,4084.5,1.21105e+08
2020-06-04 07:15:00,rrq4fwE8jgrTyWY,201.693,197.72,107.267,1.21073e+08
2020-05-17 11:30:00,NgDl19wMapZy17u,686.367,672.22,3098.8,1.11533e+08
2020-05-30 22:45:00,NgDl19wMapZy17u,0,0,7983,1.11638e+08
2020-06-03 21:00:00,vOuJvMaM2sgwLmb,0,0,4953,2.34622e+06
2020-05-17 02:00:00,xoJJ8DcxJEcupym,0,0,0,2.0915e+08
2020-05-19 12:45:00,LYwnQax7tkwH5Cb,0,0,1385,1.79498e+09
2020-06-01 11:15:00,IQ2d7wF4YD8zU1Q,714.85,699.714,2625.36,2.00806e+07
2020-05-26 15:15:00,PeE6FRyGXUgsRhN,862.193,843.664,5509.93,1.34843e+09
2020-05-17 14:45:00,V94E5Ben1TlhnDV,603.76,591.673,4552.87,1.4121e+09
2020-05-22 17:30:00,PeE6FRyGXUgsRhN,196.38,192.5,9351.2,1.3484e+09
2020-06-17 10:30:00,Qf4GUc1pJu5T6c6,472.329,463.357,987.929,8.38643e+08
2020-06-08 12:45:00,9kRcWv60rDACzjR,0,0,1909,2.24787e+09
2020-06-02 16:45:00,IQ2d7wF4YD8zU1Q,551.367,540.3,5895,2.00891e+07
2020-05-25 07:00:00,q49J1IKaHRwDQnt,204.127,200.1,109.2,395739
2020-06-08 16:00:00,LYwnQax7tkwH5Cb,679.02,664.987,1943.13,1.79507e+09
2020-06-08 06:30:00,LYwnQax7tkwH5Cb,91.2357,88.6071,28,1.79507e+09
2020-06-17 06:45:00,LYwnQax7tkwH5Cb,55.5533,53.76,24.0667,1.79511e+09
2020-05-25 07:15:00,Et9kgGMDl729KT4,234.667,230.113,145.6,1.74728e+06
2020-05-18 01:45:00,oZZkBaNadn6DNKz,0,0,0,1.7081e+09
2020-06-13 08:30:00,xoJJ8DcxJEcupym,389.853,382.627,500.933,2.09306e+08
2020-05-26 12:30:00,Mx2yZCDsyf6DPfv,1306.16,1273.51,5133.79,2.54529e+06
2020-05-24 05:30:00,LlT2YUhhzqhg5Sw,0,0,0,2.82646e+08
2020-05-16 23:15:00,vOuJvMaM2sgwLmb,0,0,4898,2.22643e+06
2020-06-17 02:45:00,LYwnQax7tkwH5Cb,0,0,0,1.79511e+09
2020-05-21 23:30:00,81aHJ1q11NBPMrL,0,0,8570,1.21531e+09
2020-06-09 08:45:00,4UPUqMRk7TRMgml,788.147,771.5,1006.2,2.61161e+06
2020-06-03 17:45:00,xMbIugepa2P7lBB,126.553,123.107,5831,1.06808e+08
2020-06-01 12:30:00,Mx2yZCDsyf6DPfv,1264.66,1233.59,3518.73,2.5891e+06
2020-05-28 12:30:00,9kRcWv60rDACzjR,1266.02,1234.37,5004.4,2.24781e+09
2020-05-19 01:45:00,PeE6FRyGXUgsRhN,0,0,0,1.34838e+09
2020-05-28 15:00:00,oZZkBaNadn6DNKz,976.5,954.933,7508.67,1.70818e+09
2020-06-06 06:30:00,q49J1IKaHRwDQnt,100.08,97.22,27.2667,464893
2020-06-12 14:00:00,q49J1IKaHRwDQnt,730.967,715.713,3029.67,489785
2020-05-20 21:15:00,Et9kgGMDl729KT4,0,0,4492,1.72889e+06
2020-05-24 05:30:00,WcxssY2VbP4hApt,0,0,0,1.81766e+08
2020-06-14 01:15:00,LYwnQax7tkwH5Cb,0,0,6213,1.79509e+09
2020-06-12 08:30:00,rrq4fwE8jgrTyWY,271.4,266.52,362.6,1.21101e+08
2020-05-25 13:15:00,rrq4fwE8jgrTyWY,0,0,2219,1.21021e+08
2020-06-01 05:45:00,xMbIugepa2P7lBB,0,0,6524,1.06791e+08
2020-06-16 15:15:00,Mx2yZCDsyf6DPfv,572.093,560.636,4791.93,2.67818e+06
2020-06-13 22:15:00,oZZkBaNadn6DNKz,0,0,6481,1.70827e+09
2020-05-26 12:45:00,q49J1IKaHRwDQnt,0,0,1870,403697
2020-06-02 03:00:00,PeE6FRyGXUgsRhN,0,0,0,1.25856e+09
2020-06-15 21:15:00,NgDl19wMapZy17u,0,0,6245,1.11736e+08
2020-06-12 01:45:00,WcxssY2VbP4hApt,0,0,3947,1.81877e+08
2020-06-12 09:15:00,vOuJvMaM2sgwLmb,376.44,369.727,627.333,2.39357e+06
2020-06-03 14:45:00,Et9kgGMDl729KT4,698.34,683.653,2800.13,1.80718e+06
2020-05-18 04:45:00,Qf4GUc1pJu5T6c6,0,0,0,8.38443e+08
2020-06-12 11:30:00,PeE6FRyGXUgsRhN,722.493,707.44,1633.4,1.34852e+09
2020-05-16 09:15:00,Et9kgGMDl729KT4,844.473,826.393,1230.07,1.70963e+06
2020-05-26 07:30:00,Qf4GUc1pJu5T6c6,363.107,356.893,238.2,8.38505e+08
2020-05-31 23:30:00,Quc1TzYxW2pYoWX,0,0,5399,3.29584e+08
2020-06-12 16:45:00,PeE6FRyGXUgsRhN,259.84,254.853,4117.87,1.25862e+09
2020-05-28 05:30:00,Quc1TzYxW2pYoWX,0,0,0,3.29566e+08
2020-06-08 03:15:00,mqwcsP2rE7J0TFp,0,0,0,5.93759e+08
2020-06-03 18:00:00,Quc1TzYxW2pYoWX,65.7143,63.6786,3704.71,3.29597e+08
2020-06-10 08:15:00,V94E5Ben1TlhnDV,519.66,509.553,335.667,1.41226e+09
2020-06-16 08:00:00,IQ2d7wF4YD8zU1Q,369.793,363.447,328.4,2.01755e+07
2020-05-16 11:00:00,vOuJvMaM2sgwLmb,1216.1,1185.69,3225.6,2.22476e+06
2020-05-27 13:45:00,81aHJ1q11NBPMrL,0,0,0,0
2020-06-09 23:45:00,xMbIugepa2P7lBB,0,0,7997,1.06856e+08
2020-06-17 14:45:00,oZ35aAeoifZaQzV,541.507,530.767,3520.67,1.66019e+09
2020-06-02 00:00:00,vOuJvMaM2sgwLmb,0,0,0,2.33747e+06
2020-06-01 23:00:00,Mx2yZCDsyf6DPfv,0,0,4334,2.58992e+06
2020-05-30 17:15:00,4UPUqMRk7TRMgml,307.22,301.727,8026,2.54571e+06
2020-06-02 23:00:00,NgDl19wMapZy17u,0,0,7098,1.11656e+08
2020-06-02 17:45:00,Et9kgGMDl729KT4,205.72,201.467,5393.33,1.8043e+06
2020-05-24 16:30:00,Et9kgGMDl729KT4,436.8,428.9,3051,1.74677e+06
2020-05-30 17:15:00,WcxssY2VbP4hApt,300.327,294.947,8010.67,1.81823e+08
2020-06-06 18:00:00,LlT2YUhhzqhg5Sw,101.827,98.9533,4642.07,2.82735e+08
2020-06-13 07:00:00,Et9kgGMDl729KT4,166.307,162.773,67.6667,1.83543e+06
2020-06-07 07:00:00,xMbIugepa2P7lBB,96.12,93.38,58.4,1.06831e+08
2020-06-05 00:30:00,NgDl19wMapZy17u,0,0,6331,1.11668e+08
2020-06-09 19:30:00,q49J1IKaHRwDQnt,0,0,3601,477638
2020-06-03 18:00:00,V94E5Ben1TlhnDV,81.98,79.56,4297,1.41223e+09
2020-05-30 13:00:00,oZ35aAeoifZaQzV,1178.81,1150.61,4369.86,1.66009e+09
2020-06-05 16:45:00,xoJJ8DcxJEcupym,635.413,622.513,6985.13,2.09266e+08
2020-05-18 07:30:00,9kRcWv60rDACzjR,30.1333,29.1133,8.13333,2.24774e+09
2020-06-12 11:45:00,LYwnQax7tkwH5Cb,594.347,581.92,1707.13,1.79508e+09
2020-06-11 20:00:00,Qf4GUc1pJu5T6c6,0,0,3887,8.38625e+08
2020-06-16 17:30:00,NgDl19wMapZy17u,103.46,100.527,5486.53,1.11742e+08
2020-05-28 15:45:00,vOuJvMaM2sgwLmb,765.2,748.92,8245.73,2.31412e+06
2020-05-31 19:45:00,PeE6FRyGXUgsRhN,0,0,6313,1.34846e+09
2020-05-20 08:00:00,oZZkBaNadn6DNKz,502.6,492.933,422.8,1.70811e+09
2020-06-15 11:15:00,V94E5Ben1TlhnDV,0,0,978,1.41228e+09
2020-06-06 15:45:00,LYwnQax7tkwH5Cb,632.167,618.833,2543.53,1.79507e+09
2020-06-03 19:30:00,V94E5Ben1TlhnDV,0,0,4318,1.41223e+09
2020-05-29 02:00:00,81aHJ1q11NBPMrL,0,0,0,1.21537e+09
2020-05-30 23:15:00,IQ2d7wF4YD8zU1Q,0,0,8228,2.00714e+07
2020-05-27 17:15:00,Quc1TzYxW2pYoWX,220.373,216.06,7240.33,3.29566e+08
2020-05-23 16:45:00,WcxssY2VbP4hApt,428.827,421.087,9281.47,1.81766e+08
2020-06-15 15:30:00,oZ35aAeoifZaQzV,530.064,519.686,2020.5,1.66018e+09
2020-05-20 05:00:00,LYwnQax7tkwH5Cb,0,0,0,1.79498e+09
2020-05-24 07:00:00,oZZkBaNadn6DNKz,202.04,198.067,98.0667,1.70814e+09
2020-06-13 07:15:00,Mx2yZCDsyf6DPfv,188.927,185.067,128,2.66436e+06
2020-06-14 15:00:00,mqwcsP2rE7J0TFp,826.1,807.6,4795.53,5.93798e+08
2020-06-16 05:45:00,vOuJvMaM2sgwLmb,0,0,0,2.41784e+06
2020-06-11 04:30:00,q49J1IKaHRwDQnt,0,0,5303,482941
2020-05-19 01:00:00,oZZkBaNadn6DNKz,0,0,0,1.70811e+09
2020-05-17 17:15:00,oZ35aAeoifZaQzV,160.62,157.033,5399.93,1.65999e+09
2020-06-12 10:15:00,PeE6FRyGXUgsRhN,256.713,251.847,1047,1.34852e+09
2020-06-01 07:00:00,LYwnQax7tkwH5Cb,92.1643,89.4857,61.2857,1.79505e+09
2020-06-13 12:30:00,9kRcWv60rDACzjR,0,0,1366,2.24789e+09
2020-05-23 19:00:00,vOuJvMaM2sgwLmb,0,0,9534,2.27493e+06
2020-05-28 00:15:00,PeE6FRyGXUgsRhN,0,0,0,1.34843e+09
2020-06-06 21:15:00,q49J1IKaHRwDQnt,0,0,3599,468465
2020-06-12 07:45:00,PeE6FRyGXUgsRhN,250.867,246.02,187.533,1.34852e+09
2020-06-13 19:30:00,vOuJvMaM2sgwLmb,0,0,6375,2.4041e+06
2020-06-01 10:30:00,81aHJ1q11NBPMrL,893.293,872.907,2210.4,1.21539e+09
2020-05-19 02:30:00,NgDl19wMapZy17u,0,0,0,1.11545e+08
2020-05-18 09:45:00,NgDl19wMapZy17u,972.171,950.729,1027.14,1.11538e+08
2020-06-17 17:30:00,81aHJ1q11NBPMrL,138.61,135.29,4234,1.21549e+09
2020-06-17 16:30:00,vOuJvMaM2sgwLmb,282.68,277.56,4111.27,2.42748e+06
2020-06-08 15:00:00,xMbIugepa2P7lBB,967.433,945.847,7355.8,1.06846e+08
2020-06-06 08:15:00,xMbIugepa2P7lBB,488.68,479.3,388.6,1.06823e+08
2020-05-30 14:45:00,xMbIugepa2P7lBB,1033.74,1010.6,6237.43,1.06783e+08
2020-06-09 03:00:00,NgDl19wMapZy17u,0,0,9167,1.117e+08
2020-05-26 04:15:00,oZZkBaNadn6DNKz,0,0,0,1.70816e+09
2020-06-15 11:15:00,81aHJ1q11NBPMrL,913.536,893.021,2863.14,1.21547e+09
2020-06-07 20:00:00,vOuJvMaM2sgwLmb,0,0,1910,2.36669e+06
2020-05-30 12:15:00,rrq4fwE8jgrTyWY,776.84,760.187,3242.6,1.2105e+08
2020-05-24 05:30:00,oZZkBaNadn6DNKz,0,0,0,1.70814e+09
2020-06-17 00:15:00,Qf4GUc1pJu5T6c6,0,0,0,8.38642e+08
2020-06-04 08:45:00,Et9kgGMDl729KT4,501.68,491.887,667.933,1.80914e+06
2020-05-21 18:45:00,V94E5Ben1TlhnDV,0,0,4924,1.41213e+09
2020-06-07 11:45:00,mqwcsP2rE7J0TFp,1311.87,1279.46,3236.13,5.93754e+08
2020-06-12 03:30:00,Quc1TzYxW2pYoWX,0,0,3184,3.29624e+08
2020-06-06 11:45:00,mqwcsP2rE7J0TFp,891.167,870.433,3981.4,5.93747e+08
2020-05-27 17:45:00,4UPUqMRk7TRMgml,143.927,140.4,9438.93,2.52576e+06
2020-06-17 17:30:00,4UPUqMRk7TRMgml,140.17,136.83,4374.3,2.65342e+06
2020-05-24 23:45:00,V94E5Ben1TlhnDV,0,0,3705.2,1.41216e+09
2020-05-17 08:45:00,IQ2d7wF4YD8zU1Q,646.393,633.193,740.714,1.99599e+07
2020-05-29 11:15:00,Quc1TzYxW2pYoWX,0,0,898,3.29572e+08
2020-06-07 16:15:00,9kRcWv60rDACzjR,546.893,535.633,1505.6,2.24787e+09
2020-06-03 14:30:00,Mx2yZCDsyf6DPfv,4.45,4.32857,3852,2.60111e+06
2020-05-26 03:00:00,9kRcWv60rDACzjR,0,0,0,2.2478e+09
2020-06-05 22:00:00,q49J1IKaHRwDQnt,0,0,2895,464866
2020-06-16 22:15:00,xMbIugepa2P7lBB,0,0,5502,1.06892e+08
2020-05-25 12:45:00,vOuJvMaM2sgwLmb,1275.55,1243.67,5226.71,2.28344e+06
2020-05-23 21:15:00,LlT2YUhhzqhg5Sw,0,0,3385,2.82646e+08
2020-05-31 04:30:00,vOuJvMaM2sgwLmb,0,0,0,2.32669e+06
2020-06-04 06:45:00,vOuJvMaM2sgwLmb,106.093,103.147,37.4,2.34626e+06
2020-05-26 20:00:00,LYwnQax7tkwH5Cb,0,0,3874,1.79502e+09
2020-05-30 22:15:00,LlT2YUhhzqhg5Sw,0,0,7952,2.82706e+08
2020-06-13 21:00:00,q49J1IKaHRwDQnt,0,0,6393,497789
2020-06-01 18:15:00,81aHJ1q11NBPMrL,0,0,4195,1.2154e+09
2020-05-22 02:00:00,WcxssY2VbP4hApt,0,0,0,1.81753e+08
2020-06-07 12:30:00,V94E5Ben1TlhnDV,0,0,1104,1.41224e+09
2020-05-29 23:45:00,NgDl19wMapZy17u,0,0,8027,1.1163e+08
2020-06-07 10:15:00,9kRcWv60rDACzjR,0,0,1049,2.24787e+09
2020-06-10 14:45:00,xMbIugepa2P7lBB,241.387,236.74,4805.8,1.06861e+08
2020-06-13 00:45:00,oZZkBaNadn6DNKz,0,0,0,1.70827e+09
2020-06-01 09:00:00,81aHJ1q11NBPMrL,892.436,873.1,755.357,1.21539e+09
2020-05-19 07:45:00,xMbIugepa2P7lBB,444.72,436.493,353.4,1.06689e+08
2020-05-23 23:30:00,4UPUqMRk7TRMgml,0,0,9688,2.49297e+06
2020-06-16 06:45:00,oZZkBaNadn6DNKz,119.573,116.287,41.2,1.70828e+09
2020-05-18 05:00:00,9kRcWv60rDACzjR,0,0,0,2.24774e+09
2020-06-05 08:00:00,oZZkBaNadn6DNKz,319.18,313.527,313.4,1.70822e+09
2020-05-18 21:45:00,Mx2yZCDsyf6DPfv,0,0,7632,2.48137e+06
2020-06-05 12:30:00,oZZkBaNadn6DNKz,1299.39,1267.29,4540,1.70822e+09
2020-05-19 13:00:00,xMbIugepa2P7lBB,1201.28,1171.86,4525.87,1.06693e+08
2020-05-30 20:45:00,Mx2yZCDsyf6DPfv,0,0,8199,2.57894e+06
2020-06-03 12:30:00,IQ2d7wF4YD8zU1Q,751.993,736.236,3118.71,2.00927e+07
2020-05-17 08:15:00,Mx2yZCDsyf6DPfv,615.747,603.287,409.133,2.46766e+06
2020-05-24 09:30:00,V94E5Ben1TlhnDV,965.44,944.167,1553.4,1.41215e+09
2020-06-07 05:30:00,LYwnQax7tkwH5Cb,0,0,232.6,1.79507e+09
2020-05-30 05:45:00,Quc1TzYxW2pYoWX,0,0,0,3.29575e+08
2020-06-08 07:30:00,WcxssY2VbP4hApt,418.593,410.75,250.714,1.81862e+08
2020-06-02 09:15:00,mqwcsP2rE7J0TFp,576.147,564.653,1243.4,5.93718e+08
2020-06-09 15:45:00,xoJJ8DcxJEcupym,808.1,790.857,6059.79,2.09292e+08
2020-05-27 08:00:00,LlT2YUhhzqhg5Sw,501.307,491.493,410.6,2.82673e+08
2020-06-03 23:45:00,oZ35aAeoifZaQzV,0,0,5493,1.66011e+09
2020-05-24 15:45:00,rrq4fwE8jgrTyWY,676.857,662.957,4111.57,1.21018e+08
2020-05-16 20:15:00,oZ35aAeoifZaQzV,0,0,8062,1.65998e+09
2020-05-18 23:45:00,PeE6FRyGXUgsRhN,0,0,6551,1.34838e+09
2020-05-29 01:45:00,PeE6FRyGXUgsRhN,0,0,0,1.34844e+09
2020-05-30 00:45:00,9kRcWv60rDACzjR,0,0,0,2.24782e+09
2020-05-19 08:45:00,81aHJ1q11NBPMrL,336.007,329.993,800.6,1.2153e+09
2020-05-15 23:45:00,rrq4fwE8jgrTyWY,0,0,5507,1.2097e+08
2020-06-11 15:45:00,xoJJ8DcxJEcupym,432.513,424.527,3581.73,2.093e+08
2020-05-17 02:15:00,WcxssY2VbP4hApt,0,0,0,1.81713e+08
2020-06-03 06:15:00,PeE6FRyGXUgsRhN,27.6667,26.72,3.4,1.34847e+09
2020-05-21 20:00:00,LYwnQax7tkwH5Cb,0,0,4794,1.79499e+09
2020-06-09 12:00:00,V94E5Ben1TlhnDV,881.9,861.85,3907.36,1.41226e+09
2020-05-23 17:45:00,LYwnQax7tkwH5Cb,119.853,116.56,3053.13,1.795e+09
2020-06-13 18:45:00,mqwcsP2rE7J0TFp,1.84,1.77333,5941,5.93793e+08
2020-06-14 06:00:00,oZZkBaNadn6DNKz,13.16,12.7133,0.8,1.70827e+09
2020-06-05 04:00:00,xMbIugepa2P7lBB,0,0,6899,1.06815e+08
2020-06-02 08:45:00,WcxssY2VbP4hApt,666.967,653.293,923.6,1.81835e+08
2020-06-08 10:00:00,V94E5Ben1TlhnDV,785.7,767.793,1909.07,1.41224e+09
2020-06-09 02:45:00,IQ2d7wF4YD8zU1Q,0,0,9265,2.01358e+07
2020-06-06 15:00:00,Qf4GUc1pJu5T6c6,510.329,499.1,3375.5,6.58891e+08
2020-05-17 19:00:00,4UPUqMRk7TRMgml,0,0,6342,2.44523e+06
2020-06-12 18:15:00,xoJJ8DcxJEcupym,97.6857,94.8929,4768.57,2.09306e+08
2020-06-03 06:00:00,LlT2YUhhzqhg5Sw,3.17143,3.06429,0,2.8272e+08
2020-05-22 00:00:00,81aHJ1q11NBPMrL,0,0,0,1.21531e+09
2020-06-01 08:30:00,vOuJvMaM2sgwLmb,400.753,393.467,428.533,2.33364e+06
2020-06-14 20:45:00,LlT2YUhhzqhg5Sw,0,0,7445,2.82773e+08
2020-05-28 19:15:00,LYwnQax7tkwH5Cb,0,0,3474,1.79502e+09
2020-05-27 06:45:00,Quc1TzYxW2pYoWX,106.68,103.68,38.5333,3.29559e+08
2020-05-19 05:00:00,mqwcsP2rE7J0TFp,0,0,0,5.93612e+08
2020-05-31 11:45:00,9kRcWv60rDACzjR,560.543,549.321,2849.79,2.24784e+09
2020-05-18 16:00:00,Mx2yZCDsyf6DPfv,644.847,631.7,7058.53,2.48079e+06
2020-05-28 15:15:00,q49J1IKaHRwDQnt,882.14,863.087,6542.93,421466
2020-06-12 03:15:00,vOuJvMaM2sgwLmb,0,0,3914,2.39294e+06
2020-05-30 10:45:00,oZZkBaNadn6DNKz,525.247,512.307,1776.2,1.70819e+09
2020-05-29 19:15:00,oZZkBaNadn6DNKz,0,0,6652.8,1.59431e+09
2020-05-17 15:15:00,Et9kgGMDl729KT4,330.747,325.213,3729.13,1.71862e+06
2020-05-15 11:00:00,V94E5Ben1TlhnDV,1254.25,1222.91,3385.33,1.41209e+09
2020-06-01 00:45:00,IQ2d7wF4YD8zU1Q,0,0,0,2.0078e+07
2020-06-10 10:30:00,oZ35aAeoifZaQzV,1061.77,1037.06,2028.13,1.66016e+09
2020-06-07 00:30:00,4UPUqMRk7TRMgml,0,0,8376,2.59354e+06
2020-05-16 04:45:00,mqwcsP2rE7J0TFp,0,0,0,5.93589e+08
2020-05-28 16:00:00,rrq4fwE8jgrTyWY,604.393,592.24,2894.33,1.21039e+08
2020-06-01 18:45:00,4UPUqMRk7TRMgml,0,0,4338,2.5569e+06
2020-06-09 16:15:00,Qf4GUc1pJu5T6c6,736.28,720.913,7520.07,8.38615e+08
2020-06-06 14:45:00,4UPUqMRk7TRMgml,564.187,550.087,3130.67,1.55511e+06
2020-06-05 03:15:00,4UPUqMRk7TRMgml,0,0,6990,2.5774e+06
2020-05-18 17:00:00,V94E5Ben1TlhnDV,254.433,249.533,4665.6,1.41211e+09
2020-06-14 06:45:00,oZ35aAeoifZaQzV,165.12,161.433,55.4,1.66017e+09
2020-06-02 10:45:00,Qf4GUc1pJu5T6c6,749.293,733.06,2223.07,8.38557e+08
2020-05-18 13:45:00,xoJJ8DcxJEcupym,1066.81,1042.61,2038.4,2.09158e+08
2020-06-04 08:45:00,vOuJvMaM2sgwLmb,541.62,530.753,727,2.34695e+06
2020-06-03 03:30:00,oZZkBaNadn6DNKz,0,0,0,1.70821e+09
2020-05-26 07:15:00,Qf4GUc1pJu5T6c6,281.647,276.407,157.867,8.38505e+08
2020-06-13 22:45:00,rrq4fwE8jgrTyWY,0,0,6127,1.21111e+08
2020-06-02 19:30:00,q49J1IKaHRwDQnt,0,0,3744,451874
2020-06-11 09:15:00,xMbIugepa2P7lBB,464.433,455.647,547.133,1.06862e+08
2020-06-08 07:15:00,oZ35aAeoifZaQzV,257.914,253.15,165.714,1.66014e+09
2020-06-05 02:15:00,IQ2d7wF4YD8zU1Q,0,0,0,2.01026e+07
2020-06-12 19:45:00,mqwcsP2rE7J0TFp,0,0,4764,5.93787e+08
2020-05-29 08:45:00,Mx2yZCDsyf6DPfv,856.933,838.52,717.667,2.56322e+06
2020-06-10 22:45:00,mqwcsP2rE7J0TFp,0,0,2636,5.93778e+08
2020-05-30 22:45:00,IQ2d7wF4YD8zU1Q,0,0,8228,2.00714e+07
2020-05-21 20:30:00,q49J1IKaHRwDQnt,0,0,4844,374171
2020-05-22 01:45:00,vOuJvMaM2sgwLmb,0,0,0,2.26222e+06
2020-06-17 10:30:00,xMbIugepa2P7lBB,449.413,441.073,959,1.06893e+08
2020-06-01 03:15:00,V94E5Ben1TlhnDV,0,0,0,1.41221e+09
2020-06-16 02:45:00,Mx2yZCDsyf6DPfv,0,0,2643,2.67338e+06
2020-05-28 14:15:00,LYwnQax7tkwH5Cb,0,0,1673,1.79502e+09
2020-06-15 12:00:00,xoJJ8DcxJEcupym,810.087,791.94,3158.47,2.09323e+08
2020-06-12 03:00:00,PeE6FRyGXUgsRhN,0,0,3834,1.34852e+09
2020-06-06 21:00:00,WcxssY2VbP4hApt,0,0,8383,1.8186e+08
2020-05-19 14:00:00,V94E5Ben1TlhnDV,962.913,941.667,5625.6,1.41212e+09
2020-05-18 16:00:00,xMbIugepa2P7lBB,631.92,619.093,7118.2,1.06688e+08
2020-06-07 07:00:00,Quc1TzYxW2pYoWX,89.06,86.48,50.9333,3.29609e+08
2020-05-23 04:15:00,81aHJ1q11NBPMrL,0,0,0,1.21532e+09
2020-05-24 07:30:00,Et9kgGMDl729KT4,296.573,291.213,196.733,1.74391e+06
2020-06-11 11:00:00,WcxssY2VbP4hApt,611.036,598.686,1354.29,1.81874e+08
2020-06-06 23:45:00,4UPUqMRk7TRMgml,0,0,8376,2.59354e+06
2020-06-15 04:15:00,Quc1TzYxW2pYoWX,0,0,0,3.0609e+08
2020-05-25 00:00:00,xoJJ8DcxJEcupym,0,0,0,2.09196e+08
2020-05-18 09:15:00,oZ35aAeoifZaQzV,691.587,677.333,630.867,1.65999e+09
2020-05-31 03:45:00,4UPUqMRk7TRMgml,0,0,0,2.54587e+06
2020-06-02 21:45:00,oZ35aAeoifZaQzV,0,0,7147,1.66011e+09
2020-06-06 01:15:00,LYwnQax7tkwH5Cb,0,0,2878,1.79507e+09
2020-05-30 22:45:00,Quc1TzYxW2pYoWX,0,0,3932,3.29579e+08
2020-06-04 17:45:00,NgDl19wMapZy17u,119.853,116.553,6278,1.11667e+08
2020-05-26 10:30:00,WcxssY2VbP4hApt,1181.93,1152.37,2656.13,1.81787e+08
2020-06-13 20:45:00,mqwcsP2rE7J0TFp,0,0,5941,5.93793e+08
2020-05-18 00:00:00,mqwcsP2rE7J0TFp,0,0,938.267,5.93604e+08
2020-06-10 22:45:00,rrq4fwE8jgrTyWY,0,0,2369,1.21097e+08
2020-06-06 22:45:00,vOuJvMaM2sgwLmb,0,0,8249,2.36478e+06
2020-06-05 12:45:00,WcxssY2VbP4hApt,0,0,1710,1.8185e+08
2020-05-29 04:00:00,9kRcWv60rDACzjR,0,0,0,2.24782e+09
2020-06-07 05:00:00,Et9kgGMDl729KT4,0,0,2296,1.81623e+06
2020-06-07 18:30:00,xMbIugepa2P7lBB,29.0214,28.0214,7772,1.06839e+08
2020-05-19 20:15:00,Et9kgGMDl729KT4,0,0,2589,1.7244e+06
2020-06-03 21:45:00,Quc1TzYxW2pYoWX,0,0,3721,3.29597e+08
2020-06-08 19:30:00,Mx2yZCDsyf6DPfv,0,0,9179,2.64211e+06
2020-05-16 10:15:00,Quc1TzYxW2pYoWX,882.273,863.207,1862.73,3.29515e+08
2020-06-01 16:30:00,xMbIugepa2P7lBB,144.727,141.427,4082.33,1.06795e+08
2020-05-27 13:30:00,oZZkBaNadn6DNKz,0,0,2650,1.70817e+09
2020-06-11 16:45:00,IQ2d7wF4YD8zU1Q,112.827,109.687,3784.67,2.01534e+07
2020-05-18 23:30:00,81aHJ1q11NBPMrL,0,0,3485,1.2153e+09
2020-06-04 14:30:00,81aHJ1q11NBPMrL,566.32,554.987,4884.2,1.21541e+09
2020-05-30 12:45:00,V94E5Ben1TlhnDV,0,0,3559,1.4122e+09
2020-06-07 21:15:00,rrq4fwE8jgrTyWY,0,0,3052,1.21088e+08
2020-06-12 21:45:00,mqwcsP2rE7J0TFp,0,0,4764,5.93787e+08
2020-06-07 22:00:00,PeE6FRyGXUgsRhN,0,0,7544,1.3485e+09
2020-06-01 03:15:00,PeE6FRyGXUgsRhN,0,0,0,1.34846e+09
2020-05-27 09:45:00,WcxssY2VbP4hApt,0,0,0,0
2020-05-20 20:15:00,Et9kgGMDl729KT4,0,0,4492,1.72889e+06
2020-06-01 01:30:00,Quc1TzYxW2pYoWX,0,0,5399,3.29584e+08
2020-05-27 00:45:00,WcxssY2VbP4hApt,0,0,0,1.81794e+08
2020-05-25 21:15:00,V94E5Ben1TlhnDV,0,0,9011,1.41217e+09
2020-05-30 23:45:00,81aHJ1q11NBPMrL,0,0,5724.8,1.21538e+09
2020-06-17 04:00:00,IQ2d7wF4YD8zU1Q,0,0,0,2.01808e+07
2020-06-16 07:15:00,PeE6FRyGXUgsRhN,196.767,192.893,92,1.34854e+09
2020-06-15 15:30:00,vOuJvMaM2sgwLmb,518.353,508.06,5594.2,2.41716e+06
2020-05-29 21:00:00,Mx2yZCDsyf6DPfv,0,0,8240,2.57074e+06
2020-05-19 13:30:00,LlT2YUhhzqhg5Sw,1219.02,1189.5,4996.21,2.82626e+08
2020-06-16 15:15:00,oZ35aAeoifZaQzV,571.457,560.021,4886.93,1.66018e+09
2020-06-17 02:30:00,oZ35aAeoifZaQzV,0,0,0,1.66018e+09
2020-05-30 19:45:00,LlT2YUhhzqhg5Sw,0,0,7952,2.82706e+08
2020-05-17 17:30:00,vOuJvMaM2sgwLmb,232.013,227.52,5264.33,2.2317e+06
2020-05-31 22:30:00,4UPUqMRk7TRMgml,0,0,6692,2.55256e+06
2020-05-16 03:15:00,oZ35aAeoifZaQzV,0,0,0,1.65997e+09
2020-05-16 08:00:00,Et9kgGMDl729KT4,497.807,488.147,393.2,1.7088e+06
2020-06-11 22:30:00,xMbIugepa2P7lBB,0,0,3850,1.06865e+08
2020-06-16 12:45:00,V94E5Ben1TlhnDV,807.16,789.98,3396.87,1.41229e+09
2020-06-03 18:15:00,V94E5Ben1TlhnDV,39.4,38.0867,4311.2,1.41223e+09
2020-05-29 09:00:00,V94E5Ben1TlhnDV,972.727,951.26,924.467,1.41219e+09
2020-06-02 17:00:00,xoJJ8DcxJEcupym,509.253,499.447,5120.4,2.09249e+08
2020-05-30 23:30:00,NgDl19wMapZy17u,0,0,7983,1.11638e+08
2020-06-15 18:15:00,V94E5Ben1TlhnDV,63.4867,61.4867,2549.2,1.41228e+09
2020-06-11 10:30:00,LlT2YUhhzqhg5Sw,516.687,506.54,1041.6,2.82756e+08
2020-06-01 01:45:00,81aHJ1q11NBPMrL,0,0,0,1.21539e+09
2020-06-08 06:30:00,oZZkBaNadn6DNKz,94.2333,91.5333,28.2,1.70823e+09
2020-06-14 04:30:00,81aHJ1q11NBPMrL,0,0,0,1.21546e+09
2020-06-02 06:15:00,vOuJvMaM2sgwLmb,68.3467,66.28,13.8667,2.33749e+06
2020-05-17 08:45:00,4UPUqMRk7TRMgml,671.347,657.56,738.933,2.43963e+06
2020-05-19 01:00:00,Et9kgGMDl729KT4,0,0,0,1.72181e+06
2020-05-31 06:30:00,Quc1TzYxW2pYoWX,85.1267,82.6,24.1333,3.29579e+08
2020-05-15 19:45:00,LlT2YUhhzqhg5Sw,0,0,9234,2.82602e+08
2020-05-18 07:15:00,V94E5Ben1TlhnDV,0,0,0,1.41211e+09
2020-06-12 14:15:00,81aHJ1q11NBPMrL,641.6,628.48,3294.47,1.21545e+09
2020-06-09 19:15:00,WcxssY2VbP4hApt,0,0,4027,1.81869e+08
2020-05-21 14:00:00,LlT2YUhhzqhg5Sw,1101.65,1076.6,3394.53,2.82635e+08
2020-06-08 09:00:00,81aHJ1q11NBPMrL,838.66,820.387,1063.53,1.21543e+09
2020-06-17 03:30:00,Et9kgGMDl729KT4,0,0,0,1.85014e+06
2020-06-13 15:00:00,xoJJ8DcxJEcupym,690.893,676.407,5211.21,2.09311e+08
2020-05-29 06:30:00,Qf4GUc1pJu5T6c6,105.167,102.22,33.3333,8.38527e+08
2020-06-09 22:30:00,81aHJ1q11NBPMrL,0,0,4696,1.21544e+09
2020-06-12 02:15:00,oZ35aAeoifZaQzV,0,0,3963,1.66016e+09
2020-05-30 02:00:00,xoJJ8DcxJEcupym,0,0,0,2.09228e+08
2020-06-05 04:45:00,rrq4fwE8jgrTyWY,0,0,6643,1.21079e+08
2020-05-24 23:15:00,rrq4fwE8jgrTyWY,0,0,4924,1.21018e+08
2020-05-19 19:00:00,IQ2d7wF4YD8zU1Q,0,0,6847,1.9981e+07
2020-06-10 14:45:00,Quc1TzYxW2pYoWX,233.067,228.513,1915.4,3.2962e+08
2020-05-20 19:45:00,Quc1TzYxW2pYoWX,0,0,2419,3.29531e+08
2020-06-12 04:30:00,Quc1TzYxW2pYoWX,0,0,3184,3.29624e+08
2020-06-13 07:30:00,mqwcsP2rE7J0TFp,371.55,365.136,187.429,5.93787e+08
2020-06-07 18:15:00,Mx2yZCDsyf6DPfv,60.7867,58.8467,7803.13,2.63292e+06
2020-06-17 09:00:00,q49J1IKaHRwDQnt,186.94,183.22,353.133,516954
2020-06-09 10:15:00,PeE6FRyGXUgsRhN,1018.03,993.66,2155.87,1.34851e+09
2020-05-22 11:15:00,V94E5Ben1TlhnDV,1278.18,1246.23,3658,1.41214e+09
2020-05-28 02:00:00,Et9kgGMDl729KT4,0,0,0,1.77103e+06
2020-06-01 20:45:00,LlT2YUhhzqhg5Sw,0,0,4046,2.82716e+08
2020-06-15 19:00:00,LlT2YUhhzqhg5Sw,0,0,6151,2.82779e+08
2020-05-18 07:00:00,oZ35aAeoifZaQzV,3.99333,3.86,0.133333,1.65999e+09
2020-05-23 16:45:00,9kRcWv60rDACzjR,419.647,412.213,4240.87,2.24778e+09
2020-05-15 19:45:00,Qf4GUc1pJu5T6c6,0,0,6416,8.38428e+08
2020-06-08 19:00:00,Qf4GUc1pJu5T6c6,0,0,9056,8.38607e+08
2020-06-05 12:45:00,vOuJvMaM2sgwLmb,0,0,1690,2.3548e+06
2020-05-28 05:00:00,4UPUqMRk7TRMgml,0,0,0,2.52583e+06
2020-06-16 18:45:00,9kRcWv60rDACzjR,0,0,5417,2.24791e+09
2020-06-06 07:00:00,Quc1TzYxW2pYoWX,103.793,100.873,75.2667,3.29606e+08
2020-06-04 11:00:00,IQ2d7wF4YD8zU1Q,950.213,928.38,2301,2.00979e+07
2020-06-02 14:45:00,PeE6FRyGXUgsRhN,981.143,958.957,4613.71,1.34847e+09
2020-06-14 12:00:00,vOuJvMaM2sgwLmb,830.893,812.4,3412.67,2.40751e+06
2020-06-04 02:15:00,Qf4GUc1pJu5T6c6,0,0,0,8.38568e+08
2020-05-31 07:15:00,LYwnQax7tkwH5Cb,116.787,113.553,120.6,1.79504e+09
2020-05-26 03:15:00,81aHJ1q11NBPMrL,0,0,0,1.21535e+09
2020-05-30 00:30:00,Qf4GUc1pJu5T6c6,0,0,0,8.38535e+08
2020-05-15 07:15:00,q49J1IKaHRwDQnt,385.867,379.173,188.267,340111
2020-05-20 11:15:00,oZZkBaNadn6DNKz,0,0,1647,1.70811e+09
2020-06-03 22:00:00,81aHJ1q11NBPMrL,0,0,4685,1.2154e+09
2020-05-20 08:15:00,xoJJ8DcxJEcupym,566.7,555.473,535.8,2.09167e+08
2020-06-01 23:15:00,4UPUqMRk7TRMgml,0,0,4338,2.5569e+06
2020-06-06 06:30:00,IQ2d7wF4YD8zU1Q,99.0333,96.2,27.5333,2.01104e+07
2020-05-17 10:00:00,Mx2yZCDsyf6DPfv,904.807,885.093,1785.33,2.46904e+06
2020-05-28 07:45:00,rrq4fwE8jgrTyWY,439.467,431.413,287.2,1.21036e+08
2020-06-06 23:30:00,81aHJ1q11NBPMrL,0,0,8196,1.21543e+09
2020-06-09 03:00:00,Quc1TzYxW2pYoWX,0,0,3027,3.29615e+08
2020-06-14 16:30:00,vOuJvMaM2sgwLmb,521.62,511.32,7087.33,2.41119e+06
2020-05-27 02:30:00,LYwnQax7tkwH5Cb,0,0,0,1.79502e+09
2020-06-07 12:30:00,vOuJvMaM2sgwLmb,0,0,1078,2.36586e+06
2020-06-01 07:00:00,NgDl19wMapZy17u,94.36,91.6533,63.3333,1.11645e+08
2020-05-29 11:30:00,81aHJ1q11NBPMrL,0,0,1176,1.21537e+09
2020-06-16 19:45:00,oZZkBaNadn6DNKz,0,0,5554,1.70828e+09
2020-06-10 18:30:00,mqwcsP2rE7J0TFp,0,0,2636,5.93778e+08
2020-06-13 01:00:00,WcxssY2VbP4hApt,0,0,4815,1.81882e+08
2020-05-15 10:00:00,oZZkBaNadn6DNKz,1096.75,1071.85,2250.27,1.70809e+09
2020-06-02 08:15:00,q49J1IKaHRwDQnt,493.533,483.907,620.467,448750
2020-06-08 19:45:00,NgDl19wMapZy17u,0,0,9167,1.117e+08
2020-06-11 03:00:00,NgDl19wMapZy17u,0,0,2618,1.11711e+08
2020-06-14 23:00:00,LYwnQax7tkwH5Cb,0,0,7310,1.7951e+09
2020-05-24 04:30:00,Quc1TzYxW2pYoWX,0,0,0,3.29543e+08
2020-05-21 07:15:00,Qf4GUc1pJu5T6c6,261.433,256.507,144.733,8.38462e+08
2020-05-15 07:45:00,IQ2d7wF4YD8zU1Q,559.833,548.7,419.267,1.99419e+07
2020-06-06 17:00:00,81aHJ1q11NBPMrL,412.193,404.933,7923.53,1.21543e+09
2020-06-02 03:15:00,Qf4GUc1pJu5T6c6,0,0,0,8.38554e+08
2020-06-14 08:45:00,WcxssY2VbP4hApt,502.953,493.207,800.067,1.81889e+08
2020-05-15 13:00:00,xMbIugepa2P7lBB,1243.83,1212.73,5885.13,1.06663e+08
2020-05-16 00:30:00,81aHJ1q11NBPMrL,0,0,0,1.21528e+09
2020-06-16 06:30:00,mqwcsP2rE7J0TFp,74.8267,72.56,18.7333,5.93805e+08
2020-05-22 06:30:00,oZ35aAeoifZaQzV,108.073,105.053,28.8,1.66002e+09
2020-05-18 11:30:00,81aHJ1q11NBPMrL,0,0,1746,1.21529e+09
2020-05-23 20:45:00,Mx2yZCDsyf6DPfv,0,0,9655,2.52603e+06
2020-05-15 12:15:00,mqwcsP2rE7J0TFp,1282.89,1250.82,4974.07,5.93585e+08
2020-06-05 15:45:00,Mx2yZCDsyf6DPfv,410,402.833,6885.13,2.61596e+06
2020-05-31 09:30:00,V94E5Ben1TlhnDV,950.013,929.14,1021.8,1.41221e+09
2020-05-27 12:00:00,4UPUqMRk7TRMgml,1316.5,1283.61,4460.07,2.52079e+06
2020-06-09 23:00:00,mqwcsP2rE7J0TFp,0,0,8040,5.93776e+08
2020-05-23 09:30:00,xoJJ8DcxJEcupym,980.167,958.5,1602.73,2.09179e+08
2020-05-15 04:30:00,4UPUqMRk7TRMgml,0,0,0,2.42901e+06
2020-06-04 02:30:00,9kRcWv60rDACzjR,0,0,0,2.24785e+09
2020-06-04 20:45:00,Quc1TzYxW2pYoWX,0,0,5261,3.29602e+08
2020-06-07 19:00:00,9kRcWv60rDACzjR,0,0,2021,2.24787e+09
2020-06-13 12:30:00,Quc1TzYxW2pYoWX,1004.01,980.84,2488.67,3.2963e+08
2020-06-08 16:15:00,PeE6FRyGXUgsRhN,605.653,593.42,8199.33,1.3485e+09
2020-06-15 15:45:00,xoJJ8DcxJEcupym,189.629,185.671,5490.86,2.09325e+08
2020-06-16 18:15:00,Qf4GUc1pJu5T6c6,22.9467,22.1467,5184.13,8.38642e+08
2020-05-15 08:45:00,Qf4GUc1pJu5T6c6,843.213,825.167,1088.6,8.38422e+08
2020-06-17 09:30:00,vOuJvMaM2sgwLmb,368.1,361.253,472.933,2.42384e+06
2020-05-21 16:30:00,rrq4fwE8jgrTyWY,510.107,500.107,4258.67,1.21001e+08
2020-05-22 10:15:00,Quc1TzYxW2pYoWX,0,0,769,3.29536e+08
2020-06-10 10:15:00,IQ2d7wF4YD8zU1Q,973.493,951.933,1849.93,2.01458e+07
2020-06-01 13:15:00,IQ2d7wF4YD8zU1Q,91.1667,88.9533,3929.4,2.00819e+07
2020-05-22 04:15:00,rrq4fwE8jgrTyWY,0,0,0,1.21001e+08
2020-05-23 03:30:00,PeE6FRyGXUgsRhN,0,0,0,1.3484e+09
2020-05-29 08:15:00,rrq4fwE8jgrTyWY,497.413,487.847,359.333,1.2104e+08
2020-06-14 09:30:00,Quc1TzYxW2pYoWX,0,0,546,3.29634e+08
2020-06-14 01:30:00,xMbIugepa2P7lBB,0,0,2950,1.06873e+08
2020-06-11 13:15:00,4UPUqMRk7TRMgml,495.013,485.433,2411.4,2.6267e+06
2020-06-07 06:45:00,Mx2yZCDsyf6DPfv,79.6067,77.2267,39.6,2.62515e+06
2020-05-30 11:00:00,WcxssY2VbP4hApt,406.473,397.26,843.733,7.2727e+07
2020-05-25 15:45:00,Et9kgGMDl729KT4,650.073,636.813,6314.07,1.75345e+06
2020-05-31 15:15:00,Quc1TzYxW2pYoWX,320.333,314.207,5005.87,3.29584e+08
2020-05-26 07:45:00,PeE6FRyGXUgsRhN,427.433,419.793,319.333,1.34842e+09
2020-05-16 10:45:00,81aHJ1q11NBPMrL,1159.81,1131.63,2904.86,1.21528e+09
2020-06-08 13:30:00,oZ35aAeoifZaQzV,0,0,2457,1.66015e+09
2020-05-29 14:00:00,xoJJ8DcxJEcupym,850.42,832.173,3047.87,2.09226e+08
2020-05-16 15:00:00,PeE6FRyGXUgsRhN,619.493,606.88,2328,1.34836e+09
2020-06-01 20:15:00,xoJJ8DcxJEcupym,0,0,4208,2.09244e+08
2020-05-23 09:30:00,81aHJ1q11NBPMrL,977.993,956.4,1597.6,1.21532e+09
2020-06-15 06:45:00,LlT2YUhhzqhg5Sw,121.947,118.593,45.2667,2.82773e+08
2020-05-18 10:00:00,mqwcsP2rE7J0TFp,911.253,891.427,1260.53,5.93606e+08
2020-06-11 20:15:00,LlT2YUhhzqhg5Sw,0,0,3814,2.82758e+08
2020-05-27 05:45:00,oZ35aAeoifZaQzV,0,0,0,1.66006e+09
2020-05-30 02:30:00,9kRcWv60rDACzjR,0,0,0,2.24782e+09
2020-05-31 09:45:00,xoJJ8DcxJEcupym,628.429,615.543,1196.93,2.09235e+08
2020-06-07 00:15:00,xMbIugepa2P7lBB,0,0,8142,1.06831e+08
2020-05-17 06:45:00,q49J1IKaHRwDQnt,43.44,42,20.6,352573
2020-06-06 02:30:00,oZZkBaNadn6DNKz,0,0,0,1.70822e+09
2020-05-20 04:30:00,LlT2YUhhzqhg5Sw,0,0,0,2.82628e+08
2020-05-27 12:00:00,vOuJvMaM2sgwLmb,0,0,0,0
2020-06-05 03:00:00,81aHJ1q11NBPMrL,0,0,0,1.21541e+09
2020-06-07 18:45:00,PeE6FRyGXUgsRhN,2.14286,2.07143,7544,1.3485e+09
2020-05-24 21:45:00,V94E5Ben1TlhnDV,0,0,9263,1.41216e+09
2020-06-10 02:15:00,NgDl19wMapZy17u,0,0,8067,1.11708e+08
2020-06-15 11:00:00,q49J1IKaHRwDQnt,515.953,505.9,2622.53,507888
2020-06-08 06:00:00,WcxssY2VbP4hApt,20.1467,19.4467,1.6,1.81862e+08
2020-05-23 00:30:00,rrq4fwE8jgrTyWY,0,0,0,1.21011e+08
2020-06-10 07:30:00,Et9kgGMDl729KT4,148.547,145.047,90.4,1.82596e+06
2020-05-22 08:30:00,Mx2yZCDsyf6DPfv,724.113,709.073,800.4,2.50737e+06
2020-06-01 21:00:00,q49J1IKaHRwDQnt,0,0,3830,448130
2020-05-22 21:15:00,Et9kgGMDl729KT4,0,0,3582,1.73912e+06
2020-05-22 06:45:00,LYwnQax7tkwH5Cb,166.386,162.843,61.4286,1.79499e+09
2020-05-22 11:15:00,Mx2yZCDsyf6DPfv,1285.28,1253.16,3675.6,2.51025e+06
2020-06-13 03:30:00,Et9kgGMDl729KT4,0,0,3743,1.83536e+06
2020-06-14 12:15:00,Et9kgGMDl729KT4,0,0,842,1.84213e+06
2020-05-30 10:00:00,oZ35aAeoifZaQzV,829.36,811.593,1180.2,1.66008e+09
2020-06-07 16:45:00,81aHJ1q11NBPMrL,191.72,187.92,1577,1.21543e+09
2020-06-11 12:00:00,q49J1IKaHRwDQnt,0,0,0,0
2020-06-10 03:15:00,NgDl19wMapZy17u,0,0,8067,1.11708e+08
2020-05-31 19:30:00,4UPUqMRk7TRMgml,0,0,6692,2.55256e+06
2020-05-15 17:15:00,oZZkBaNadn6DNKz,195.653,191.8,5326.6,1.70809e+09
2020-06-17 00:45:00,mqwcsP2rE7J0TFp,0,0,0,5.93811e+08
2020-06-06 10:00:00,oZ35aAeoifZaQzV,988.62,965.527,1921.27,1.66013e+09
2020-06-10 04:00:00,81aHJ1q11NBPMrL,0,0,0,1.21544e+09
2020-05-22 09:15:00,WcxssY2VbP4hApt,0,0,1224,1.81755e+08
2020-06-03 23:30:00,PeE6FRyGXUgsRhN,0,0,3540,1.34847e+09
2020-05-21 04:30:00,LYwnQax7tkwH5Cb,0,0,0,1.79499e+09
2020-06-08 04:15:00,V94E5Ben1TlhnDV,0,0,0,1.41224e+09
2020-05-18 05:00:00,4UPUqMRk7TRMgml,0,0,0,2.44523e+06
2020-06-04 15:00:00,Mx2yZCDsyf6DPfv,637.747,624.74,5954,2.60805e+06
2020-05-17 13:15:00,81aHJ1q11NBPMrL,894.307,873.893,3212.53,9.72233e+08
2020-06-12 04:15:00,IQ2d7wF4YD8zU1Q,0,0,3920,2.01535e+07
2020-06-10 22:30:00,LYwnQax7tkwH5Cb,0,0,2407,1.79508e+09
2020-05-21 05:00:00,Mx2yZCDsyf6DPfv,0,0,0,2.49752e+06
2020-05-19 22:00:00,Quc1TzYxW2pYoWX,0,0,2229,3.29528e+08
2020-05-16 00:45:00,LYwnQax7tkwH5Cb,0,0,0,1.79497e+09
2020-06-12 14:30:00,IQ2d7wF4YD8zU1Q,477.467,468.16,3441,2.0157e+07
2020-05-17 08:00:00,V94E5Ben1TlhnDV,570.127,558.853,252.467,1.4121e+09
2020-06-13 11:15:00,oZ35aAeoifZaQzV,0,0,1633,1.66017e+09
2020-06-16 20:00:00,Qf4GUc1pJu5T6c6,0,0,5189,8.38642e+08
2020-06-16 00:00:00,xMbIugepa2P7lBB,0,0,6200,1.06887e+08
2020-06-17 22:30:00,vOuJvMaM2sgwLmb,0,0,4322,2.42769e+06
2020-06-04 11:15:00,oZ35aAeoifZaQzV,0,0,2449,1.66012e+09
2020-05-18 21:30:00,4UPUqMRk7TRMgml,0,0,7641,2.45287e+06
2020-06-08 07:00:00,Et9kgGMDl729KT4,209.86,205.58,89.1333,1.81887e+06
2020-06-17 21:30:00,Quc1TzYxW2pYoWX,0,0,3702,3.29646e+08
2020-05-17 15:30:00,Qf4GUc1pJu5T6c6,434.486,426.771,6331.43,8.38442e+08
2020-05-20 18:15:00,4UPUqMRk7TRMgml,54.62,52.8467,9413.33,2.46425e+06
2020-05-22 01:30:00,LlT2YUhhzqhg5Sw,0,0,0,2.82637e+08
2020-05-19 03:45:00,xoJJ8DcxJEcupym,0,0,0,2.0916e+08
2020-06-13 03:00:00,LlT2YUhhzqhg5Sw,0,0,4630,2.82763e+08
2020-06-01 08:30:00,IQ2d7wF4YD8zU1Q,411.05,403.6,429.357,2.00784e+07
2020-05-23 20:00:00,81aHJ1q11NBPMrL,0,0,9333,1.21533e+09
2020-06-08 03:15:00,Quc1TzYxW2pYoWX,0,0,2598,3.29612e+08
2020-05-16 20:00:00,Quc1TzYxW2pYoWX,0,0,6365,3.2952e+08
2020-06-14 12:30:00,Quc1TzYxW2pYoWX,0,0,971,3.29635e+08
2020-05-22 07:45:00,81aHJ1q11NBPMrL,474.88,465.773,353.267,1.21532e+09
2020-06-13 19:00:00,81aHJ1q11NBPMrL,0,0,6656,1.21546e+09
2020-06-07 19:15:00,81aHJ1q11NBPMrL,0,0,1907,1.21543e+09
2020-05-15 05:15:00,xMbIugepa2P7lBB,0,0,9166,1.06657e+08
2020-05-30 19:45:00,81aHJ1q11NBPMrL,0,0,7156,1.21538e+09
2020-05-15 02:45:00,LlT2YUhhzqhg5Sw,0,0,0,2.82593e+08
2020-06-09 03:30:00,Qf4GUc1pJu5T6c6,0,0,9056,8.38607e+08
2020-06-08 16:45:00,LYwnQax7tkwH5Cb,389.807,382.814,2329.29,1.79507e+09
2020-06-13 01:00:00,9kRcWv60rDACzjR,0,0,0,2.24789e+09
2020-05-18 07:30:00,WcxssY2VbP4hApt,30.06,29.0267,7.8,1.8172e+08
2020-06-08 01:00:00,LYwnQax7tkwH5Cb,0,0,2070,1.79507e+09
2020-06-02 02:00:00,V94E5Ben1TlhnDV,0,0,0,1.41222e+09
2020-06-12 15:30:00,Qf4GUc1pJu5T6c6,721.853,706.767,3674.47,8.38628e+08
2020-05-20 23:00:00,Et9kgGMDl729KT4,0,0,4492,1.72889e+06
2020-06-13 03:00:00,vOuJvMaM2sgwLmb,0,0,4778,2.39772e+06
2020-05-31 18:45:00,rrq4fwE8jgrTyWY,0,0,6256,1.21061e+08
2020-06-05 23:00:00,4UPUqMRk7TRMgml,0,0,7756,2.58516e+06
2020-06-11 06:00:00,Mx2yZCDsyf6DPfv,0.714286,0.685714,0,2.65571e+06
2020-06-01 11:15:00,NgDl19wMapZy17u,701.593,686.943,2535.21,1.11647e+08
2020-06-10 23:30:00,xoJJ8DcxJEcupym,0,0,3971,2.09297e+08
2020-06-03 01:00:00,V94E5Ben1TlhnDV,0,0,0,1.41222e+09
2020-06-04 15:15:00,V94E5Ben1TlhnDV,500.727,490.913,2827.67,1.41223e+09
2020-06-13 08:30:00,mqwcsP2rE7J0TFp,342.34,336.04,550.6,5.93788e+08
2020-06-13 22:30:00,V94E5Ben1TlhnDV,0,0,3615,1.41228e+09
2020-05-22 17:45:00,LYwnQax7tkwH5Cb,123.153,119.833,9326.67,1.795e+09
2020-06-12 17:00:00,Mx2yZCDsyf6DPfv,262.207,257.143,4359.07,2.66402e+06
2020-06-07 12:45:00,LYwnQax7tkwH5Cb,0,0,1036,1.79507e+09
2020-05-22 21:30:00,rrq4fwE8jgrTyWY,0,0,9148,1.21011e+08
2020-06-16 23:15:00,NgDl19wMapZy17u,0,0,5537,1.11742e+08
2020-06-15 08:00:00,WcxssY2VbP4hApt,514.064,503.907,394.643,1.81896e+08
2020-06-09 00:45:00,vOuJvMaM2sgwLmb,0,0,8995,2.37568e+06
2020-06-02 01:45:00,rrq4fwE8jgrTyWY,0,0,0,1.21065e+08
2020-06-13 09:30:00,Quc1TzYxW2pYoWX,556.707,545.586,845.143,3.29629e+08
2020-06-01 19:00:00,LYwnQax7tkwH5Cb,0,0,3970,1.79505e+09
2020-06-13 05:45:00,oZ35aAeoifZaQzV,0,0,0,1.66017e+09
2020-05-28 17:30:00,Et9kgGMDl729KT4,191.68,187.887,7876.6,1.7789e+06
2020-05-28 03:15:00,rrq4fwE8jgrTyWY,0,0,0,1.21036e+08
2020-05-29 12:30:00,xoJJ8DcxJEcupym,0,0,2024,2.09225e+08
2020-06-09 20:30:00,81aHJ1q11NBPMrL,0,0,4696,1.21544e+09
2020-06-01 12:45:00,vOuJvMaM2sgwLmb,773.414,756.657,3713.21,2.33692e+06
2020-06-11 02:45:00,LlT2YUhhzqhg5Sw,0,0,5452,2.82755e+08
2020-05-21 07:15:00,Et9kgGMDl729KT4,232.287,227.753,129.2,1.72902e+06
2020-05-19 05:30:00,oZ35aAeoifZaQzV,0,0,0,1.65999e+09
2020-06-07 13:45:00,xMbIugepa2P7lBB,1104.33,1077.75,5549.93,1.06836e+08
2020-06-10 11:15:00,81aHJ1q11NBPMrL,0,0,0,0
2020-06-10 11:45:00,oZZkBaNadn6DNKz,552.093,539.253,1602.07,1.25272e+09
2020-06-03 10:00:00,rrq4fwE8jgrTyWY,539.887,529.067,1315.87,1.2107e+08
2020-06-14 14:00:00,NgDl19wMapZy17u,922.433,899.74,4378.07,1.11728e+08
2020-05-15 22:15:00,V94E5Ben1TlhnDV,0,0,9368,1.41209e+09
2020-06-16 03:00:00,81aHJ1q11NBPMrL,0,0,0,1.21548e+09
2020-05-18 06:45:00,V94E5Ben1TlhnDV,0,0,0,1.41211e+09
2020-06-13 06:00:00,mqwcsP2rE7J0TFp,2.85333,2.74667,0.133333,5.93787e+08
2020-06-02 03:30:00,Mx2yZCDsyf6DPfv,0,0,0,2.58992e+06
2020-05-28 07:15:00,rrq4fwE8jgrTyWY,235.971,231.236,116.571,1.21036e+08
2020-06-09 23:30:00,Qf4GUc1pJu5T6c6,0,0,8086,8.38615e+08
2020-06-13 23:45:00,IQ2d7wF4YD8zU1Q,0,0,3023,2.01614e+07
2020-06-09 11:00:00,Quc1TzYxW2pYoWX,0,0,1784,3.29616e+08
2020-06-16 15:00:00,9kRcWv60rDACzjR,523.673,513.473,4592.13,2.24791e+09
2020-05-22 08:00:00,LYwnQax7tkwH5Cb,533.321,522.771,477.429,1.79499e+09
2020-06-04 19:45:00,IQ2d7wF4YD8zU1Q,0,0,7020,2.01026e+07
2020-05-20 20:45:00,V94E5Ben1TlhnDV,0,0,9237,1.41213e+09
2020-05-18 20:45:00,Mx2yZCDsyf6DPfv,0,0,7632,2.48137e+06
2020-06-04 23:30:00,V94E5Ben1TlhnDV,0,0,3703,1.41223e+09
2020-06-15 01:00:00,PeE6FRyGXUgsRhN,0,0,7209,1.34854e+09
2020-05-31 07:15:00,V94E5Ben1TlhnDV,128.421,124.943,128.214,1.41221e+09
2020-05-25 13:00:00,oZZkBaNadn6DNKz,1251.72,1220.43,5565,1.70815e+09
2020-05-15 03:15:00,PeE6FRyGXUgsRhN,0,0,0,1.34835e+09
2020-05-23 14:15:00,vOuJvMaM2sgwLmb,1113.71,1085.93,7261.6,2.27266e+06
2020-05-31 00:15:00,Qf4GUc1pJu5T6c6,0,0,0,8.38544e+08
2020-06-15 14:45:00,4UPUqMRk7TRMgml,358.013,350.813,1217.47,2.64275e+06
2020-06-06 10:45:00,rrq4fwE8jgrTyWY,0,0,1063,1.21084e+08
2020-05-22 08:15:00,xoJJ8DcxJEcupym,617.929,605.421,617.643,2.09174e+08
2020-06-14 02:45:00,LYwnQax7tkwH5Cb,0,0,6213,1.79509e+09
2020-05-19 07:00:00,vOuJvMaM2sgwLmb,152.8,149.407,82.2667,2.23712e+06
2020-06-05 04:00:00,Qf4GUc1pJu5T6c6,0,0,6904,8.38575e+08
2020-06-06 04:30:00,PeE6FRyGXUgsRhN,0,0,7333,1.34849e+09
2020-06-01 01:30:00,LYwnQax7tkwH5Cb,0,0,0,1.79505e+09
2020-05-25 22:45:00,81aHJ1q11NBPMrL,0,0,8860,1.21535e+09
2020-05-22 15:30:00,LlT2YUhhzqhg5Sw,824.371,806.807,3960.29,2.82641e+08
2020-05-30 03:15:00,q49J1IKaHRwDQnt,0,0,7407,430129
2020-06-16 19:45:00,WcxssY2VbP4hApt,0,0,5587,1.81908e+08
2020-05-16 14:45:00,NgDl19wMapZy17u,665.193,651.173,6905.4,1.11529e+08
2020-05-17 00:30:00,4UPUqMRk7TRMgml,0,0,5677,2.43889e+06
2020-05-27 20:45:00,LYwnQax7tkwH5Cb,0,0,4296,1.79502e+09
2020-05-18 03:00:00,mqwcsP2rE7J0TFp,0,0,0,5.93604e+08
2020-05-28 22:30:00,LlT2YUhhzqhg5Sw,0,0,8881,2.82691e+08
2020-05-31 06:00:00,Qf4GUc1pJu5T6c6,17.7333,17.12,1.53333,8.38544e+08
2020-05-17 23:30:00,Qf4GUc1pJu5T6c6,0,0,7220,8.38443e+08
2020-06-04 09:45:00,q49J1IKaHRwDQnt,0,0,614.4,365623
2020-06-04 17:45:00,xMbIugepa2P7lBB,122.06,118.7,6844.67,1.06815e+08
2020-06-16 09:45:00,LYwnQax7tkwH5Cb,603.353,591.187,1132.6,1.79511e+09
2020-05-23 22:15:00,Et9kgGMDl729KT4,0,0,4598,1.74372e+06
2020-06-13 23:45:00,V94E5Ben1TlhnDV,0,0,1446,1.41228e+09
2020-06-10 20:30:00,Et9kgGMDl729KT4,0,0,2448,1.82832e+06
2020-06-15 02:15:00,oZ35aAeoifZaQzV,0,0,3347,1.66018e+09
2020-06-17 18:00:00,NgDl19wMapZy17u,61.4667,59.5133,4218.93,1.11746e+08
2020-06-02 01:15:00,IQ2d7wF4YD8zU1Q,0,0,0,2.00823e+07
2020-05-27 18:45:00,LYwnQax7tkwH5Cb,1.12,1.08,4296,1.79502e+09
2020-05-16 13:30:00,81aHJ1q11NBPMrL,0,0,3870,1.21529e+09
2020-05-16 06:30:00,4UPUqMRk7TRMgml,89.1667,86.56,24.3333,2.43324e+06
2020-06-02 05:30:00,vOuJvMaM2sgwLmb,0,0,0,2.33747e+06
2020-06-10 21:15:00,V94E5Ben1TlhnDV,0,0,5423,1.41226e+09
2020-06-02 09:45:00,4UPUqMRk7TRMgml,580.287,568.667,1567.8,2.55846e+06
2020-05-19 07:15:00,LYwnQax7tkwH5Cb,336.973,330.98,134.667,1.79498e+09
2020-05-15 12:45:00,PeE6FRyGXUgsRhN,1268.71,1236.99,5398.2,1.34836e+09
2020-06-05 12:00:00,q49J1IKaHRwDQnt,0,0,1221,463192
2020-06-07 08:45:00,oZZkBaNadn6DNKz,794.107,777.12,657,1.70823e+09
2020-06-07 10:45:00,oZ35aAeoifZaQzV,814.4,796.693,2442.5,1.66014e+09
2020-06-01 06:15:00,q49J1IKaHRwDQnt,30.1933,29.1733,3.66667,444304
2020-06-12 17:00:00,Et9kgGMDl729KT4,220.171,215.843,3559.79,1.83518e+06
2020-06-07 20:30:00,NgDl19wMapZy17u,0,0,7778,1.11691e+08
2020-05-17 14:30:00,Mx2yZCDsyf6DPfv,855.88,837.3,5091.87,2.47234e+06
2020-05-22 12:45:00,WcxssY2VbP4hApt,0,0,1224,1.81755e+08
2020-05-21 03:15:00,oZZkBaNadn6DNKz,0,0,0,1.70811e+09
2020-05-26 06:00:00,Qf4GUc1pJu5T6c6,18.82,18.1667,2.13333,8.38504e+08
2020-05-30 22:15:00,WcxssY2VbP4hApt,0,0,0,0
2020-05-21 01:00:00,PeE6FRyGXUgsRhN,0,0,0,1.34838e+09
2020-05-18 21:15:00,Qf4GUc1pJu5T6c6,0,0,7783,8.38451e+08
2020-06-13 18:30:00,Et9kgGMDl729KT4,26.88,25.96,5926.13,1.84129e+06
2020-06-13 04:00:00,Et9kgGMDl729KT4,0,0,3743,1.83536e+06
2020-05-15 03:00:00,LlT2YUhhzqhg5Sw,0,0,0,2.82593e+08
2020-06-03 17:15:00,Et9kgGMDl729KT4,171.233,167.74,3979.93,1.80836e+06
2020-06-10 02:30:00,vOuJvMaM2sgwLmb,0,0,7868,2.38355e+06
2020-05-28 23:30:00,PeE6FRyGXUgsRhN,0,0,8554,1.34844e+09
2020-06-01 23:00:00,oZZkBaNadn6DNKz,0,0,4329,1.7082e+09
2020-05-26 07:00:00,WcxssY2VbP4hApt,206.167,202.133,96.8667,1.81784e+08
2020-06-15 05:15:00,PeE6FRyGXUgsRhN,0,0,7209,1.34854e+09
2020-05-30 17:30:00,vOuJvMaM2sgwLmb,222.321,218,6499.93,2.3266e+06
2020-06-03 19:30:00,Quc1TzYxW2pYoWX,0,0,3721,3.29597e+08
2020-05-16 09:45:00,xoJJ8DcxJEcupym,833.093,814.747,1697.4,2.09148e+08
2020-06-02 05:15:00,WcxssY2VbP4hApt,0,0,0,1.81834e+08
2020-05-15 12:00:00,oZZkBaNadn6DNKz,0,0,3350,1.70809e+09
2020-06-02 08:30:00,IQ2d7wF4YD8zU1Q,578.464,566.914,752.929,2.0083e+07
2020-05-28 22:15:00,oZZkBaNadn6DNKz,0,0,9051,1.70818e+09
2020-06-15 23:45:00,mqwcsP2rE7J0TFp,0,0,6289,5.93805e+08
2020-05-18 01:45:00,oZ35aAeoifZaQzV,0,0,0,1.65999e+09
2020-05-18 22:15:00,Mx2yZCDsyf6DPfv,0,0,7632,2.48137e+06
2020-06-17 06:45:00,4UPUqMRk7TRMgml,61.3867,59.4267,28,2.64908e+06
2020-05-27 20:15:00,9kRcWv60rDACzjR,0,0,3895,2.24781e+09
2020-06-01 19:30:00,81aHJ1q11NBPMrL,0,0,4195,1.2154e+09
2020-05-19 05:15:00,WcxssY2VbP4hApt,0,0,0,1.81728e+08
2020-06-11 19:45:00,rrq4fwE8jgrTyWY,0,0,3650,1.21101e+08
2020-06-10 00:15:00,PeE6FRyGXUgsRhN,0,0,6456,1.34851e+09
2020-06-06 08:30:00,rrq4fwE8jgrTyWY,651.364,638.014,503.286,1.21083e+08
2020-06-02 04:45:00,xoJJ8DcxJEcupym,0,0,0,2.09244e+08
2020-06-15 08:45:00,q49J1IKaHRwDQnt,848.06,829.833,872.067,506137
2020-05-15 05:30:00,xoJJ8DcxJEcupym,0,0,0,2.09144e+08
2020-06-15 00:45:00,81aHJ1q11NBPMrL,0,0,0,1.21547e+09
2020-06-04 17:30:00,9kRcWv60rDACzjR,147.073,143.547,2826.2,2.24786e+09
2020-06-15 09:15:00,NgDl19wMapZy17u,769.253,752.487,1239.07,1.11731e+08
2020-05-20 23:15:00,4UPUqMRk7TRMgml,0,0,9423,2.46426e+06
2020-05-28 02:45:00,PeE6FRyGXUgsRhN,0,0,0,1.34843e+09
2020-06-01 12:30:00,WcxssY2VbP4hApt,1192.15,1163.32,3499.33,1.81834e+08
2020-05-19 13:45:00,rrq4fwE8jgrTyWY,1000.01,977.753,2536.27,1.20989e+08
2020-06-09 14:15:00,Et9kgGMDl729KT4,754.673,738.88,2257.6,1.82423e+06
2020-05-23 01:30:00,oZ35aAeoifZaQzV,0,0,0,1.54936e+09
2020-06-06 14:00:00,rrq4fwE8jgrTyWY,0,0,1063,1.21084e+08
2020-05-15 00:30:00,NgDl19wMapZy17u,0,0,0,1.11513e+08
2020-05-26 18:30:00,LYwnQax7tkwH5Cb,25.0867,24.2267,3871,1.79502e+09
2020-05-29 18:30:00,4UPUqMRk7TRMgml,15.6067,15.0667,8124.4,2.53768e+06
2020-05-20 03:00:00,LlT2YUhhzqhg5Sw,0,0,0,2.82628e+08
2020-06-08 21:30:00,xoJJ8DcxJEcupym,0,0,9070,2.09286e+08
2020-06-05 12:45:00,LlT2YUhhzqhg5Sw,0,0,1387,2.82729e+08
2020-06-14 15:45:00,NgDl19wMapZy17u,776.786,760.057,5571.57,1.11729e+08
2020-05-19 03:00:00,WcxssY2VbP4hApt,0,0,0,1.81728e+08
2020-06-09 05:00:00,9kRcWv60rDACzjR,0,0,0,2.24787e+09
2020-06-02 01:30:00,WcxssY2VbP4hApt,0,0,0,1.81834e+08
2020-05-24 00:00:00,PeE6FRyGXUgsRhN,0,0,7225.43,1.3484e+09
2020-05-30 00:45:00,81aHJ1q11NBPMrL,0,0,0,1.21538e+09
2020-05-17 15:15:00,vOuJvMaM2sgwLmb,371.033,364.567,4386.33,2.23082e+06
2020-06-13 03:00:00,PeE6FRyGXUgsRhN,0,0,4685,1.34852e+09
2020-05-15 12:00:00,IQ2d7wF4YD8zU1Q,1288.38,1256.16,4738.36,1.99463e+07
2020-06-06 10:00:00,q49J1IKaHRwDQnt,1000.07,976.433,1866.07,466732
2020-05-25 13:15:00,LYwnQax7tkwH5Cb,0,0,2901,1.79501e+09
2020-06-02 13:45:00,oZ35aAeoifZaQzV,1082.16,1056.12,4534.71,1.66011e+09
2020-06-06 13:45:00,rrq4fwE8jgrTyWY,0,0,1063,1.21084e+08
2020-06-15 15:30:00,81aHJ1q11NBPMrL,518.18,508.087,5627.27,1.21548e+09
2020-05-25 06:45:00,q49J1IKaHRwDQnt,159.36,155.927,65.6,395696
2020-05-16 02:15:00,xoJJ8DcxJEcupym,0,0,0,2.09147e+08
2020-06-02 15:45:00,xMbIugepa2P7lBB,520.129,509.629,6432.57,1.06802e+08
2020-05-23 09:30:00,LYwnQax7tkwH5Cb,0,0,1455,1.795e+09
2020-06-02 17:00:00,WcxssY2VbP4hApt,516.453,506.473,3514.67,1.81838e+08
2020-06-05 13:30:00,xMbIugepa2P7lBB,498.673,489.093,5882.73,1.06821e+08
2020-06-16 08:00:00,xoJJ8DcxJEcupym,367.033,360.747,173.533,2.09326e+08
2020-05-26 04:00:00,Qf4GUc1pJu5T6c6,0,0,0,8.38504e+08
2020-06-09 17:15:00,NgDl19wMapZy17u,242.68,237.973,7927.27,1.11708e+08
2020-05-16 18:15:00,9kRcWv60rDACzjR,0,0,7678,2.24774e+09
2020-06-10 04:30:00,NgDl19wMapZy17u,0,0,8067,1.11708e+08
2020-06-15 02:00:00,NgDl19wMapZy17u,0,0,6277,1.1173e+08
2020-06-14 03:30:00,81aHJ1q11NBPMrL,0,0,0,1.21546e+09
2020-06-04 09:15:00,LlT2YUhhzqhg5Sw,669.271,655.543,1010.43,2.82725e+08
2020-05-26 10:00:00,81aHJ1q11NBPMrL,1063.97,1039.98,2040.2,1.21535e+09
2020-05-29 17:00:00,vOuJvMaM2sgwLmb,413.167,405.6,4817.13,2.31983e+06
2020-05-22 09:15:00,vOuJvMaM2sgwLmb,383.287,374.72,1384.13,2.2636e+06
2020-06-13 15:00:00,Quc1TzYxW2pYoWX,524.78,514.62,4296.73,3.29632e+08
2020-05-25 21:45:00,Mx2yZCDsyf6DPfv,0,0,9167,2.54016e+06
2020-06-02 19:30:00,PeE6FRyGXUgsRhN,0,0,6016,1.34847e+09
2020-05-28 21:45:00,Qf4GUc1pJu5T6c6,0,0,3968,8.38527e+08
2020-05-22 23:30:00,oZ35aAeoifZaQzV,0,0,9866,1.66003e+09
2020-05-29 01:45:00,Quc1TzYxW2pYoWX,0,0,4863,3.29571e+08
2020-06-01 09:45:00,mqwcsP2rE7J0TFp,714.553,698.693,1499.67,5.93714e+08
2020-06-14 17:45:00,NgDl19wMapZy17u,147.413,143.82,6213.53,1.1173e+08
2020-05-19 06:45:00,IQ2d7wF4YD8zU1Q,122.936,119.564,48.1429,1.99742e+07
2020-05-23 08:00:00,WcxssY2VbP4hApt,0,0,0,0
2020-05-25 19:00:00,oZ35aAeoifZaQzV,0,0,9186,1.66005e+09
2020-05-18 12:45:00,oZ35aAeoifZaQzV,1086.77,1061.13,4110.53,1.65999e+09
2020-05-27 23:30:00,xoJJ8DcxJEcupym,0,0,3323,2.09214e+08
2020-06-12 10:45:00,IQ2d7wF4YD8zU1Q,338.047,331.56,1167.93,2.01547e+07
2020-06-09 06:00:00,LlT2YUhhzqhg5Sw,12.9667,12.5267,0.933333,2.82746e+08
2020-05-18 02:30:00,Quc1TzYxW2pYoWX,0,0,3548,3.29523e+08
2020-06-01 13:30:00,Qf4GUc1pJu5T6c6,45.9,44.4,3938,8.38554e+08
2020-06-04 08:15:00,4UPUqMRk7TRMgml,611.027,598.667,472.133,2.57089e+06
2020-05-19 06:00:00,rrq4fwE8jgrTyWY,8.44,8.14667,0.733333,1.20986e+08
2020-05-17 14:30:00,rrq4fwE8jgrTyWY,672.25,658.3,3627.5,1.20981e+08
2020-05-30 12:15:00,Quc1TzYxW2pYoWX,583.013,570.7,1629.13,3.29577e+08
2020-05-24 08:00:00,oZ35aAeoifZaQzV,533.979,523.407,447.357,1.66004e+09
2020-05-24 05:15:00,4UPUqMRk7TRMgml,0,0,0,2.49297e+06
2020-06-14 23:30:00,LYwnQax7tkwH5Cb,0,0,7310,1.7951e+09
2020-05-21 20:30:00,WcxssY2VbP4hApt,0,0,9167,1.81753e+08
2020-05-25 05:30:00,Quc1TzYxW2pYoWX,0,0,0,3.29548e+08
2020-06-16 06:45:00,81aHJ1q11NBPMrL,118.513,115.253,40.7333,1.21548e+09
2020-06-05 22:15:00,oZZkBaNadn6DNKz,0,0,7461,1.70822e+09
2020-06-11 01:00:00,Et9kgGMDl729KT4,0,0,2448,1.82832e+06
2020-06-01 12:15:00,xoJJ8DcxJEcupym,1071.14,1045.13,3154.33,2.09243e+08
2020-06-10 16:45:00,rrq4fwE8jgrTyWY,222.033,217.76,2307.27,1.21097e+08
2020-05-30 23:00:00,IQ2d7wF4YD8zU1Q,0,0,8228,2.00714e+07
2020-06-07 16:45:00,WcxssY2VbP4hApt,195.447,191.587,1619.53,1.81861e+08
2020-06-09 16:30:00,xoJJ8DcxJEcupym,639.327,626.32,6591,2.09292e+08
2020-05-24 06:00:00,V94E5Ben1TlhnDV,14.5,13.9857,1.21429,1.41215e+09
2020-05-24 14:45:00,oZZkBaNadn6DNKz,977.64,956.033,7573,1.70815e+09
2020-06-06 04:45:00,LYwnQax7tkwH5Cb,0,0,2878,1.79507e+09
2020-06-16 07:45:00,xoJJ8DcxJEcupym,296.187,290.747,92.4,2.09326e+08
2020-06-16 04:00:00,PeE6FRyGXUgsRhN,0,0,2801,1.34854e+09
2020-06-05 15:30:00,NgDl19wMapZy17u,512.021,502.079,6706,1.11674e+08
2020-06-03 12:30:00,PeE6FRyGXUgsRhN,0,0,2077,1.34847e+09
2020-06-16 04:00:00,V94E5Ben1TlhnDV,0,0,0,1.41228e+09
2020-05-16 11:15:00,vOuJvMaM2sgwLmb,1229.41,1198.67,3522,2.22506e+06
2020-06-16 14:30:00,LlT2YUhhzqhg5Sw,0,0,0,1.88523e+07
2020-05-17 08:15:00,xMbIugepa2P7lBB,628.473,615.667,414.333,1.06674e+08
2020-05-27 15:00:00,WcxssY2VbP4hApt,0,0,0,0
2020-06-17 10:45:00,WcxssY2VbP4hApt,505.557,495.671,1099.29,1.81909e+08
2020-06-01 13:30:00,xMbIugepa2P7lBB,47.5,45.9,3828,1.06795e+08
2020-05-25 20:45:00,81aHJ1q11NBPMrL,0,0,8860,1.21535e+09
2020-05-29 22:15:00,xoJJ8DcxJEcupym,0,0,5437,2.09228e+08
2020-06-11 14:45:00,V94E5Ben1TlhnDV,251.16,246.313,3167.33,1.41227e+09
2020-06-15 22:00:00,LYwnQax7tkwH5Cb,0,0,5604,1.79511e+09
2020-05-22 03:00:00,LlT2YUhhzqhg5Sw,0,0,0,2.82637e+08
2020-05-18 14:15:00,4UPUqMRk7TRMgml,1104.09,1078.96,5714.2,2.45095e+06
2020-06-11 20:45:00,rrq4fwE8jgrTyWY,0,0,3650,1.21101e+08
2020-06-06 12:15:00,Mx2yZCDsyf6DPfv,1395,1360.12,4386.33,2.62119e+06
2020-05-31 06:45:00,Qf4GUc1pJu5T6c6,134.94,131.327,60.6,8.38544e+08
2020-05-15 19:30:00,9kRcWv60rDACzjR,0,0,9246,2.24773e+09
2020-05-20 21:15:00,Qf4GUc1pJu5T6c6,0,0,9474,8.38462e+08
2020-05-26 18:45:00,q49J1IKaHRwDQnt,1.89333,1.82667,4080,405907
2020-05-26 14:15:00,81aHJ1q11NBPMrL,0,0,0,0
2020-05-30 03:45:00,xoJJ8DcxJEcupym,0,0,0,2.09228e+08
2020-05-21 08:00:00,oZ35aAeoifZaQzV,504.92,495.14,444.467,1.66001e+09
2020-06-11 09:30:00,9kRcWv60rDACzjR,281.347,276.193,643.467,2.24788e+09
2020-06-16 14:00:00,mqwcsP2rE7J0TFp,726,710.857,4371,5.9381e+08
2020-05-29 05:15:00,vOuJvMaM2sgwLmb,0,0,0,2.31502e+06
2020-06-16 08:15:00,LYwnQax7tkwH5Cb,429.927,422.173,403.867,1.79511e+09
2020-06-10 12:00:00,xMbIugepa2P7lBB,1114.03,1087.18,2954.53,1.06859e+08
2020-05-18 10:00:00,Quc1TzYxW2pYoWX,0,0,647,3.29524e+08
2020-06-02 02:45:00,oZZkBaNadn6DNKz,0,0,0,1.7082e+09
2020-06-16 11:30:00,WcxssY2VbP4hApt,1132.39,1105.59,2485.93,1.81904e+08
2020-06-16 06:00:00,IQ2d7wF4YD8zU1Q,7.52857,7.26429,0.928571,2.01752e+07
2020-06-14 02:30:00,LYwnQax7tkwH5Cb,0,0,6213,1.79509e+09
2020-05-24 04:45:00,LYwnQax7tkwH5Cb,0,0,0,1.795e+09
2020-05-25 22:00:00,81aHJ1q11NBPMrL,0,0,8860,1.21535e+09
2020-06-10 23:00:00,IQ2d7wF4YD8zU1Q,0,0,5194.15,1.85996e+07
2020-06-17 11:00:00,Mx2yZCDsyf6DPfv,539.267,528.58,1255.2,2.68017e+06
2020-06-03 22:30:00,oZ35aAeoifZaQzV,0,0,5493,1.66011e+09
2020-06-11 08:15:00,xoJJ8DcxJEcupym,180.74,177.153,186.8,2.09297e+08
2020-06-15 19:45:00,Quc1TzYxW2pYoWX,0,0,2118,3.29638e+08
2020-05-27 10:30:00,4UPUqMRk7TRMgml,1189.11,1159.39,2605,2.51893e+06
2020-06-16 15:15:00,xoJJ8DcxJEcupym,552.58,541.653,4624.07,2.09331e+08
2020-05-15 15:15:00,Mx2yZCDsyf6DPfv,896.633,877.167,6655.4,2.4603e+06
2020-06-04 08:30:00,xoJJ8DcxJEcupym,536.386,525.771,581.143,2.09254e+08
2020-06-01 11:30:00,rrq4fwE8jgrTyWY,414.553,407.013,2521,1.21064e+08
2020-06-04 16:15:00,IQ2d7wF4YD8zU1Q,351.4,345.379,6533.5,2.01021e+07
2020-06-15 11:00:00,vOuJvMaM2sgwLmb,567.48,555.847,2687.47,2.41425e+06
2020-05-26 10:15:00,xoJJ8DcxJEcupym,1098.33,1073.37,2271.93,2.09207e+08
2020-05-26 02:15:00,q49J1IKaHRwDQnt,0,0,6197,401827
2020-05-25 13:45:00,WcxssY2VbP4hApt,1170.16,1141.35,6485.53,1.81782e+08
2020-06-07 23:45:00,Et9kgGMDl729KT4,0,0,2554,1.81878e+06
2020-05-21 21:00:00,81aHJ1q11NBPMrL,0,0,8570,1.21531e+09
2020-05-28 03:30:00,rrq4fwE8jgrTyWY,0,0,0,1.21036e+08
2020-05-15 15:45:00,Quc1TzYxW2pYoWX,602.327,590.187,3627.07,3.29513e+08
2020-05-16 08:30:00,WcxssY2VbP4hApt,740.253,724.82,760.4,1.81706e+08
2020-06-04 08:00:00,IQ2d7wF4YD8zU1Q,444.673,436.533,344.6,2.00959e+07
2020-06-10 03:30:00,Mx2yZCDsyf6DPfv,0,0,8042,2.65015e+06
2020-05-27 19:45:00,9kRcWv60rDACzjR,0,0,3895,2.24781e+09
2020-05-16 18:15:00,rrq4fwE8jgrTyWY,0,0,7372,1.20977e+08
2020-05-22 12:30:00,V94E5Ben1TlhnDV,1313.5,1280.67,5241.4,1.41214e+09
2020-06-04 02:15:00,oZZkBaNadn6DNKz,0,0,0,1.70821e+09
2020-06-17 12:30:00,PeE6FRyGXUgsRhN,728.493,713.327,2112.8,1.34855e+09
2020-06-15 02:30:00,IQ2d7wF4YD8zU1Q,0,0,7301,2.01689e+07
2020-06-11 16:00:00,Mx2yZCDsyf6DPfv,308.087,302.627,3668.07,2.65938e+06
2020-06-12 10:15:00,Qf4GUc1pJu5T6c6,254.78,249.913,1082.87,8.38626e+08
2020-06-02 09:30:00,q49J1IKaHRwDQnt,599.2,587.187,1349.4,449479
2020-06-12 03:30:00,PeE6FRyGXUgsRhN,0,0,3834,1.34852e+09
2020-06-10 08:30:00,WcxssY2VbP4hApt,708.907,694.18,489.667,1.8187e+08
2020-06-03 15:00:00,PeE6FRyGXUgsRhN,0,0,2696,1.34847e+09
2020-06-04 20:30:00,4UPUqMRk7TRMgml,0,0,6990,2.5774e+06
2020-06-06 15:45:00,Qf4GUc1pJu5T6c6,762.407,746.167,7217.93,8.38589e+08
2020-06-17 06:45:00,Qf4GUc1pJu5T6c6,60.7333,58.78,27,8.38642e+08
2020-06-03 15:15:00,Et9kgGMDl729KT4,735.733,720.193,3240.47,1.80762e+06
2020-06-02 06:00:00,oZ35aAeoifZaQzV,27.5467,26.62,2.2,1.6601e+09
2020-05-30 02:45:00,LYwnQax7tkwH5Cb,0,0,0,1.79503e+09
2020-05-15 13:45:00,q49J1IKaHRwDQnt,1135.23,1107.89,6557.8,346481
2020-05-24 13:15:00,oZZkBaNadn6DNKz,1213.37,1183.03,5946.13,1.70814e+09
2020-06-14 13:45:00,rrq4fwE8jgrTyWY,1056.81,1031.57,5234.53,1.21117e+08
2020-06-10 22:00:00,V94E5Ben1TlhnDV,0,0,5423,1.41226e+09
2020-06-02 23:45:00,V94E5Ben1TlhnDV,0,0,2890.07,1.41222e+09
2020-05-15 02:30:00,q49J1IKaHRwDQnt,0,0,4315,339923
2020-06-17 07:15:00,vOuJvMaM2sgwLmb,78.0267,75.7267,59.0667,2.42343e+06
2020-05-18 21:45:00,xMbIugepa2P7lBB,0,0,7696,1.06689e+08
2020-05-18 20:30:00,Et9kgGMDl729KT4,0,0,2165.33,1.60702e+06
2020-05-21 02:45:00,Quc1TzYxW2pYoWX,0,0,2419,3.29531e+08
2020-05-20 21:15:00,vOuJvMaM2sgwLmb,0,0,9372,2.25313e+06
2020-05-17 09:15:00,Qf4GUc1pJu5T6c6,958.971,937.864,1125.36,8.38437e+08
2020-05-31 19:15:00,rrq4fwE8jgrTyWY,0,0,6256,1.21061e+08
2020-05-17 00:45:00,vOuJvMaM2sgwLmb,0,0,0,2.22643e+06
2020-06-05 16:15:00,LYwnQax7tkwH5Cb,337.593,331.84,2274.93,1.79506e+09
2020-06-10 18:30:00,4UPUqMRk7TRMgml,0,0,5588,2.62429e+06
2020-06-09 23:45:00,rrq4fwE8jgrTyWY,0,0,3378,1.21095e+08
2020-06-15 00:00:00,oZ35aAeoifZaQzV,0,0,3347,1.66018e+09
2020-06-02 00:45:00,q49J1IKaHRwDQnt,0,0,3830,448130
2020-05-18 13:00:00,xMbIugepa2P7lBB,1200.01,1170.71,4307.27,1.06685e+08
2020-06-17 23:30:00,LlT2YUhhzqhg5Sw,0,0,4121,2.82789e+08
2020-06-09 13:00:00,Qf4GUc1pJu5T6c6,872.36,852.267,5126.33,8.38612e+08
2020-05-18 12:15:00,Et9kgGMDl729KT4,0,0,967,1.72046e+06
2020-06-17 18:30:00,9kRcWv60rDACzjR,19.7067,19.02,4194.13,2.24792e+09
2020-06-14 09:00:00,WcxssY2VbP4hApt,847.887,829.22,977.4,1.81889e+08
2020-05-26 07:30:00,4UPUqMRk7TRMgml,363.493,357.293,238.667,2.50706e+06
2020-05-19 03:30:00,Quc1TzYxW2pYoWX,0,0,2787,3.29526e+08
2020-05-17 03:30:00,Et9kgGMDl729KT4,0,0,0,1.71489e+06
2020-06-05 07:00:00,LlT2YUhhzqhg5Sw,161.843,158.214,70.2143,2.82727e+08
2020-06-15 05:30:00,LlT2YUhhzqhg5Sw,0,0,0,2.82773e+08
2020-06-09 21:45:00,LlT2YUhhzqhg5Sw,0,0,3463,2.82749e+08
2020-06-11 15:30:00,oZ35aAeoifZaQzV,345.186,339.007,3492.29,1.66016e+09
2020-06-03 11:45:00,4UPUqMRk7TRMgml,925.447,904.653,2469.87,2.56677e+06
2020-05-26 18:00:00,81aHJ1q11NBPMrL,0,0,0,0
2020-05-23 01:15:00,vOuJvMaM2sgwLmb,0,0,0,2.2654e+06
2020-05-29 08:00:00,oZ35aAeoifZaQzV,282.907,277.629,289.5,1.66008e+09
2020-05-28 04:15:00,q49J1IKaHRwDQnt,0,0,9016,414923
2020-06-16 19:00:00,q49J1IKaHRwDQnt,0,0,5276,516601
2020-06-09 05:00:00,vOuJvMaM2sgwLmb,0,0,8995,2.37568e+06
2020-06-06 04:30:00,mqwcsP2rE7J0TFp,0,0,0,5.93743e+08
2020-06-11 05:45:00,WcxssY2VbP4hApt,0,0,0,1.81873e+08
2020-05-31 15:15:00,LYwnQax7tkwH5Cb,455,445.833,5785.33,1.79505e+09
2020-06-13 06:00:00,xoJJ8DcxJEcupym,3.34667,3.22667,4788,2.09306e+08
2020-05-30 19:45:00,oZZkBaNadn6DNKz,0,0,3689,1.70819e+09
2020-06-05 00:15:00,xMbIugepa2P7lBB,0,0,6899,1.06815e+08
2020-05-18 19:00:00,Et9kgGMDl729KT4,0,0,2320,1.72181e+06
2020-05-29 17:00:00,V94E5Ben1TlhnDV,419.42,411.947,7833.67,1.4122e+09
2020-06-03 10:45:00,Quc1TzYxW2pYoWX,76.0667,74.5467,375.067,8.78918e+07
2020-06-11 20:45:00,V94E5Ben1TlhnDV,0,0,3918,1.41227e+09
2020-05-23 15:30:00,Quc1TzYxW2pYoWX,640.66,627.627,3152.13,3.29542e+08
2020-06-05 12:30:00,4UPUqMRk7TRMgml,1328.32,1295.53,4781.21,2.58219e+06
2020-05-26 18:00:00,vOuJvMaM2sgwLmb,47.42,45.88,9275.27,2.29653e+06
2020-06-12 11:30:00,NgDl19wMapZy17u,680.173,666.147,1662.73,1.11716e+08
2020-05-31 18:15:00,xMbIugepa2P7lBB,26.58,25.68,6520.07,1.06791e+08
2020-05-31 23:15:00,oZZkBaNadn6DNKz,0,0,6617,1.7082e+09
2020-06-15 11:00:00,IQ2d7wF4YD8zU1Q,481.871,472.671,2668,2.01716e+07
2020-06-08 19:30:00,Qf4GUc1pJu5T6c6,0,0,9056,8.38607e+08
2020-05-15 11:15:00,NgDl19wMapZy17u,1281.87,1249.83,3719.8,1.11516e+08
2020-06-16 12:45:00,Mx2yZCDsyf6DPfv,851.94,833.627,3360,2.67674e+06
2020-06-14 10:00:00,Et9kgGMDl729KT4,0,0,785.867,1.71932e+06
2020-05-31 00:30:00,Quc1TzYxW2pYoWX,0,0,3932,3.29579e+08
2020-05-26 06:45:00,WcxssY2VbP4hApt,145,141.464,56,1.81784e+08
2020-05-25 19:30:00,81aHJ1q11NBPMrL,0,0,8860,1.21535e+09
2020-05-30 22:45:00,Mx2yZCDsyf6DPfv,0,0,8199,2.57894e+06
2020-06-06 08:15:00,IQ2d7wF4YD8zU1Q,507.38,497.56,402.733,2.01108e+07
2020-05-18 04:30:00,Mx2yZCDsyf6DPfv,0,0,0,2.47373e+06
2020-06-05 15:00:00,xoJJ8DcxJEcupym,495.973,486.433,6159.13,2.09265e+08
2020-06-07 00:30:00,mqwcsP2rE7J0TFp,0,0,0,5.93751e+08
2020-06-07 00:15:00,vOuJvMaM2sgwLmb,0,0,8249,2.36478e+06
2020-05-28 17:30:00,LYwnQax7tkwH5Cb,187.367,183.653,3376.93,1.79502e+09
2020-06-06 12:45:00,Mx2yZCDsyf6DPfv,1029.87,1005.51,5020.4,2.62182e+06
2020-05-17 02:00:00,WcxssY2VbP4hApt,0,0,0,1.81713e+08
2020-06-17 12:30:00,NgDl19wMapZy17u,719.687,704.727,2088.07,1.11744e+08
2020-06-09 21:15:00,Mx2yZCDsyf6DPfv,0,0,8042,2.65015e+06
2020-06-01 19:30:00,oZZkBaNadn6DNKz,0,0,4329,1.7082e+09
2020-05-19 19:15:00,81aHJ1q11NBPMrL,0,0,6771,1.2153e+09
2020-05-30 12:45:00,81aHJ1q11NBPMrL,1189.65,1160.99,3137.47,1.21538e+09
2020-06-17 18:30:00,mqwcsP2rE7J0TFp,19.8733,19.1933,4235.07,5.93815e+08
2020-06-14 04:30:00,Qf4GUc1pJu5T6c6,0,0,3544,8.38633e+08
2020-05-23 09:45:00,Quc1TzYxW2pYoWX,0,0,1322,3.29541e+08
2020-06-02 18:15:00,vOuJvMaM2sgwLmb,83,80.58,3781.2,2.34126e+06
2020-06-03 16:15:00,NgDl19wMapZy17u,300.357,294.979,4920.07,1.11661e+08
2020-05-31 03:45:00,V94E5Ben1TlhnDV,0,0,0,1.41221e+09
2020-06-09 23:45:00,LlT2YUhhzqhg5Sw,0,0,3463,2.82749e+08
2020-06-09 21:30:00,WcxssY2VbP4hApt,0,0,4027,1.81869e+08
2020-05-25 03:30:00,PeE6FRyGXUgsRhN,0,0,0,1.34841e+09
2020-05-22 11:00:00,xoJJ8DcxJEcupym,0,0,2091,2.09175e+08
2020-05-31 11:30:00,81aHJ1q11NBPMrL,965.133,943.653,2621.87,1.21539e+09
2020-06-11 10:00:00,oZZkBaNadn6DNKz,458.353,449.707,814.533,1.70826e+09
2020-05-21 18:45:00,rrq4fwE8jgrTyWY,0,0,4675,1.21001e+08
2020-05-20 16:15:00,Mx2yZCDsyf6DPfv,462.553,453.88,8843.6,2.49698e+06
2020-05-20 21:00:00,LlT2YUhhzqhg5Sw,0,0,3883,2.82631e+08
2020-06-15 11:15:00,Et9kgGMDl729KT4,198.313,194.347,777.8,1.84412e+06
2020-06-07 23:15:00,LYwnQax7tkwH5Cb,0,0,2070,1.79507e+09
2020-06-15 13:00:00,rrq4fwE8jgrTyWY,0,0,2112,1.21121e+08
2020-06-02 23:00:00,Et9kgGMDl729KT4,0,0,5476,1.80438e+06
2020-05-31 08:45:00,xMbIugepa2P7lBB,421.04,413.527,561.267,1.06785e+08
2020-05-17 10:45:00,4UPUqMRk7TRMgml,1037.08,1013.39,2366,2.44126e+06
2020-06-10 16:45:00,oZZkBaNadn6DNKz,213.46,209.387,5400.47,1.70826e+09
2020-05-30 12:15:00,vOuJvMaM2sgwLmb,981.087,958.533,1933.87,2.32203e+06
2020-05-16 22:30:00,V94E5Ben1TlhnDV,0,0,7721,1.4121e+09
2020-05-16 22:00:00,WcxssY2VbP4hApt,0,0,8021,1.81713e+08
2020-05-27 12:30:00,PeE6FRyGXUgsRhN,0,0,1887,1.34843e+09
2020-06-07 06:00:00,oZZkBaNadn6DNKz,14.7267,14.2133,1.2,1.70823e+09
2020-05-16 12:15:00,xoJJ8DcxJEcupym,275.233,269.82,1809.6,2.09148e+08
2020-06-08 19:00:00,xoJJ8DcxJEcupym,0,0,9070,2.09286e+08
2020-06-08 02:45:00,IQ2d7wF4YD8zU1Q,0,0,7884,2.01265e+07
2020-05-29 03:15:00,xoJJ8DcxJEcupym,0,0,0,2.09223e+08
2020-06-06 08:00:00,xoJJ8DcxJEcupym,424.6,415.967,244,1.95316e+08
2020-05-26 16:00:00,vOuJvMaM2sgwLmb,679.873,665.72,8632.2,2.29588e+06
2020-06-17 11:45:00,IQ2d7wF4YD8zU1Q,738.06,722.653,1601.27,2.01824e+07
2020-06-04 03:45:00,mqwcsP2rE7J0TFp,0,0,0,5.93729e+08
2020-06-02 07:45:00,q49J1IKaHRwDQnt,395.66,388.633,388.933,448519
2020-06-08 11:30:00,rrq4fwE8jgrTyWY,0,0,1091,1.21089e+08
2020-06-05 01:45:00,4UPUqMRk7TRMgml,0,0,6990,2.5774e+06
2020-06-13 22:45:00,q49J1IKaHRwDQnt,0,0,6393,497789
2020-06-08 18:30:00,xoJJ8DcxJEcupym,35.6933,34.5,9064.47,2.09286e+08
2020-06-16 17:45:00,NgDl19wMapZy17u,82.7467,80.2933,5510.67,1.11742e+08
2020-05-24 18:45:00,rrq4fwE8jgrTyWY,0,0,4924,1.21018e+08
2020-06-16 23:30:00,LlT2YUhhzqhg5Sw,0,0,5357,2.82785e+08
2020-06-06 03:15:00,q49J1IKaHRwDQnt,0,0,2895,464866
2020-06-05 18:30:00,WcxssY2VbP4hApt,20.5533,19.86,3445.13,1.81851e+08
2020-06-16 13:15:00,Qf4GUc1pJu5T6c6,930.867,910.5,3440.73,8.38641e+08
2020-05-28 17:15:00,vOuJvMaM2sgwLmb,268.808,263.808,8978.08,2.31486e+06
2020-05-21 12:00:00,Mx2yZCDsyf6DPfv,1304.23,1271.63,4069.47,2.50158e+06
2020-06-15 20:00:00,xMbIugepa2P7lBB,0,0,6200,1.06887e+08
2020-06-02 19:45:00,rrq4fwE8jgrTyWY,0,0,3856,1.21069e+08
2020-06-15 18:00:00,q49J1IKaHRwDQnt,92.6867,90.02,6024.27,511289
2020-06-11 22:00:00,Et9kgGMDl729KT4,0,0,3299,1.83162e+06
2020-06-07 09:30:00,V94E5Ben1TlhnDV,73.1133,71.4533,73.6,2.82448e+08
2020-05-31 18:30:00,V94E5Ben1TlhnDV,1.24,1.2,6597,1.41221e+09
2020-06-10 11:45:00,LYwnQax7tkwH5Cb,0,0,0,1.55573e+09
2020-05-31 11:30:00,Mx2yZCDsyf6DPfv,1040.95,1017.41,2757.87,2.5817e+06
2020-06-08 15:30:00,PeE6FRyGXUgsRhN,973.56,952.073,7624.47,1.3485e+09
2020-06-16 02:00:00,NgDl19wMapZy17u,0,0,6245,1.11736e+08
2020-05-21 19:30:00,rrq4fwE8jgrTyWY,0,0,4675,1.21001e+08
2020-05-25 14:00:00,oZ35aAeoifZaQzV,1138.47,1111.77,6793.67,1.66005e+09
2020-06-12 05:45:00,PeE6FRyGXUgsRhN,0,0,3834,1.34852e+09
2020-05-20 10:15:00,oZZkBaNadn6DNKz,0,0,1647,1.70811e+09
2020-05-16 14:45:00,4UPUqMRk7TRMgml,634.527,621.54,4770.6,2.43798e+06
2020-06-11 12:30:00,xoJJ8DcxJEcupym,504.92,495.24,2021.53,2.09299e+08
2020-06-05 01:30:00,xMbIugepa2P7lBB,0,0,6899,1.06815e+08
2020-06-06 21:15:00,Quc1TzYxW2pYoWX,0,0,3413,3.29609e+08
2020-05-16 10:00:00,Qf4GUc1pJu5T6c6,1090.81,1066.09,2120.33,8.3843e+08
2020-06-08 12:15:00,Qf4GUc1pJu5T6c6,1155,1127.08,4345,8.38603e+08
2020-05-16 22:00:00,rrq4fwE8jgrTyWY,0,0,6880.53,1.12912e+08
2020-05-22 07:00:00,4UPUqMRk7TRMgml,201.213,197.24,109.933,2.47352e+06
2020-05-23 23:45:00,4UPUqMRk7TRMgml,0,0,9688,2.49297e+06
2020-05-23 16:15:00,Quc1TzYxW2pYoWX,462.993,454.257,3559.57,3.29543e+08
2020-05-30 06:15:00,LYwnQax7tkwH5Cb,19.3333,18.66,3.4,1.79503e+09
2020-06-09 18:30:00,PeE6FRyGXUgsRhN,23.5933,22.78,6453.47,1.34851e+09
2020-06-09 07:00:00,IQ2d7wF4YD8zU1Q,245.307,240.629,90.4286,2.01359e+07
2020-06-03 12:30:00,vOuJvMaM2sgwLmb,779.007,762.307,3073.87,2.34434e+06
2020-06-13 20:45:00,oZ35aAeoifZaQzV,0,0,3472,1.66017e+09
2020-06-06 16:00:00,oZZkBaNadn6DNKz,715.94,700.96,1743.27,1.70823e+09
2020-05-18 20:00:00,Quc1TzYxW2pYoWX,0,0,2787,3.29526e+08
2020-05-23 01:45:00,4UPUqMRk7TRMgml,0,0,0,2.48328e+06
2020-05-25 07:45:00,9kRcWv60rDACzjR,421.093,413.614,333.786,2.24779e+09
2020-05-31 10:30:00,V94E5Ben1TlhnDV,978.36,956.7,1786.13,1.41221e+09
2020-06-12 16:00:00,LlT2YUhhzqhg5Sw,442.44,434.373,4167.4,2.82763e+08
2020-06-10 20:45:00,rrq4fwE8jgrTyWY,0,0,2369,1.21097e+08
2020-05-29 15:45:00,Qf4GUc1pJu5T6c6,790.729,774.036,7142.71,8.38534e+08
2020-06-08 02:00:00,xMbIugepa2P7lBB,0,0,7775,1.06839e+08
2020-06-10 14:45:00,9kRcWv60rDACzjR,247.76,243,2985.47,2.24788e+09
2020-06-03 10:45:00,4UPUqMRk7TRMgml,168.027,164.407,347.933,513208
2020-06-16 14:15:00,LlT2YUhhzqhg5Sw,225.02,220.4,2014.73,1.31966e+08
2020-06-05 07:45:00,WcxssY2VbP4hApt,285.671,280.193,235.929,1.81848e+08
2020-06-03 05:15:00,81aHJ1q11NBPMrL,0,0,0,1.2154e+09
2020-05-26 15:30:00,WcxssY2VbP4hApt,794.753,777.887,8341.93,1.81793e+08
2020-06-09 21:00:00,q49J1IKaHRwDQnt,0,0,3601,477638
2020-06-16 07:15:00,oZZkBaNadn6DNKz,199.553,195.64,121.267,1.70828e+09
2020-06-11 15:30:00,rrq4fwE8jgrTyWY,329.54,323.533,3209.2,1.211e+08
2020-06-15 11:00:00,NgDl19wMapZy17u,480.593,471.436,2621.43,1.11733e+08
2020-05-16 20:00:00,4UPUqMRk7TRMgml,0,0,5677,2.43889e+06
2020-06-09 09:15:00,mqwcsP2rE7J0TFp,932.853,912.427,1448,5.93769e+08
2020-06-11 15:00:00,mqwcsP2rE7J0TFp,390.327,383.327,3149.27,5.93782e+08
2020-05-29 22:00:00,Quc1TzYxW2pYoWX,0,0,4046,3.29575e+08
2020-06-04 03:30:00,NgDl19wMapZy17u,0,0,0,1.11661e+08
2020-06-13 16:15:00,WcxssY2VbP4hApt,631.8,618.636,5802.57,1.81887e+08
2020-05-15 17:45:00,rrq4fwE8jgrTyWY,37.56,36.3,5492.8,1.2097e+08
2020-06-14 15:00:00,Quc1TzYxW2pYoWX,116.94,114.58,1160.47,3.29635e+08
2020-06-11 20:30:00,mqwcsP2rE7J0TFp,0,0,3877,5.93782e+08
2020-05-24 20:15:00,LlT2YUhhzqhg5Sw,0,0,9038,2.82655e+08
2020-06-12 16:00:00,Quc1TzYxW2pYoWX,363.893,357.56,3262.8,3.29627e+08
2020-06-16 07:45:00,LlT2YUhhzqhg5Sw,291.779,286.371,238.429,2.8278e+08
2020-05-22 00:15:00,4UPUqMRk7TRMgml,0,0,9151,2.47342e+06
2020-06-07 03:30:00,NgDl19wMapZy17u,0,0,8134,1.11683e+08
2020-06-02 05:00:00,Quc1TzYxW2pYoWX,0,0,0,3.29588e+08
2020-05-19 13:45:00,Et9kgGMDl729KT4,601.16,587.793,1375.13,1.72319e+06
2020-05-28 21:30:00,oZ35aAeoifZaQzV,0,0,3790,1.66007e+09
2020-06-17 04:15:00,IQ2d7wF4YD8zU1Q,0,0,0,2.01808e+07
2020-06-17 12:30:00,vOuJvMaM2sgwLmb,738.42,722.807,2131.4,2.4255e+06
2020-05-15 06:30:00,mqwcsP2rE7J0TFp,63.26,61.2933,17.2,5.9358e+08
2020-06-07 16:30:00,q49J1IKaHRwDQnt,321.573,315.547,2407.93,470873
2020-06-11 12:00:00,oZZkBaNadn6DNKz,0,0,129.667,1.13884e+08
2020-06-01 01:30:00,V94E5Ben1TlhnDV,0,0,0,1.41221e+09
2020-05-27 08:30:00,q49J1IKaHRwDQnt,664.127,650.533,700,406607
2020-05-25 07:00:00,oZ35aAeoifZaQzV,209.187,205.08,112.267,1.66004e+09
2020-06-05 17:15:00,9kRcWv60rDACzjR,318.564,312.921,3193.43,2.24786e+09
2020-05-30 05:30:00,oZ35aAeoifZaQzV,0,0,0,1.66008e+09
2020-06-12 08:45:00,Quc1TzYxW2pYoWX,169.047,165.367,369.067,3.29625e+08
2020-06-10 09:15:00,IQ2d7wF4YD8zU1Q,543.08,532.353,927,2.01449e+07
2020-05-16 15:15:00,81aHJ1q11NBPMrL,446.333,438.113,4260.53,1.21529e+09
2020-06-10 10:00:00,WcxssY2VbP4hApt,839.293,820.8,1567.4,1.81871e+08
2020-06-17 23:15:00,xoJJ8DcxJEcupym,0,0,4316,2.09336e+08
2020-05-18 19:15:00,4UPUqMRk7TRMgml,0,0,7641,2.45287e+06
2020-06-09 01:30:00,V94E5Ben1TlhnDV,0,0,0,1.41225e+09
2020-05-22 14:45:00,WcxssY2VbP4hApt,0,0,0,0
2020-05-26 21:15:00,4UPUqMRk7TRMgml,0,0,9501,2.51633e+06
2020-06-01 10:15:00,vOuJvMaM2sgwLmb,1211.2,1180.94,2019.5,2.33523e+06
2020-06-07 11:30:00,WcxssY2VbP4hApt,0,0,1084,1.81861e+08
2020-06-11 21:15:00,q49J1IKaHRwDQnt,0,0,3814,486755
2020-06-02 06:30:00,4UPUqMRk7TRMgml,112.821,109.764,35.5,2.55693e+06
2020-06-15 18:45:00,4UPUqMRk7TRMgml,6.17333,5.96,2303.53,2.64384e+06
2020-06-11 00:30:00,oZZkBaNadn6DNKz,0,0,0,1.70826e+09
2020-06-14 09:45:00,81aHJ1q11NBPMrL,606.1,593.88,1445.53,1.21546e+09
2020-06-04 01:45:00,oZZkBaNadn6DNKz,0,0,0,1.70821e+09
2020-05-24 13:00:00,WcxssY2VbP4hApt,1255.84,1224.44,5699,1.81772e+08
2020-06-15 06:15:00,4UPUqMRk7TRMgml,33.14,32.0467,1874.27,2.64133e+06
2020-06-10 09:45:00,vOuJvMaM2sgwLmb,944.987,922.913,1340.53,2.38489e+06
2020-06-12 06:15:00,NgDl19wMapZy17u,19.7333,19.04,2.4,1.11715e+08
2020-05-15 11:15:00,oZ35aAeoifZaQzV,1272.9,1241.07,3819.87,1.65997e+09
2020-06-10 07:30:00,rrq4fwE8jgrTyWY,161.78,158.293,102.267,1.21095e+08
2020-06-02 22:45:00,oZ35aAeoifZaQzV,0,0,7147,1.66011e+09
2020-05-29 10:45:00,LlT2YUhhzqhg5Sw,826.167,807.98,2577.73,2.82693e+08
2020-06-03 21:30:00,LlT2YUhhzqhg5Sw,0,0,4281,2.82724e+08
2020-06-02 19:45:00,LlT2YUhhzqhg5Sw,0,0,3825,2.8272e+08
2020-05-22 16:00:00,rrq4fwE8jgrTyWY,657.96,644.513,8455,1.2101e+08
2020-05-23 03:00:00,LYwnQax7tkwH5Cb,0,0,0,1.795e+09
2020-06-11 02:15:00,Et9kgGMDl729KT4,0,0,2448,1.82832e+06
2020-06-03 09:30:00,q49J1IKaHRwDQnt,517.893,507.847,1073.87,452948
2020-06-05 14:00:00,q49J1IKaHRwDQnt,379.75,373.207,1282.36,463253
2020-05-25 15:45:00,9kRcWv60rDACzjR,720.52,705.56,8138.67,2.24779e+09
2020-06-12 23:45:00,IQ2d7wF4YD8zU1Q,0,0,4802,2.01583e+07
2020-05-21 20:15:00,81aHJ1q11NBPMrL,0,0,8570,1.21531e+09
2020-05-17 22:15:00,vOuJvMaM2sgwLmb,0,0,5358,2.23179e+06
2020-06-16 17:45:00,vOuJvMaM2sgwLmb,83.2,80.7571,5504.93,2.42334e+06
2020-05-24 03:30:00,Et9kgGMDl729KT4,0,0,0,1.74372e+06
2020-06-16 21:45:00,81aHJ1q11NBPMrL,0,0,5501,1.21548e+09
2020-06-03 14:30:00,WcxssY2VbP4hApt,669.821,656.05,4430.21,1.81843e+08
2020-05-16 05:15:00,V94E5Ben1TlhnDV,0,0,0,1.41209e+09
2020-05-16 17:45:00,PeE6FRyGXUgsRhN,8.48,8.16667,2973.53,1.34836e+09
2020-06-13 07:00:00,Qf4GUc1pJu5T6c6,198.08,194.173,77.3333,8.38629e+08
2020-05-22 17:15:00,V94E5Ben1TlhnDV,286.247,280.96,8335.6,1.41214e+09
2020-06-08 22:15:00,Et9kgGMDl729KT4,0,0,3189,1.82197e+06
2020-06-03 15:45:00,Mx2yZCDsyf6DPfv,734.12,718.807,4195.4,2.60145e+06
2020-05-17 09:15:00,rrq4fwE8jgrTyWY,935.847,915.367,1074.2,1.20978e+08
2020-06-06 00:00:00,81aHJ1q11NBPMrL,0,0,0,1.21542e+09
2020-06-04 20:45:00,LlT2YUhhzqhg5Sw,0,0,2927,2.82727e+08
2020-05-20 12:45:00,xoJJ8DcxJEcupym,0,0,1106,2.09167e+08
2020-06-02 22:00:00,9kRcWv60rDACzjR,0,0,7073,2.24785e+09
2020-06-17 15:45:00,xMbIugepa2P7lBB,332.247,326.687,3775.27,1.06896e+08
2020-06-04 03:15:00,LYwnQax7tkwH5Cb,0,0,0,1.79506e+09
2020-06-10 10:15:00,NgDl19wMapZy17u,0,0,1112,1.11709e+08
2020-05-17 20:45:00,xoJJ8DcxJEcupym,0,0,6189,2.09156e+08
2020-05-24 00:45:00,rrq4fwE8jgrTyWY,0,0,0,1.21014e+08
2020-05-28 09:15:00,V94E5Ben1TlhnDV,920.193,900.14,1326.8,1.41218e+09
2020-06-11 05:15:00,Mx2yZCDsyf6DPfv,0,0,5563,2.65571e+06
2020-06-11 17:30:00,xMbIugepa2P7lBB,89.6,87,3790.93,1.06865e+08
2020-05-17 13:00:00,4UPUqMRk7TRMgml,0,0,3940,2.44283e+06
2020-06-13 18:30:00,xoJJ8DcxJEcupym,29.2067,28.2,6628.6,2.09312e+08
2020-05-24 18:30:00,LYwnQax7tkwH5Cb,13.8933,13.4,4711.73,1.79501e+09
2020-06-04 21:45:00,oZ35aAeoifZaQzV,0,0,3739,1.66012e+09
2020-05-27 11:15:00,Et9kgGMDl729KT4,1157.79,1129.77,3196,1.76557e+06
2020-06-10 18:00:00,vOuJvMaM2sgwLmb,9.75333,9.4,5478.8,2.38903e+06
2020-06-13 19:30:00,IQ2d7wF4YD8zU1Q,0,0,3023,2.01614e+07
2020-06-01 16:45:00,Qf4GUc1pJu5T6c6,74.2333,71.9733,4221.8,8.38554e+08
2020-05-26 06:15:00,V94E5Ben1TlhnDV,51.9,50.1867,10.6,1.41217e+09
2020-05-29 02:30:00,PeE6FRyGXUgsRhN,0,0,0,1.34844e+09
2020-06-06 23:45:00,V94E5Ben1TlhnDV,0,0,1045.2,1.41224e+09
2020-05-30 13:15:00,9kRcWv60rDACzjR,1235.3,1204.82,4547.2,2.24783e+09
2020-05-29 20:30:00,WcxssY2VbP4hApt,0,0,8241,1.81815e+08
2020-05-15 20:00:00,9kRcWv60rDACzjR,0,0,9246,2.24773e+09
2020-06-11 01:45:00,NgDl19wMapZy17u,0,0,2443.47,1.04264e+08
2020-06-16 02:45:00,xMbIugepa2P7lBB,0,0,6200,1.06887e+08
2020-05-18 05:30:00,xoJJ8DcxJEcupym,0,0,0,2.09156e+08
2020-05-29 09:00:00,LlT2YUhhzqhg5Sw,920.487,900.44,929.067,2.82692e+08
2020-05-17 16:15:00,81aHJ1q11NBPMrL,648.179,634.943,5218.71,1.21529e+09
2020-05-17 01:00:00,mqwcsP2rE7J0TFp,0,0,0,5.93597e+08
2020-05-27 15:30:00,LlT2YUhhzqhg5Sw,787.433,770.82,8035.47,2.82681e+08
2020-06-04 02:00:00,WcxssY2VbP4hApt,0,0,0,1.81844e+08
2020-06-08 02:30:00,vOuJvMaM2sgwLmb,0,0,1910,2.36669e+06
2020-05-22 11:15:00,4UPUqMRk7TRMgml,1304.95,1272.31,3731.2,2.47715e+06
2020-05-26 22:45:00,q49J1IKaHRwDQnt,0,0,4080,405907
2020-05-25 09:45:00,Et9kgGMDl729KT4,0,0,1311,1.74844e+06
2020-06-13 18:15:00,oZ35aAeoifZaQzV,72.0786,69.8929,3457.14,1.66017e+09
2020-06-04 00:00:00,q49J1IKaHRwDQnt,0,0,4387,456261
2020-05-28 05:00:00,oZ35aAeoifZaQzV,0,0,0,1.66007e+09
2020-06-03 13:45:00,mqwcsP2rE7J0TFp,539.92,529.2,3637.4,5.93728e+08
2020-05-15 14:45:00,xMbIugepa2P7lBB,1004.99,982.633,7878.73,1.06664e+08
2020-05-15 04:30:00,mqwcsP2rE7J0TFp,0,0,0,5.9358e+08
2020-05-20 17:30:00,xMbIugepa2P7lBB,248.993,244.171,9195.07,1.06705e+08
2020-06-05 22:00:00,V94E5Ben1TlhnDV,0,0,7336,1.41224e+09
2020-06-15 13:15:00,LlT2YUhhzqhg5Sw,182.667,178.793,4205.8,2.82778e+08
2020-06-12 12:30:00,q49J1IKaHRwDQnt,593.321,581.386,2225.93,488981
2020-05-17 21:15:00,Mx2yZCDsyf6DPfv,0,0,6481,2.47373e+06
2020-05-24 04:30:00,PeE6FRyGXUgsRhN,0,0,0,1.3484e+09
2020-05-31 06:45:00,Et9kgGMDl729KT4,126.347,122.913,56.2,1.78887e+06
2020-05-17 17:00:00,mqwcsP2rE7J0TFp,128.613,125.367,6863.07,5.93604e+08
2020-06-02 02:30:00,oZ35aAeoifZaQzV,0,0,0,1.6601e+09
2020-05-24 04:00:00,vOuJvMaM2sgwLmb,0,0,0,2.27493e+06
2020-05-19 18:30:00,WcxssY2VbP4hApt,1.61333,1.56,6831,1.81735e+08
2020-06-15 07:30:00,4UPUqMRk7TRMgml,229.287,224.933,1787.8,2.64152e+06
2020-06-10 00:30:00,NgDl19wMapZy17u,0,0,8067,1.11708e+08
2020-05-20 02:45:00,9kRcWv60rDACzjR,0,0,0,2.24776e+09
2020-06-10 06:30:00,Quc1TzYxW2pYoWX,33.6,32.46,11.4,3.29618e+08
2020-06-17 22:30:00,Qf4GUc1pJu5T6c6,0,0,4398,8.38647e+08
2020-06-16 20:00:00,Et9kgGMDl729KT4,0,0,4605,1.85014e+06
2020-05-18 15:30:00,IQ2d7wF4YD8zU1Q,542.807,532.147,6974.67,1.99733e+07
2020-05-27 06:30:00,PeE6FRyGXUgsRhN,81.0071,78.5857,22.2143,1.34843e+09
2020-06-03 06:15:00,IQ2d7wF4YD8zU1Q,29.58,28.58,2.8,2.00896e+07
2020-06-11 10:30:00,xMbIugepa2P7lBB,521.833,511.52,1044.13,1.06862e+08
2020-05-16 22:30:00,4UPUqMRk7TRMgml,0,0,5677,2.43889e+06
2020-05-16 11:00:00,oZ35aAeoifZaQzV,1232.29,1201.48,3273.93,1.65998e+09
2020-05-15 18:30:00,IQ2d7wF4YD8zU1Q,2.52,2.44,9662.93,1.99512e+07
2020-06-11 02:45:00,WcxssY2VbP4hApt,0,0,3531,1.81873e+08
2020-05-21 06:00:00,rrq4fwE8jgrTyWY,12.54,12.1067,0.866667,1.20997e+08
2020-06-16 04:45:00,81aHJ1q11NBPMrL,0,0,0,1.21548e+09
2020-06-11 20:30:00,WcxssY2VbP4hApt,0,0,3947,1.81877e+08
2020-06-02 22:00:00,V94E5Ben1TlhnDV,0,0,6193,1.41222e+09
2020-05-24 01:30:00,LYwnQax7tkwH5Cb,0,0,0,1.795e+09
2020-06-16 19:45:00,Quc1TzYxW2pYoWX,0,0,4430,3.29642e+08
2020-06-08 03:45:00,oZ35aAeoifZaQzV,0,0,7860,1.66014e+09
2020-05-26 19:00:00,81aHJ1q11NBPMrL,0,0,0,0
2020-06-07 19:45:00,4UPUqMRk7TRMgml,0,0,7826,2.60136e+06
2020-05-25 12:45:00,LlT2YUhhzqhg5Sw,1244.91,1213.77,5083.4,2.8266e+08
2020-06-13 23:45:00,Et9kgGMDl729KT4,0,0,5929,1.84129e+06
2020-06-06 13:00:00,vOuJvMaM2sgwLmb,1012.41,988.393,5252,2.36178e+06
2020-06-05 08:30:00,oZ35aAeoifZaQzV,798.28,781.367,582.333,1.66012e+09
2020-06-06 05:00:00,PeE6FRyGXUgsRhN,0,0,7333,1.34849e+09
2020-05-28 22:15:00,vOuJvMaM2sgwLmb,0,0,9137,2.31502e+06
2020-06-11 16:30:00,Et9kgGMDl729KT4,145.373,141.887,3156.07,1.83148e+06
2020-05-18 15:00:00,V94E5Ben1TlhnDV,930.907,910.553,3630.47,1.41211e+09
2020-05-30 05:00:00,81aHJ1q11NBPMrL,0,0,0,1.21538e+09
2020-06-07 13:30:00,mqwcsP2rE7J0TFp,1135.83,1108.21,5071.47,5.93756e+08
2020-05-17 22:30:00,vOuJvMaM2sgwLmb,0,0,5358,2.23179e+06
2020-05-19 10:00:00,Quc1TzYxW2pYoWX,295.133,289.593,1077.2,3.29527e+08
2020-05-17 12:45:00,81aHJ1q11NBPMrL,1013.09,990.533,3537.73,1.21529e+09
2020-06-06 00:45:00,NgDl19wMapZy17u,0,0,7629,1.11675e+08
2020-06-15 02:00:00,xoJJ8DcxJEcupym,0,0,7268,2.0932e+08
2020-06-12 06:15:00,81aHJ1q11NBPMrL,19.7214,19.0357,2.64286,1.21545e+09
2020-06-06 07:15:00,81aHJ1q11NBPMrL,176.653,173.133,130.467,1.21542e+09
2020-05-22 13:15:00,Mx2yZCDsyf6DPfv,1290.43,1258.17,6230.47,2.5128e+06
2020-05-19 01:45:00,Quc1TzYxW2pYoWX,0,0,2787,3.29526e+08
2020-05-20 18:30:00,4UPUqMRk7TRMgml,15.7933,15.2467,9421.93,2.46426e+06
2020-06-15 23:00:00,rrq4fwE8jgrTyWY,0,0,3706,1.21122e+08
2020-05-15 16:00:00,LlT2YUhhzqhg5Sw,653.907,640.55,8663.64,2.82601e+08
2020-06-03 01:00:00,oZZkBaNadn6DNKz,0,0,0,1.70821e+09
2020-06-07 19:15:00,rrq4fwE8jgrTyWY,0,0,3052,1.21088e+08
2020-05-19 14:15:00,Et9kgGMDl729KT4,900.473,880.847,1799.53,1.72361e+06
2020-05-30 05:00:00,vOuJvMaM2sgwLmb,0,0,0,2.3201e+06
2020-06-04 07:30:00,Quc1TzYxW2pYoWX,199.727,195.78,147.067,3.29597e+08
2020-05-31 08:45:00,rrq4fwE8jgrTyWY,406.671,399.557,536.857,1.21055e+08
2020-06-02 10:15:00,rrq4fwE8jgrTyWY,645.853,632.7,1786.07,1.21067e+08
2020-05-19 20:00:00,oZZkBaNadn6DNKz,0,0,1999,1.70811e+09
2020-05-21 13:00:00,LYwnQax7tkwH5Cb,0,0,1751,1.79499e+09
2020-06-04 02:30:00,LlT2YUhhzqhg5Sw,0,0,0,2.82724e+08
2020-06-11 21:15:00,81aHJ1q11NBPMrL,0,0,3902,1.21545e+09
2020-05-17 14:00:00,Qf4GUc1pJu5T6c6,1056.77,1032.94,5309.87,8.38441e+08
2020-06-14 07:45:00,xMbIugepa2P7lBB,445.907,437.273,83.6667,1.06873e+08
2020-05-16 10:00:00,mqwcsP2rE7J0TFp,1070.43,1046.25,2086,5.93592e+08
2020-05-16 22:15:00,V94E5Ben1TlhnDV,0,0,7721,1.4121e+09
2020-06-17 02:45:00,NgDl19wMapZy17u,0,0,0,1.11742e+08
2020-05-17 21:45:00,V94E5Ben1TlhnDV,0,0,5735,1.41211e+09
2020-06-08 17:00:00,vOuJvMaM2sgwLmb,368.1,361.7,8694.53,2.37538e+06
2020-05-27 00:30:00,vOuJvMaM2sgwLmb,0,0,0,2.29655e+06
2020-05-27 09:00:00,vOuJvMaM2sgwLmb,829.213,811.267,1075.33,2.29762e+06
2020-05-22 02:15:00,xoJJ8DcxJEcupym,0,0,0,2.09173e+08
2020-06-05 04:45:00,xMbIugepa2P7lBB,0,0,6899,1.06815e+08
2020-06-16 00:00:00,81aHJ1q11NBPMrL,0,0,0,1.21548e+09
2020-05-17 20:30:00,IQ2d7wF4YD8zU1Q,0,0,7188,1.99663e+07
2020-05-18 07:45:00,LlT2YUhhzqhg5Sw,61.4133,59.48,17.6667,2.82616e+08
2020-05-21 08:00:00,V94E5Ben1TlhnDV,493.3,483.833,434.467,1.41213e+09
2020-05-17 09:30:00,q49J1IKaHRwDQnt,891.629,872.214,1318.29,353870
2020-06-13 00:15:00,NgDl19wMapZy17u,0,0,4764,1.1172e+08
2020-05-20 19:30:00,9kRcWv60rDACzjR,0,0,3994,2.24776e+09
2020-05-29 14:30:00,oZZkBaNadn6DNKz,810.221,793.021,5114.86,1.70818e+09
2020-05-27 21:00:00,WcxssY2VbP4hApt,0,0,2265.07,9.69589e+07
2020-05-28 09:00:00,vOuJvMaM2sgwLmb,860.78,842.013,1112.13,2.30699e+06
2020-05-28 05:45:00,vOuJvMaM2sgwLmb,0,0,0,2.30588e+06
2020-05-26 09:00:00,WcxssY2VbP4hApt,864.06,845.48,1150.67,1.81785e+08
2020-05-26 01:15:00,Mx2yZCDsyf6DPfv,0,0,0,2.54016e+06
2020-05-15 01:00:00,Mx2yZCDsyf6DPfv,0,0,0,2.45365e+06
2020-05-23 08:00:00,V94E5Ben1TlhnDV,556.927,545.853,473.067,1.41214e+09
2020-05-17 16:45:00,4UPUqMRk7TRMgml,475.936,466.871,6090.57,2.44498e+06
2020-06-07 18:30:00,81aHJ1q11NBPMrL,28,27.0533,1903.53,1.21543e+09
2020-05-17 09:30:00,Qf4GUc1pJu5T6c6,900.753,881.08,1362.13,8.38437e+08
2020-06-04 03:00:00,xoJJ8DcxJEcupym,0,0,0,2.09253e+08
2020-05-27 14:15:00,WcxssY2VbP4hApt,0,0,0,0
2020-05-22 09:30:00,Quc1TzYxW2pYoWX,0,0,769,3.29536e+08
2020-05-18 11:15:00,oZZkBaNadn6DNKz,1044.85,1021.39,1527.33,1.7081e+09
2020-06-15 07:45:00,IQ2d7wF4YD8zU1Q,425.564,417.443,272.214,2.01692e+07
2020-05-21 02:30:00,xoJJ8DcxJEcupym,0,0,0,2.09169e+08
2020-05-25 05:30:00,Mx2yZCDsyf6DPfv,0,0,0,2.53099e+06
2020-06-02 19:45:00,9kRcWv60rDACzjR,0,0,7073,2.24785e+09
2020-05-31 20:30:00,Qf4GUc1pJu5T6c6,0,0,6606,8.3855e+08
2020-06-04 01:15:00,LYwnQax7tkwH5Cb,0,0,0,1.79506e+09
2020-06-07 08:45:00,Quc1TzYxW2pYoWX,642.173,629.007,559.733,3.2961e+08
2020-06-08 07:45:00,Et9kgGMDl729KT4,452.45,443.993,320.857,1.8191e+06
2020-05-30 04:30:00,Quc1TzYxW2pYoWX,0,0,2157.87,3.29575e+08
2020-05-29 20:30:00,V94E5Ben1TlhnDV,0,0,8102,1.4122e+09
2020-06-01 23:15:00,V94E5Ben1TlhnDV,0,0,4306,1.41222e+09
2020-06-02 13:00:00,NgDl19wMapZy17u,779.62,762.913,3774,1.11653e+08
2020-05-28 22:15:00,Mx2yZCDsyf6DPfv,0,0,3727,2.5625e+06
2020-06-08 00:00:00,LYwnQax7tkwH5Cb,0,0,2070,1.79507e+09
2020-06-12 17:15:00,xMbIugepa2P7lBB,254.327,249.413,4568.33,1.0687e+08
2020-05-30 18:00:00,Quc1TzYxW2pYoWX,57.3733,55.52,3914.27,3.29579e+08
2020-06-16 08:15:00,oZ35aAeoifZaQzV,459.347,450.647,438,1.66018e+09
2020-06-03 16:45:00,oZZkBaNadn6DNKz,292.967,287.54,4555,1.70821e+09
2020-05-23 06:45:00,q49J1IKaHRwDQnt,147.76,144.253,55.5333,383560
2020-05-16 08:15:00,Qf4GUc1pJu5T6c6,644.593,631.45,591.5,8.38428e+08
2020-06-02 12:45:00,q49J1IKaHRwDQnt,81.6133,79.5733,1863.4,420621
2020-06-05 17:15:00,LlT2YUhhzqhg5Sw,303.047,297.587,2895,2.8273e+08
2020-06-07 22:00:00,Et9kgGMDl729KT4,0,0,2554,1.81878e+06
2020-06-04 16:00:00,LlT2YUhhzqhg5Sw,276.571,271.371,2383.21,2.82727e+08
2020-05-27 02:30:00,LlT2YUhhzqhg5Sw,0,0,0,2.82673e+08
2020-05-31 14:00:00,81aHJ1q11NBPMrL,1202.49,1172.42,5136.73,1.21539e+09
2020-06-17 00:45:00,4UPUqMRk7TRMgml,0,0,0,2.64905e+06
2020-06-11 04:45:00,V94E5Ben1TlhnDV,0,0,0,1.41226e+09
2020-06-12 13:00:00,Et9kgGMDl729KT4,131.067,128.573,540.667,855698
2020-05-30 19:00:00,LYwnQax7tkwH5Cb,0,0,7771,1.79504e+09
2020-05-31 15:15:00,xMbIugepa2P7lBB,477.067,467.393,6049.4,1.06791e+08
2020-05-30 10:15:00,LYwnQax7tkwH5Cb,671.673,657.893,1284,1.79503e+09
2020-06-09 02:30:00,9kRcWv60rDACzjR,0,0,0,2.24787e+09
2020-06-06 12:00:00,mqwcsP2rE7J0TFp,825.686,807.157,4165.93,5.93747e+08
2020-05-17 20:30:00,4UPUqMRk7TRMgml,0,0,6342,2.44523e+06
2020-05-25 07:00:00,LYwnQax7tkwH5Cb,199.713,195.78,107.533,1.79501e+09
2020-05-19 21:15:00,9kRcWv60rDACzjR,0,0,6391,2.24776e+09
2020-05-18 20:00:00,4UPUqMRk7TRMgml,0,0,7641,2.45287e+06
2020-05-23 01:30:00,V94E5Ben1TlhnDV,0,0,0,1.41214e+09
2020-06-11 23:15:00,NgDl19wMapZy17u,0,0,3884,1.11715e+08
2020-06-15 07:45:00,Quc1TzYxW2pYoWX,344.747,338.533,227.6,3.29636e+08
2020-05-28 18:30:00,Et9kgGMDl729KT4,23.7533,22.9333,7972.27,1.779e+06
2020-06-03 04:45:00,81aHJ1q11NBPMrL,0,0,0,1.2154e+09
2020-06-06 13:30:00,Mx2yZCDsyf6DPfv,603.62,591.187,5682.53,2.62248e+06
2020-06-08 06:45:00,vOuJvMaM2sgwLmb,139.313,136.013,56.4667,2.36674e+06
2020-06-08 20:30:00,81aHJ1q11NBPMrL,0,0,9171,1.21544e+09
2020-05-30 10:15:00,Et9kgGMDl729KT4,626.214,613.529,1252.93,1.78455e+06
2020-05-19 05:45:00,Quc1TzYxW2pYoWX,0,0,0,3.29526e+08
2020-05-18 11:15:00,9kRcWv60rDACzjR,1052.24,1028.57,2295.21,2.24775e+09
2020-06-08 20:15:00,Et9kgGMDl729KT4,0,0,3189,1.82197e+06
2020-06-15 19:15:00,oZ35aAeoifZaQzV,0,0,2711,1.66018e+09
2020-06-11 04:45:00,mqwcsP2rE7J0TFp,0,0,0,5.93778e+08
2020-06-16 03:30:00,Et9kgGMDl729KT4,0,0,2199,1.84554e+06
2020-05-31 21:30:00,LYwnQax7tkwH5Cb,0,0,6234,1.79505e+09
2020-06-14 05:15:00,LYwnQax7tkwH5Cb,0,0,6213,1.79509e+09
2020-06-17 07:00:00,4UPUqMRk7TRMgml,65.98,63.8867,43.4,2.64909e+06
2020-05-30 08:30:00,V94E5Ben1TlhnDV,228.767,224.3,378.2,1.4122e+09
2020-06-14 05:00:00,9kRcWv60rDACzjR,0,0,0,2.24789e+09
2020-06-17 05:45:00,rrq4fwE8jgrTyWY,0,0,0,1.21127e+08
2020-06-16 06:45:00,Quc1TzYxW2pYoWX,101.64,98.7467,36.8,3.29638e+08
2020-05-28 00:45:00,rrq4fwE8jgrTyWY,0,0,0,1.21036e+08
2020-06-08 20:00:00,81aHJ1q11NBPMrL,0,0,9171,1.21544e+09
2020-06-09 03:45:00,xMbIugepa2P7lBB,0,0,9052,1.06848e+08
2020-05-23 18:45:00,Et9kgGMDl729KT4,0,0,4598,1.74372e+06
2020-06-10 08:45:00,Et9kgGMDl729KT4,475.573,466.5,551.733,1.82642e+06
2020-05-15 01:45:00,WcxssY2VbP4hApt,0,0,0,1.81695e+08
2020-06-17 17:45:00,Quc1TzYxW2pYoWX,81.7267,79.2867,3669,3.29646e+08
2020-06-07 03:45:00,PeE6FRyGXUgsRhN,0,0,2212,1.34849e+09
2020-05-26 02:15:00,Et9kgGMDl729KT4,0,0,0,1.75408e+06
2020-06-05 01:45:00,LlT2YUhhzqhg5Sw,0,0,2927,2.82727e+08
2020-05-27 02:15:00,Mx2yZCDsyf6DPfv,0,0,0,2.54933e+06
2020-06-15 13:45:00,NgDl19wMapZy17u,717.92,702.96,4469.73,1.11734e+08
2020-05-20 11:30:00,q49J1IKaHRwDQnt,0,0,2033,367298
2020-06-16 09:30:00,IQ2d7wF4YD8zU1Q,589.853,578.02,1051.13,2.01763e+07
2020-06-02 05:45:00,9kRcWv60rDACzjR,0,0,0,2.24784e+09
2020-05-22 11:00:00,vOuJvMaM2sgwLmb,0,0,1405,2.26362e+06
2020-06-10 10:45:00,oZZkBaNadn6DNKz,1006.91,983.1,2276,1.70825e+09
2020-06-17 08:00:00,mqwcsP2rE7J0TFp,187.9,184.193,145.786,5.93811e+08
2020-06-01 10:30:00,LlT2YUhhzqhg5Sw,787.48,770.14,2049.33,2.82714e+08
2020-05-22 20:00:00,Et9kgGMDl729KT4,0,0,3582,1.73912e+06
2020-05-31 05:30:00,4UPUqMRk7TRMgml,0,0,0,2.54587e+06
2020-06-07 11:15:00,mqwcsP2rE7J0TFp,917.713,896.367,2733.47,5.93754e+08
2020-06-07 14:45:00,Qf4GUc1pJu5T6c6,1044.09,1019.3,6612.8,8.38597e+08
2020-05-25 06:00:00,oZ35aAeoifZaQzV,18.1467,17.5067,1.53333,1.66004e+09
2020-05-26 03:00:00,oZZkBaNadn6DNKz,0,0,0,1.70816e+09
2020-05-21 22:00:00,vOuJvMaM2sgwLmb,0,0,9088,2.26222e+06
2020-06-05 15:15:00,LYwnQax7tkwH5Cb,562.3,551.071,1873,1.79506e+09
2020-05-24 03:15:00,Et9kgGMDl729KT4,0,0,0,1.74372e+06
2020-05-24 15:15:00,4UPUqMRk7TRMgml,879.893,860.88,3348.27,2.49631e+06
2020-06-03 10:30:00,oZZkBaNadn6DNKz,473.943,464.814,1617.5,1.70821e+09
2020-06-10 05:15:00,xMbIugepa2P7lBB,0,0,7997,1.06856e+08
2020-06-17 15:30:00,oZZkBaNadn6DNKz,375.607,369.143,3869.64,1.70829e+09
2020-06-05 02:45:00,81aHJ1q11NBPMrL,0,0,0,1.21541e+09
2020-06-13 10:45:00,oZ35aAeoifZaQzV,0,0,0,0
2020-06-02 15:15:00,oZZkBaNadn6DNKz,577.547,564.587,5200.47,1.70821e+09
2020-06-04 17:15:00,vOuJvMaM2sgwLmb,202.373,198.407,6755.2,2.35298e+06
2020-05-16 22:00:00,xMbIugepa2P7lBB,0,0,7722,1.06674e+08
2020-06-16 03:30:00,xMbIugepa2P7lBB,0,0,6200,1.06887e+08
2020-05-21 21:00:00,Et9kgGMDl729KT4,0,0,6646,1.73554e+06
2020-06-16 10:45:00,WcxssY2VbP4hApt,720.22,705.213,1916.73,1.81904e+08
2020-06-02 12:30:00,V94E5Ben1TlhnDV,0,0,0,0
2020-05-29 03:45:00,oZZkBaNadn6DNKz,0,0,0,1.70818e+09
2020-06-08 06:00:00,oZZkBaNadn6DNKz,17.0214,16.45,0.785714,1.70823e+09
2020-05-24 05:15:00,q49J1IKaHRwDQnt,0,0,3254,386758
2020-06-05 00:15:00,V94E5Ben1TlhnDV,0,0,0,1.41223e+09
2020-06-09 05:30:00,oZZkBaNadn6DNKz,0,0,0,1.70824e+09
2020-06-09 06:30:00,NgDl19wMapZy17u,78.76,76.38,22.4,1.117e+08
2020-06-16 13:30:00,NgDl19wMapZy17u,489.907,480.553,4010.8,1.1174e+08
2020-05-19 16:15:00,NgDl19wMapZy17u,34.425,33.2625,6649.75,1.11551e+08
2020-05-28 23:30:00,V94E5Ben1TlhnDV,0,0,9108,1.41219e+09
2020-06-16 09:45:00,Quc1TzYxW2pYoWX,543.8,532.993,982.8,3.29639e+08
2020-05-16 07:00:00,IQ2d7wF4YD8zU1Q,168.34,164.993,86.8667,1.99513e+07
2020-06-07 17:45:00,4UPUqMRk7TRMgml,169.986,166.357,7760.29,2.6013e+06
2020-05-29 21:45:00,Mx2yZCDsyf6DPfv,0,0,8240,2.57074e+06
2020-06-12 00:00:00,oZZkBaNadn6DNKz,0,0,0,1.70826e+09
2020-05-28 13:30:00,9kRcWv60rDACzjR,162.907,158.833,1627.07,5.99417e+08
2020-05-30 22:00:00,vOuJvMaM2sgwLmb,0,0,6591,2.32669e+06
2020-05-29 14:00:00,oZ35aAeoifZaQzV,859.947,841.473,5802.8,1.66008e+09
2020-05-28 05:15:00,9kRcWv60rDACzjR,0,0,0,2.24781e+09
2020-05-15 05:00:00,Mx2yZCDsyf6DPfv,0,0,0,2.45365e+06
2020-05-23 18:30:00,q49J1IKaHRwDQnt,3.39286,3.27857,3253.64,386758
2020-05-30 21:45:00,Quc1TzYxW2pYoWX,0,0,3932,3.29579e+08
2020-06-03 14:45:00,IQ2d7wF4YD8zU1Q,824.533,806.493,4592.2,2.00942e+07
2020-06-14 23:45:00,mqwcsP2rE7J0TFp,0,0,5937,5.93799e+08
2020-05-16 16:00:00,xoJJ8DcxJEcupym,303.06,297.353,2771.2,2.09149e+08
2020-06-06 02:00:00,LYwnQax7tkwH5Cb,0,0,2878,1.79507e+09
2020-05-26 20:45:00,Mx2yZCDsyf6DPfv,0,0,9175,2.54933e+06
2020-06-05 03:30:00,q49J1IKaHRwDQnt,0,0,5710,461971
2020-05-16 16:45:00,xMbIugepa2P7lBB,105.2,102.393,7653.93,1.06674e+08
2020-05-22 02:15:00,V94E5Ben1TlhnDV,0,0,0,1.41213e+09
2020-06-08 07:00:00,V94E5Ben1TlhnDV,234.1,229.513,99.5333,1.41224e+09
2020-05-28 10:15:00,9kRcWv60rDACzjR,1103.9,1078.79,2302.87,2.24781e+09
2020-06-15 20:15:00,xMbIugepa2P7lBB,0,0,6200,1.06887e+08
2020-05-24 03:00:00,WcxssY2VbP4hApt,0,0,0,1.81766e+08
2020-06-06 03:45:00,oZ35aAeoifZaQzV,0,0,7708,1.66013e+09
2020-06-02 11:00:00,Mx2yZCDsyf6DPfv,643.873,630.553,2259.13,2.41952e+06
2020-06-05 10:00:00,vOuJvMaM2sgwLmb,0,0,1690,2.3548e+06
2020-06-16 11:30:00,Quc1TzYxW2pYoWX,655.78,641.547,2047.07,3.2964e+08
2020-06-16 06:00:00,q49J1IKaHRwDQnt,0,0,0,511325
2020-05-15 13:30:00,PeE6FRyGXUgsRhN,1189.14,1159.94,6274.8,1.34836e+09
2020-06-14 13:15:00,Mx2yZCDsyf6DPfv,0,0,1705,2.66914e+06
2020-06-07 17:45:00,LlT2YUhhzqhg5Sw,162.793,159.187,7708.2,2.82743e+08
2020-06-16 08:30:00,IQ2d7wF4YD8zU1Q,505.727,495.8,543.467,2.01758e+07
2020-05-16 22:30:00,9kRcWv60rDACzjR,0,0,7678,2.24774e+09
2020-05-30 18:00:00,rrq4fwE8jgrTyWY,67.1933,65.0933,7571.73,1.21055e+08
2020-06-03 10:30:00,xoJJ8DcxJEcupym,440.893,432.471,1573,2.09251e+08
2020-05-26 14:00:00,rrq4fwE8jgrTyWY,1082.61,1058.07,5460.33,1.21028e+08
2020-05-18 00:00:00,81aHJ1q11NBPMrL,0,0,0,1.21529e+09
2020-06-09 04:00:00,Et9kgGMDl729KT4,0,0,3189,1.82197e+06
2020-06-11 20:15:00,V94E5Ben1TlhnDV,0,0,3918,1.41227e+09
2020-05-27 12:00:00,oZ35aAeoifZaQzV,1303.64,1271.07,4437,1.66007e+09
2020-06-13 07:45:00,IQ2d7wF4YD8zU1Q,270.76,265.66,223.933,2.01586e+07
2020-06-02 20:15:00,xoJJ8DcxJEcupym,0,0,5114.67,1.953e+08
2020-06-03 02:15:00,q49J1IKaHRwDQnt,0,0,3744,451874
2020-05-18 05:00:00,oZ35aAeoifZaQzV,0,0,0,1.65999e+09
2020-06-17 15:45:00,LYwnQax7tkwH5Cb,312.893,307.62,3551.6,1.79512e+09
2020-06-13 19:00:00,NgDl19wMapZy17u,0,0,3972,1.11724e+08
2020-05-23 15:15:00,4UPUqMRk7TRMgml,903.22,883.6,8371.73,2.49165e+06
2020-05-19 01:15:00,Qf4GUc1pJu5T6c6,0,0,0,8.38451e+08
2020-05-29 13:30:00,WcxssY2VbP4hApt,836.913,819.02,5421.07,1.81813e+08
2020-06-02 05:00:00,81aHJ1q11NBPMrL,0,0,0,1.2154e+09
2020-05-29 17:30:00,V94E5Ben1TlhnDV,239.8,235.16,7998.53,1.4122e+09
2020-06-09 11:15:00,Quc1TzYxW2pYoWX,0,0,1784,3.29616e+08
2020-05-28 14:00:00,LlT2YUhhzqhg5Sw,1130.81,1104.85,6375.53,2.82688e+08
2020-05-23 16:15:00,vOuJvMaM2sgwLmb,594.587,582.507,8969.87,2.27437e+06
2020-05-26 02:30:00,oZ35aAeoifZaQzV,0,0,0,1.66005e+09
2020-06-04 18:30:00,Quc1TzYxW2pYoWX,17.3933,16.7867,5260.07,3.29602e+08
2020-06-09 09:45:00,xMbIugepa2P7lBB,376.54,367.327,465.533,5.69864e+07
2020-06-06 07:00:00,xMbIugepa2P7lBB,152.647,149.06,92.2667,1.06823e+08
2020-05-26 15:45:00,Qf4GUc1pJu5T6c6,757.953,742.067,8563.07,8.38513e+08
2020-06-08 03:00:00,LYwnQax7tkwH5Cb,0,0,2070,1.79507e+09
2020-06-02 15:00:00,V94E5Ben1TlhnDV,927.453,906.08,4984.27,1.41222e+09
2020-06-13 23:00:00,LYwnQax7tkwH5Cb,0,0,6213,1.79509e+09
2020-05-17 15:00:00,vOuJvMaM2sgwLmb,447.593,439.153,4288.07,2.23072e+06
2020-05-28 14:30:00,9kRcWv60rDACzjR,1049.95,1026.36,6934.47,2.24782e+09
2020-05-31 01:30:00,rrq4fwE8jgrTyWY,0,0,0,1.21055e+08
2020-05-27 09:30:00,oZ35aAeoifZaQzV,972.04,950.587,1538.13,1.66006e+09
2020-06-17 16:15:00,Mx2yZCDsyf6DPfv,304.347,298.853,4155.07,2.68307e+06
2020-05-20 08:00:00,q49J1IKaHRwDQnt,520.76,510.52,407.6,365673
2020-06-01 19:15:00,4UPUqMRk7TRMgml,0,0,4338,2.5569e+06
2020-05-31 19:30:00,xMbIugepa2P7lBB,0,0,6524,1.06791e+08
2020-05-19 23:15:00,oZZkBaNadn6DNKz,0,0,1999,1.70811e+09
2020-06-05 19:00:00,81aHJ1q11NBPMrL,0,0,7393,1.21542e+09
2020-06-13 14:00:00,LYwnQax7tkwH5Cb,930.607,909.073,4148.93,1.79509e+09
2020-05-31 23:15:00,9kRcWv60rDACzjR,0,0,6433,2.24784e+09
2020-06-14 16:00:00,WcxssY2VbP4hApt,499.253,489.66,7056.6,1.81895e+08
2020-05-20 18:15:00,Quc1TzYxW2pYoWX,41.66,40.2867,2411.6,3.29531e+08
2020-05-21 11:30:00,LlT2YUhhzqhg5Sw,395.56,385.667,2548.87,2.82634e+08
2020-05-22 17:00:00,Qf4GUc1pJu5T6c6,368.427,362.1,9661.4,8.38481e+08
2020-06-14 06:30:00,PeE6FRyGXUgsRhN,95.9067,93.16,6103.6,1.34853e+09
2020-05-17 03:00:00,9kRcWv60rDACzjR,0,0,0,2.24774e+09
2020-05-25 00:30:00,V94E5Ben1TlhnDV,0,0,0,1.41216e+09
2020-06-05 01:00:00,LlT2YUhhzqhg5Sw,0,0,2927,2.82727e+08
2020-06-08 11:15:00,IQ2d7wF4YD8zU1Q,1181.75,1153.25,3296.47,2.01298e+07
2020-05-15 15:30:00,NgDl19wMapZy17u,660.787,647.26,8554.33,1.11521e+08
2020-06-06 19:00:00,4UPUqMRk7TRMgml,0,0,8376,2.59354e+06
2020-05-21 00:30:00,Quc1TzYxW2pYoWX,0,0,2419,3.29531e+08
2020-05-24 05:00:00,Mx2yZCDsyf6DPfv,0,0,0,2.52603e+06
2020-05-25 05:15:00,xoJJ8DcxJEcupym,0,0,0,2.09196e+08
2020-05-30 17:15:00,xoJJ8DcxJEcupym,299.807,294.4,4935,2.09233e+08
2020-06-11 19:30:00,oZ35aAeoifZaQzV,0,0,3963,1.66016e+09
2020-06-04 03:15:00,oZ35aAeoifZaQzV,0,0,0,1.66011e+09
2020-06-04 21:45:00,4UPUqMRk7TRMgml,0,0,6990,2.5774e+06
2020-06-12 09:45:00,PeE6FRyGXUgsRhN,444.65,436.386,877.286,1.34852e+09
2020-05-25 02:30:00,Et9kgGMDl729KT4,0,0,0,1.74713e+06
2020-06-05 09:15:00,xMbIugepa2P7lBB,930.293,909.48,1148.4,1.06816e+08
2020-05-26 19:15:00,oZ35aAeoifZaQzV,0,0,9454,1.66006e+09
2020-05-25 08:30:00,LlT2YUhhzqhg5Sw,633.813,620.933,720,2.82656e+08
2020-05-31 06:15:00,oZZkBaNadn6DNKz,58.6067,56.7467,11.2,1.70819e+09
2020-05-21 23:30:00,LlT2YUhhzqhg5Sw,0,0,5852,2.82637e+08
2020-05-22 03:45:00,9kRcWv60rDACzjR,0,0,0,2.24777e+09
2020-05-17 22:15:00,LlT2YUhhzqhg5Sw,0,0,6717,2.82616e+08
2020-06-09 17:30:00,IQ2d7wF4YD8zU1Q,175.447,171.86,8061.6,2.01439e+07
2020-06-17 09:00:00,vOuJvMaM2sgwLmb,192.7,188.893,361.333,2.42373e+06
2020-05-20 16:15:00,4UPUqMRk7TRMgml,462.68,453.96,8889.13,2.46373e+06
2020-06-17 08:00:00,Et9kgGMDl729KT4,169.3,165.78,133.867,1.85028e+06
2020-06-03 22:30:00,mqwcsP2rE7J0TFp,0,0,5344,5.93729e+08
2020-06-16 03:15:00,rrq4fwE8jgrTyWY,0,0,3706,1.21122e+08
2020-05-29 00:30:00,q49J1IKaHRwDQnt,0,0,7799,422722
2020-05-15 16:45:00,oZZkBaNadn6DNKz,448.187,439.893,5194.13,1.70809e+09
2020-05-29 00:15:00,LlT2YUhhzqhg5Sw,0,0,0,2.82691e+08
2020-06-03 14:30:00,mqwcsP2rE7J0TFp,344.947,338.067,3841.33,5.93728e+08
2020-05-28 12:45:00,V94E5Ben1TlhnDV,1281.85,1249.81,5409.71,1.41219e+09
2020-06-05 09:00:00,IQ2d7wF4YD8zU1Q,764.127,747.867,956.533,2.01035e+07
2020-05-19 17:45:00,vOuJvMaM2sgwLmb,0,0,6721,2.24376e+06
2020-06-05 08:15:00,Quc1TzYxW2pYoWX,315.893,310.271,336.5,3.29602e+08
2020-05-29 10:15:00,LYwnQax7tkwH5Cb,903.086,883.471,2076.43,1.79503e+09
2020-05-30 20:45:00,Quc1TzYxW2pYoWX,0,0,3932,3.29579e+08
2020-05-16 22:15:00,LYwnQax7tkwH5Cb,0,0,3176,1.79497e+09
2020-06-06 07:30:00,Et9kgGMDl729KT4,133.853,130.407,154.733,1.81409e+06
2020-06-13 06:15:00,Quc1TzYxW2pYoWX,33.66,32.5267,3672.2,3.29628e+08
2020-05-26 16:45:00,4UPUqMRk7TRMgml,475.32,466.287,9265.67,2.51609e+06
2020-06-07 05:30:00,PeE6FRyGXUgsRhN,0,0,2212,1.34849e+09
2020-06-08 22:15:00,mqwcsP2rE7J0TFp,0,0,9065,5.93768e+08
2020-05-27 08:00:00,Quc1TzYxW2pYoWX,406.387,399.28,333.2,3.29559e+08
2020-05-21 22:30:00,xoJJ8DcxJEcupym,0,0,4501,2.09173e+08
2020-06-14 07:30:00,81aHJ1q11NBPMrL,366.64,359.933,257.933,1.21546e+09
2020-06-04 10:00:00,Quc1TzYxW2pYoWX,0,0,1143,3.29598e+08
2020-06-04 23:45:00,Et9kgGMDl729KT4,0,0,2695,1.81116e+06
2020-05-17 16:45:00,Mx2yZCDsyf6DPfv,473.664,464.657,6231.36,2.47348e+06
2020-06-10 01:15:00,Quc1TzYxW2pYoWX,0,0,3796,3.29618e+08
2020-06-15 01:30:00,IQ2d7wF4YD8zU1Q,0,0,7301,2.01689e+07
2020-06-06 09:00:00,q49J1IKaHRwDQnt,877.613,858.613,932.2,465798
2020-06-16 07:45:00,oZZkBaNadn6DNKz,298.44,293.04,242.933,1.70828e+09
2020-06-15 04:45:00,q49J1IKaHRwDQnt,0,0,7476,505265
2020-05-22 04:15:00,V94E5Ben1TlhnDV,0,0,0,1.41213e+09
2020-06-07 23:00:00,oZZkBaNadn6DNKz,0,0,7743,1.70823e+09
2020-06-13 23:45:00,vOuJvMaM2sgwLmb,0,0,6375,2.4041e+06
2020-05-15 22:45:00,rrq4fwE8jgrTyWY,0,0,5507,1.2097e+08
2020-05-16 18:45:00,rrq4fwE8jgrTyWY,0,0,7372,1.20977e+08
2020-05-23 06:00:00,oZ35aAeoifZaQzV,20.3333,19.6133,1.33333,1.66003e+09
2020-06-16 16:45:00,oZZkBaNadn6DNKz,180.027,176.213,5419.4,1.70828e+09
2020-06-15 10:30:00,xoJJ8DcxJEcupym,988.86,965.667,2113.73,2.09322e+08
2020-06-06 16:30:00,mqwcsP2rE7J0TFp,597.853,585.813,7840.67,5.93751e+08
2020-05-17 17:45:00,xoJJ8DcxJEcupym,109.571,106.593,6142.79,2.09156e+08
2020-06-14 09:00:00,mqwcsP2rE7J0TFp,613.6,601.12,896.333,5.93794e+08
2020-05-21 06:15:00,9kRcWv60rDACzjR,44.7467,43.26,7.4,2.24776e+09
2020-05-17 06:30:00,xoJJ8DcxJEcupym,34.6071,33.4286,11,2.0915e+08
2020-06-11 13:30:00,4UPUqMRk7TRMgml,548.867,537.993,2534.27,2.62682e+06
2020-06-10 16:30:00,xMbIugepa2P7lBB,426.667,418.86,5377.53,1.06861e+08
2020-05-18 15:00:00,vOuJvMaM2sgwLmb,0,0,4251,2.23604e+06
2020-06-08 12:30:00,LYwnQax7tkwH5Cb,0,0,1330,1.79507e+09
2020-06-08 08:00:00,xoJJ8DcxJEcupym,595.527,583.593,470.267,2.09277e+08
2020-06-15 07:30:00,Mx2yZCDsyf6DPfv,229.613,225.24,199.333,2.67094e+06
2020-06-12 00:15:00,V94E5Ben1TlhnDV,0,0,0,1.41227e+09
2020-05-29 14:30:00,LYwnQax7tkwH5Cb,769.387,753.227,5948.13,1.79503e+09
2020-06-17 08:30:00,V94E5Ben1TlhnDV,212.45,208.307,240.214,1.41229e+09
2020-06-08 18:00:00,81aHJ1q11NBPMrL,156.233,152.687,9121.93,1.21544e+09
2020-06-15 08:00:00,LlT2YUhhzqhg5Sw,493.553,483.893,384.2,2.82774e+08
2020-06-10 04:15:00,WcxssY2VbP4hApt,0,0,4027,1.81869e+08
2020-05-19 00:30:00,NgDl19wMapZy17u,0,0,0,1.11545e+08
2020-05-22 16:30:00,Et9kgGMDl729KT4,463.587,454.88,3207.67,1.73874e+06
2020-06-01 13:00:00,9kRcWv60rDACzjR,421.367,413.673,3774.07,2.24784e+09
2020-06-13 03:00:00,oZ35aAeoifZaQzV,0,0,4607,1.66017e+09
2020-06-11 06:30:00,q49J1IKaHRwDQnt,21.0733,20.34,5.73333,482947
2020-05-23 04:00:00,q49J1IKaHRwDQnt,0,0,9333,383504
2020-05-22 11:30:00,rrq4fwE8jgrTyWY,1227.87,1197.19,3772.67,1.21005e+08
2020-05-18 02:15:00,Qf4GUc1pJu5T6c6,0,0,0,8.38443e+08
2020-06-03 11:45:00,rrq4fwE8jgrTyWY,0,0,1659,1.2107e+08
2020-05-18 04:00:00,xoJJ8DcxJEcupym,0,0,0,2.09156e+08
2020-05-27 02:00:00,Quc1TzYxW2pYoWX,0,0,7269,3.29559e+08
2020-05-18 23:00:00,q49J1IKaHRwDQnt,0,0,4161,362440
2020-05-17 02:45:00,xoJJ8DcxJEcupym,0,0,0,2.0915e+08
2020-06-17 21:30:00,xoJJ8DcxJEcupym,0,0,4316,2.09336e+08
2020-06-15 23:45:00,PeE6FRyGXUgsRhN,0,0,2801,1.34854e+09
2020-05-27 04:15:00,PeE6FRyGXUgsRhN,0,0,0,1.34843e+09
2020-06-12 00:15:00,vOuJvMaM2sgwLmb,0,0,3914,2.39294e+06
2020-06-11 05:45:00,Et9kgGMDl729KT4,0,0,0,1.82832e+06
2020-06-12 02:45:00,xMbIugepa2P7lBB,0,0,3850,1.06865e+08
2020-05-28 04:15:00,Quc1TzYxW2pYoWX,0,0,3439.33,3.29566e+08
2020-05-25 00:45:00,WcxssY2VbP4hApt,0,0,0,1.81775e+08
2020-06-03 16:30:00,WcxssY2VbP4hApt,263.9,258.82,5376.93,1.81844e+08
2020-05-18 15:30:00,9kRcWv60rDACzjR,534.66,524.207,6716.33,2.24775e+09
2020-05-31 15:30:00,81aHJ1q11NBPMrL,282.48,277.353,6018.13,1.21539e+09
2020-06-11 03:00:00,V94E5Ben1TlhnDV,0,0,0,1.41226e+09
2020-05-24 20:00:00,oZZkBaNadn6DNKz,0,0,9289,1.70815e+09
2020-06-12 04:45:00,IQ2d7wF4YD8zU1Q,0,0,3920,2.01535e+07
2020-06-08 11:00:00,vOuJvMaM2sgwLmb,1195.8,1166.47,2966.64,2.36965e+06
2020-05-23 19:15:00,oZ35aAeoifZaQzV,0,0,9657,1.66004e+09
2020-06-16 23:15:00,rrq4fwE8jgrTyWY,0,0,5161,1.21127e+08
2020-06-12 02:45:00,81aHJ1q11NBPMrL,0,0,0,1.21545e+09
2020-06-01 15:15:00,LlT2YUhhzqhg5Sw,61.2867,59.3133,3867,2.82716e+08
2020-05-23 17:45:00,V94E5Ben1TlhnDV,131.04,127.64,9438.87,1.41215e+09
2020-05-19 17:00:00,NgDl19wMapZy17u,20.7533,20.0533,6684,1.11551e+08
2020-05-21 20:30:00,LlT2YUhhzqhg5Sw,0,0,5852,2.82637e+08
2020-05-15 22:15:00,PeE6FRyGXUgsRhN,0,0,9119,1.34836e+09
2020-05-22 17:45:00,LlT2YUhhzqhg5Sw,129.66,126.287,5022.6,2.82642e+08
2020-06-03 00:15:00,IQ2d7wF4YD8zU1Q,0,0,7297,2.00896e+07
2020-06-14 22:45:00,Quc1TzYxW2pYoWX,0,0,2058,3.29636e+08
2020-06-17 01:15:00,oZ35aAeoifZaQzV,0,0,0,1.66018e+09
2020-06-07 19:15:00,9kRcWv60rDACzjR,0,0,2021,2.24787e+09
2020-06-06 00:30:00,q49J1IKaHRwDQnt,0,0,2895,464866
2020-06-05 04:00:00,NgDl19wMapZy17u,0,0,6331,1.11668e+08
2020-06-09 08:30:00,rrq4fwE8jgrTyWY,685.753,671.627,772.533,1.21092e+08
2020-06-15 19:30:00,xMbIugepa2P7lBB,0,0,6200,1.06887e+08
2020-06-16 12:45:00,mqwcsP2rE7J0TFp,831.75,813.693,3202.29,5.51394e+08
2020-05-21 09:30:00,oZZkBaNadn6DNKz,914.55,894.629,1504.71,1.70812e+09
2020-05-20 20:15:00,Mx2yZCDsyf6DPfv,0,0,9378,2.49752e+06
2020-06-03 15:00:00,LYwnQax7tkwH5Cb,1068.05,1042.84,3062.93,1.79506e+09
2020-05-17 15:30:00,9kRcWv60rDACzjR,430.793,423.143,5813.29,2.24774e+09
2020-06-11 14:15:00,Et9kgGMDl729KT4,447.736,439.429,2504.79,1.83082e+06
2020-05-28 15:30:00,PeE6FRyGXUgsRhN,822.647,805.133,7497.2,1.34844e+09
2020-05-29 17:15:00,Quc1TzYxW2pYoWX,272.24,267.06,3901.47,3.29575e+08
2020-06-02 00:15:00,rrq4fwE8jgrTyWY,0,0,0,1.21065e+08
2020-06-01 14:30:00,Quc1TzYxW2pYoWX,46.7333,45.2,3458.47,3.29588e+08
2020-06-11 20:30:00,81aHJ1q11NBPMrL,0,0,3902,1.21545e+09
2020-06-13 11:00:00,4UPUqMRk7TRMgml,671.047,654.747,861.667,1.75619e+06
2020-06-02 18:45:00,oZ35aAeoifZaQzV,1.17857,1.13571,7147,1.66011e+09
2020-06-13 13:15:00,oZZkBaNadn6DNKz,860.667,841.28,3695.33,1.70827e+09
2020-06-01 03:30:00,Qf4GUc1pJu5T6c6,0,0,0,8.3855e+08
2020-05-21 06:15:00,xoJJ8DcxJEcupym,45.4333,43.94,7.73333,2.09169e+08
2020-05-29 07:45:00,Et9kgGMDl729KT4,218.92,214.62,208.533,1.77921e+06
2020-06-08 01:30:00,WcxssY2VbP4hApt,0,0,1950,1.81862e+08
2020-05-29 09:45:00,WcxssY2VbP4hApt,640.993,626.527,1053.33,1.09085e+08
2020-05-29 11:00:00,Quc1TzYxW2pYoWX,0,0,898,3.29572e+08
2020-05-19 09:30:00,81aHJ1q11NBPMrL,353.287,347.293,1163.73,1.2153e+09
2020-05-28 14:00:00,V94E5Ben1TlhnDV,1148.1,1121.14,6512.21,1.41219e+09
2020-05-31 19:45:00,oZ35aAeoifZaQzV,0,0,6678,1.6601e+09
2020-05-31 01:45:00,vOuJvMaM2sgwLmb,0,0,0,2.32669e+06
2020-05-18 08:45:00,Mx2yZCDsyf6DPfv,565.56,554.287,324.067,2.47406e+06
2020-06-11 00:45:00,xoJJ8DcxJEcupym,0,0,3971,2.09297e+08
2020-06-13 10:15:00,Et9kgGMDl729KT4,518.213,507.707,1194.4,1.83656e+06
2020-06-15 03:15:00,4UPUqMRk7TRMgml,0,0,1868,2.64132e+06
2020-06-02 08:15:00,IQ2d7wF4YD8zU1Q,486.4,477.087,629.067,2.00829e+07
2020-05-24 09:30:00,oZ35aAeoifZaQzV,968.036,946.7,1574.86,1.66004e+09
2020-05-31 13:15:00,PeE6FRyGXUgsRhN,1236.23,1205.33,4230.33,1.34846e+09
2020-05-23 08:30:00,Mx2yZCDsyf6DPfv,734.433,719.133,794.667,2.51717e+06
2020-06-11 15:15:00,Et9kgGMDl729KT4,460.92,452.32,2813.6,1.83113e+06
2020-05-30 02:30:00,WcxssY2VbP4hApt,0,0,0,1.81815e+08
2020-06-08 18:45:00,WcxssY2VbP4hApt,5.3,5.10667,3584.8,1.81865e+08
2020-06-17 09:30:00,mqwcsP2rE7J0TFp,360.653,354.033,466.467,5.93811e+08
2020-06-01 05:15:00,4UPUqMRk7TRMgml,0,0,0,2.55256e+06
2020-06-02 21:15:00,rrq4fwE8jgrTyWY,0,0,3856,1.21069e+08
2020-05-22 21:45:00,9kRcWv60rDACzjR,0,0,3090,2.24777e+09
2020-06-09 04:15:00,81aHJ1q11NBPMrL,0,0,0,1.21544e+09
2020-05-19 13:45:00,V94E5Ben1TlhnDV,1039.08,1015.71,5368.07,1.41212e+09
2020-05-28 04:15:00,xoJJ8DcxJEcupym,0,0,0,2.09214e+08
2020-06-10 13:45:00,q49J1IKaHRwDQnt,695.3,680.607,4289.73,481928
2020-05-25 12:00:00,LlT2YUhhzqhg5Sw,1243.66,1212.57,4182.07,2.82659e+08
2020-06-06 08:00:00,WcxssY2VbP4hApt,448.05,439.007,272.143,1.81852e+08
2020-06-01 08:15:00,xoJJ8DcxJEcupym,296.333,291.053,334.733,2.0924e+08
2020-05-22 20:30:00,xoJJ8DcxJEcupym,0,0,3954,2.09177e+08
2020-06-13 08:15:00,NgDl19wMapZy17u,451.527,442.767,451,1.1172e+08
2020-06-04 20:30:00,Qf4GUc1pJu5T6c6,0,0,6904,8.38575e+08
2020-05-23 01:30:00,4UPUqMRk7TRMgml,0,0,5917.8,2.48328e+06
2020-05-19 18:15:00,WcxssY2VbP4hApt,2.46667,2.38,6831,1.81735e+08
2020-06-07 18:00:00,LYwnQax7tkwH5Cb,90.1929,87.5857,2039.21,1.79507e+09
2020-06-07 05:30:00,Quc1TzYxW2pYoWX,0,0,3413,3.29609e+08
2020-05-30 12:00:00,PeE6FRyGXUgsRhN,257.453,252.033,1731.33,1.34845e+09
2020-06-12 21:00:00,81aHJ1q11NBPMrL,0,0,4769,1.21546e+09
2020-05-29 22:45:00,NgDl19wMapZy17u,0,0,8027,1.1163e+08
2020-05-15 16:45:00,Qf4GUc1pJu5T6c6,462.973,454.2,6191.8,8.38428e+08
2020-05-24 04:30:00,rrq4fwE8jgrTyWY,0,0,0,1.21014e+08
2020-06-15 22:45:00,q49J1IKaHRwDQnt,0,0,6060,511325
2020-06-13 00:15:00,Qf4GUc1pJu5T6c6,0,0,4455,8.38629e+08
2020-05-22 06:45:00,oZZkBaNadn6DNKz,173.587,170,64.5333,1.70812e+09
2020-05-27 17:15:00,oZZkBaNadn6DNKz,264.613,259.52,4546.67,1.70817e+09
2020-06-07 02:30:00,oZ35aAeoifZaQzV,0,0,8368,1.66013e+09
2020-05-17 14:45:00,Et9kgGMDl729KT4,595.747,583.84,3522,1.71841e+06
2020-06-13 02:45:00,xoJJ8DcxJEcupym,0,0,4788,2.09306e+08
2020-06-16 22:45:00,Quc1TzYxW2pYoWX,0,0,4430,3.29642e+08
2020-05-21 22:00:00,oZ35aAeoifZaQzV,0,0,8349,1.66002e+09
2020-06-07 01:00:00,LYwnQax7tkwH5Cb,0,0,3489,1.79507e+09
2020-05-25 20:45:00,9kRcWv60rDACzjR,0,0,8853,2.2478e+09
2020-05-27 21:45:00,Quc1TzYxW2pYoWX,0,0,7370,3.29566e+08
2020-06-02 11:00:00,vOuJvMaM2sgwLmb,632.827,619.333,2209,2.18385e+06
2020-05-20 13:15:00,WcxssY2VbP4hApt,1300.13,1267.63,6012.4,1.81741e+08
2020-06-11 06:30:00,4UPUqMRk7TRMgml,21.0867,20.3533,2.8,2.62429e+06
2020-05-15 15:45:00,oZZkBaNadn6DNKz,760.071,744.143,4653.36,1.70809e+09
2020-06-13 09:45:00,rrq4fwE8jgrTyWY,235.673,230.927,579.667,6.459e+07
2020-05-23 21:00:00,LlT2YUhhzqhg5Sw,0,0,3385,2.82646e+08
2020-06-05 05:45:00,oZ35aAeoifZaQzV,0,0,0,1.66012e+09
2020-06-11 04:00:00,xMbIugepa2P7lBB,0,0,5523,1.06861e+08
2020-05-24 04:15:00,4UPUqMRk7TRMgml,0,0,0,2.49297e+06
2020-06-09 07:00:00,vOuJvMaM2sgwLmb,247.28,242.7,92.8,2.37578e+06
2020-05-20 18:00:00,rrq4fwE8jgrTyWY,99.8267,96.98,6763.13,1.20997e+08
2020-06-08 08:30:00,9kRcWv60rDACzjR,682.647,668.547,759,2.24787e+09
2020-06-02 06:15:00,PeE6FRyGXUgsRhN,64.5643,62.5429,12.4286,1.34846e+09
2020-05-29 10:15:00,LlT2YUhhzqhg5Sw,932.836,912.436,2126.43,2.82693e+08
2020-06-10 17:15:00,WcxssY2VbP4hApt,20.5733,19.8667,3518.73,1.81873e+08
2020-06-13 23:30:00,PeE6FRyGXUgsRhN,0,0,6515,1.34853e+09
2020-05-21 09:30:00,4UPUqMRk7TRMgml,862.186,843.343,1511.64,2.46578e+06
2020-06-10 07:15:00,PeE6FRyGXUgsRhN,106.013,103.033,73.1333,1.34851e+09
2020-05-15 02:30:00,Quc1TzYxW2pYoWX,0,0,5495,3.29509e+08
2020-06-11 06:30:00,mqwcsP2rE7J0TFp,22.1786,21.4,6.14286,5.93778e+08
2020-05-30 17:15:00,oZ35aAeoifZaQzV,309.82,304.327,8092.93,1.66009e+09
2020-05-17 01:30:00,Quc1TzYxW2pYoWX,0,0,6365,3.2952e+08
2020-06-12 09:00:00,Qf4GUc1pJu5T6c6,472.9,463.913,547.867,8.38625e+08
2020-06-03 08:00:00,NgDl19wMapZy17u,440.887,432.7,319.867,1.11656e+08
2020-06-17 22:30:00,Mx2yZCDsyf6DPfv,0,0,4441,2.68335e+06
2020-06-01 00:15:00,LYwnQax7tkwH5Cb,0,0,0,1.79505e+09
2020-06-01 19:00:00,oZZkBaNadn6DNKz,0,0,4329,1.7082e+09
2020-05-29 07:15:00,Quc1TzYxW2pYoWX,123.94,120.56,106.667,3.29571e+08
2020-06-09 19:45:00,WcxssY2VbP4hApt,0,0,4027,1.81869e+08
2020-06-07 10:45:00,LlT2YUhhzqhg5Sw,846.657,827.471,2285.86,2.82737e+08
2020-06-09 20:00:00,vOuJvMaM2sgwLmb,0,0,7868,2.38355e+06
2020-06-10 16:15:00,4UPUqMRk7TRMgml,417.847,410.313,5342.67,2.62404e+06
2020-06-14 22:30:00,Mx2yZCDsyf6DPfv,0,0,3304,2.67074e+06
2020-05-29 15:15:00,WcxssY2VbP4hApt,811.48,794,6362.53,1.69693e+08
2020-05-22 10:15:00,Qf4GUc1pJu5T6c6,1198.43,1168.47,2515.07,8.38474e+08
2020-06-03 22:45:00,81aHJ1q11NBPMrL,0,0,4685,1.2154e+09
2020-06-01 00:30:00,xoJJ8DcxJEcupym,0,0,0,2.0924e+08
2020-05-17 15:15:00,Qf4GUc1pJu5T6c6,372.947,366.54,6235,8.38442e+08
2020-05-30 15:30:00,9kRcWv60rDACzjR,827.353,809.727,6852.4,2.24783e+09
2020-06-06 10:30:00,rrq4fwE8jgrTyWY,0,0,1063,1.21084e+08
2020-06-11 10:30:00,vOuJvMaM2sgwLmb,528.907,518.333,1061.87,2.39009e+06
2020-05-25 03:15:00,LlT2YUhhzqhg5Sw,0,0,0,2.82655e+08
2020-06-09 07:45:00,q49J1IKaHRwDQnt,574.4,562.921,410.929,474448
2020-05-27 14:15:00,vOuJvMaM2sgwLmb,0,0,0,0
2020-05-23 02:45:00,Qf4GUc1pJu5T6c6,0,0,0,8.38481e+08
2020-05-24 06:30:00,Qf4GUc1pJu5T6c6,96.4071,93.6429,25.5,8.38491e+08
2020-05-16 02:45:00,V94E5Ben1TlhnDV,0,0,0,1.41209e+09
2020-05-29 06:00:00,rrq4fwE8jgrTyWY,19.28,18.6267,1,1.2104e+08
2020-05-16 09:45:00,q49J1IKaHRwDQnt,638.929,624.75,1771.79,350791
2020-05-23 20:15:00,oZZkBaNadn6DNKz,0,0,9520,1.70814e+09
2020-06-09 17:30:00,Mx2yZCDsyf6DPfv,176.847,173.3,7952.4,2.65006e+06
2020-06-10 09:30:00,q49J1IKaHRwDQnt,992.407,969.271,1083.07,478721
2020-06-08 19:15:00,Et9kgGMDl729KT4,0,0,3189,1.82197e+06
2020-06-06 13:45:00,LYwnQax7tkwH5Cb,0,0,2212,1.79507e+09
2020-05-21 17:15:00,xoJJ8DcxJEcupym,283.473,278.253,4355,2.09173e+08
2020-06-05 07:30:00,Quc1TzYxW2pYoWX,187.887,184.153,150.133,3.29602e+08
2020-05-16 17:30:00,NgDl19wMapZy17u,17.0071,16.4286,7758.07,1.1153e+08
2020-05-25 12:30:00,9kRcWv60rDACzjR,1246.58,1215.41,4813.53,2.24779e+09
2020-05-22 08:15:00,oZ35aAeoifZaQzV,640.827,627.767,641.933,1.66002e+09
2020-06-17 07:00:00,oZ35aAeoifZaQzV,67.7667,65.6333,43.5333,1.66018e+09
2020-05-22 09:30:00,oZZkBaNadn6DNKz,1030.97,1007.9,1672.5,1.70812e+09
2020-06-01 22:15:00,oZZkBaNadn6DNKz,0,0,4329,1.7082e+09
2020-06-07 04:15:00,PeE6FRyGXUgsRhN,0,0,2212,1.34849e+09
2020-06-10 16:00:00,Et9kgGMDl729KT4,387.279,380.521,2152,1.82802e+06
2020-05-18 22:15:00,PeE6FRyGXUgsRhN,0,0,6551,1.34838e+09
2020-05-29 14:30:00,4UPUqMRk7TRMgml,812.833,795.573,6092.87,2.53565e+06
2020-06-02 07:00:00,81aHJ1q11NBPMrL,242.533,237.933,135.6,1.2154e+09
2020-06-12 14:30:00,xoJJ8DcxJEcupym,524.86,514.507,3432.93,2.09304e+08
2020-05-15 17:45:00,Qf4GUc1pJu5T6c6,39.6733,38.3467,6400.87,8.38428e+08
2020-06-03 14:30:00,oZ35aAeoifZaQzV,671.857,657.993,4454.71,1.66011e+09
2020-05-22 05:45:00,Mx2yZCDsyf6DPfv,0.606667,0.586667,0,2.50657e+06
2020-06-01 21:30:00,rrq4fwE8jgrTyWY,0,0,3858,1.21065e+08
2020-06-17 09:00:00,WcxssY2VbP4hApt,193.413,189.6,363.8,1.81908e+08
2020-06-11 03:30:00,NgDl19wMapZy17u,0,0,2618,1.11711e+08
2020-05-21 02:00:00,PeE6FRyGXUgsRhN,0,0,0,1.34838e+09
2020-05-17 01:00:00,oZ35aAeoifZaQzV,0,0,0,1.65998e+09
2020-06-01 19:00:00,PeE6FRyGXUgsRhN,0,0,4156,1.34846e+09
2020-06-14 11:30:00,IQ2d7wF4YD8zU1Q,890.787,870.7,2780.53,2.01644e+07
2020-06-01 04:00:00,mqwcsP2rE7J0TFp,0,0,0,5.93713e+08
2020-06-06 18:00:00,xoJJ8DcxJEcupym,105.153,102.207,2320.8,2.09269e+08
2020-06-06 21:15:00,Qf4GUc1pJu5T6c6,0,0,8227,8.3859e+08
2020-05-16 12:00:00,IQ2d7wF4YD8zU1Q,1106.42,1079.75,4476.93,1.99557e+07
2020-06-02 23:15:00,vOuJvMaM2sgwLmb,0,0,3796,2.34127e+06
2020-05-19 17:30:00,q49J1IKaHRwDQnt,0,0,2823,365263
2020-05-21 21:30:00,81aHJ1q11NBPMrL,0,0,8570,1.21531e+09
2020-06-02 08:15:00,Quc1TzYxW2pYoWX,461.833,453.087,501.867,3.29588e+08
2020-05-26 00:45:00,PeE6FRyGXUgsRhN,0,0,0,1.34842e+09
2020-05-16 23:45:00,WcxssY2VbP4hApt,0,0,4812.6,1.81713e+08
2020-06-17 05:15:00,PeE6FRyGXUgsRhN,0,0,0,1.34854e+09
2020-05-20 13:45:00,q49J1IKaHRwDQnt,0,0,2033,367298
2020-06-09 07:30:00,81aHJ1q11NBPMrL,500.243,490.407,280.714,1.21544e+09
2020-06-13 06:15:00,mqwcsP2rE7J0TFp,43.0867,41.6533,5.46667,5.93787e+08
2020-05-26 14:45:00,vOuJvMaM2sgwLmb,1039.05,1015.12,7586.13,2.29484e+06
2020-05-27 19:00:00,PeE6FRyGXUgsRhN,0,0,3852,1.34843e+09
2020-05-20 20:00:00,PeE6FRyGXUgsRhN,0,0,2707,1.34838e+09
2020-05-30 00:45:00,q49J1IKaHRwDQnt,0,0,7407,430129
2020-05-29 23:15:00,LlT2YUhhzqhg5Sw,0,0,7234,2.82698e+08
2020-06-12 04:45:00,LYwnQax7tkwH5Cb,0,0,3718,1.79508e+09
2020-06-10 21:15:00,q49J1IKaHRwDQnt,0,0,5303,482941
2020-06-01 17:30:00,mqwcsP2rE7J0TFp,7.67692,7.39231,4209.62,5.93717e+08
2020-06-13 00:15:00,IQ2d7wF4YD8zU1Q,0,0,4802,2.01583e+07
2020-05-24 00:15:00,LlT2YUhhzqhg5Sw,0,0,0,2.82646e+08
2020-05-19 07:00:00,WcxssY2VbP4hApt,153.9,150.24,82.6,1.81728e+08
2020-05-31 22:30:00,V94E5Ben1TlhnDV,0,0,6597,1.41221e+09
2020-06-01 04:30:00,Mx2yZCDsyf6DPfv,0,0,0,2.58558e+06
2020-05-27 05:30:00,Quc1TzYxW2pYoWX,0,0,0,3.29559e+08
2020-05-30 00:15:00,Quc1TzYxW2pYoWX,0,0,4046,3.29575e+08
2020-06-01 05:15:00,IQ2d7wF4YD8zU1Q,0,0,0,2.0078e+07
2020-06-16 18:30:00,oZ35aAeoifZaQzV,12.4929,12.0357,5621.43,1.66018e+09
2020-06-04 09:45:00,vOuJvMaM2sgwLmb,759.547,742.76,1376.27,2.3476e+06
2020-05-29 00:30:00,rrq4fwE8jgrTyWY,0,0,0,1.2104e+08
2020-06-17 14:00:00,Quc1TzYxW2pYoWX,269.513,264.113,1221.33,2.19763e+08
2020-06-05 13:00:00,WcxssY2VbP4hApt,0,0,1710,1.8185e+08
2020-05-29 01:15:00,xoJJ8DcxJEcupym,0,0,0,2.09223e+08
2020-06-11 13:30:00,WcxssY2VbP4hApt,550.86,539.927,2544.93,1.81875e+08
2020-05-23 23:45:00,Mx2yZCDsyf6DPfv,0,0,9655,2.52603e+06
2020-05-15 03:00:00,81aHJ1q11NBPMrL,0,0,0,1.21528e+09
2020-05-16 12:00:00,NgDl19wMapZy17u,1041.32,1016.33,4385.13,1.11526e+08
2020-05-15 07:15:00,PeE6FRyGXUgsRhN,377.193,370.693,178.333,1.34835e+09
2020-06-01 04:00:00,4UPUqMRk7TRMgml,0,0,0,2.55256e+06
2020-06-07 03:45:00,LlT2YUhhzqhg5Sw,0,0,4674,2.82735e+08
2020-06-08 23:00:00,rrq4fwE8jgrTyWY,0,0,3457,1.21091e+08
2020-06-01 19:00:00,LlT2YUhhzqhg5Sw,0,0,4046,2.82716e+08
2020-05-27 07:30:00,V94E5Ben1TlhnDV,339.114,333.307,213.714,1.41218e+09
2020-06-14 10:15:00,rrq4fwE8jgrTyWY,910.28,889.687,1741.33,1.21113e+08
2020-05-22 16:15:00,xoJJ8DcxJEcupym,616.493,604.027,3379.8,2.09177e+08
2020-06-06 20:00:00,Mx2yZCDsyf6DPfv,0,0,8312,2.62511e+06
2020-05-28 08:00:00,WcxssY2VbP4hApt,113.807,111.547,96.2,3.63597e+07
2020-05-18 02:30:00,oZ35aAeoifZaQzV,0,0,0,1.65999e+09
2020-06-15 12:15:00,xoJJ8DcxJEcupym,1288.28,1256.67,3434.14,2.09323e+08
2020-06-13 02:15:00,Quc1TzYxW2pYoWX,0,0,3668,3.29628e+08
2020-05-18 18:45:00,V94E5Ben1TlhnDV,0,0,4816,1.41211e+09
2020-05-31 18:45:00,Mx2yZCDsyf6DPfv,0,0,6639,2.58558e+06
2020-05-29 04:45:00,LYwnQax7tkwH5Cb,0,0,0,1.79502e+09
2020-05-17 19:30:00,WcxssY2VbP4hApt,0,0,7266,1.8172e+08
2020-06-06 02:00:00,LlT2YUhhzqhg5Sw,0,0,3053,2.8273e+08
2020-06-03 10:15:00,xMbIugepa2P7lBB,416.071,407.914,1498,1.06804e+08
2020-05-18 09:30:00,Et9kgGMDl729KT4,469.773,460.053,712,1.7202e+06
2020-05-17 18:15:00,Mx2yZCDsyf6DPfv,40.6933,39.3533,6475.33,2.47373e+06
2020-05-19 00:15:00,xMbIugepa2P7lBB,0,0,7696,1.06689e+08
2020-05-18 21:30:00,xoJJ8DcxJEcupym,0,0,4243,2.0916e+08
2020-06-02 05:00:00,mqwcsP2rE7J0TFp,0,0,0,5.93717e+08
2020-06-08 00:15:00,81aHJ1q11NBPMrL,0,0,0,1.21543e+09
2020-06-02 16:30:00,IQ2d7wF4YD8zU1Q,0,0,0,2.67853e+06
2020-06-09 17:15:00,81aHJ1q11NBPMrL,243.457,238.714,4556.07,1.21544e+09
2020-05-16 22:30:00,Mx2yZCDsyf6DPfv,0,0,5807,2.46725e+06
2020-06-10 13:30:00,9kRcWv60rDACzjR,569.5,556.82,1494.6,2.24788e+09
2020-06-01 05:45:00,mqwcsP2rE7J0TFp,0,0,0,5.93713e+08
2020-06-17 21:45:00,V94E5Ben1TlhnDV,0,0,4324,1.41229e+09
2020-06-13 10:15:00,LlT2YUhhzqhg5Sw,617.347,604.18,1343.67,2.82764e+08
2020-05-30 04:45:00,oZZkBaNadn6DNKz,0,0,0,1.70819e+09
2020-05-29 19:30:00,4UPUqMRk7TRMgml,0,0,8126,2.53768e+06
2020-06-11 17:45:00,mqwcsP2rE7J0TFp,81.9333,79.5533,3839.33,5.93782e+08
2020-06-13 10:00:00,LYwnQax7tkwH5Cb,444.307,435.207,881.067,1.67542e+09
2020-06-09 14:30:00,vOuJvMaM2sgwLmb,694.633,680.067,6132,2.38182e+06
2020-05-20 18:00:00,LlT2YUhhzqhg5Sw,103.447,100.507,3855.67,2.82631e+08
2020-05-16 12:00:00,LYwnQax7tkwH5Cb,26.9333,26.46,1828,1.79497e+09
2020-06-11 19:00:00,xoJJ8DcxJEcupym,0,0,3941,2.09301e+08
2020-05-20 11:30:00,9kRcWv60rDACzjR,0,0,2316,2.24776e+09
2020-05-20 04:00:00,vOuJvMaM2sgwLmb,0,0,0,2.24376e+06
2020-05-21 08:00:00,WcxssY2VbP4hApt,499.86,490.213,437.6,1.81745e+08
2020-05-30 19:15:00,Et9kgGMDl729KT4,0,0,5509,1.78881e+06
2020-05-24 19:30:00,PeE6FRyGXUgsRhN,0,0,8962,1.34841e+09
2020-06-04 23:15:00,81aHJ1q11NBPMrL,0,0,6147,1.21541e+09
2020-06-16 01:30:00,LYwnQax7tkwH5Cb,0,0,5604,1.79511e+09
2020-06-03 13:15:00,PeE6FRyGXUgsRhN,578.887,567.173,2186.07,1.34847e+09
2020-06-06 12:30:00,NgDl19wMapZy17u,1303.45,1271.23,4630.53,1.1168e+08
2020-06-07 05:30:00,Qf4GUc1pJu5T6c6,0,0,0,8.3859e+08
2020-05-25 20:00:00,q49J1IKaHRwDQnt,0,0,6197,401827
2020-05-26 07:15:00,xoJJ8DcxJEcupym,267.593,262.48,149.467,2.09205e+08
2020-05-16 15:15:00,WcxssY2VbP4hApt,472.353,463.547,7401.6,1.81712e+08
2020-05-18 17:45:00,oZZkBaNadn6DNKz,83.68,81.2,6755.13,1.70811e+09
2020-06-13 17:00:00,9kRcWv60rDACzjR,496.24,486.54,2506.2,2.24789e+09
2020-06-08 04:30:00,Et9kgGMDl729KT4,0,0,2554,1.81878e+06
2020-06-07 07:45:00,PeE6FRyGXUgsRhN,319.48,313.867,191.933,1.34849e+09
2020-06-07 10:15:00,WcxssY2VbP4hApt,0,0,1084,1.81861e+08
2020-05-18 09:30:00,V94E5Ben1TlhnDV,779.367,762.92,728.133,1.41211e+09
2020-06-01 06:00:00,vOuJvMaM2sgwLmb,6.33333,6.12,0.933333,2.33321e+06
2020-05-23 06:15:00,Quc1TzYxW2pYoWX,40.0267,38.6933,7.2,3.29539e+08
2020-05-28 05:45:00,LYwnQax7tkwH5Cb,0,0,0,1.79502e+09
2020-05-29 06:00:00,xoJJ8DcxJEcupym,21.2,20.4643,1.42857,2.09223e+08
2020-05-28 23:15:00,LlT2YUhhzqhg5Sw,0,0,8881,2.82691e+08
2020-05-25 23:15:00,Mx2yZCDsyf6DPfv,0,0,9167,2.54016e+06
2020-05-15 11:45:00,LYwnQax7tkwH5Cb,745.167,726.533,4285.13,1.79496e+09
2020-06-04 04:30:00,81aHJ1q11NBPMrL,0,0,0,1.2154e+09
2020-06-12 19:30:00,mqwcsP2rE7J0TFp,0,0,4764,5.93787e+08
2020-05-25 20:15:00,Mx2yZCDsyf6DPfv,0,0,9167,2.54016e+06
2020-06-07 07:30:00,mqwcsP2rE7J0TFp,209.227,205.12,127.467,5.93751e+08
2020-06-08 11:45:00,Qf4GUc1pJu5T6c6,1109.81,1083.01,3846.47,8.38602e+08
2020-06-10 14:15:00,NgDl19wMapZy17u,260.967,256.033,809.067,8.19207e+07
2020-05-21 07:15:00,xoJJ8DcxJEcupym,253.247,248.373,139.8,2.09169e+08
2020-05-23 15:00:00,Et9kgGMDl729KT4,813.973,796.673,3290.93,1.74241e+06
2020-06-02 23:15:00,q49J1IKaHRwDQnt,0,0,3744,451874
2020-06-09 08:30:00,Et9kgGMDl729KT4,666.867,653.193,752.067,1.82273e+06
2020-05-22 17:45:00,PeE6FRyGXUgsRhN,129.12,125.693,9391.13,1.3484e+09
2020-06-13 06:45:00,xoJJ8DcxJEcupym,116.764,113.621,3447.86,2.09306e+08
2020-05-25 11:00:00,Et9kgGMDl729KT4,990.907,968.947,1893.27,1.74903e+06
2020-06-05 02:15:00,4UPUqMRk7TRMgml,0,0,6990,2.5774e+06
2020-05-17 01:30:00,WcxssY2VbP4hApt,0,0,0,1.81713e+08
2020-06-04 21:15:00,Et9kgGMDl729KT4,0,0,2695,1.81116e+06
2020-05-23 19:15:00,rrq4fwE8jgrTyWY,0,0,2982,1.21014e+08
2020-05-26 04:45:00,9kRcWv60rDACzjR,0,0,0,2.2478e+09
2020-05-29 01:00:00,rrq4fwE8jgrTyWY,0,0,0,1.2104e+08
2020-05-16 10:15:00,PeE6FRyGXUgsRhN,0,0,1839,1.34836e+09
2020-06-13 10:15:00,mqwcsP2rE7J0TFp,661.313,646.827,1365.6,5.93788e+08
2020-06-06 11:00:00,oZZkBaNadn6DNKz,0,0,909,1.70822e+09
2020-05-25 20:30:00,Qf4GUc1pJu5T6c6,0,0,9156,8.38504e+08
2020-05-26 22:15:00,Qf4GUc1pJu5T6c6,0,0,0,8.38514e+08
2020-05-30 18:15:00,9kRcWv60rDACzjR,39.06,37.7533,7977.4,2.24783e+09
2020-06-07 12:30:00,IQ2d7wF4YD8zU1Q,1285.68,1253.94,4341.79,2.0123e+07
2020-05-23 00:15:00,LlT2YUhhzqhg5Sw,0,0,0,2.82642e+08
2020-06-09 07:00:00,PeE6FRyGXUgsRhN,245.54,240.907,91.8,1.3485e+09
2020-06-07 17:30:00,4UPUqMRk7TRMgml,240.347,235.68,7711.2,2.60125e+06
2020-05-22 18:45:00,LlT2YUhhzqhg5Sw,0,0,5052,2.82642e+08
2020-06-12 04:00:00,NgDl19wMapZy17u,0,0,3884,1.11715e+08
2020-06-04 07:45:00,rrq4fwE8jgrTyWY,350.467,344.447,233.2,1.21073e+08
2020-06-10 08:00:00,q49J1IKaHRwDQnt,353.633,347.34,226.667,477865
2020-05-23 06:00:00,V94E5Ben1TlhnDV,19.6357,18.9571,1.21429,1.41214e+09
2020-06-03 04:30:00,oZZkBaNadn6DNKz,0,0,0,1.70821e+09
2020-05-28 12:30:00,oZ35aAeoifZaQzV,0,0,2058,1.66007e+09
2020-06-16 06:30:00,LYwnQax7tkwH5Cb,68.6571,66.5214,17.8571,1.79511e+09
2020-06-03 12:00:00,PeE6FRyGXUgsRhN,0,0,2077,1.34847e+09
2020-06-15 00:00:00,mqwcsP2rE7J0TFp,0,0,791.6,5.93799e+08
2020-06-07 16:30:00,mqwcsP2rE7J0TFp,405.513,397.427,7169.53,5.93758e+08
2020-05-19 02:45:00,Mx2yZCDsyf6DPfv,0,0,0,2.48137e+06
2020-06-07 08:30:00,Quc1TzYxW2pYoWX,470.9,461.8,424.533,3.29609e+08
2020-06-10 13:30:00,oZZkBaNadn6DNKz,705.08,689.9,4184.2,1.70826e+09
2020-06-03 20:45:00,oZ35aAeoifZaQzV,0,0,5493,1.66011e+09
2020-05-28 00:00:00,WcxssY2VbP4hApt,0,0,0,1.81798e+08
2020-06-15 05:45:00,IQ2d7wF4YD8zU1Q,0,0,0,2.01689e+07
2020-06-15 07:30:00,rrq4fwE8jgrTyWY,219.833,215.5,179.267,1.21119e+08
2020-05-31 12:30:00,NgDl19wMapZy17u,788.38,770.567,3565.8,1.11642e+08
2020-05-18 10:15:00,xoJJ8DcxJEcupym,0,0,902,2.09157e+08
2020-05-23 20:15:00,V94E5Ben1TlhnDV,0,0,9483,1.41215e+09
2020-05-15 09:30:00,oZZkBaNadn6DNKz,1005.31,982.95,1735.36,1.70809e+09
2020-05-22 13:30:00,oZ35aAeoifZaQzV,1245.51,1214.37,6608.93,1.66002e+09
2020-05-19 12:15:00,vOuJvMaM2sgwLmb,1243.19,1212.49,3690.43,2.24073e+06
2020-06-06 06:45:00,LYwnQax7tkwH5Cb,145.98,142.487,56.3333,1.79507e+09
2020-06-05 03:30:00,vOuJvMaM2sgwLmb,0,0,6885,2.35311e+06
2020-05-27 08:30:00,LlT2YUhhzqhg5Sw,660.713,647.207,695.667,2.82673e+08
2020-06-02 11:45:00,LYwnQax7tkwH5Cb,1036.54,1011.98,2765.5,1.79505e+09
2020-05-27 04:00:00,81aHJ1q11NBPMrL,0,0,0,0
2020-05-29 20:30:00,9kRcWv60rDACzjR,0,0,6958,2.24782e+09
2020-06-15 09:15:00,WcxssY2VbP4hApt,876.853,857.36,1300.4,1.81897e+08
2020-05-19 11:45:00,9kRcWv60rDACzjR,1208.89,1178.85,2987.47,2.24775e+09
2020-05-31 11:00:00,9kRcWv60rDACzjR,683.887,669.793,2213.93,2.24783e+09
2020-05-22 11:45:00,oZZkBaNadn6DNKz,1311.47,1278.68,4334.87,1.70812e+09
2020-06-06 04:45:00,Mx2yZCDsyf6DPfv,0,0,7726,2.6168e+06
2020-06-14 10:00:00,NgDl19wMapZy17u,674.836,660.257,1485.64,1.11725e+08
2020-06-17 03:15:00,IQ2d7wF4YD8zU1Q,0,0,0,2.01808e+07
2020-06-14 11:45:00,NgDl19wMapZy17u,918.673,897.587,3127.6,1.11727e+08
2020-05-16 02:45:00,vOuJvMaM2sgwLmb,0,0,0,2.22154e+06
2020-06-08 17:15:00,xoJJ8DcxJEcupym,283.187,277.807,8850.8,2.09286e+08
2020-06-10 07:00:00,Mx2yZCDsyf6DPfv,103.307,100.36,49.7333,2.6502e+06
2020-05-26 02:00:00,81aHJ1q11NBPMrL,0,0,0,1.21535e+09
2020-05-27 04:45:00,9kRcWv60rDACzjR,0,0,0,2.2478e+09
2020-05-30 00:45:00,oZ35aAeoifZaQzV,0,0,0,1.66008e+09
2020-05-27 00:30:00,V94E5Ben1TlhnDV,0,0,0,1.41218e+09
2020-06-01 16:45:00,LlT2YUhhzqhg5Sw,68.4133,66.3067,4011.2,2.82716e+08
2020-06-05 20:30:00,q49J1IKaHRwDQnt,0,0,2895,464866
2020-06-15 02:45:00,Mx2yZCDsyf6DPfv,0,0,3304,2.67074e+06
2020-06-11 09:00:00,oZZkBaNadn6DNKz,543.6,532.913,415.867,1.70826e+09
2020-06-02 07:00:00,4UPUqMRk7TRMgml,248.093,243.447,137.8,2.55703e+06
2020-06-14 09:00:00,xMbIugepa2P7lBB,758.893,742.747,677.467,1.06874e+08
2020-06-10 15:15:00,xoJJ8DcxJEcupym,301.893,296.407,3394.07,2.09296e+08
2020-06-11 12:15:00,NgDl19wMapZy17u,60.8385,59.7769,297.231,4.29665e+07
2020-06-13 04:45:00,Et9kgGMDl729KT4,0,0,3743,1.83536e+06
2020-06-10 21:15:00,LlT2YUhhzqhg5Sw,0,0,5452,2.82755e+08
2020-06-17 15:45:00,vOuJvMaM2sgwLmb,334.293,328.6,3882.33,2.42725e+06
2020-06-17 03:00:00,81aHJ1q11NBPMrL,0,0,0,1.21548e+09
2020-05-19 07:00:00,q49J1IKaHRwDQnt,148.927,145.307,79.4667,362519
2020-06-10 03:30:00,81aHJ1q11NBPMrL,0,0,0,1.21544e+09
2020-05-28 19:00:00,q49J1IKaHRwDQnt,0,0,7799,422722
2020-05-27 23:00:00,81aHJ1q11NBPMrL,0,0,9138,1.21536e+09
2020-05-21 11:30:00,rrq4fwE8jgrTyWY,0,0,1682,1.20998e+08
2020-05-28 03:15:00,PeE6FRyGXUgsRhN,0,0,0,1.34843e+09
2020-05-21 02:45:00,Mx2yZCDsyf6DPfv,0,0,0,2.49752e+06
2020-06-04 07:00:00,q49J1IKaHRwDQnt,159.313,155.68,65.6667,456327
2020-05-29 19:30:00,oZZkBaNadn6DNKz,0,0,7128,1.70819e+09
2020-05-20 13:15:00,81aHJ1q11NBPMrL,0,0,1935,1.2153e+09
2020-06-12 20:15:00,NgDl19wMapZy17u,0,0,4764,1.1172e+08
2020-06-10 15:45:00,Quc1TzYxW2pYoWX,220.767,216.24,2140.4,3.29621e+08
2020-06-02 07:00:00,V94E5Ben1TlhnDV,247.58,242.86,136.933,1.41222e+09
2020-05-20 19:45:00,81aHJ1q11NBPMrL,0,0,3439,1.21531e+09
2020-05-24 21:00:00,oZ35aAeoifZaQzV,0,0,5081,1.66004e+09
2020-05-19 14:15:00,Mx2yZCDsyf6DPfv,1011.47,988.88,5902.47,2.48727e+06
2020-05-27 20:45:00,81aHJ1q11NBPMrL,0,0,9138,1.21536e+09
2020-06-12 10:30:00,vOuJvMaM2sgwLmb,247.673,243.093,1124.67,2.39407e+06
2020-05-17 06:00:00,vOuJvMaM2sgwLmb,4.22,4.08,0,2.22643e+06
2020-06-16 01:15:00,WcxssY2VbP4hApt,0,0,6367,1.81902e+08
2020-05-21 16:45:00,Mx2yZCDsyf6DPfv,432.607,424.827,8733,2.50625e+06
2020-06-07 16:30:00,oZ35aAeoifZaQzV,379.657,372.6,7466.14,1.66014e+09
2020-05-28 01:30:00,Et9kgGMDl729KT4,0,0,0,1.77103e+06
2020-06-11 00:00:00,PeE6FRyGXUgsRhN,0,0,4003,1.34851e+09
2020-06-09 10:45:00,xoJJ8DcxJEcupym,1035.18,1010.56,1719.86,2.09288e+08
2020-05-27 21:00:00,81aHJ1q11NBPMrL,0,0,9138,1.21536e+09
2020-06-01 14:15:00,LlT2YUhhzqhg5Sw,68.98,66.84,3810.07,2.82716e+08
2020-06-06 23:15:00,q49J1IKaHRwDQnt,0,0,3599,468465
2020-06-12 16:30:00,rrq4fwE8jgrTyWY,221.84,217.507,4134.2,1.21105e+08
2020-05-28 02:45:00,Qf4GUc1pJu5T6c6,0,0,0,8.38523e+08
2020-05-26 17:15:00,vOuJvMaM2sgwLmb,172.093,168.679,9195.5,2.29645e+06
2020-06-03 02:45:00,Et9kgGMDl729KT4,0,0,0,1.80438e+06
2020-06-10 14:00:00,Qf4GUc1pJu5T6c6,149.886,147.207,2316.43,4.1931e+08
2020-05-29 12:15:00,Mx2yZCDsyf6DPfv,1079.07,1054.63,4261.53,2.56677e+06
2020-06-14 04:30:00,q49J1IKaHRwDQnt,0,0,6393,497789
2020-06-17 17:15:00,LlT2YUhhzqhg5Sw,137.3,133.65,4020.43,2.82789e+08
2020-05-24 21:00:00,q49J1IKaHRwDQnt,0,0,8872,395630
2020-06-14 21:15:00,Quc1TzYxW2pYoWX,0,0,2058,3.29636e+08
2020-05-26 13:15:00,oZ35aAeoifZaQzV,1158.5,1130.13,6072.07,1.66006e+09
2020-05-19 18:15:00,Qf4GUc1pJu5T6c6,0,0,1909,8.38453e+08
2020-06-06 05:15:00,xMbIugepa2P7lBB,0,0,7722,1.06823e+08
2020-05-31 02:15:00,Qf4GUc1pJu5T6c6,0,0,0,8.38544e+08
2020-06-03 14:30:00,LYwnQax7tkwH5Cb,619.347,606.773,2673.33,1.79506e+09
2020-05-26 07:00:00,LYwnQax7tkwH5Cb,197.64,193.74,91.9333,1.79501e+09
2020-05-26 21:00:00,Et9kgGMDl729KT4,0,0,8289,1.76237e+06
2020-06-06 11:30:00,PeE6FRyGXUgsRhN,0,0,861,1.34849e+09
2020-05-23 11:45:00,WcxssY2VbP4hApt,0,0,0,0
2020-05-28 14:00:00,PeE6FRyGXUgsRhN,1115.03,1089.58,6063.71,1.34844e+09
2020-05-23 08:15:00,PeE6FRyGXUgsRhN,620.387,607.833,598.2,1.3484e+09
2020-06-16 04:30:00,mqwcsP2rE7J0TFp,0,0,0,5.93805e+08
2020-05-30 11:00:00,V94E5Ben1TlhnDV,1034.74,1011.08,2104.93,1.4122e+09
2020-05-17 01:45:00,Mx2yZCDsyf6DPfv,0,0,0,2.46725e+06
2020-05-27 01:15:00,WcxssY2VbP4hApt,0,0,0,1.81794e+08
2020-06-10 06:30:00,NgDl19wMapZy17u,41.4067,40.04,13.9333,1.11708e+08
2020-06-06 20:00:00,Quc1TzYxW2pYoWX,0,0,3413,3.29609e+08
2020-06-01 00:00:00,Et9kgGMDl729KT4,0,0,403.867,1.79487e+06
2020-05-17 23:45:00,vOuJvMaM2sgwLmb,0,0,4286.4,2.23179e+06
2020-05-27 22:45:00,V94E5Ben1TlhnDV,0,0,5825,1.41218e+09
2020-06-15 00:30:00,9kRcWv60rDACzjR,0,0,0,2.2479e+09
2020-05-27 14:00:00,V94E5Ben1TlhnDV,971.4,949.213,3299.47,1.41218e+09
2020-06-08 09:00:00,LlT2YUhhzqhg5Sw,736.779,721.093,1034.29,2.82744e+08
2020-05-18 23:00:00,vOuJvMaM2sgwLmb,0,0,5243,2.23704e+06
2020-06-16 15:00:00,NgDl19wMapZy17u,537.693,527.04,4674,1.11741e+08
2020-06-16 09:30:00,Et9kgGMDl729KT4,514.693,504.567,938.733,1.84648e+06
2020-05-28 11:00:00,PeE6FRyGXUgsRhN,1223.35,1192.77,2880.87,1.34844e+09
2020-06-08 08:00:00,Et9kgGMDl729KT4,514.627,504.407,437.8,1.81922e+06
2020-06-09 09:00:00,LlT2YUhhzqhg5Sw,883.286,864.179,1187.79,2.82747e+08
2020-05-17 10:15:00,xoJJ8DcxJEcupym,744.036,728.421,1860.93,2.09152e+08
2020-05-25 12:15:00,oZ35aAeoifZaQzV,1302.7,1270.12,4678.87,1.66005e+09
2020-05-31 10:15:00,81aHJ1q11NBPMrL,834.313,816.493,1531.53,1.21539e+09
2020-06-03 14:15:00,WcxssY2VbP4hApt,1103.51,1077.92,4230.43,1.81843e+08
2020-06-01 17:00:00,81aHJ1q11NBPMrL,78.9467,76.5933,4175.53,1.2154e+09
2020-05-18 00:30:00,oZ35aAeoifZaQzV,0,0,0,1.65999e+09
2020-05-20 04:45:00,PeE6FRyGXUgsRhN,0,0,0,1.34838e+09
2020-05-30 06:30:00,81aHJ1q11NBPMrL,25.5857,24.7071,9.42857,1.21538e+09
2020-06-17 22:00:00,vOuJvMaM2sgwLmb,0,0,4322,2.42769e+06
2020-06-07 06:15:00,rrq4fwE8jgrTyWY,40.9933,39.62,6.86667,1.21085e+08
2020-06-06 22:00:00,NgDl19wMapZy17u,0,0,8134,1.11683e+08
2020-06-12 16:30:00,NgDl19wMapZy17u,237.014,232.407,4422.5,1.11719e+08
2020-06-16 13:45:00,V94E5Ben1TlhnDV,621.7,609.04,4104.4,1.41229e+09
2020-05-26 06:15:00,LlT2YUhhzqhg5Sw,49.6333,48.02,10.2,2.82664e+08
2020-06-12 00:15:00,q49J1IKaHRwDQnt,0,0,3814,486755
2020-05-25 05:00:00,Mx2yZCDsyf6DPfv,0,0,0,2.53099e+06
2020-06-06 05:30:00,xoJJ8DcxJEcupym,0,0,491.2,2.09267e+08
2020-06-04 04:45:00,vOuJvMaM2sgwLmb,0,0,0,2.34622e+06
2020-06-12 09:30:00,4UPUqMRk7TRMgml,642.9,629.807,752.067,2.629e+06
2020-06-05 09:00:00,Qf4GUc1pJu5T6c6,752.7,736.707,952.571,8.38576e+08
2020-05-25 05:45:00,LYwnQax7tkwH5Cb,0,0,0,1.79501e+09
2020-05-18 15:00:00,81aHJ1q11NBPMrL,903.936,884.221,2301,1.21529e+09
2020-05-21 06:45:00,q49J1IKaHRwDQnt,129.813,126.433,49.7333,369377
2020-05-25 21:30:00,9kRcWv60rDACzjR,0,0,8853,2.2478e+09
2020-05-27 09:15:00,Mx2yZCDsyf6DPfv,909.74,889.96,1299.4,2.55063e+06
2020-06-04 13:00:00,oZZkBaNadn6DNKz,0,0,2434,1.70821e+09
2020-06-15 08:00:00,PeE6FRyGXUgsRhN,510.353,500.233,351.867,1.34854e+09
2020-06-03 11:15:00,xMbIugepa2P7lBB,870.88,852.047,1910.6,1.06804e+08
2020-06-17 13:00:00,Quc1TzYxW2pYoWX,662.507,648.94,2195.8,3.29644e+08
2020-06-01 21:15:00,xoJJ8DcxJEcupym,0,0,4208,2.09244e+08
2020-06-07 06:30:00,LYwnQax7tkwH5Cb,66.1933,64.0867,21.8,1.79507e+09
2020-06-05 06:15:00,LYwnQax7tkwH5Cb,29.2133,28.2267,3.66667,1.79506e+09
2020-05-31 12:45:00,vOuJvMaM2sgwLmb,1162.05,1133.33,3753.67,2.33044e+06
2020-05-22 15:00:00,9kRcWv60rDACzjR,944.973,924.247,1557.13,2.24777e+09
2020-05-20 04:15:00,WcxssY2VbP4hApt,0,0,0,1.81735e+08
2020-05-26 00:00:00,q49J1IKaHRwDQnt,0,0,6197,401827
2020-05-31 09:45:00,Mx2yZCDsyf6DPfv,848.94,830.613,1220.33,2.58016e+06
2020-06-05 08:30:00,4UPUqMRk7TRMgml,792,775.233,590.733,2.57799e+06
2020-06-01 05:00:00,Quc1TzYxW2pYoWX,0,0,0,3.29584e+08
2020-06-08 21:00:00,Mx2yZCDsyf6DPfv,0,0,9179,2.64211e+06
2020-06-17 23:15:00,oZZkBaNadn6DNKz,0,0,4389,1.70829e+09
2020-05-25 15:30:00,Quc1TzYxW2pYoWX,628.013,615.293,2578.93,3.29551e+08
2020-05-27 16:45:00,9kRcWv60rDACzjR,412.46,405.207,3573.33,2.24781e+09
2020-06-13 21:30:00,oZZkBaNadn6DNKz,0,0,6481,1.70827e+09
2020-06-16 08:00:00,xMbIugepa2P7lBB,365.067,358.833,323.867,1.06887e+08
2020-05-15 15:45:00,9kRcWv60rDACzjR,598.9,586.373,8533.8,2.24773e+09
2020-05-17 00:30:00,vOuJvMaM2sgwLmb,0,0,0,2.22643e+06
2020-06-10 05:15:00,oZZkBaNadn6DNKz,0,0,0,1.70825e+09
2020-05-22 02:45:00,PeE6FRyGXUgsRhN,0,0,0,1.34839e+09
2020-05-30 23:30:00,rrq4fwE8jgrTyWY,0,0,7592,1.21055e+08
2020-05-25 10:45:00,LlT2YUhhzqhg5Sw,1145.69,1118.32,2720.93,2.82658e+08
2020-06-16 10:00:00,Et9kgGMDl729KT4,621.567,608.98,1226.73,1.84676e+06
2020-06-06 05:45:00,oZZkBaNadn6DNKz,0,0,0,1.70822e+09
2020-05-28 15:30:00,Et9kgGMDl729KT4,780.867,764.387,6956.27,1.77798e+06
2020-05-19 12:30:00,oZ35aAeoifZaQzV,1215.77,1186.43,4031.2,1.66e+09
2020-06-07 01:45:00,Qf4GUc1pJu5T6c6,0,0,8227,8.3859e+08
2020-06-08 16:30:00,LYwnQax7tkwH5Cb,502.853,492.92,2219.07,1.79507e+09
2020-06-17 09:45:00,4UPUqMRk7TRMgml,604.087,591.907,596.333,2.64965e+06
2020-05-17 02:45:00,q49J1IKaHRwDQnt,0,0,3533,352552
2020-05-28 05:00:00,Mx2yZCDsyf6DPfv,0,0,0,2.55878e+06
2020-06-04 21:00:00,q49J1IKaHRwDQnt,0,0,5710,461971
2020-06-06 21:45:00,WcxssY2VbP4hApt,0,0,8383,1.8186e+08
2020-06-07 17:45:00,vOuJvMaM2sgwLmb,166.85,163.386,1844.93,2.36662e+06
2020-05-27 01:15:00,vOuJvMaM2sgwLmb,0,0,0,2.29655e+06
2020-06-01 22:30:00,q49J1IKaHRwDQnt,0,0,3830,448130
2020-05-19 07:00:00,Mx2yZCDsyf6DPfv,149.257,145.671,81.4286,2.48145e+06
2020-05-26 15:00:00,LYwnQax7tkwH5Cb,919.687,899.633,2486.07,1.79502e+09
2020-06-08 01:00:00,oZZkBaNadn6DNKz,0,0,0,1.70823e+09
2020-06-01 21:30:00,Et9kgGMDl729KT4,0,0,4035,1.7989e+06
2020-06-09 12:30:00,V94E5Ben1TlhnDV,691.74,677.347,4299.87,1.41226e+09
2020-06-11 11:15:00,oZ35aAeoifZaQzV,699.373,684.913,1516.6,1.66016e+09
2020-06-05 18:15:00,IQ2d7wF4YD8zU1Q,41.68,40.3133,7769.33,2.01104e+07
2020-06-07 12:30:00,xMbIugepa2P7lBB,1285.39,1253.66,4292.43,1.06835e+08
2020-06-05 05:30:00,rrq4fwE8jgrTyWY,0,0,442.867,1.21079e+08
2020-06-08 22:15:00,81aHJ1q11NBPMrL,0,0,9171,1.21544e+09
2020-05-21 20:00:00,Et9kgGMDl729KT4,0,0,6646,1.73554e+06
2020-06-09 17:00:00,PeE6FRyGXUgsRhN,277.379,272.05,6255.5,1.34851e+09
2020-05-16 09:45:00,PeE6FRyGXUgsRhN,794.44,776.827,1749.13,1.34836e+09
2020-06-15 19:30:00,LYwnQax7tkwH5Cb,0,0,5604,1.79511e+09
2020-06-04 14:30:00,vOuJvMaM2sgwLmb,582.093,570.267,5584.93,2.35181e+06
2020-06-13 20:30:00,NgDl19wMapZy17u,0,0,3972,1.11724e+08
2020-06-01 05:30:00,rrq4fwE8jgrTyWY,0,0,0,1.21061e+08
2020-06-04 08:00:00,vOuJvMaM2sgwLmb,387.627,380.76,337.733,2.34656e+06
2020-06-08 07:45:00,mqwcsP2rE7J0TFp,476.92,467.747,333.467,5.93759e+08
2020-05-31 00:30:00,oZZkBaNadn6DNKz,0,0,0,1.70819e+09
2020-05-20 07:30:00,PeE6FRyGXUgsRhN,363,356.721,190.929,1.34838e+09
2020-05-23 15:30:00,Mx2yZCDsyf6DPfv,837.32,819.413,8552.2,2.52493e+06
2020-06-06 07:00:00,81aHJ1q11NBPMrL,139.107,135.733,90.5333,1.21542e+09
2020-06-13 03:45:00,LlT2YUhhzqhg5Sw,0,0,4630,2.82763e+08
2020-05-16 19:00:00,oZZkBaNadn6DNKz,0,0,6259,1.7081e+09
2020-06-14 12:45:00,9kRcWv60rDACzjR,1129.12,1102.05,4209.07,2.2479e+09
2020-05-17 04:30:00,xMbIugepa2P7lBB,0,0,7722,1.06674e+08
2020-06-06 01:30:00,Qf4GUc1pJu5T6c6,0,0,7599,8.38582e+08
2020-06-16 01:45:00,mqwcsP2rE7J0TFp,0,0,0,5.93805e+08
2020-05-29 14:45:00,q49J1IKaHRwDQnt,719.733,704.793,5673.8,428396
2020-05-23 22:30:00,Et9kgGMDl729KT4,0,0,4598,1.74372e+06
2020-06-01 23:45:00,V94E5Ben1TlhnDV,0,0,1722.4,1.41222e+09
2020-05-16 03:30:00,vOuJvMaM2sgwLmb,0,0,0,2.22154e+06
2020-06-13 09:30:00,IQ2d7wF4YD8zU1Q,628.647,615.887,999.533,2.01594e+07
2020-06-03 04:45:00,Mx2yZCDsyf6DPfv,0,0,0,2.59726e+06
2020-06-10 00:45:00,LlT2YUhhzqhg5Sw,0,0,3463,2.82749e+08
2020-06-07 06:30:00,mqwcsP2rE7J0TFp,68.5786,66.4143,22.9286,5.93751e+08
2020-06-15 02:15:00,IQ2d7wF4YD8zU1Q,0,0,7301,2.01689e+07
2020-05-27 17:15:00,PeE6FRyGXUgsRhN,252.993,248.12,3702.07,1.34843e+09
2020-05-21 22:30:00,V94E5Ben1TlhnDV,0,0,4924,1.41213e+09
2020-06-17 22:45:00,oZ35aAeoifZaQzV,0,0,4467,1.66019e+09
2020-05-15 13:30:00,LlT2YUhhzqhg5Sw,1197.71,1168.11,6389,2.82599e+08
2020-06-01 02:15:00,q49J1IKaHRwDQnt,0,0,6348,444300
2020-06-11 04:15:00,q49J1IKaHRwDQnt,0,0,5303,482941
2020-06-03 23:00:00,NgDl19wMapZy17u,0,0,5288,1.11661e+08
2020-06-01 15:45:00,81aHJ1q11NBPMrL,80.16,77.8,4046.13,1.2154e+09
2020-05-16 14:45:00,LYwnQax7tkwH5Cb,660.086,646.4,2312.71,1.79497e+09
2020-06-15 09:45:00,xoJJ8DcxJEcupym,701.893,686.893,1400.29,2.09321e+08
2020-06-13 17:00:00,Et9kgGMDl729KT4,458.56,449.873,5683.47,1.84104e+06
2020-06-03 19:00:00,81aHJ1q11NBPMrL,0,0,4685,1.2154e+09
2020-05-30 12:00:00,oZZkBaNadn6DNKz,0,0,1807,1.70819e+09
2020-06-08 14:15:00,vOuJvMaM2sgwLmb,1202.86,1172.79,6484.67,2.37317e+06
2020-05-26 20:15:00,oZZkBaNadn6DNKz,0,0,9368,1.70817e+09
2020-05-29 21:15:00,Mx2yZCDsyf6DPfv,0,0,8240,2.57074e+06
2020-06-04 06:30:00,mqwcsP2rE7J0TFp,62.7867,60.78,16.0667,5.93729e+08
2020-06-02 23:30:00,9kRcWv60rDACzjR,0,0,7073,2.24785e+09
2020-06-15 17:45:00,81aHJ1q11NBPMrL,128.9,125.48,6243.87,1.21548e+09
2020-06-07 09:15:00,xMbIugepa2P7lBB,621.6,608.173,795,8.54655e+07
2020-06-12 23:00:00,81aHJ1q11NBPMrL,0,0,4769,1.21546e+09
2020-05-21 05:30:00,V94E5Ben1TlhnDV,0,0,0,1.41213e+09
2020-06-08 07:00:00,Quc1TzYxW2pYoWX,190.207,186.227,73,3.29612e+08
2020-06-17 06:30:00,Qf4GUc1pJu5T6c6,55.6733,53.8667,12.8667,8.38642e+08
2020-05-28 00:00:00,oZZkBaNadn6DNKz,0,0,0,1.70817e+09
2020-05-23 17:30:00,q49J1IKaHRwDQnt,184.867,181.193,3173.87,386678
2020-06-12 23:15:00,oZ35aAeoifZaQzV,0,0,4607,1.66017e+09
2020-05-22 11:00:00,81aHJ1q11NBPMrL,0,0,1605,1.21532e+09
2020-06-02 09:45:00,Mx2yZCDsyf6DPfv,594.073,582.127,1564.67,2.59148e+06
2020-05-24 12:30:00,vOuJvMaM2sgwLmb,0,0,1497,2.27643e+06
2020-06-11 22:30:00,LYwnQax7tkwH5Cb,0,0,3718,1.79508e+09
2020-05-21 14:30:00,V94E5Ben1TlhnDV,1071.06,1046.89,2963.71,1.41213e+09
2020-06-02 05:30:00,oZ35aAeoifZaQzV,0,0,0,1.6601e+09
2020-06-14 08:30:00,mqwcsP2rE7J0TFp,462.747,464.514,673.643,5.93794e+08
2020-05-15 14:15:00,Mx2yZCDsyf6DPfv,1167.83,1138.96,5692.07,2.45934e+06
2020-06-03 20:00:00,oZZkBaNadn6DNKz,0,0,4809,1.70821e+09
2020-06-09 08:45:00,vOuJvMaM2sgwLmb,764.343,748.1,1013.29,2.3767e+06
2020-05-31 09:30:00,xMbIugepa2P7lBB,1004.05,981.72,979.067,1.06785e+08
2020-06-14 07:30:00,Et9kgGMDl729KT4,364.35,357.857,238,1.84153e+06
2020-05-23 23:00:00,oZ35aAeoifZaQzV,0,0,9657,1.66004e+09
2020-05-25 18:45:00,xoJJ8DcxJEcupym,0,0,8833,2.09205e+08
2020-05-25 19:45:00,Mx2yZCDsyf6DPfv,0,0,9167,2.54016e+06
2020-06-06 17:45:00,oZZkBaNadn6DNKz,169.9,166.2,2521.53,1.70823e+09
2020-06-14 15:45:00,oZ35aAeoifZaQzV,875.043,855.914,2615.93,1.66018e+09
2020-06-15 07:30:00,LYwnQax7tkwH5Cb,223.08,218.687,182.067,1.7951e+09
2020-06-17 02:30:00,LlT2YUhhzqhg5Sw,0,0,0,2.82785e+08
2020-06-17 14:30:00,NgDl19wMapZy17u,502.64,492.753,3184.73,1.11745e+08
2020-06-02 01:45:00,q49J1IKaHRwDQnt,0,0,3830,448130
2020-05-18 16:15:00,NgDl19wMapZy17u,572.18,560.747,7257.53,1.11544e+08
2020-05-30 04:45:00,xMbIugepa2P7lBB,0,0,8095,1.06776e+08
2020-06-02 11:00:00,81aHJ1q11NBPMrL,640.54,627.38,2326.4,1.2154e+09
2020-05-30 17:45:00,q49J1IKaHRwDQnt,135.071,131.729,7779.14,437908
2020-06-09 03:45:00,4UPUqMRk7TRMgml,0,0,9210,2.61059e+06
2020-05-31 05:00:00,81aHJ1q11NBPMrL,0,0,0,1.21538e+09
2020-06-11 07:15:00,mqwcsP2rE7J0TFp,156.353,152.833,56.6667,5.93778e+08
2020-06-13 23:45:00,Qf4GUc1pJu5T6c6,0,0,3544,8.38633e+08
2020-05-15 18:45:00,oZZkBaNadn6DNKz,0,0,5396,1.70809e+09
2020-05-15 13:15:00,Et9kgGMDl729KT4,0,0,1673,1.70592e+06
2020-05-16 07:45:00,LlT2YUhhzqhg5Sw,382.813,376.067,306.667,2.82602e+08
2020-05-18 22:00:00,Mx2yZCDsyf6DPfv,0,0,7632,2.48137e+06
2020-05-25 20:45:00,Qf4GUc1pJu5T6c6,0,0,9156,8.38504e+08
2020-06-03 09:00:00,vOuJvMaM2sgwLmb,687.833,673.413,828.533,2.3421e+06
2020-05-18 16:45:00,xMbIugepa2P7lBB,276.35,271.143,7474.36,1.06688e+08
2020-06-12 06:45:00,NgDl19wMapZy17u,98.8267,96.02,28.0667,1.11715e+08
2020-05-16 10:15:00,IQ2d7wF4YD8zU1Q,1143.43,1116.46,2371.64,1.99536e+07
2020-05-22 18:15:00,rrq4fwE8jgrTyWY,13.7533,13.2667,9146.33,1.21011e+08
2020-05-17 10:45:00,Quc1TzYxW2pYoWX,819.94,802.467,1263.6,3.29521e+08
2020-06-09 18:15:00,xMbIugepa2P7lBB,49.4533,47.8333,7984.2,1.06856e+08
2020-05-17 17:45:00,NgDl19wMapZy17u,122.3,119.18,6990.93,1.11537e+08
2020-05-16 06:00:00,q49J1IKaHRwDQnt,14.7357,14.2214,0.785714,349020
2020-05-22 08:45:00,Mx2yZCDsyf6DPfv,815.721,798.371,983.857,2.50756e+06
2020-06-13 06:30:00,xMbIugepa2P7lBB,70.0857,67.9,4734.43,1.0687e+08
2020-06-10 03:15:00,rrq4fwE8jgrTyWY,0,0,3378,1.21095e+08
2020-06-02 22:45:00,NgDl19wMapZy17u,0,0,7098,1.11656e+08
2020-05-27 14:00:00,LYwnQax7tkwH5Cb,1077.81,1053.45,1915.8,1.79502e+09
2020-06-16 23:45:00,oZ35aAeoifZaQzV,0,0,5623,1.66018e+09
2020-05-27 04:30:00,LlT2YUhhzqhg5Sw,0,0,0,2.82673e+08
2020-06-09 20:30:00,9kRcWv60rDACzjR,0,0,3803,2.24788e+09
2020-06-06 15:45:00,4UPUqMRk7TRMgml,735.42,719.62,7352.47,2.59251e+06
2020-06-11 08:30:00,4UPUqMRk7TRMgml,224.007,219.627,232.267,2.62452e+06
2020-05-18 13:15:00,Mx2yZCDsyf6DPfv,1123.75,1097.07,4582.71,2.47832e+06
2020-05-25 00:45:00,PeE6FRyGXUgsRhN,0,0,0,1.34841e+09
2020-06-02 12:30:00,vOuJvMaM2sgwLmb,0,0,0,0
2020-05-18 00:30:00,Et9kgGMDl729KT4,0,0,0,1.71949e+06
2020-06-05 01:45:00,IQ2d7wF4YD8zU1Q,0,0,0,2.01026e+07
2020-06-12 16:45:00,mqwcsP2rE7J0TFp,289.207,283.687,4485.47,5.93787e+08
2020-05-27 07:30:00,LYwnQax7tkwH5Cb,323.26,317.627,201.867,1.79502e+09
2020-05-18 18:45:00,q49J1IKaHRwDQnt,0,0,4161,362440
2020-05-30 22:15:00,q49J1IKaHRwDQnt,0,0,7823,437952
2020-06-06 19:45:00,Mx2yZCDsyf6DPfv,0,0,8312,2.62511e+06
2020-06-04 14:00:00,LlT2YUhhzqhg5Sw,29.1333,28.62,1436.2,2.82726e+08
2020-05-28 12:00:00,Mx2yZCDsyf6DPfv,0,0,2060,2.56084e+06
2020-06-17 09:15:00,Mx2yZCDsyf6DPfv,203.627,199.613,416.267,2.67933e+06
2020-06-09 08:00:00,mqwcsP2rE7J0TFp,458.653,450.027,543.133,5.93768e+08
2020-05-23 17:30:00,Qf4GUc1pJu5T6c6,191.107,187.333,9511.53,8.38491e+08
2020-06-13 00:30:00,PeE6FRyGXUgsRhN,0,0,4685,1.34852e+09
2020-06-13 17:45:00,IQ2d7wF4YD8zU1Q,149.087,145.667,2945.67,2.01613e+07
2020-06-11 10:30:00,Mx2yZCDsyf6DPfv,529.179,518.7,1064.07,2.65678e+06
2020-06-17 18:15:00,vOuJvMaM2sgwLmb,33.1,31.9867,4311.73,2.42768e+06
2020-06-16 00:30:00,Mx2yZCDsyf6DPfv,0,0,2643,2.67338e+06
2020-05-19 12:00:00,Et9kgGMDl729KT4,0,0,1332,1.72314e+06
2020-06-01 22:30:00,81aHJ1q11NBPMrL,0,0,4195,1.2154e+09
2020-06-08 10:15:00,oZZkBaNadn6DNKz,1207.21,1178.15,2146.47,1.70824e+09
2020-06-01 00:30:00,vOuJvMaM2sgwLmb,0,0,0,2.33321e+06
2020-06-03 19:45:00,vOuJvMaM2sgwLmb,0,0,4953,2.34622e+06
2020-06-17 00:15:00,Et9kgGMDl729KT4,0,0,0,1.85014e+06
2020-06-15 08:15:00,q49J1IKaHRwDQnt,584.507,572.72,517.8,505783
2020-05-15 12:45:00,oZZkBaNadn6DNKz,0,0,3350,1.70809e+09
2020-06-12 10:45:00,9kRcWv60rDACzjR,317.547,311.693,1161,2.24789e+09
2020-05-30 00:15:00,LlT2YUhhzqhg5Sw,0,0,0,2.82698e+08
2020-06-06 01:30:00,LlT2YUhhzqhg5Sw,0,0,3053,2.8273e+08
2020-06-04 17:15:00,mqwcsP2rE7J0TFp,199.1,195.173,5616.07,5.93735e+08
2020-06-17 08:45:00,rrq4fwE8jgrTyWY,257.15,252.2,283.357,1.21128e+08
2020-05-15 03:30:00,oZ35aAeoifZaQzV,0,0,0,1.65997e+09
2020-06-10 03:15:00,oZ35aAeoifZaQzV,0,0,8094,1.66016e+09
2020-06-05 20:00:00,Mx2yZCDsyf6DPfv,0,0,7726,2.6168e+06
2020-05-18 06:15:00,Mx2yZCDsyf6DPfv,0,0,0,2.47373e+06
2020-06-05 00:30:00,PeE6FRyGXUgsRhN,0,0,6168,1.34848e+09
2020-05-19 03:30:00,Mx2yZCDsyf6DPfv,0,0,0,2.48137e+06
2020-05-30 15:15:00,Qf4GUc1pJu5T6c6,905.157,885.5,6722.71,8.38542e+08
2020-06-15 06:45:00,Quc1TzYxW2pYoWX,105.043,102.071,38.4286,3.29636e+08
2020-05-28 09:30:00,9kRcWv60rDACzjR,963.067,941.833,1540.13,2.24781e+09
2020-06-01 06:30:00,Mx2yZCDsyf6DPfv,75,72.7286,16.3571,2.5856e+06
2020-06-02 23:15:00,xMbIugepa2P7lBB,0,0,7138,1.06802e+08
2020-05-31 01:30:00,Et9kgGMDl729KT4,0,0,0,1.78881e+06
2020-06-03 19:45:00,9kRcWv60rDACzjR,0,0,4339,2.24785e+09
2020-05-26 11:30:00,Mx2yZCDsyf6DPfv,1287.97,1255.77,3857,2.54402e+06
2020-05-19 17:30:00,Mx2yZCDsyf6DPfv,0,0,6771,2.48814e+06
2020-05-25 03:00:00,Mx2yZCDsyf6DPfv,0,0,0,2.53099e+06
2020-06-05 09:00:00,WcxssY2VbP4hApt,765.657,749.164,936.571,1.81849e+08
2020-06-16 01:15:00,xMbIugepa2P7lBB,0,0,6200,1.06887e+08
2020-06-10 03:30:00,LYwnQax7tkwH5Cb,0,0,3308,1.79508e+09
2020-05-23 15:15:00,LYwnQax7tkwH5Cb,835.28,817.433,1873.73,1.795e+09
2020-06-17 17:30:00,rrq4fwE8jgrTyWY,129.32,125.85,3862.1,1.21131e+08
2020-05-31 11:30:00,IQ2d7wF4YD8zU1Q,976.786,955.129,2719.57,2.00741e+07
2020-05-17 18:45:00,LlT2YUhhzqhg5Sw,0,0,6717,2.82616e+08
2020-05-15 10:45:00,Quc1TzYxW2pYoWX,0,0,1324,3.2951e+08
2020-06-17 20:30:00,rrq4fwE8jgrTyWY,0,0,3931,1.21131e+08
2020-06-14 16:15:00,vOuJvMaM2sgwLmb,312.7,307.06,6987.93,2.41109e+06
2020-05-15 14:30:00,LYwnQax7tkwH5Cb,937.513,916.913,6732.47,1.79497e+09
2020-06-14 23:30:00,Qf4GUc1pJu5T6c6,0,0,2107,8.38635e+08
2020-05-31 06:00:00,PeE6FRyGXUgsRhN,18.9786,18.3071,1,1.34845e+09
2020-05-17 06:30:00,Quc1TzYxW2pYoWX,27.8133,26.8667,8.33333,3.2952e+08
2020-06-07 16:30:00,Et9kgGMDl729KT4,358.3,351.473,2201.53,1.81843e+06
2020-05-16 16:45:00,LlT2YUhhzqhg5Sw,103.64,100.86,7475.2,2.8261e+08
2020-05-21 16:30:00,PeE6FRyGXUgsRhN,519.253,509.027,4211.4,1.34839e+09
2020-05-15 19:15:00,IQ2d7wF4YD8zU1Q,0,0,9663,1.99512e+07
2020-06-06 09:00:00,vOuJvMaM2sgwLmb,935.247,914.467,969.467,2.3575e+06
2020-05-28 22:00:00,V94E5Ben1TlhnDV,0,0,9108,1.41219e+09
2020-06-13 16:00:00,WcxssY2VbP4hApt,440.62,431.6,5695.33,1.81887e+08
2020-06-07 08:00:00,V94E5Ben1TlhnDV,308.693,303.221,276.571,1.41224e+09
2020-06-14 14:15:00,vOuJvMaM2sgwLmb,664.82,650.307,5832.47,2.40993e+06
2020-05-26 20:30:00,vOuJvMaM2sgwLmb,0,0,9298,2.29655e+06
2020-05-30 05:00:00,oZZkBaNadn6DNKz,0,0,0,1.70819e+09
2020-06-03 23:45:00,NgDl19wMapZy17u,0,0,5288,1.11661e+08
2020-05-26 00:00:00,Mx2yZCDsyf6DPfv,0,0,5893.07,2.54016e+06
2020-06-10 10:30:00,Qf4GUc1pJu5T6c6,983.413,961.487,2035,8.38617e+08
2020-05-31 13:30:00,PeE6FRyGXUgsRhN,975.879,952.943,4501.36,1.34846e+09
2020-05-25 04:45:00,81aHJ1q11NBPMrL,0,0,0,0
2020-06-02 22:00:00,Qf4GUc1pJu5T6c6,0,0,7298,8.38562e+08
2020-05-18 01:00:00,WcxssY2VbP4hApt,0,0,0,1.8172e+08
2020-06-14 06:30:00,Qf4GUc1pJu5T6c6,97.8286,95.0429,23.7143,8.38633e+08
2020-05-17 00:00:00,q49J1IKaHRwDQnt,0,0,3533,352552
2020-06-08 20:15:00,81aHJ1q11NBPMrL,0,0,9171,1.21544e+09
2020-05-29 09:45:00,oZZkBaNadn6DNKz,1078.68,1054.26,1697.2,1.70818e+09
2020-06-04 23:45:00,IQ2d7wF4YD8zU1Q,0,0,7020,2.01026e+07
2020-05-23 20:00:00,Quc1TzYxW2pYoWX,0,0,3998,3.29543e+08
2020-05-30 06:45:00,WcxssY2VbP4hApt,40.5333,39.2267,14,1.45452e+08
2020-05-26 16:45:00,LlT2YUhhzqhg5Sw,457.387,448.767,8852.33,2.82672e+08
2020-05-20 03:15:00,LYwnQax7tkwH5Cb,0,0,0,1.79498e+09
2020-05-24 05:30:00,81aHJ1q11NBPMrL,0,0,0,1.21533e+09
2020-06-05 06:45:00,PeE6FRyGXUgsRhN,121.913,118.76,36.0667,1.34848e+09
2020-05-31 00:15:00,WcxssY2VbP4hApt,0,0,0,1.21216e+07
2020-06-01 07:30:00,Mx2yZCDsyf6DPfv,257.4,252.433,170.333,2.58575e+06
2020-06-06 08:45:00,oZZkBaNadn6DNKz,860.26,841.787,763.6,1.70822e+09
2020-06-09 21:00:00,Mx2yZCDsyf6DPfv,0,0,8042,2.65015e+06
2020-05-24 15:45:00,81aHJ1q11NBPMrL,709.433,694.733,8247.8,1.21534e+09
2020-06-07 11:15:00,NgDl19wMapZy17u,894.96,874.347,2832.13,1.11686e+08
2020-06-10 13:00:00,oZ35aAeoifZaQzV,656.207,642.313,3968.6,1.66016e+09
2020-05-23 12:45:00,9kRcWv60rDACzjR,0,0,2390,2.24778e+09
2020-05-15 05:15:00,Quc1TzYxW2pYoWX,0,0,0,3.29509e+08
2020-06-03 11:45:00,mqwcsP2rE7J0TFp,850.587,831.867,2381.2,5.93726e+08
2020-05-21 20:45:00,81aHJ1q11NBPMrL,0,0,8570,1.21531e+09
2020-06-02 19:30:00,LYwnQax7tkwH5Cb,0,0,4787,1.79506e+09
2020-06-06 21:45:00,4UPUqMRk7TRMgml,0,0,8376,2.59354e+06
2020-05-18 07:30:00,4UPUqMRk7TRMgml,30.5733,29.54,7.73333,2.44524e+06
2020-05-25 02:00:00,rrq4fwE8jgrTyWY,0,0,0,1.21018e+08
2020-05-19 00:30:00,IQ2d7wF4YD8zU1Q,0,0,0,1.99741e+07
2020-05-16 19:00:00,rrq4fwE8jgrTyWY,0,0,7372,1.20977e+08
2020-05-31 02:00:00,oZZkBaNadn6DNKz,0,0,0,1.70819e+09
2020-05-26 17:30:00,LlT2YUhhzqhg5Sw,134.74,131.207,9015.93,2.82673e+08
2020-06-10 11:30:00,xMbIugepa2P7lBB,0,0,0,0
2020-05-27 02:45:00,V94E5Ben1TlhnDV,0,0,0,1.41218e+09
2020-05-17 05:30:00,Et9kgGMDl729KT4,0,0,0,1.71489e+06
2020-06-02 13:45:00,V94E5Ben1TlhnDV,1063.51,1038.23,3669.4,1.41222e+09
2020-06-09 19:45:00,PeE6FRyGXUgsRhN,0,0,6456,1.34851e+09
2020-05-18 21:00:00,rrq4fwE8jgrTyWY,0,0,4215,1.20986e+08
2020-05-31 04:30:00,xMbIugepa2P7lBB,0,0,8093,1.06784e+08
2020-06-08 15:00:00,rrq4fwE8jgrTyWY,910.44,890.347,1877,1.2109e+08
2020-05-18 23:15:00,oZ35aAeoifZaQzV,0,0,7750,1.65999e+09
2020-06-08 22:45:00,PeE6FRyGXUgsRhN,0,0,8837,1.3485e+09
2020-05-21 04:15:00,LYwnQax7tkwH5Cb,0,0,0,1.79499e+09
2020-05-15 06:00:00,WcxssY2VbP4hApt,15.7467,15.2133,0.933333,1.81695e+08
2020-06-09 19:00:00,LYwnQax7tkwH5Cb,0,0,3308,1.79508e+09
2020-06-05 06:45:00,IQ2d7wF4YD8zU1Q,130.42,127.153,38.0667,2.01026e+07
2020-05-17 11:15:00,PeE6FRyGXUgsRhN,941.16,920.48,2873.67,1.34837e+09
2020-05-19 05:45:00,Et9kgGMDl729KT4,0,0,0,1.72181e+06
2020-05-18 21:45:00,Quc1TzYxW2pYoWX,0,0,2787,3.29526e+08
2020-05-25 02:45:00,rrq4fwE8jgrTyWY,0,0,0,1.21018e+08
2020-06-14 16:00:00,mqwcsP2rE7J0TFp,462.047,453.427,5356.13,5.93798e+08
2020-05-30 09:30:00,rrq4fwE8jgrTyWY,532.757,522.207,746.143,1.21048e+08
2020-06-13 10:15:00,PeE6FRyGXUgsRhN,602.421,589.879,1387.71,1.34852e+09
2020-05-16 06:00:00,IQ2d7wF4YD8zU1Q,15.28,14.7667,1.2,1.99512e+07
2020-06-12 22:30:00,q49J1IKaHRwDQnt,0,0,4641,491396
2020-06-13 04:30:00,IQ2d7wF4YD8zU1Q,0,0,4802,2.01583e+07
2020-06-01 15:45:00,LYwnQax7tkwH5Cb,79.4429,77.0643,3828.64,1.79505e+09
2020-05-23 10:15:00,oZ35aAeoifZaQzV,1155.52,1127.75,2454.43,1.66003e+09
2020-05-31 12:15:00,q49J1IKaHRwDQnt,1224.87,1194.64,3304.21,441256
2020-05-25 21:15:00,xoJJ8DcxJEcupym,0,0,8833,2.09205e+08
2020-05-26 17:15:00,4UPUqMRk7TRMgml,173.153,169.72,9399.13,2.51622e+06
2020-06-11 07:15:00,IQ2d7wF4YD8zU1Q,156.48,152.92,56,2.01496e+07
2020-05-18 12:45:00,LYwnQax7tkwH5Cb,0,0,2182,1.79498e+09
2020-06-10 01:15:00,mqwcsP2rE7J0TFp,0,0,0,5.93776e+08
2020-06-12 20:30:00,LlT2YUhhzqhg5Sw,0,0,4630,2.82763e+08
2020-06-08 08:15:00,V94E5Ben1TlhnDV,485.907,476.4,631.267,1.41224e+09
2020-06-09 21:15:00,81aHJ1q11NBPMrL,0,0,4696,1.21544e+09
2020-05-30 01:15:00,q49J1IKaHRwDQnt,0,0,7407,430129
2020-06-16 16:00:00,mqwcsP2rE7J0TFp,284.493,279.429,5269.64,5.9381e+08
2020-05-16 08:15:00,xMbIugepa2P7lBB,623.88,611.247,562.933,1.06667e+08
2020-06-09 05:15:00,vOuJvMaM2sgwLmb,0,0,8995,2.37568e+06
2020-06-05 20:15:00,LlT2YUhhzqhg5Sw,0,0,3053,2.8273e+08
2020-05-27 20:15:00,81aHJ1q11NBPMrL,0,0,9138,1.21536e+09
2020-05-27 07:30:00,rrq4fwE8jgrTyWY,311.96,306.387,198.4,1.21031e+08
2020-05-23 14:45:00,oZZkBaNadn6DNKz,1015,992.364,7765.86,1.70814e+09
2020-05-16 11:15:00,4UPUqMRk7TRMgml,0,0,2525,2.43574e+06
2020-05-31 01:15:00,4UPUqMRk7TRMgml,0,0,8185,2.54587e+06
2020-05-21 21:00:00,4UPUqMRk7TRMgml,0,0,9151,2.47342e+06
2020-06-06 16:15:00,oZ35aAeoifZaQzV,685.286,671.186,7674.07,1.66013e+09
2020-06-02 14:30:00,V94E5Ben1TlhnDV,956.987,934.74,4507.4,1.41222e+09
2020-06-06 18:00:00,oZ35aAeoifZaQzV,107.06,104.06,8335.2,1.66013e+09
2020-06-04 21:00:00,xoJJ8DcxJEcupym,0,0,6168,2.09259e+08
2020-05-29 16:45:00,LYwnQax7tkwH5Cb,474.82,465.827,7480,1.79503e+09
2020-06-14 15:15:00,xMbIugepa2P7lBB,284.107,278.987,6303.27,1.06879e+08
2020-06-03 21:30:00,rrq4fwE8jgrTyWY,0,0,4128,1.21073e+08
2020-06-07 02:45:00,vOuJvMaM2sgwLmb,0,0,8249,2.36478e+06
2020-06-17 12:45:00,IQ2d7wF4YD8zU1Q,762.914,746.893,2273.21,2.01831e+07
2020-06-14 00:15:00,mqwcsP2rE7J0TFp,0,0,0,5.93793e+08
2020-06-07 09:45:00,IQ2d7wF4YD8zU1Q,1062.01,1036.77,1302.2,2.012e+07
2020-05-29 19:45:00,mqwcsP2rE7J0TFp,0,0,8112,5.93698e+08
2020-05-30 18:45:00,9kRcWv60rDACzjR,0,0,7985,2.24783e+09
2020-05-18 06:30:00,81aHJ1q11NBPMrL,0,0,0,1.21529e+09
2020-06-07 02:45:00,oZ35aAeoifZaQzV,0,0,8368,1.66013e+09
2020-06-07 15:30:00,mqwcsP2rE7J0TFp,165.56,162.013,1346.4,2.37503e+08
2020-05-31 00:45:00,Et9kgGMDl729KT4,0,0,0,1.78881e+06
2020-05-26 01:00:00,xoJJ8DcxJEcupym,0,0,0,2.09205e+08
2020-06-02 17:15:00,xoJJ8DcxJEcupym,411.85,404.614,5229.29,2.09249e+08
2020-06-06 02:45:00,q49J1IKaHRwDQnt,0,0,2895,464866
2020-05-31 05:15:00,Qf4GUc1pJu5T6c6,0,0,0,8.38544e+08
2020-06-05 19:30:00,xMbIugepa2P7lBB,0,0,7722,1.06823e+08
2020-05-22 21:30:00,WcxssY2VbP4hApt,0,0,0,0
2020-06-12 16:45:00,LYwnQax7tkwH5Cb,263.373,258.293,4239.67,1.79509e+09
2020-06-17 03:30:00,LlT2YUhhzqhg5Sw,0,0,0,2.82785e+08
2020-06-12 22:15:00,xoJJ8DcxJEcupym,0,0,4788,2.09306e+08
2020-05-29 20:15:00,Quc1TzYxW2pYoWX,0,0,4046,3.29575e+08
2020-06-17 06:30:00,WcxssY2VbP4hApt,55.5667,53.7467,12.6,1.81908e+08
2020-05-17 17:15:00,vOuJvMaM2sgwLmb,162.96,159.427,5211.27,2.23165e+06
2020-05-31 10:45:00,9kRcWv60rDACzjR,947.793,925.887,2027.8,2.24783e+09
2020-06-10 23:15:00,oZZkBaNadn6DNKz,0,0,5460,1.70826e+09
2020-05-24 14:30:00,PeE6FRyGXUgsRhN,994.08,972.033,7074.6,1.34841e+09
2020-05-15 18:45:00,Quc1TzYxW2pYoWX,0,0,4239,3.29513e+08
2020-06-01 00:30:00,mqwcsP2rE7J0TFp,0,0,0,5.93713e+08
2020-05-31 08:30:00,Quc1TzYxW2pYoWX,392.78,385.807,373.667,3.29579e+08
2020-05-24 08:45:00,vOuJvMaM2sgwLmb,759.607,743.507,910.867,2.27584e+06
2020-05-31 03:30:00,WcxssY2VbP4hApt,0,0,0,0
2020-06-11 09:00:00,xMbIugepa2P7lBB,550.179,539.321,416.071,1.06862e+08
2020-06-06 20:00:00,mqwcsP2rE7J0TFp,0,0,8356,5.93751e+08
2020-05-23 11:15:00,oZ35aAeoifZaQzV,1286.27,1254.13,3662.33,1.66003e+09
2020-06-11 00:15:00,NgDl19wMapZy17u,0,0,2618,1.11711e+08
2020-06-07 00:30:00,oZZkBaNadn6DNKz,0,0,0,1.70823e+09
2020-05-22 18:15:00,Mx2yZCDsyf6DPfv,14.7067,14.1933,9798.53,2.51637e+06
2020-05-24 23:30:00,xoJJ8DcxJEcupym,0,0,9081,2.09196e+08
2020-06-07 08:00:00,q49J1IKaHRwDQnt,302.1,296.513,270.467,468735
2020-05-26 10:00:00,xoJJ8DcxJEcupym,1059.96,1036.08,2004.33,2.09207e+08
2020-06-04 18:45:00,rrq4fwE8jgrTyWY,0,0,6643,1.21079e+08
2020-05-28 07:30:00,V94E5Ben1TlhnDV,384.747,378.107,202.8,1.41218e+09
2020-06-15 11:15:00,9kRcWv60rDACzjR,944.907,923.236,2801.93,2.2479e+09
2020-05-15 07:30:00,IQ2d7wF4YD8zU1Q,465.373,456.62,288.467,1.99418e+07
2020-06-09 04:15:00,LlT2YUhhzqhg5Sw,0,0,2841,2.82746e+08
2020-06-12 06:15:00,mqwcsP2rE7J0TFp,20.82,20.1,3.4,5.93782e+08
2020-06-05 13:45:00,q49J1IKaHRwDQnt,70.3133,69.1267,1222.6,463194
2020-06-11 02:15:00,oZ35aAeoifZaQzV,0,0,5585,1.66016e+09
2020-06-09 13:00:00,q49J1IKaHRwDQnt,0,0,1952,475989
2020-05-16 04:45:00,LlT2YUhhzqhg5Sw,0,0,0,2.82602e+08
2020-06-10 01:00:00,LYwnQax7tkwH5Cb,0,0,3308,1.79508e+09
2020-05-23 23:30:00,LlT2YUhhzqhg5Sw,0,0,3385,2.82646e+08
2020-05-21 06:15:00,Qf4GUc1pJu5T6c6,46.8267,45.28,8.46667,8.38462e+08
2020-06-07 01:45:00,4UPUqMRk7TRMgml,0,0,8376,2.59354e+06
2020-06-16 04:00:00,Qf4GUc1pJu5T6c6,0,0,2231,8.38637e+08
2020-05-19 11:30:00,WcxssY2VbP4hApt,1280.11,1248.3,2797.8,1.81731e+08
2020-06-08 14:15:00,Quc1TzYxW2pYoWX,517.527,506.107,972.4,3.29613e+08
2020-05-22 18:15:00,9kRcWv60rDACzjR,14.24,13.7267,3087.87,2.24777e+09
2020-06-07 21:45:00,LYwnQax7tkwH5Cb,0,0,2070,1.79507e+09
2020-06-06 13:15:00,9kRcWv60rDACzjR,886.18,865.813,5464.07,2.24787e+09
2020-05-19 18:30:00,9kRcWv60rDACzjR,1.10667,1.06667,6391,2.24776e+09
2020-06-01 00:45:00,9kRcWv60rDACzjR,0,0,0,2.24784e+09
2020-06-04 22:00:00,NgDl19wMapZy17u,0,0,6331,1.11668e+08
2020-06-06 10:45:00,xMbIugepa2P7lBB,1161.53,1133.23,2692.87,1.06825e+08
2020-06-01 16:15:00,oZ35aAeoifZaQzV,139.66,136.133,4254.67,1.6601e+09
2020-06-13 06:15:00,WcxssY2VbP4hApt,42.02,40.62,4.6,1.81882e+08
2020-06-01 10:15:00,Quc1TzYxW2pYoWX,968.593,947.221,1623.43,3.29586e+08
2020-05-30 23:15:00,vOuJvMaM2sgwLmb,0,0,6591,2.32669e+06
2020-06-07 17:00:00,vOuJvMaM2sgwLmb,338.733,332.44,1640.73,2.36642e+06
2020-06-12 08:00:00,LYwnQax7tkwH5Cb,216.333,212.1,248.8,1.79508e+09
2020-05-17 17:30:00,PeE6FRyGXUgsRhN,226.16,221.747,6869.73,1.34837e+09
2020-06-05 13:45:00,81aHJ1q11NBPMrL,322.557,316.929,5682.79,1.21542e+09
2020-06-15 21:45:00,81aHJ1q11NBPMrL,0,0,6307,1.21548e+09
2020-06-17 05:00:00,Et9kgGMDl729KT4,0,0,0,1.85014e+06
2020-06-11 05:00:00,vOuJvMaM2sgwLmb,0,0,5480,2.38903e+06
2020-06-17 11:00:00,NgDl19wMapZy17u,511.673,501.607,1210.33,1.11743e+08
2020-05-16 17:15:00,V94E5Ben1TlhnDV,47.06,45.5267,7709.07,1.4121e+09
2020-05-24 01:15:00,xoJJ8DcxJEcupym,0,0,0,2.09187e+08
2020-05-26 02:15:00,LlT2YUhhzqhg5Sw,0,0,0,2.82664e+08
2020-05-23 00:45:00,xoJJ8DcxJEcupym,0,0,0,2.09177e+08
2020-06-16 13:45:00,WcxssY2VbP4hApt,649.64,636.273,4207.13,1.81906e+08
2020-05-22 16:30:00,WcxssY2VbP4hApt,0,0,0,0
2020-06-08 10:15:00,vOuJvMaM2sgwLmb,1173.5,1144.69,2144.73,2.36883e+06
2020-05-15 03:15:00,LlT2YUhhzqhg5Sw,0,0,0,2.82593e+08
2020-05-28 13:15:00,xoJJ8DcxJEcupym,1223.17,1192.6,5623.47,2.0922e+08
2020-06-09 03:45:00,xoJJ8DcxJEcupym,0,0,9070,2.09286e+08
2020-05-30 10:15:00,oZZkBaNadn6DNKz,689.307,675.093,1360.4,1.70819e+09
2020-05-28 07:30:00,Mx2yZCDsyf6DPfv,381.413,374.82,200.333,2.55898e+06
2020-05-23 16:00:00,oZZkBaNadn6DNKz,664.743,651.121,8806.64,1.70814e+09
2020-06-17 08:00:00,xoJJ8DcxJEcupym,185.187,181.513,147.4,2.09332e+08
2020-06-15 15:30:00,q49J1IKaHRwDQnt,501.507,491.82,5397.73,510663
2020-05-26 15:30:00,Quc1TzYxW2pYoWX,550,539.08,6499.67,3.29558e+08
2020-05-18 07:30:00,V94E5Ben1TlhnDV,0,0,0,1.41211e+09
2020-05-24 09:15:00,Qf4GUc1pJu5T6c6,919.627,899.587,1347.27,8.38492e+08
2020-05-15 16:15:00,NgDl19wMapZy17u,383.057,375.586,9037.57,1.11522e+08
2020-06-08 00:00:00,V94E5Ben1TlhnDV,0,0,0,1.41224e+09
2020-06-13 22:00:00,V94E5Ben1TlhnDV,0,0,3615,1.41228e+09
2020-05-20 17:30:00,vOuJvMaM2sgwLmb,242.76,238.073,9256.67,2.25301e+06
2020-06-10 03:00:00,V94E5Ben1TlhnDV,0,0,0,1.41226e+09
2020-06-01 13:30:00,oZZkBaNadn6DNKz,43.25,41.8,4011,1.7082e+09
2020-06-05 01:15:00,oZZkBaNadn6DNKz,0,0,0,1.70822e+09
2020-05-19 16:15:00,9kRcWv60rDACzjR,37.2625,36.025,6351.5,2.24776e+09
2020-05-30 22:00:00,IQ2d7wF4YD8zU1Q,0,0,8228,2.00714e+07
2020-05-31 07:15:00,9kRcWv60rDACzjR,123.04,119.66,124.667,2.24783e+09
2020-05-20 14:15:00,xMbIugepa2P7lBB,1126.42,1100.68,7124.5,1.06702e+08
2020-06-02 23:15:00,rrq4fwE8jgrTyWY,0,0,3856,1.21069e+08
2020-05-18 06:15:00,vOuJvMaM2sgwLmb,0,0,0,2.23179e+06
2020-05-26 10:30:00,LYwnQax7tkwH5Cb,0,0,1699,1.79501e+09
2020-05-22 04:15:00,WcxssY2VbP4hApt,0,0,0,1.81753e+08
2020-06-03 08:45:00,4UPUqMRk7TRMgml,552.507,541.5,704.067,2.56501e+06
2020-06-16 15:45:00,LYwnQax7tkwH5Cb,448.907,440.4,4812,1.79511e+09
2020-05-28 10:00:00,Et9kgGMDl729KT4,1004.59,982.22,1932.93,1.77296e+06
2020-05-30 19:15:00,9kRcWv60rDACzjR,0,0,7985,2.24783e+09
2020-05-20 15:15:00,oZZkBaNadn6DNKz,885.613,866.467,1913.47,1.70811e+09
2020-06-04 14:00:00,vOuJvMaM2sgwLmb,393.427,386.413,5298.6,2.35152e+06
2020-05-26 19:45:00,xoJJ8DcxJEcupym,0,0,6233,2.09211e+08
2020-05-27 05:15:00,xoJJ8DcxJEcupym,0,0,0,2.09211e+08
2020-06-01 09:00:00,mqwcsP2rE7J0TFp,877.343,858.407,771.929,5.93713e+08
2020-06-12 04:15:00,9kRcWv60rDACzjR,0,0,0,2.24789e+09
2020-05-29 14:00:00,LlT2YUhhzqhg5Sw,866.593,847.957,4896.14,2.82696e+08
2020-05-23 23:30:00,LYwnQax7tkwH5Cb,0,0,3093,1.795e+09
2020-05-27 03:30:00,81aHJ1q11NBPMrL,0,0,0,0
2020-06-11 03:00:00,WcxssY2VbP4hApt,0,0,3531,1.81873e+08
2020-06-09 23:15:00,Mx2yZCDsyf6DPfv,0,0,8042,2.65015e+06
2020-06-08 22:00:00,xMbIugepa2P7lBB,0,0,9052,1.06848e+08
2020-05-15 12:15:00,rrq4fwE8jgrTyWY,0,0,2300,1.20966e+08
2020-05-16 07:15:00,mqwcsP2rE7J0TFp,260.58,255.787,139,5.9359e+08
2020-06-15 05:30:00,Qf4GUc1pJu5T6c6,0,0,0,8.38635e+08
2020-06-15 13:15:00,WcxssY2VbP4hApt,188.986,185.029,4361.86,1.819e+08
2020-06-02 22:30:00,PeE6FRyGXUgsRhN,0,0,6016,1.34847e+09
2020-06-06 17:45:00,V94E5Ben1TlhnDV,171.927,168.193,2545.73,1.41224e+09
2020-05-28 09:30:00,PeE6FRyGXUgsRhN,945.02,924.267,1507.4,1.34843e+09
2020-06-05 11:30:00,rrq4fwE8jgrTyWY,0,0,1295,1.21081e+08
2020-06-10 18:00:00,xMbIugepa2P7lBB,9.74,9.38667,5522.27,1.06861e+08
2020-05-26 03:45:00,LYwnQax7tkwH5Cb,0,0,0,1.79501e+09
2020-06-04 02:15:00,V94E5Ben1TlhnDV,0,0,0,1.41223e+09
2020-06-13 23:00:00,PeE6FRyGXUgsRhN,0,0,6515,1.34853e+09
2020-06-01 03:00:00,Mx2yZCDsyf6DPfv,0,0,0,2.58558e+06
2020-06-02 22:45:00,WcxssY2VbP4hApt,0,0,3877,1.81838e+08
2020-06-01 12:00:00,rrq4fwE8jgrTyWY,343.843,335.25,588.357,5.18845e+07
2020-05-22 03:45:00,Qf4GUc1pJu5T6c6,0,0,0,8.38471e+08
2020-06-11 12:00:00,Qf4GUc1pJu5T6c6,0,0,128.4,5.59082e+07
2020-06-04 20:00:00,NgDl19wMapZy17u,0,0,6331,1.11668e+08
2020-06-05 10:30:00,LlT2YUhhzqhg5Sw,0,0,1387,2.82729e+08
2020-05-19 03:30:00,LYwnQax7tkwH5Cb,0,0,0,1.79498e+09
2020-06-12 17:30:00,Quc1TzYxW2pYoWX,142.16,138.947,3350.8,3.07653e+08
2020-05-30 00:45:00,WcxssY2VbP4hApt,0,0,0,1.45452e+08
2020-05-27 22:45:00,LYwnQax7tkwH5Cb,0,0,4296,1.79502e+09
2020-06-04 14:45:00,4UPUqMRk7TRMgml,595.75,583.75,5813.07,2.57623e+06
2020-06-16 04:00:00,LlT2YUhhzqhg5Sw,0,0,6151,2.82779e+08
2020-06-06 17:30:00,PeE6FRyGXUgsRhN,206.257,202.129,2102,1.34849e+09
2020-05-23 22:00:00,PeE6FRyGXUgsRhN,0,0,9196,1.3484e+09
2020-05-20 16:00:00,oZ35aAeoifZaQzV,640.14,627.1,8832.67,1.66001e+09
2020-05-22 22:15:00,Mx2yZCDsyf6DPfv,0,0,9801,2.51638e+06
2020-05-30 02:45:00,vOuJvMaM2sgwLmb,0,0,0,2.3201e+06
2020-05-29 01:30:00,oZ35aAeoifZaQzV,0,0,0,1.66007e+09
2020-05-29 15:00:00,q49J1IKaHRwDQnt,742.2,726.7,5853.87,428576
2020-06-06 22:30:00,IQ2d7wF4YD8zU1Q,0,0,8293,2.01187e+07
2020-05-31 04:00:00,vOuJvMaM2sgwLmb,0,0,0,2.32669e+06
2020-06-11 00:45:00,oZZkBaNadn6DNKz,0,0,0,1.70826e+09
2020-06-15 09:15:00,LlT2YUhhzqhg5Sw,837.1,818.8,1259.33,2.82775e+08
2020-05-15 09:00:00,xMbIugepa2P7lBB,859.167,840.7,1251.87,1.06658e+08
2020-06-06 09:15:00,oZZkBaNadn6DNKz,0,0,909,1.70822e+09
2020-05-27 14:00:00,PeE6FRyGXUgsRhN,0,0,1887,1.34843e+09
2020-06-04 20:30:00,LlT2YUhhzqhg5Sw,0,0,2927,2.82727e+08
2020-06-10 04:30:00,xoJJ8DcxJEcupym,0,0,6993,2.09293e+08
2020-05-18 18:15:00,xoJJ8DcxJEcupym,24.7267,23.8733,4238.93,2.0916e+08
2020-05-19 23:45:00,oZZkBaNadn6DNKz,0,0,1865.73,1.70811e+09
2020-06-14 19:15:00,mqwcsP2rE7J0TFp,0,0,5937,5.93799e+08
2020-06-10 23:00:00,oZ35aAeoifZaQzV,0,0,5585,1.66016e+09
2020-05-27 10:45:00,Et9kgGMDl729KT4,1111.17,1085.82,2641.87,1.76501e+06
2020-05-20 15:00:00,oZZkBaNadn6DNKz,637.007,622.98,1699,1.70811e+09
2020-05-17 07:00:00,rrq4fwE8jgrTyWY,68.6643,66.5357,32.4286,1.20977e+08
2020-06-10 19:00:00,81aHJ1q11NBPMrL,0,0,5548,1.21545e+09
2020-06-13 22:00:00,4UPUqMRk7TRMgml,0,0,6289,2.63915e+06
2020-06-06 11:15:00,xoJJ8DcxJEcupym,0,0,902,2.09268e+08
2020-05-15 14:15:00,rrq4fwE8jgrTyWY,1123.66,1098.01,3524.87,1.20968e+08
2020-05-31 04:45:00,xoJJ8DcxJEcupym,0,0,0,2.09233e+08
2020-05-19 19:00:00,oZZkBaNadn6DNKz,0,0,1999,1.70811e+09
2020-05-29 23:15:00,9kRcWv60rDACzjR,0,0,6958,2.24782e+09
2020-06-08 18:45:00,LlT2YUhhzqhg5Sw,5.23333,5.05333,2840.6,2.82746e+08
2020-05-15 16:45:00,oZ35aAeoifZaQzV,470.227,461.24,6866.33,1.65997e+09
2020-06-03 05:15:00,Quc1TzYxW2pYoWX,0,0,4962,3.29593e+08
2020-06-02 04:30:00,V94E5Ben1TlhnDV,0,0,0,1.41222e+09
2020-06-17 21:30:00,Mx2yZCDsyf6DPfv,0,0,4441,2.68335e+06
2020-06-01 05:00:00,PeE6FRyGXUgsRhN,0,0,0,1.34846e+09
2020-06-15 11:30:00,rrq4fwE8jgrTyWY,0,0,2112,1.21121e+08
2020-06-13 06:15:00,Mx2yZCDsyf6DPfv,43.34,41.9067,5.8,2.66424e+06
2020-06-01 01:45:00,NgDl19wMapZy17u,0,0,0,1.11645e+08
2020-06-09 23:15:00,81aHJ1q11NBPMrL,0,0,4696,1.21544e+09
2020-06-17 21:00:00,oZ35aAeoifZaQzV,0,0,4467,1.66019e+09
2020-05-30 11:45:00,LYwnQax7tkwH5Cb,1221.13,1191.51,2884.2,1.79504e+09
2020-06-07 05:15:00,4UPUqMRk7TRMgml,0,0,8376,2.59354e+06
2020-06-17 00:15:00,oZ35aAeoifZaQzV,0,0,0,1.66018e+09
2020-06-10 10:45:00,Mx2yZCDsyf6DPfv,1114.55,1087.69,2278.6,2.65243e+06
2020-06-03 18:00:00,Et9kgGMDl729KT4,73.4714,71.2214,4072.71,1.80845e+06
2020-06-11 23:15:00,rrq4fwE8jgrTyWY,0,0,3650,1.21101e+08
2020-05-29 16:15:00,oZ35aAeoifZaQzV,678.855,664.909,7595.45,1.66008e+09
2020-06-03 09:00:00,LlT2YUhhzqhg5Sw,721.767,706.7,802.4,2.82721e+08
2020-05-17 13:30:00,LYwnQax7tkwH5Cb,513.14,501.847,1738.47,1.31631e+09
2020-05-15 23:45:00,81aHJ1q11NBPMrL,0,0,2571.2,1.21528e+09
2020-06-04 23:15:00,xMbIugepa2P7lBB,0,0,6899,1.06815e+08
2020-06-06 12:00:00,9kRcWv60rDACzjR,1049.31,1024.55,4073,2.24786e+09
2020-06-04 15:45:00,NgDl19wMapZy17u,389,382.253,5704.33,1.11667e+08
2020-05-24 14:00:00,WcxssY2VbP4hApt,1132.33,1105.85,6861.73,1.81773e+08
2020-06-10 06:15:00,mqwcsP2rE7J0TFp,29.7357,28.7286,5.57143,5.93776e+08
2020-06-12 00:45:00,NgDl19wMapZy17u,0,0,3884,1.11715e+08
2020-05-25 09:15:00,LYwnQax7tkwH5Cb,840.2,822.213,1240.6,1.79501e+09
2020-06-07 15:45:00,xMbIugepa2P7lBB,666.133,652.36,7070.6,1.06838e+08
2020-05-17 20:00:00,vOuJvMaM2sgwLmb,0,0,5358,2.23179e+06
2020-06-16 21:30:00,4UPUqMRk7TRMgml,0,0,5004,2.64905e+06
2020-06-09 13:30:00,LYwnQax7tkwH5Cb,0,0,1696,1.79508e+09
2020-05-21 07:45:00,q49J1IKaHRwDQnt,425.88,418.333,310.4,369637
2020-05-27 07:15:00,oZ35aAeoifZaQzV,256.813,251.873,143.733,1.66006e+09
2020-06-15 08:30:00,V94E5Ben1TlhnDV,745.8,730.214,689.857,1.41228e+09
2020-05-21 15:15:00,rrq4fwE8jgrTyWY,832.173,814.393,3509.13,1.21e+08
2020-06-12 13:45:00,WcxssY2VbP4hApt,575.38,563.847,2981.6,1.8188e+08
2020-06-09 16:15:00,NgDl19wMapZy17u,714.427,699.62,7500.53,1.11708e+08
2020-06-05 08:15:00,LYwnQax7tkwH5Cb,545.129,534.4,374,1.79506e+09
2020-06-05 11:30:00,4UPUqMRk7TRMgml,1307.11,1274.81,3695.93,2.5811e+06
2020-05-18 07:15:00,9kRcWv60rDACzjR,15.7133,15.1667,2.93333,2.24774e+09
2020-06-08 07:15:00,mqwcsP2rE7J0TFp,217.813,213.553,159.8,5.93759e+08
2020-06-14 05:45:00,NgDl19wMapZy17u,0,0,3972,1.11724e+08
2020-05-23 03:30:00,Qf4GUc1pJu5T6c6,0,0,0,8.38481e+08
2020-05-17 12:15:00,IQ2d7wF4YD8zU1Q,830.353,812.647,3704.67,1.99628e+07
2020-06-10 17:45:00,oZ35aAeoifZaQzV,14.2071,13.7143,5581.07,1.66016e+09
2020-06-15 10:00:00,NgDl19wMapZy17u,1159,1130.41,1775.87,1.11732e+08
2020-05-30 14:15:00,oZ35aAeoifZaQzV,1126.25,1100.33,5858.07,1.66009e+09
2020-05-18 16:45:00,81aHJ1q11NBPMrL,274.447,269.273,3267.93,1.2153e+09
2020-05-21 22:45:00,rrq4fwE8jgrTyWY,0,0,4675,1.21001e+08
2020-05-23 15:30:00,81aHJ1q11NBPMrL,0,0,0,0
2020-06-12 18:00:00,LlT2YUhhzqhg5Sw,68.38,66.3,4590.67,2.82763e+08
2020-06-07 20:30:00,mqwcsP2rE7J0TFp,0,0,7549,5.93759e+08
2020-06-13 20:30:00,PeE6FRyGXUgsRhN,0,0,6515,1.34853e+09
2020-06-08 08:45:00,9kRcWv60rDACzjR,517.186,507.086,900.571,2.24787e+09
2020-06-10 05:30:00,q49J1IKaHRwDQnt,0,0,0,477638
2020-05-30 22:15:00,9kRcWv60rDACzjR,0,0,7985,2.24783e+09
2020-06-07 06:00:00,V94E5Ben1TlhnDV,15.1067,14.56,0.666667,1.41224e+09
2020-06-10 09:15:00,NgDl19wMapZy17u,523.54,513.333,918.733,1.11709e+08
2020-06-05 01:00:00,IQ2d7wF4YD8zU1Q,0,0,7020,2.01026e+07
2020-06-03 17:15:00,Mx2yZCDsyf6DPfv,185.936,182.264,4711.79,2.60197e+06
2020-06-16 15:00:00,xMbIugepa2P7lBB,529.987,519.54,4656.13,1.06891e+08
2020-06-15 14:15:00,oZZkBaNadn6DNKz,71.08,69.6933,1466.13,1.70828e+09
2020-05-22 19:00:00,LYwnQax7tkwH5Cb,0,0,9354,1.795e+09
2020-05-20 17:00:00,81aHJ1q11NBPMrL,307.973,302.42,3196.2,1.21531e+09
2020-06-15 20:00:00,4UPUqMRk7TRMgml,0,0,2304,2.64384e+06
2020-06-09 10:15:00,mqwcsP2rE7J0TFp,1254.13,1222.77,2283.13,5.9377e+08
2020-06-04 16:15:00,oZ35aAeoifZaQzV,359.727,353.473,3236.33,1.66012e+09
2020-06-08 00:15:00,oZZkBaNadn6DNKz,0,0,0,1.70823e+09
2020-05-19 09:45:00,4UPUqMRk7TRMgml,344.46,338.633,1264.4,2.45414e+06
2020-06-08 08:30:00,4UPUqMRk7TRMgml,785.9,769.214,736.143,2.60211e+06
2020-06-09 10:30:00,q49J1IKaHRwDQnt,0,0,1952,475989
2020-06-01 00:15:00,81aHJ1q11NBPMrL,0,0,0,1.21539e+09
2020-06-01 04:15:00,V94E5Ben1TlhnDV,0,0,0,1.41221e+09
2020-05-19 16:45:00,mqwcsP2rE7J0TFp,40.2267,38.9,6671.8,5.93619e+08
2020-06-10 18:30:00,LYwnQax7tkwH5Cb,0,0,2407,1.79508e+09
2020-05-22 05:00:00,Et9kgGMDl729KT4,0,0,0,1.73554e+06
2020-06-15 11:30:00,PeE6FRyGXUgsRhN,0,0,1144,1.34854e+09
2020-06-11 13:00:00,oZ35aAeoifZaQzV,517.279,507.086,2310.71,1.66016e+09
2020-06-07 13:45:00,mqwcsP2rE7J0TFp,1203.06,1173.79,5375.93,5.93756e+08
2020-06-15 13:30:00,Quc1TzYxW2pYoWX,334.02,328.14,890.533,3.29637e+08
2020-06-15 12:00:00,PeE6FRyGXUgsRhN,0,0,1170,1.34854e+09
2020-05-26 21:45:00,rrq4fwE8jgrTyWY,0,0,7776,1.2103e+08
2020-06-06 11:00:00,oZ35aAeoifZaQzV,1147.31,1119.67,3073.87,1.66013e+09
2020-05-20 18:45:00,V94E5Ben1TlhnDV,0,0,9237,1.41213e+09
2020-06-07 13:15:00,81aHJ1q11NBPMrL,0,0,1079,1.21543e+09
2020-06-06 12:00:00,oZ35aAeoifZaQzV,967.52,944.873,4119.47,1.66013e+09
2020-05-28 02:30:00,rrq4fwE8jgrTyWY,0,0,0,1.21036e+08
2020-06-03 00:30:00,4UPUqMRk7TRMgml,0,0,7404,2.5643e+06
2020-06-07 01:15:00,Quc1TzYxW2pYoWX,0,0,3413,3.29609e+08
2020-06-14 12:15:00,Qf4GUc1pJu5T6c6,0,0,938,8.38634e+08
2020-06-05 00:00:00,oZZkBaNadn6DNKz,0,0,0,1.70822e+09
2020-06-12 13:15:00,NgDl19wMapZy17u,694.46,679.74,2577.73,1.11717e+08
2020-06-17 02:45:00,Quc1TzYxW2pYoWX,0,0,0,3.29642e+08
2020-06-05 15:15:00,rrq4fwE8jgrTyWY,552.857,541.857,1965.07,1.21081e+08
2020-06-11 09:15:00,LlT2YUhhzqhg5Sw,468.06,459.193,545.8,2.82755e+08
2020-05-31 08:15:00,Et9kgGMDl729KT4,424.54,416.767,301.867,1.78911e+06
2020-06-09 17:30:00,LlT2YUhhzqhg5Sw,170.729,167.179,3377,2.82749e+08
2020-05-26 21:15:00,oZ35aAeoifZaQzV,0,0,9454,1.66006e+09
2020-06-10 13:15:00,9kRcWv60rDACzjR,0,0,0,2.24788e+09
2020-06-06 14:30:00,4UPUqMRk7TRMgml,0,0,0,172787
2020-06-08 11:45:00,LlT2YUhhzqhg5Sw,0,0,1331.87,2.63895e+08
2020-06-07 09:15:00,PeE6FRyGXUgsRhN,629.686,615.971,851.5,1.15585e+09
2020-06-05 15:30:00,IQ2d7wF4YD8zU1Q,526.379,516.057,6830.5,2.01094e+07
2020-05-17 11:00:00,oZZkBaNadn6DNKz,1027.83,1004.83,2664.6,1.7081e+09
2020-06-02 22:00:00,mqwcsP2rE7J0TFp,0,0,7177,5.93724e+08
2020-06-10 13:00:00,NgDl19wMapZy17u,127.813,125.2,224.8,1.11709e+08
2020-06-06 02:15:00,mqwcsP2rE7J0TFp,0,0,0,5.93743e+08
2020-05-27 14:00:00,WcxssY2VbP4hApt,0,0,0,0
2020-06-11 23:00:00,mqwcsP2rE7J0TFp,0,0,3877,5.93782e+08
2020-06-16 12:15:00,q49J1IKaHRwDQnt,515.993,506.029,3003.29,514328
2020-06-11 08:45:00,NgDl19wMapZy17u,378.787,372.187,314.667,1.11711e+08
2020-06-16 15:30:00,xMbIugepa2P7lBB,693.993,679.38,4931.73,1.06892e+08
2020-06-09 20:45:00,mqwcsP2rE7J0TFp,0,0,8040,5.93776e+08
2020-06-05 12:15:00,PeE6FRyGXUgsRhN,1277.81,1246.42,4198.07,1.34848e+09
2020-06-11 04:30:00,Et9kgGMDl729KT4,0,0,2448,1.82832e+06
2020-05-28 14:30:00,oZZkBaNadn6DNKz,1071.23,1047.05,7003.27,1.70818e+09
2020-05-17 08:15:00,Quc1TzYxW2pYoWX,485.627,476.38,317.933,3.2952e+08
2020-06-08 22:15:00,PeE6FRyGXUgsRhN,0,0,8837,1.3485e+09
2020-05-16 05:30:00,vOuJvMaM2sgwLmb,0,0,0,2.22154e+06
2020-06-13 15:00:00,Qf4GUc1pJu5T6c6,651.5,638.071,2116.36,8.38631e+08
2020-06-10 05:15:00,81aHJ1q11NBPMrL,0,0,0,1.21544e+09
2020-06-11 04:00:00,rrq4fwE8jgrTyWY,0,0,2369,1.21097e+08
2020-05-27 09:30:00,LYwnQax7tkwH5Cb,731.64,715.713,1454.67,1.79502e+09
2020-05-16 10:30:00,PeE6FRyGXUgsRhN,0,0,1839,1.34836e+09
2020-06-06 21:30:00,4UPUqMRk7TRMgml,0,0,8376,2.59354e+06
2020-06-09 02:00:00,V94E5Ben1TlhnDV,0,0,0,1.41225e+09
2020-05-30 05:30:00,Et9kgGMDl729KT4,0,0,0,1.7833e+06
2020-05-19 11:45:00,Et9kgGMDl729KT4,0,0,1332,1.72314e+06
2020-05-24 00:30:00,q49J1IKaHRwDQnt,0,0,3254,386758
2020-06-11 09:30:00,xMbIugepa2P7lBB,288.14,282.92,637.8,1.06862e+08
2020-06-06 22:15:00,4UPUqMRk7TRMgml,0,0,8376,2.59354e+06
2020-06-14 15:00:00,rrq4fwE8jgrTyWY,551.207,540.287,6201.27,1.21117e+08
2020-06-06 06:30:00,81aHJ1q11NBPMrL,98.66,95.8533,27.0667,1.21542e+09
2020-05-22 21:00:00,LYwnQax7tkwH5Cb,0,0,9354,1.795e+09
2020-06-15 09:15:00,mqwcsP2rE7J0TFp,785.74,768.94,1288.87,5.938e+08
2020-05-16 10:30:00,Quc1TzYxW2pYoWX,930.34,910.013,2085.6,3.29515e+08
2020-06-03 08:30:00,IQ2d7wF4YD8zU1Q,517.587,507.38,553.2,2.00901e+07
2020-05-15 02:00:00,rrq4fwE8jgrTyWY,0,0,0,1.20964e+08
2020-05-16 16:00:00,Qf4GUc1pJu5T6c6,351.033,344.48,7790.33,8.38436e+08
2020-05-30 21:00:00,4UPUqMRk7TRMgml,0,0,8185,2.54587e+06
2020-05-16 05:00:00,9kRcWv60rDACzjR,0,0,0,2.24773e+09
2020-05-16 07:00:00,4UPUqMRk7TRMgml,175.371,171.886,88.7143,2.4333e+06
2020-06-02 11:45:00,xoJJ8DcxJEcupym,0,0,2448,2.09247e+08
2020-05-31 15:00:00,mqwcsP2rE7J0TFp,703.757,689.1,5891.71,5.93712e+08
2020-05-30 04:00:00,LlT2YUhhzqhg5Sw,0,0,0,2.82698e+08
2020-06-02 03:15:00,V94E5Ben1TlhnDV,0,0,0,1.41222e+09
2020-06-12 12:45:00,WcxssY2VbP4hApt,498.593,488.153,1962.07,1.45503e+08
2020-06-09 18:00:00,4UPUqMRk7TRMgml,81.66,79.22,8071.6,2.61867e+06
2020-06-07 02:30:00,NgDl19wMapZy17u,0,0,8134,1.11683e+08
2020-06-11 07:15:00,LYwnQax7tkwH5Cb,150.227,146.74,54.8,1.79508e+09
2020-05-15 21:15:00,Mx2yZCDsyf6DPfv,0,0,7800,2.46145e+06
2020-06-04 18:45:00,Mx2yZCDsyf6DPfv,0.506667,0.493333,6981,2.60907e+06
2020-05-28 22:00:00,PeE6FRyGXUgsRhN,0,0,8554,1.34844e+09
2020-06-03 19:15:00,Qf4GUc1pJu5T6c6,0,0,6027,8.38568e+08
2020-05-25 22:00:00,rrq4fwE8jgrTyWY,0,0,4163,1.21023e+08
2020-06-03 15:45:00,Qf4GUc1pJu5T6c6,712.753,697.973,5398.53,8.38567e+08
2020-05-30 20:15:00,Quc1TzYxW2pYoWX,0,0,3932,3.29579e+08
2020-05-17 04:00:00,vOuJvMaM2sgwLmb,0,0,0,2.22643e+06
2020-06-03 21:30:00,WcxssY2VbP4hApt,0,0,5691,1.81844e+08
2020-05-26 01:30:00,oZ35aAeoifZaQzV,0,0,0,1.66005e+09
2020-05-19 17:15:00,9kRcWv60rDACzjR,6.66,6.40667,6390.27,2.24776e+09
2020-06-10 07:45:00,IQ2d7wF4YD8zU1Q,239,234.353,159,2.01441e+07
2020-05-29 14:00:00,LYwnQax7tkwH5Cb,850.264,832.036,5556.86,1.79503e+09
2020-06-12 04:30:00,vOuJvMaM2sgwLmb,0,0,3914,2.39294e+06
2020-06-01 12:00:00,oZ35aAeoifZaQzV,410.447,400.387,822.933,8.85387e+08
2020-06-02 20:30:00,Qf4GUc1pJu5T6c6,0,0,7298,8.38562e+08
2020-05-28 01:15:00,rrq4fwE8jgrTyWY,0,0,0,1.21036e+08
2020-06-11 06:15:00,Qf4GUc1pJu5T6c6,13.38,12.92,1.8,8.38621e+08
2020-05-23 11:15:00,4UPUqMRk7TRMgml,1300.99,1268.45,3681.6,2.48696e+06
2020-06-02 19:00:00,Et9kgGMDl729KT4,0,0,5476,1.80438e+06
2020-05-31 14:45:00,NgDl19wMapZy17u,363.453,357.087,5744.13,1.11644e+08
2020-06-13 01:30:00,V94E5Ben1TlhnDV,0,0,0,1.41227e+09
2020-05-23 18:45:00,rrq4fwE8jgrTyWY,0,0,2982,1.21014e+08
2020-06-11 08:15:00,IQ2d7wF4YD8zU1Q,181.873,178.213,188.6,2.01498e+07
2020-06-16 10:30:00,Qf4GUc1pJu5T6c6,707.753,693.1,1742.73,8.38639e+08
2020-05-28 11:15:00,LlT2YUhhzqhg5Sw,1221.46,1190.94,3463,2.82685e+08
2020-05-25 09:45:00,Qf4GUc1pJu5T6c6,982.147,960.367,1767.93,8.38497e+08
2020-06-11 17:15:00,oZ35aAeoifZaQzV,96.54,93.7533,3879.13,1.66016e+09
2020-05-23 12:45:00,Quc1TzYxW2pYoWX,0,0,1322,3.29541e+08
2020-06-16 13:45:00,Qf4GUc1pJu5T6c6,683.007,668.767,3764.53,8.38641e+08
2020-05-17 08:15:00,V94E5Ben1TlhnDV,590.267,578.393,399.667,1.4121e+09
2020-06-03 21:00:00,oZZkBaNadn6DNKz,0,0,4809,1.70821e+09
2020-05-30 01:15:00,oZ35aAeoifZaQzV,0,0,0,1.66008e+09
2020-05-17 15:00:00,4UPUqMRk7TRMgml,431.36,423.54,5263.47,2.44415e+06
2020-06-12 20:45:00,xoJJ8DcxJEcupym,0,0,4788,2.09306e+08
2020-06-02 00:30:00,IQ2d7wF4YD8zU1Q,0,0,0,2.00823e+07
2020-06-03 06:30:00,Et9kgGMDl729KT4,55.92,54.1133,12.4,1.80439e+06
2020-06-08 02:45:00,q49J1IKaHRwDQnt,0,0,2786,471251
2020-05-21 19:30:00,WcxssY2VbP4hApt,0,0,9167,1.81753e+08
2020-05-29 17:15:00,oZ35aAeoifZaQzV,333.627,327.867,8077.87,1.66008e+09
2020-05-27 15:00:00,Quc1TzYxW2pYoWX,765.007,748.96,6123.53,3.29565e+08
2020-06-14 21:00:00,xMbIugepa2P7lBB,0,0,7340,1.0688e+08
2020-06-07 18:00:00,oZZkBaNadn6DNKz,92.8333,90.14,7710.33,1.70823e+09
2020-06-11 09:45:00,81aHJ1q11NBPMrL,359.671,353.264,718.571,1.21545e+09
2020-06-14 09:15:00,NgDl19wMapZy17u,534.84,524.12,1023.53,1.11725e+08
2020-06-12 19:45:00,xMbIugepa2P7lBB,0,0,4716,1.0687e+08
2020-05-20 09:00:00,V94E5Ben1TlhnDV,780.213,763.753,1030.27,1.41212e+09
2020-05-31 02:30:00,Quc1TzYxW2pYoWX,0,0,3932,3.29579e+08
2020-05-28 21:45:00,oZZkBaNadn6DNKz,0,0,9051,1.70818e+09
2020-06-16 09:15:00,oZ35aAeoifZaQzV,451.493,442.833,936.267,1.66018e+09
2020-05-17 06:00:00,oZ35aAeoifZaQzV,3.90667,3.76667,0.266667,1.65998e+09
2020-06-09 07:15:00,xMbIugepa2P7lBB,371.267,364.893,161.867,1.06848e+08
2020-05-15 23:30:00,vOuJvMaM2sgwLmb,0,0,9574,2.22154e+06
2020-06-12 20:00:00,PeE6FRyGXUgsRhN,0,0,4685,1.34852e+09
2020-06-09 11:30:00,vOuJvMaM2sgwLmb,1122.29,1095.33,3511.67,2.37919e+06
2020-06-12 18:30:00,xoJJ8DcxJEcupym,34.0933,32.9533,4784.33,2.09306e+08
2020-05-18 01:00:00,oZZkBaNadn6DNKz,0,0,0,1.7081e+09
2020-06-12 07:15:00,Qf4GUc1pJu5T6c6,170.686,167.171,92.8571,8.38625e+08
2020-05-15 20:45:00,xMbIugepa2P7lBB,0,0,9465,1.06666e+08
2020-05-21 09:00:00,LYwnQax7tkwH5Cb,766.44,750.367,1047.13,1.79499e+09
2020-06-09 06:30:00,Et9kgGMDl729KT4,74.2267,71.94,20.0667,1.82199e+06
2020-06-14 02:15:00,Qf4GUc1pJu5T6c6,0,0,3544,8.38633e+08
2020-06-02 01:15:00,oZZkBaNadn6DNKz,0,0,0,1.7082e+09
2020-05-19 18:30:00,q49J1IKaHRwDQnt,1.12667,1.08667,2824.73,365265
2020-06-15 06:45:00,vOuJvMaM2sgwLmb,127.047,123.767,48.6,2.41161e+06
2020-06-07 16:15:00,mqwcsP2rE7J0TFp,447.127,437.98,7030.07,5.93758e+08
2020-05-18 04:15:00,vOuJvMaM2sgwLmb,0,0,0,2.23179e+06
2020-05-24 10:30:00,Mx2yZCDsyf6DPfv,1171.97,1142.83,2630.33,2.52866e+06
2020-06-06 12:45:00,vOuJvMaM2sgwLmb,1071.37,1045.37,5024.93,2.36155e+06
2020-05-19 06:45:00,LYwnQax7tkwH5Cb,118.107,114.84,47.0667,1.79498e+09
2020-05-21 14:45:00,LYwnQax7tkwH5Cb,962.58,941.38,3165.87,1.79499e+09
2020-06-17 22:45:00,oZZkBaNadn6DNKz,0,0,4389,1.70829e+09
2020-06-11 22:00:00,oZZkBaNadn6DNKz,0,0,3921,1.70826e+09
2020-06-02 07:00:00,rrq4fwE8jgrTyWY,239.614,235.05,134.5,1.21065e+08
2020-05-28 04:00:00,V94E5Ben1TlhnDV,0,0,0,1.41218e+09
2020-05-18 07:15:00,IQ2d7wF4YD8zU1Q,15.6929,15.1357,3.64286,1.99663e+07
2020-05-15 20:15:00,Quc1TzYxW2pYoWX,0,0,4239,3.29513e+08
2020-06-15 08:30:00,q49J1IKaHRwDQnt,747.407,731.786,682.714,505948
2020-06-11 12:30:00,IQ2d7wF4YD8zU1Q,494.927,485.493,2004.6,2.01516e+07
2020-05-23 11:15:00,oZZkBaNadn6DNKz,1277.97,1246.01,3603.4,1.70813e+09
2020-05-19 11:15:00,mqwcsP2rE7J0TFp,1312.61,1279.81,2374.47,5.93614e+08
2020-06-04 22:15:00,oZZkBaNadn6DNKz,0,0,3715,1.70822e+09
2020-05-18 22:30:00,9kRcWv60rDACzjR,0,0,7539,2.24775e+09
2020-06-11 17:00:00,81aHJ1q11NBPMrL,120.667,117.367,3795.13,1.21545e+09
2020-05-28 12:15:00,LYwnQax7tkwH5Cb,0,0,1671,1.79502e+09
2020-06-06 14:30:00,rrq4fwE8jgrTyWY,0,0,0,8.07223e+06
2020-06-14 20:00:00,NgDl19wMapZy17u,0,0,6277,1.1173e+08
2020-05-22 05:45:00,Quc1TzYxW2pYoWX,0.4,0.386667,0,3.29536e+08
2020-06-05 22:00:00,LYwnQax7tkwH5Cb,0,0,2878,1.79507e+09
2020-05-25 02:15:00,Mx2yZCDsyf6DPfv,0,0,0,2.53099e+06
2020-06-13 17:30:00,xoJJ8DcxJEcupym,205.513,201.427,6518.13,2.09312e+08
2020-06-05 03:45:00,LYwnQax7tkwH5Cb,0,0,2885,1.79506e+09
2020-06-01 06:15:00,LYwnQax7tkwH5Cb,28.4867,27.5133,3.4,1.79505e+09
2020-06-14 03:30:00,mqwcsP2rE7J0TFp,0,0,0,5.93793e+08
2020-06-13 18:30:00,81aHJ1q11NBPMrL,28.2571,27.2929,6652.71,1.21546e+09
2020-05-17 15:30:00,oZZkBaNadn6DNKz,417.84,410.48,6135,1.7081e+09
2020-06-12 15:15:00,xMbIugepa2P7lBB,628.136,615.393,3812.43,1.06869e+08
2020-05-31 07:30:00,IQ2d7wF4YD8zU1Q,137.887,134.187,157.2,2.00715e+07
2020-06-13 20:15:00,LYwnQax7tkwH5Cb,0,0,6213,1.79509e+09
2020-06-04 03:15:00,xMbIugepa2P7lBB,0,0,5879,1.06808e+08
2020-05-16 03:45:00,xMbIugepa2P7lBB,0,0,9465,1.06666e+08
2020-06-17 19:30:00,Mx2yZCDsyf6DPfv,0,0,4441,2.68335e+06
2020-06-12 15:00:00,LlT2YUhhzqhg5Sw,674.85,661.007,3602.71,2.82762e+08
2020-06-12 01:15:00,mqwcsP2rE7J0TFp,0,0,0,5.93782e+08
2020-06-01 13:30:00,LlT2YUhhzqhg5Sw,44.7,43.25,3739,2.82716e+08
2020-05-22 06:45:00,4UPUqMRk7TRMgml,171.62,168.033,62.7333,2.47348e+06
2020-05-26 00:15:00,vOuJvMaM2sgwLmb,0,0,0,2.28725e+06
2020-06-16 20:30:00,NgDl19wMapZy17u,0,0,5537,1.11742e+08
2020-06-15 23:45:00,V94E5Ben1TlhnDV,0,0,1026.4,1.41228e+09
2020-06-10 11:00:00,oZ35aAeoifZaQzV,884.967,863.44,2226.73,1.4388e+09
2020-06-01 19:00:00,xMbIugepa2P7lBB,0,0,4143,1.06795e+08
2020-05-29 15:15:00,oZ35aAeoifZaQzV,854.04,835.72,6788.47,1.66008e+09
2020-05-18 15:30:00,PeE6FRyGXUgsRhN,510.62,500.82,5748.87,1.34838e+09
2020-05-31 03:15:00,PeE6FRyGXUgsRhN,0,0,0,1.34845e+09
2020-05-26 09:30:00,oZZkBaNadn6DNKz,975.12,953.587,1585.4,1.70816e+09
2020-05-20 09:45:00,9kRcWv60rDACzjR,932.26,911.867,1696.6,2.24776e+09
2020-06-08 07:45:00,oZ35aAeoifZaQzV,490.487,481.047,355.533,1.66014e+09
2020-05-21 03:00:00,PeE6FRyGXUgsRhN,0,0,0,1.34838e+09
2020-05-23 17:30:00,Quc1TzYxW2pYoWX,150.9,147.367,3933.8,3.29543e+08
2020-05-24 02:30:00,q49J1IKaHRwDQnt,0,0,3254,386758
2020-06-07 18:00:00,4UPUqMRk7TRMgml,96.4333,93.6667,7792.2,2.60133e+06
2020-05-18 22:15:00,IQ2d7wF4YD8zU1Q,0,0,7818,1.99741e+07
2020-05-28 23:45:00,9kRcWv60rDACzjR,0,0,8932,2.24782e+09
2020-06-11 04:15:00,xMbIugepa2P7lBB,0,0,5523,1.06861e+08
2020-05-30 19:00:00,V94E5Ben1TlhnDV,0,0,5288,1.41221e+09
2020-06-12 14:00:00,LYwnQax7tkwH5Cb,705.347,690.727,2941.67,1.79509e+09
2020-06-01 20:45:00,oZZkBaNadn6DNKz,0,0,4329,1.7082e+09
2020-06-09 03:30:00,PeE6FRyGXUgsRhN,0,0,8837,1.3485e+09
2020-06-06 17:30:00,LlT2YUhhzqhg5Sw,219.847,215.467,4560.8,2.82735e+08
2020-05-26 22:15:00,xoJJ8DcxJEcupym,0,0,6233,2.09211e+08
2020-06-03 05:00:00,4UPUqMRk7TRMgml,0,0,0,2.5643e+06
2020-06-05 04:30:00,4UPUqMRk7TRMgml,0,0,6990,2.5774e+06
2020-06-02 19:45:00,xMbIugepa2P7lBB,0,0,7138,1.06802e+08
2020-06-15 11:45:00,9kRcWv60rDACzjR,549.867,538.6,3184.53,2.2479e+09
2020-05-24 00:45:00,Quc1TzYxW2pYoWX,0,0,3998,3.29543e+08
2020-06-14 05:15:00,WcxssY2VbP4hApt,0,0,6435,1.81888e+08
2020-06-11 18:15:00,xoJJ8DcxJEcupym,34.8933,33.7333,3934.93,2.09301e+08
2020-05-31 20:30:00,IQ2d7wF4YD8zU1Q,0,0,6664,2.0078e+07
2020-05-15 11:30:00,xMbIugepa2P7lBB,1292.16,1259.85,4015.67,1.06661e+08
2020-05-16 15:30:00,WcxssY2VbP4hApt,589.807,577.88,7542,1.81712e+08
2020-06-16 19:45:00,q49J1IKaHRwDQnt,0,0,5276,516601
2020-06-02 08:30:00,rrq4fwE8jgrTyWY,549.927,539.027,712.467,1.21066e+08
2020-05-16 21:00:00,oZ35aAeoifZaQzV,0,0,8062,1.65998e+09
2020-06-03 17:30:00,4UPUqMRk7TRMgml,156.973,153.46,6030.27,2.57033e+06
2020-05-23 14:00:00,4UPUqMRk7TRMgml,1167.91,1139.57,7096.2,2.49037e+06
2020-05-30 15:00:00,4UPUqMRk7TRMgml,991.933,969.92,6568.4,2.54425e+06
2020-05-27 10:45:00,rrq4fwE8jgrTyWY,0,0,1484,1.21032e+08
2020-05-27 11:45:00,LYwnQax7tkwH5Cb,0,0,1526,1.79502e+09
2020-05-19 04:45:00,Qf4GUc1pJu5T6c6,0,0,0,8.38451e+08
2020-06-15 04:15:00,xoJJ8DcxJEcupym,0,0,7268,2.0932e+08
2020-06-04 02:00:00,vOuJvMaM2sgwLmb,0,0,0,2.34622e+06
2020-05-19 01:00:00,IQ2d7wF4YD8zU1Q,0,0,0,1.99741e+07
2020-05-31 10:30:00,xMbIugepa2P7lBB,869.04,850.207,1796.6,1.06786e+08
2020-05-27 01:00:00,4UPUqMRk7TRMgml,0,0,9501,2.51633e+06
2020-06-17 09:45:00,rrq4fwE8jgrTyWY,551.433,540.473,553.533,1.21128e+08
2020-05-30 01:15:00,NgDl19wMapZy17u,0,0,0,1.1163e+08
2020-05-24 04:15:00,Quc1TzYxW2pYoWX,0,0,1999,3.29543e+08
2020-05-20 06:30:00,81aHJ1q11NBPMrL,71.46,69.26,21.4,1.2153e+09
2020-05-23 14:45:00,Quc1TzYxW2pYoWX,790.26,773.56,2621.07,3.29542e+08
2020-06-09 17:30:00,mqwcsP2rE7J0TFp,174.087,170.487,7950.4,5.93776e+08
2020-05-20 19:45:00,Et9kgGMDl729KT4,0,0,4492,1.72889e+06
2020-06-17 21:00:00,4UPUqMRk7TRMgml,0,0,4128.43,2.46396e+06
2020-06-10 01:45:00,Quc1TzYxW2pYoWX,0,0,3796,3.29618e+08
2020-05-30 23:30:00,LYwnQax7tkwH5Cb,0,0,7771,1.79504e+09
2020-05-17 17:30:00,LYwnQax7tkwH5Cb,218.593,214.32,5428.4,1.79498e+09
2020-05-27 18:15:00,oZ35aAeoifZaQzV,60.7133,58.7867,9449.13,1.66007e+09
2020-05-29 11:00:00,81aHJ1q11NBPMrL,0,0,1176,1.21537e+09
2020-06-07 18:45:00,vOuJvMaM2sgwLmb,3.38667,3.27333,1909.6,2.36669e+06
2020-06-10 03:15:00,vOuJvMaM2sgwLmb,0,0,7868,2.38355e+06
2020-05-28 03:30:00,Quc1TzYxW2pYoWX,0,0,7370,3.29566e+08
2020-05-27 19:00:00,4UPUqMRk7TRMgml,0,0,9501,2.52583e+06
2020-06-04 16:45:00,Et9kgGMDl729KT4,456.887,448.347,2431.53,1.8109e+06
2020-05-23 01:00:00,rrq4fwE8jgrTyWY,0,0,0,1.21011e+08
2020-05-21 05:45:00,xoJJ8DcxJEcupym,0,0,0,2.09169e+08
2020-05-27 00:15:00,V94E5Ben1TlhnDV,0,0,0,1.41218e+09
2020-05-17 04:30:00,oZ35aAeoifZaQzV,0,0,0,1.65998e+09
2020-05-31 23:00:00,81aHJ1q11NBPMrL,0,0,6409,1.21539e+09
2020-06-09 09:30:00,LYwnQax7tkwH5Cb,838.293,819.887,1596.73,1.79508e+09
2020-06-13 09:15:00,V94E5Ben1TlhnDV,375.714,369.179,944.429,1.41227e+09
2020-05-31 06:30:00,81aHJ1q11NBPMrL,101.867,99,29.9333,1.21538e+09
2020-06-12 09:45:00,q49J1IKaHRwDQnt,436.98,428.907,857.867,487613
2020-05-17 05:00:00,Quc1TzYxW2pYoWX,0,0,0,3.2952e+08
2020-05-17 00:15:00,xMbIugepa2P7lBB,0,0,7722,1.06674e+08
2020-06-09 00:30:00,NgDl19wMapZy17u,0,0,9167,1.117e+08
2020-05-30 13:30:00,mqwcsP2rE7J0TFp,1124.46,1097.9,4897.29,5.93703e+08
2020-05-25 19:30:00,LYwnQax7tkwH5Cb,0,0,4940,1.79501e+09
2020-06-17 15:45:00,IQ2d7wF4YD8zU1Q,336.42,330.76,3803.6,2.01846e+07
2020-05-21 23:15:00,rrq4fwE8jgrTyWY,0,0,4675,1.21001e+08
2020-05-26 12:15:00,81aHJ1q11NBPMrL,0,0,0,0
2020-06-01 06:30:00,LlT2YUhhzqhg5Sw,69.3933,67.2533,16.6,2.82712e+08
2020-05-20 17:15:00,LlT2YUhhzqhg5Sw,273.167,267.913,3711.53,2.82631e+08
2020-06-06 23:30:00,oZ35aAeoifZaQzV,0,0,8368,1.66013e+09
2020-05-22 01:45:00,Quc1TzYxW2pYoWX,0,0,4896,3.29536e+08
2020-06-03 22:45:00,Mx2yZCDsyf6DPfv,0,0,4836,2.60209e+06
2020-06-13 12:30:00,oZZkBaNadn6DNKz,1224.59,1194.88,2950.27,1.70827e+09
2020-06-07 21:15:00,WcxssY2VbP4hApt,0,0,1950,1.81862e+08
2020-05-26 10:45:00,rrq4fwE8jgrTyWY,1114.51,1089.09,1788.4,1.21024e+08
2020-05-19 19:15:00,Mx2yZCDsyf6DPfv,0,0,6771,2.48814e+06
2020-06-14 09:15:00,mqwcsP2rE7J0TFp,520.84,510.467,1043.6,5.93794e+08
2020-05-20 21:15:00,NgDl19wMapZy17u,0,0,9292,1.11561e+08
2020-05-19 03:15:00,Quc1TzYxW2pYoWX,0,0,2787,3.29526e+08
2020-06-01 19:45:00,NgDl19wMapZy17u,0,0,4117,1.11649e+08
2020-05-26 21:30:00,V94E5Ben1TlhnDV,0,0,9347,1.41218e+09
2020-06-09 15:45:00,LlT2YUhhzqhg5Sw,767.74,751.487,2559,2.82748e+08
2020-06-10 19:15:00,xoJJ8DcxJEcupym,0,0,3971,2.09297e+08
2020-05-15 06:00:00,oZ35aAeoifZaQzV,16.6267,16.0333,2,1.65997e+09
2020-05-27 10:45:00,vOuJvMaM2sgwLmb,0,0,0,0
2020-06-01 09:30:00,Quc1TzYxW2pYoWX,592.193,579.867,996.133,3.29585e+08
2020-05-17 13:45:00,mqwcsP2rE7J0TFp,1135.91,1108.99,4945.5,5.93602e+08
2020-06-04 04:00:00,LlT2YUhhzqhg5Sw,0,0,0,2.82724e+08
2020-06-09 19:45:00,mqwcsP2rE7J0TFp,0,0,8040,5.93776e+08
2020-06-08 12:30:00,PeE6FRyGXUgsRhN,1201.14,1171.69,4499.4,1.3485e+09
2020-06-09 21:30:00,9kRcWv60rDACzjR,0,0,3803,2.24788e+09
2020-06-03 02:45:00,mqwcsP2rE7J0TFp,0,0,0,5.93724e+08
2020-06-02 13:00:00,oZZkBaNadn6DNKz,860.813,841.887,2871.4,1.7082e+09
2020-05-23 17:30:00,Et9kgGMDl729KT4,165.167,161.6,4527.53,1.74365e+06
2020-06-05 16:00:00,Qf4GUc1pJu5T6c6,368.036,361.721,6879.07,8.38582e+08
2020-06-10 11:45:00,rrq4fwE8jgrTyWY,0,0,0,9.68766e+07
2020-05-29 11:30:00,LYwnQax7tkwH5Cb,993.143,971.093,3247.29,1.79503e+09
2020-06-11 02:00:00,rrq4fwE8jgrTyWY,0,0,2369,1.21097e+08
2020-05-18 01:15:00,Qf4GUc1pJu5T6c6,0,0,0,8.38443e+08
2020-06-05 04:15:00,WcxssY2VbP4hApt,0,0,3834,1.81848e+08
2020-05-19 20:00:00,Mx2yZCDsyf6DPfv,0,0,6771,2.48814e+06
2020-05-27 00:30:00,9kRcWv60rDACzjR,0,0,0,2.2478e+09
2020-05-16 14:15:00,IQ2d7wF4YD8zU1Q,1124.75,1097.37,6519.6,1.99577e+07
2020-06-09 23:00:00,LlT2YUhhzqhg5Sw,0,0,3463,2.82749e+08
2020-06-09 22:15:00,WcxssY2VbP4hApt,0,0,4027,1.81869e+08
2020-06-04 17:00:00,rrq4fwE8jgrTyWY,287.06,281.593,6468.4,1.21079e+08
2020-06-05 01:15:00,oZ35aAeoifZaQzV,0,0,3739,1.66012e+09
2020-06-13 21:00:00,81aHJ1q11NBPMrL,0,0,6656,1.21546e+09
2020-05-30 02:45:00,xMbIugepa2P7lBB,0,0,8095,1.06776e+08
2020-06-11 14:00:00,PeE6FRyGXUgsRhN,531.207,520.9,2792,1.34852e+09
2020-06-16 06:00:00,Et9kgGMDl729KT4,7.44667,7.18,0.133333,1.84554e+06
2020-06-17 14:30:00,4UPUqMRk7TRMgml,511.16,501.113,3371.87,2.65242e+06
2020-05-29 18:45:00,Mx2yZCDsyf6DPfv,0,0,8240,2.57074e+06
2020-05-28 04:00:00,LlT2YUhhzqhg5Sw,0,0,0,2.82682e+08
2020-06-01 19:00:00,rrq4fwE8jgrTyWY,0,0,3858,1.21065e+08
2020-06-07 01:30:00,xMbIugepa2P7lBB,0,0,8142,1.06831e+08
2020-05-19 21:45:00,WcxssY2VbP4hApt,0,0,6831,1.81735e+08
2020-06-06 13:45:00,IQ2d7wF4YD8zU1Q,1192.21,1163.02,5934.53,2.01163e+07
2020-06-08 10:30:00,81aHJ1q11NBPMrL,1191.03,1162.05,2465.07,1.21543e+09
2020-06-03 04:15:00,Quc1TzYxW2pYoWX,0,0,4962,3.29593e+08
2020-06-03 13:45:00,q49J1IKaHRwDQnt,554.333,543.283,2145.83,454020
2020-06-10 13:45:00,mqwcsP2rE7J0TFp,622.521,609.829,1610.14,5.93777e+08
2020-06-09 06:15:00,q49J1IKaHRwDQnt,43.62,42.1867,8.06667,474045
2020-06-05 06:30:00,Quc1TzYxW2pYoWX,51.2867,49.6133,13.3333,3.29602e+08
2020-06-08 16:45:00,PeE6FRyGXUgsRhN,419.96,412.227,8445.87,1.3485e+09
2020-06-09 02:15:00,xoJJ8DcxJEcupym,0,0,9070,2.09286e+08
2020-06-15 12:45:00,Et9kgGMDl729KT4,372.473,364.533,803.867,1.84414e+06
2020-06-13 13:45:00,IQ2d7wF4YD8zU1Q,0,0,1517,2.01599e+07
2020-05-15 14:30:00,9kRcWv60rDACzjR,932.447,911.947,7498.4,2.24773e+09
2020-05-25 12:45:00,xoJJ8DcxJEcupym,1246.15,1215,5108.4,2.09201e+08
2020-05-21 14:00:00,q49J1IKaHRwDQnt,1099.33,1074.33,2391.4,371718
2020-06-04 06:30:00,xMbIugepa2P7lBB,63.3533,61.32,15.4,1.06808e+08
2020-06-10 02:30:00,Qf4GUc1pJu5T6c6,0,0,8086,8.38615e+08
2020-05-27 19:45:00,Quc1TzYxW2pYoWX,0,0,7370,3.29566e+08
2020-06-03 15:45:00,WcxssY2VbP4hApt,710.44,695.707,5055.07,1.81843e+08
2020-05-31 10:15:00,xMbIugepa2P7lBB,799.129,782.193,1599.5,1.06786e+08
2020-05-29 20:00:00,xoJJ8DcxJEcupym,0,0,5437,2.09228e+08
2020-06-11 01:45:00,Qf4GUc1pJu5T6c6,0,0,5556,8.38621e+08
2020-06-17 22:45:00,WcxssY2VbP4hApt,0,0,4331,1.81912e+08
2020-05-20 00:15:00,LYwnQax7tkwH5Cb,0,0,0,1.79498e+09
2020-06-01 20:15:00,81aHJ1q11NBPMrL,0,0,4195,1.2154e+09
2020-05-20 00:00:00,q49J1IKaHRwDQnt,0,0,2825,365265
2020-06-05 05:30:00,LlT2YUhhzqhg5Sw,0,0,0,2.82727e+08
2020-06-01 00:00:00,9kRcWv60rDACzjR,0,0,2144.33,2.24784e+09
2020-05-26 20:00:00,oZ35aAeoifZaQzV,0,0,9454,1.66006e+09
2020-06-06 01:30:00,NgDl19wMapZy17u,0,0,7629,1.11675e+08
2020-06-09 17:00:00,81aHJ1q11NBPMrL,282.02,276.6,4491.33,1.21544e+09
2020-05-28 19:00:00,LYwnQax7tkwH5Cb,0,0,3474,1.79502e+09
2020-06-06 08:15:00,Qf4GUc1pJu5T6c6,520.88,510.74,380.6,8.38583e+08
2020-06-08 12:45:00,LYwnQax7tkwH5Cb,0,0,1330,1.79507e+09
2020-06-13 02:15:00,mqwcsP2rE7J0TFp,0,0,0,5.93787e+08
2020-06-09 21:15:00,9kRcWv60rDACzjR,0,0,3803,2.24788e+09
2020-05-17 13:15:00,Et9kgGMDl729KT4,789.94,772.46,2071.8,1.48831e+06
2020-06-05 09:15:00,9kRcWv60rDACzjR,1030.45,1007.12,1123.67,2.24786e+09
2020-06-16 03:15:00,Quc1TzYxW2pYoWX,0,0,0,3.29638e+08
2020-05-16 03:00:00,NgDl19wMapZy17u,0,0,0,1.11522e+08
2020-06-03 22:15:00,V94E5Ben1TlhnDV,0,0,4318,1.41223e+09
2020-05-20 17:00:00,4UPUqMRk7TRMgml,320.643,314.914,9172.29,2.46401e+06
2020-05-30 16:15:00,Qf4GUc1pJu5T6c6,610,597.7,7476.67,8.38543e+08
2020-05-16 14:00:00,V94E5Ben1TlhnDV,902.407,882.353,6115.53,1.4121e+09
2020-06-14 01:30:00,oZZkBaNadn6DNKz,0,0,0,1.70827e+09
2020-06-07 09:30:00,9kRcWv60rDACzjR,78.8143,77.0214,224.786,9.63373e+08
2020-06-16 19:30:00,4UPUqMRk7TRMgml,0,0,5004,2.64905e+06
2020-06-04 12:15:00,9kRcWv60rDACzjR,0,0,1447,2.24786e+09
2020-05-29 01:00:00,xoJJ8DcxJEcupym,0,0,0,2.09223e+08
2020-06-11 15:30:00,Et9kgGMDl729KT4,289.129,283.843,2911.43,1.83123e+06
2020-05-31 05:15:00,4UPUqMRk7TRMgml,0,0,0,2.54587e+06
2020-06-03 01:15:00,4UPUqMRk7TRMgml,0,0,7404,2.5643e+06
2020-05-15 00:15:00,vOuJvMaM2sgwLmb,0,0,0,2.21196e+06
2020-06-04 16:15:00,oZZkBaNadn6DNKz,349.68,343.633,3222.2,1.70822e+09
2020-06-01 13:15:00,4UPUqMRk7TRMgml,108.833,106.3,4005.67,2.55656e+06
2020-05-24 06:45:00,LlT2YUhhzqhg5Sw,144.867,141.36,53,2.82646e+08
2020-05-27 08:45:00,V94E5Ben1TlhnDV,752.021,736.279,890.643,1.41218e+09
2020-06-03 01:45:00,V94E5Ben1TlhnDV,0,0,0,1.41222e+09
2020-05-16 03:00:00,4UPUqMRk7TRMgml,0,0,0,2.43321e+06
2020-06-08 14:30:00,9kRcWv60rDACzjR,0,0,1772.64,2.08731e+09
2020-05-26 07:15:00,Quc1TzYxW2pYoWX,219.033,214.753,123.133,3.29551e+08
2020-05-30 08:00:00,xoJJ8DcxJEcupym,341.686,335.593,234.786,2.09229e+08
2020-05-26 05:45:00,rrq4fwE8jgrTyWY,0,0,0,1.21023e+08
2020-06-13 19:45:00,Quc1TzYxW2pYoWX,0,0,5477,3.29633e+08
2020-06-11 19:15:00,9kRcWv60rDACzjR,0,0,3862,2.24789e+09
2020-06-16 08:15:00,Qf4GUc1pJu5T6c6,457.687,449.067,431.6,8.38638e+08
2020-06-04 12:45:00,IQ2d7wF4YD8zU1Q,1137.58,1110.39,4362.14,2.00999e+07
2020-05-31 09:45:00,Qf4GUc1pJu5T6c6,893.02,873.573,1175.33,8.38545e+08
2020-06-03 03:30:00,xoJJ8DcxJEcupym,0,0,0,2.0925e+08
2020-06-16 22:30:00,9kRcWv60rDACzjR,0,0,5417,2.24791e+09
2020-06-17 14:15:00,4UPUqMRk7TRMgml,617.14,604.673,3229.27,2.65228e+06
2020-06-14 04:30:00,mqwcsP2rE7J0TFp,0,0,0,5.93793e+08
2020-05-16 19:45:00,LlT2YUhhzqhg5Sw,0,0,7542,2.8261e+08
2020-06-11 09:15:00,9kRcWv60rDACzjR,473.207,464.22,552.067,2.24788e+09
2020-06-17 02:45:00,xMbIugepa2P7lBB,0,0,0,1.06892e+08
2020-06-11 13:45:00,rrq4fwE8jgrTyWY,613.727,601.253,2478.53,1.211e+08
2020-05-17 19:45:00,oZ35aAeoifZaQzV,0,0,5550,1.65999e+09
2020-06-15 08:00:00,Et9kgGMDl729KT4,451.227,442.54,353.067,1.84369e+06
2020-05-20 15:45:00,NgDl19wMapZy17u,795.913,779.08,8462.87,1.1156e+08
2020-05-26 00:45:00,V94E5Ben1TlhnDV,0,0,0,1.41217e+09
2020-05-26 13:00:00,WcxssY2VbP4hApt,1258.24,1226.98,5759.73,1.8179e+08
2020-06-07 21:15:00,V94E5Ben1TlhnDV,0,0,1879,1.41224e+09
2020-05-24 05:15:00,Qf4GUc1pJu5T6c6,0,0,0,8.38491e+08
2020-06-01 16:15:00,Quc1TzYxW2pYoWX,111.2,108.1,3562.27,3.29588e+08
2020-06-16 14:15:00,81aHJ1q11NBPMrL,227.687,223.007,1476.13,4.0516e+08
2020-05-28 14:15:00,Qf4GUc1pJu5T6c6,0,0,0,8.38526e+08
2020-06-06 19:30:00,Qf4GUc1pJu5T6c6,0,0,8227,8.3859e+08
2020-05-28 16:30:00,Mx2yZCDsyf6DPfv,508.113,498.147,3290.13,2.56207e+06
2020-06-13 00:00:00,4UPUqMRk7TRMgml,0,0,4548,2.63279e+06
2020-05-22 20:30:00,LlT2YUhhzqhg5Sw,0,0,5052,2.82642e+08
2020-05-21 04:45:00,oZZkBaNadn6DNKz,0,0,0,1.70811e+09
2020-06-15 12:15:00,Qf4GUc1pJu5T6c6,0,0,644,8.38636e+08
2020-06-08 22:30:00,WcxssY2VbP4hApt,0,0,3585,1.81865e+08
2020-05-17 00:45:00,81aHJ1q11NBPMrL,0,0,0,1.21529e+09
2020-05-18 13:15:00,IQ2d7wF4YD8zU1Q,1266.18,1234.89,4692.79,1.9971e+07
2020-05-15 15:00:00,LlT2YUhhzqhg5Sw,924.967,904.76,7956.53,2.82601e+08
2020-06-04 22:15:00,Qf4GUc1pJu5T6c6,0,0,6904,8.38575e+08
2020-05-24 02:45:00,vOuJvMaM2sgwLmb,0,0,0,2.27493e+06
2020-06-09 14:45:00,xMbIugepa2P7lBB,673.113,659.22,6417.4,1.06854e+08
2020-06-11 16:30:00,NgDl19wMapZy17u,185.587,181.867,3713.33,1.11715e+08
2020-05-15 14:45:00,IQ2d7wF4YD8zU1Q,1030.49,1007.42,8052.4,1.99496e+07
2020-06-03 01:00:00,xMbIugepa2P7lBB,0,0,7138,1.06802e+08
2020-05-31 20:30:00,vOuJvMaM2sgwLmb,0,0,6518,2.33321e+06
2020-05-22 20:30:00,vOuJvMaM2sgwLmb,0,0,3182,2.2654e+06
2020-05-18 09:15:00,oZZkBaNadn6DNKz,677.54,663.627,618.2,1.7081e+09
2020-06-15 23:30:00,Et9kgGMDl729KT4,0,0,2199,1.84554e+06
2020-06-11 05:15:00,q49J1IKaHRwDQnt,0,0,5303,482941
2020-06-06 22:30:00,81aHJ1q11NBPMrL,0,0,8196,1.21543e+09
2020-05-16 19:45:00,NgDl19wMapZy17u,0,0,7762,1.1153e+08
2020-06-08 08:30:00,V94E5Ben1TlhnDV,643.907,630.757,764.714,1.41224e+09
2020-06-13 21:15:00,oZZkBaNadn6DNKz,0,0,6481,1.70827e+09
2020-06-03 03:45:00,9kRcWv60rDACzjR,0,0,0,2.24785e+09
2020-06-01 07:30:00,oZ35aAeoifZaQzV,259.907,254.887,171.867,1.6601e+09
2020-05-15 01:30:00,oZ35aAeoifZaQzV,0,0,0,1.65997e+09
2020-06-06 06:00:00,4UPUqMRk7TRMgml,12.2733,11.8267,0.6,2.58516e+06
2020-06-13 13:00:00,rrq4fwE8jgrTyWY,1083.81,1058.11,3279,1.21108e+08
2020-06-02 12:30:00,4UPUqMRk7TRMgml,0,0,0,0
2020-06-04 06:00:00,WcxssY2VbP4hApt,6.37333,6.15333,0.466667,1.81844e+08
2020-06-01 14:30:00,Mx2yZCDsyf6DPfv,59.4467,57.54,4100.13,2.58968e+06
2020-06-12 19:45:00,9kRcWv60rDACzjR,0,0,4693,2.24789e+09
2020-06-17 17:15:00,Mx2yZCDsyf6DPfv,138.733,135.333,4337.13,2.68325e+06
2020-05-30 17:30:00,9kRcWv60rDACzjR,219.543,215.229,7896.71,2.24783e+09
2020-05-31 19:15:00,vOuJvMaM2sgwLmb,0,0,6518,2.33321e+06
2020-06-13 01:30:00,mqwcsP2rE7J0TFp,0,0,0,5.93787e+08
2020-06-11 17:15:00,4UPUqMRk7TRMgml,95.44,92.7067,3847.87,2.62814e+06
2020-06-12 12:30:00,oZZkBaNadn6DNKz,610.607,598.28,2288.53,1.70826e+09
2020-06-14 07:15:00,V94E5Ben1TlhnDV,321.147,315.367,168.733,1.41228e+09
2020-05-28 10:00:00,V94E5Ben1TlhnDV,1084.8,1060.23,2070.86,1.41219e+09
2020-06-06 20:30:00,IQ2d7wF4YD8zU1Q,0,0,8293,2.01187e+07
2020-06-03 15:00:00,IQ2d7wF4YD8zU1Q,1161.86,1134.31,4839.57,2.00944e+07
2020-06-11 20:00:00,4UPUqMRk7TRMgml,0,0,3930,2.62822e+06
2020-05-18 08:30:00,q49J1IKaHRwDQnt,436.627,428.587,195.133,358474
2020-06-13 21:30:00,LlT2YUhhzqhg5Sw,0,0,2911,2.82766e+08
2020-05-28 05:15:00,xoJJ8DcxJEcupym,0,0,0,2.09214e+08
2020-06-01 17:30:00,Qf4GUc1pJu5T6c6,5.925,5.70833,4259.92,8.38554e+08
2020-06-02 05:00:00,V94E5Ben1TlhnDV,0,0,0,1.41222e+09
2020-05-22 09:15:00,V94E5Ben1TlhnDV,964.833,943.573,1417.53,1.41213e+09
2020-06-05 01:45:00,vOuJvMaM2sgwLmb,0,0,6885,2.35311e+06
2020-06-11 23:15:00,Et9kgGMDl729KT4,0,0,3299,1.83162e+06
2020-05-31 19:15:00,81aHJ1q11NBPMrL,0,0,6409,1.21539e+09
2020-06-14 19:15:00,Qf4GUc1pJu5T6c6,0,0,2107,8.38635e+08
2020-06-14 05:00:00,rrq4fwE8jgrTyWY,0,0,6127,1.21111e+08
2020-06-02 14:30:00,mqwcsP2rE7J0TFp,839.507,820.536,5512.93,5.93722e+08
2020-06-03 15:15:00,LlT2YUhhzqhg5Sw,715.28,700.313,3414.33,2.82723e+08
2020-06-13 23:00:00,IQ2d7wF4YD8zU1Q,0,0,3023,2.01614e+07
2020-05-30 19:15:00,WcxssY2VbP4hApt,0,0,0,0
2020-06-02 08:30:00,mqwcsP2rE7J0TFp,597.736,585.7,757.5,5.93718e+08
2020-06-09 13:00:00,NgDl19wMapZy17u,966.336,943.614,5083.5,1.11705e+08
2020-05-19 11:15:00,IQ2d7wF4YD8zU1Q,1299.47,1267.37,2407,1.99765e+07
2020-06-17 17:45:00,81aHJ1q11NBPMrL,99.2267,96.3867,4265.93,1.21549e+09
2020-06-04 08:00:00,xoJJ8DcxJEcupym,372.1,365.7,332.2,2.09253e+08
2020-06-13 07:45:00,PeE6FRyGXUgsRhN,283.32,277.973,260.8,1.34852e+09
2020-06-15 07:30:00,q49J1IKaHRwDQnt,215.493,211.287,188.733,505454
2020-06-09 06:15:00,oZ35aAeoifZaQzV,44.7929,43.3143,8.57143,1.66015e+09
2020-06-07 09:15:00,oZ35aAeoifZaQzV,601.573,588.187,769.067,1.21743e+09
2020-06-16 04:45:00,9kRcWv60rDACzjR,0,0,0,2.24791e+09
2020-06-02 00:30:00,Et9kgGMDl729KT4,0,0,0,1.7989e+06
2020-06-14 09:45:00,4UPUqMRk7TRMgml,0,0,673,2.64012e+06
2020-06-06 15:30:00,vOuJvMaM2sgwLmb,695.627,680.58,7048.6,2.36358e+06
2020-06-16 05:00:00,vOuJvMaM2sgwLmb,0,0,6274,2.41784e+06
2020-05-17 21:15:00,4UPUqMRk7TRMgml,0,0,6342,2.44523e+06
2020-05-19 11:45:00,xMbIugepa2P7lBB,1331.01,1297.73,2981.13,1.06692e+08
2020-05-29 01:00:00,q49J1IKaHRwDQnt,0,0,7799,422722
2020-06-10 11:15:00,oZZkBaNadn6DNKz,0,0,0,0
2020-06-07 20:15:00,oZ35aAeoifZaQzV,0,0,7860,1.66014e+09
2020-06-13 22:00:00,LYwnQax7tkwH5Cb,0,0,6213,1.79509e+09
2020-05-29 14:15:00,q49J1IKaHRwDQnt,794.313,777.507,5293.73,428016
2020-06-06 02:30:00,4UPUqMRk7TRMgml,0,0,7756,2.58516e+06
2020-06-03 23:00:00,LlT2YUhhzqhg5Sw,0,0,4281,2.82724e+08
2020-05-28 13:00:00,oZ35aAeoifZaQzV,0,0,0,0
2020-06-11 06:45:00,9kRcWv60rDACzjR,35.6733,34.48,11.9333,2.24788e+09
2020-06-02 12:45:00,oZZkBaNadn6DNKz,857.047,836.42,1939.47,1.48044e+09
2020-05-31 01:30:00,9kRcWv60rDACzjR,0,0,0,2.09798e+09
2020-05-22 05:30:00,LYwnQax7tkwH5Cb,0,0,0,1.79499e+09
2020-06-11 22:45:00,rrq4fwE8jgrTyWY,0,0,3650,1.21101e+08
2020-06-07 11:45:00,xoJJ8DcxJEcupym,934.613,912.973,3238.87,2.09272e+08
2020-06-07 02:00:00,oZZkBaNadn6DNKz,0,0,0,1.70823e+09
2020-06-14 10:15:00,81aHJ1q11NBPMrL,1058.77,1033.86,1836.53,1.21546e+09
2020-05-20 21:30:00,vOuJvMaM2sgwLmb,0,0,9372,2.25313e+06
2020-06-01 15:15:00,4UPUqMRk7TRMgml,63.6533,61.6267,4148.13,2.55671e+06
2020-05-27 19:30:00,rrq4fwE8jgrTyWY,0,0,5696,1.21036e+08
2020-06-17 22:15:00,Qf4GUc1pJu5T6c6,0,0,4398,8.38647e+08
2020-05-30 21:30:00,V94E5Ben1TlhnDV,0,0,5288,1.41221e+09
2020-06-05 13:00:00,xoJJ8DcxJEcupym,972.713,949.727,5017,2.09264e+08
2020-05-25 15:15:00,4UPUqMRk7TRMgml,889.913,870.647,8083.27,2.50568e+06
2020-06-15 05:15:00,V94E5Ben1TlhnDV,0,0,0,1.41228e+09
2020-05-30 17:00:00,vOuJvMaM2sgwLmb,381.113,374.427,6351.67,2.32645e+06
2020-05-27 02:30:00,9kRcWv60rDACzjR,0,0,0,2.2478e+09
2020-05-27 05:15:00,Qf4GUc1pJu5T6c6,0,0,0,8.38514e+08
2020-06-16 11:45:00,LlT2YUhhzqhg5Sw,860.347,841.387,2640.6,2.82782e+08
2020-05-17 11:15:00,vOuJvMaM2sgwLmb,0,0,2277,2.22871e+06
2020-05-18 00:15:00,xoJJ8DcxJEcupym,0,0,0,2.09156e+08
2020-05-17 13:15:00,LYwnQax7tkwH5Cb,856.207,836.8,2884.71,1.66676e+09
2020-05-19 00:30:00,PeE6FRyGXUgsRhN,0,0,0,1.34838e+09
2020-05-27 23:30:00,vOuJvMaM2sgwLmb,0,0,9330,2.30588e+06
2020-05-26 14:15:00,V94E5Ben1TlhnDV,995.567,973.24,7128.47,1.41217e+09
2020-06-08 00:15:00,LYwnQax7tkwH5Cb,0,0,2070,1.79507e+09
2020-06-13 11:15:00,IQ2d7wF4YD8zU1Q,0,0,1517,2.01599e+07
2020-05-23 02:15:00,Mx2yZCDsyf6DPfv,0,0,0,2.51638e+06
2020-06-17 23:15:00,q49J1IKaHRwDQnt,0,0,4157,520758
2020-05-30 15:45:00,NgDl19wMapZy17u,758.053,742.167,7050.93,1.11637e+08
2020-05-17 00:15:00,vOuJvMaM2sgwLmb,0,0,0,2.22643e+06
2020-06-07 08:00:00,oZ35aAeoifZaQzV,320.96,315.507,291.4,1.66014e+09
2020-05-15 07:15:00,9kRcWv60rDACzjR,385.773,379.087,187.133,2.24772e+09
2020-06-12 02:30:00,4UPUqMRk7TRMgml,0,0,3930,2.62822e+06
2020-05-30 22:30:00,q49J1IKaHRwDQnt,0,0,7823,437952
2020-05-31 23:15:00,q49J1IKaHRwDQnt,0,0,6348,444300
2020-06-05 07:30:00,IQ2d7wF4YD8zU1Q,224.08,219.7,171.8,2.01028e+07
2020-05-19 00:15:00,Mx2yZCDsyf6DPfv,0,0,0,2.48137e+06
2020-05-19 05:15:00,xMbIugepa2P7lBB,0,0,7696,1.06689e+08
2020-06-10 04:15:00,rrq4fwE8jgrTyWY,0,0,3378,1.21095e+08
2020-05-16 15:45:00,q49J1IKaHRwDQnt,454.773,446.42,3194.07,352213
2020-05-18 13:30:00,oZ35aAeoifZaQzV,1214.09,1184.09,4923.27,1.65999e+09
2020-05-29 05:00:00,WcxssY2VbP4hApt,0,0,0,1.81807e+08
2020-05-28 10:15:00,Quc1TzYxW2pYoWX,937.713,917.18,1928.27,3.29568e+08
2020-06-17 13:30:00,9kRcWv60rDACzjR,672.66,658.833,2754.67,2.24791e+09
2020-05-31 13:45:00,81aHJ1q11NBPMrL,1196.67,1166.93,4839.53,1.21539e+09
2020-06-02 21:45:00,q49J1IKaHRwDQnt,0,0,3744,451874
2020-06-10 05:00:00,rrq4fwE8jgrTyWY,0,0,3378,1.21095e+08
2020-05-29 10:00:00,oZZkBaNadn6DNKz,1012.11,989.553,1955.8,1.70818e+09
2020-06-01 18:30:00,81aHJ1q11NBPMrL,0,0,4195,1.2154e+09
2020-06-14 05:15:00,xMbIugepa2P7lBB,0,0,2950,1.06873e+08
2020-05-15 23:45:00,xoJJ8DcxJEcupym,0,0,2061.33,2.09147e+08
2020-05-31 10:45:00,xoJJ8DcxJEcupym,995.44,972.587,1994.4,2.09235e+08
2020-05-21 00:30:00,oZZkBaNadn6DNKz,0,0,0,1.70811e+09
2020-06-01 12:15:00,oZ35aAeoifZaQzV,1033.14,1008.14,3273.53,1.6601e+09
2020-06-17 23:30:00,V94E5Ben1TlhnDV,0,0,4324,1.41229e+09
2020-05-15 00:00:00,LlT2YUhhzqhg5Sw,0,0,1094.36,2.82593e+08
2020-06-08 11:30:00,LlT2YUhhzqhg5Sw,0,0,1427,2.82744e+08
2020-06-15 22:00:00,oZ35aAeoifZaQzV,0,0,2711,1.66018e+09
2020-05-29 13:45:00,xoJJ8DcxJEcupym,823.687,806.147,2842.2,2.09226e+08
2020-05-30 01:00:00,LlT2YUhhzqhg5Sw,0,0,0,2.82698e+08
2020-06-11 01:00:00,Quc1TzYxW2pYoWX,0,0,2508,3.29621e+08
2020-06-07 01:30:00,WcxssY2VbP4hApt,0,0,8383,1.8186e+08
2020-05-16 00:30:00,oZZkBaNadn6DNKz,0,0,0,1.70809e+09
2020-05-17 10:00:00,NgDl19wMapZy17u,961.507,940.293,1790.29,1.11532e+08
2020-06-08 05:45:00,Qf4GUc1pJu5T6c6,0,0,0,8.38598e+08
2020-06-10 07:30:00,LYwnQax7tkwH5Cb,164.693,161.187,104.8,1.79508e+09
2020-06-11 16:00:00,IQ2d7wF4YD8zU1Q,313.621,308.071,3642.07,2.01532e+07
2020-06-12 03:30:00,q49J1IKaHRwDQnt,0,0,3814,486755
2020-06-10 19:15:00,4UPUqMRk7TRMgml,0,0,5588,2.62429e+06
2020-06-12 17:30:00,oZ35aAeoifZaQzV,181.453,177.627,4510.67,1.66017e+09
2020-05-30 22:45:00,rrq4fwE8jgrTyWY,0,0,7592,1.21055e+08
2020-05-27 07:00:00,WcxssY2VbP4hApt,190.887,187.113,87.7333,1.81794e+08
2020-06-09 19:45:00,rrq4fwE8jgrTyWY,0,0,3378,1.21095e+08
2020-06-01 08:15:00,mqwcsP2rE7J0TFp,315.407,309.867,341.467,5.93713e+08
2020-05-22 05:15:00,oZ35aAeoifZaQzV,0,0,0,1.66002e+09
2020-06-12 09:00:00,xMbIugepa2P7lBB,452.913,444.407,502.267,1.06866e+08
2020-05-20 08:30:00,81aHJ1q11NBPMrL,687.153,672.953,697.133,1.2153e+09
2020-05-18 02:45:00,9kRcWv60rDACzjR,0,0,0,2.24774e+09
2020-06-16 16:15:00,PeE6FRyGXUgsRhN,370.373,363.813,3568.13,1.34854e+09
2020-05-24 20:15:00,PeE6FRyGXUgsRhN,0,0,8962,1.34841e+09
2020-06-16 19:15:00,PeE6FRyGXUgsRhN,0,0,3812,1.34854e+09
2020-06-10 12:45:00,Mx2yZCDsyf6DPfv,913.307,892.329,3774.57,2.65393e+06
2020-05-22 15:00:00,PeE6FRyGXUgsRhN,934.513,914.067,7910.53,1.34839e+09
2020-06-01 12:15:00,9kRcWv60rDACzjR,875.16,854.713,3167.93,2.24784e+09
2020-06-15 12:45:00,vOuJvMaM2sgwLmb,589.267,577.033,4029.07,2.41559e+06
2020-05-19 10:30:00,oZZkBaNadn6DNKz,375.58,367.113,1517.73,1.70811e+09
2020-05-26 05:45:00,81aHJ1q11NBPMrL,0,0,0,1.21535e+09
2020-06-11 09:00:00,xoJJ8DcxJEcupym,547.26,536.46,420.467,2.09297e+08
2020-05-27 04:30:00,Quc1TzYxW2pYoWX,0,0,0,3.29559e+08
2020-05-16 07:00:00,oZ35aAeoifZaQzV,178.264,174.714,89.9286,1.65997e+09
2020-05-16 18:45:00,4UPUqMRk7TRMgml,0,0,5677,2.43889e+06
2020-05-17 23:00:00,LYwnQax7tkwH5Cb,0,0,5519,1.79498e+09
2020-05-29 18:00:00,Mx2yZCDsyf6DPfv,94.0933,91.3733,8216.13,2.57072e+06
2020-06-15 00:30:00,q49J1IKaHRwDQnt,0,0,7476,505265
2020-06-03 06:30:00,NgDl19wMapZy17u,59.7933,57.86,14,1.11656e+08
2020-06-05 04:45:00,81aHJ1q11NBPMrL,0,0,0,1.21541e+09
2020-05-22 13:30:00,vOuJvMaM2sgwLmb,0,0,1405,2.26362e+06
2020-06-01 22:00:00,xoJJ8DcxJEcupym,0,0,4208,2.09244e+08
2020-05-15 06:45:00,Qf4GUc1pJu5T6c6,159.367,155.833,40,8.38421e+08
2020-06-11 11:15:00,WcxssY2VbP4hApt,681.087,667.073,1509.93,1.81874e+08
2020-05-28 13:00:00,LlT2YUhhzqhg5Sw,1250.38,1219.12,5617.87,2.82687e+08
2020-05-15 13:15:00,oZ35aAeoifZaQzV,0,0,5612,1.65997e+09
2020-05-20 20:15:00,4UPUqMRk7TRMgml,0,0,9423,2.46426e+06
2020-06-15 13:00:00,LYwnQax7tkwH5Cb,578.36,566.793,3632.8,1.7951e+09
2020-05-29 02:30:00,rrq4fwE8jgrTyWY,0,0,0,1.2104e+08
2020-06-05 07:15:00,q49J1IKaHRwDQnt,195.353,191.427,115.733,462087
2020-06-16 06:30:00,IQ2d7wF4YD8zU1Q,73.6933,71.42,19.8,2.01752e+07
2020-05-27 22:15:00,Qf4GUc1pJu5T6c6,0,0,9440,8.38523e+08
2020-05-30 00:15:00,oZZkBaNadn6DNKz,0,0,0,1.70819e+09
2020-05-17 06:30:00,LlT2YUhhzqhg5Sw,36.1467,34.92,11.2,2.8261e+08
2020-05-27 03:15:00,q49J1IKaHRwDQnt,0,0,4080,405907
2020-06-11 06:15:00,Mx2yZCDsyf6DPfv,14.1733,13.6467,1.2,2.65572e+06
2020-05-26 22:15:00,rrq4fwE8jgrTyWY,0,0,7776,1.2103e+08
2020-06-07 12:15:00,LYwnQax7tkwH5Cb,0,0,1036,1.79507e+09
2020-05-27 04:15:00,Et9kgGMDl729KT4,0,0,0,1.76237e+06
2020-05-27 13:45:00,WcxssY2VbP4hApt,0,0,0,0
2020-05-22 09:30:00,81aHJ1q11NBPMrL,328.9,321.613,1586.33,1.21532e+09
2020-05-26 02:00:00,Quc1TzYxW2pYoWX,0,0,3290,3.29551e+08
2020-05-19 04:00:00,LlT2YUhhzqhg5Sw,0,0,0,2.82621e+08
2020-06-11 04:30:00,oZZkBaNadn6DNKz,0,0,0,1.70826e+09
2020-06-09 04:30:00,Mx2yZCDsyf6DPfv,0,0,9179,2.64211e+06
2020-05-21 20:30:00,rrq4fwE8jgrTyWY,0,0,4675,1.21001e+08
2020-05-31 18:15:00,oZ35aAeoifZaQzV,27.0714,26.15,6674.71,1.6601e+09
2020-05-20 23:45:00,LlT2YUhhzqhg5Sw,0,0,3883,2.82631e+08
2020-05-21 02:15:00,oZZkBaNadn6DNKz,0,0,0,1.70811e+09
2020-06-12 14:30:00,WcxssY2VbP4hApt,505.873,495.94,3469.07,1.8188e+08
2020-06-09 01:30:00,4UPUqMRk7TRMgml,0,0,9210,2.61059e+06
2020-06-12 01:00:00,xoJJ8DcxJEcupym,0,0,3941,2.09301e+08
2020-06-09 00:45:00,Mx2yZCDsyf6DPfv,0,0,9179,2.64211e+06
2020-05-21 08:15:00,oZ35aAeoifZaQzV,627.1,614.393,579.286,1.66001e+09
2020-06-05 20:45:00,LYwnQax7tkwH5Cb,0,0,2878,1.79507e+09
2020-05-17 23:00:00,WcxssY2VbP4hApt,0,0,7266,1.8172e+08
2020-05-24 10:45:00,vOuJvMaM2sgwLmb,0,0,1497,2.27643e+06
2020-06-05 14:00:00,PeE6FRyGXUgsRhN,374.32,367.893,5718.13,1.34848e+09
2020-06-05 10:45:00,4UPUqMRk7TRMgml,1231.05,1200.89,2833.73,2.58024e+06
2020-06-12 17:00:00,WcxssY2VbP4hApt,241.847,237.18,4296.2,1.69756e+08
2020-05-15 01:30:00,xMbIugepa2P7lBB,0,0,9166,1.06657e+08
2020-06-17 17:00:00,Qf4GUc1pJu5T6c6,56.8267,55.0533,4274.47,8.38647e+08
2020-05-29 05:45:00,xoJJ8DcxJEcupym,0,0,0,2.09223e+08
2020-06-12 01:00:00,xMbIugepa2P7lBB,0,0,3850,1.06865e+08
2020-05-20 03:00:00,LYwnQax7tkwH5Cb,0,0,0,1.79498e+09
2020-06-15 12:00:00,mqwcsP2rE7J0TFp,917.767,896.907,3449.6,5.93802e+08
2020-05-19 21:30:00,oZ35aAeoifZaQzV,0,0,6863,1.66e+09
2020-05-30 21:30:00,Quc1TzYxW2pYoWX,0,0,3932,3.29579e+08
2020-06-13 22:45:00,WcxssY2VbP4hApt,0,0,6435,1.81888e+08
2020-06-06 11:45:00,LYwnQax7tkwH5Cb,0,0,2212,1.79507e+09
2020-05-31 14:15:00,LlT2YUhhzqhg5Sw,814.16,795.533,5402.87,2.82711e+08
2020-05-16 10:30:00,xoJJ8DcxJEcupym,0,0,1792,2.09148e+08
2020-05-31 23:00:00,IQ2d7wF4YD8zU1Q,0,0,6664,2.0078e+07
2020-05-15 14:15:00,9kRcWv60rDACzjR,1127.86,1102.05,7235.47,2.24773e+09
2020-06-02 19:45:00,q49J1IKaHRwDQnt,0,0,3744,451874
2020-06-09 08:15:00,81aHJ1q11NBPMrL,560.547,549.467,668.533,1.21544e+09
2020-05-27 09:00:00,LlT2YUhhzqhg5Sw,806.853,789.74,1045.2,2.82674e+08
2020-06-09 05:00:00,4UPUqMRk7TRMgml,0,0,9210,2.61059e+06
2020-05-22 13:00:00,xoJJ8DcxJEcupym,0,0,2091,2.09175e+08
2020-05-31 21:15:00,Qf4GUc1pJu5T6c6,0,0,6606,8.3855e+08
2020-06-07 09:45:00,Quc1TzYxW2pYoWX,0,0,0,3.2961e+08
2020-06-12 11:15:00,q49J1IKaHRwDQnt,808.329,790.764,1442.07,488197
2020-05-21 09:15:00,xoJJ8DcxJEcupym,833.88,816.093,1274.33,2.0917e+08
2020-05-20 21:15:00,oZ35aAeoifZaQzV,0,0,9511,1.66001e+09
2020-06-11 06:00:00,Qf4GUc1pJu5T6c6,0,0,0,8.38621e+08
2020-06-06 12:30:00,9kRcWv60rDACzjR,1303.1,1270.91,4721.73,2.24787e+09
2020-05-21 11:30:00,LYwnQax7tkwH5Cb,0,0,1751,1.79499e+09
2020-06-01 09:15:00,xMbIugepa2P7lBB,930.953,910.56,987.733,1.06792e+08
2020-06-06 14:00:00,IQ2d7wF4YD8zU1Q,1203.58,1174.28,6229.93,2.01166e+07
2020-05-23 23:30:00,Quc1TzYxW2pYoWX,0,0,3998,3.29543e+08
2020-06-16 06:45:00,Mx2yZCDsyf6DPfv,121.607,118.26,42.2667,2.67343e+06
2020-06-11 09:30:00,oZZkBaNadn6DNKz,289.44,284.187,638.133,1.70826e+09
2020-06-14 17:15:00,rrq4fwE8jgrTyWY,210.96,206.82,7129.8,1.21118e+08
2020-05-26 05:45:00,V94E5Ben1TlhnDV,0,0,0,1.41217e+09
2020-05-31 07:15:00,xoJJ8DcxJEcupym,124.993,121.564,125,2.09233e+08
2020-06-04 09:45:00,Et9kgGMDl729KT4,579.6,567.76,1264.53,1.80973e+06
2020-06-15 10:30:00,IQ2d7wF4YD8zU1Q,923.06,901.74,2347.87,2.01713e+07
2020-05-18 21:45:00,Qf4GUc1pJu5T6c6,0,0,7783,8.38451e+08
2020-06-17 02:30:00,LYwnQax7tkwH5Cb,0,0,0,1.79511e+09
2020-06-11 00:45:00,mqwcsP2rE7J0TFp,0,0,0,5.93778e+08
2020-06-02 11:30:00,Qf4GUc1pJu5T6c6,1277.72,1245.97,2520,8.38557e+08
2020-06-14 20:15:00,LYwnQax7tkwH5Cb,0,0,7310,1.7951e+09
2020-06-08 15:00:00,LYwnQax7tkwH5Cb,0,0,1330,1.79507e+09
2020-05-18 18:15:00,4UPUqMRk7TRMgml,26.7,25.7667,7636.33,2.45287e+06
2020-06-11 18:30:00,Qf4GUc1pJu5T6c6,8.91333,8.59333,3886.47,8.38625e+08
2020-06-06 06:00:00,xMbIugepa2P7lBB,14.0733,13.5667,1.13333,1.06823e+08
2020-06-10 12:30:00,PeE6FRyGXUgsRhN,0,0,3042,1.34851e+09
2020-05-20 14:45:00,oZ35aAeoifZaQzV,1047.48,1023.95,7737.73,1.66001e+09
2020-05-29 20:30:00,xoJJ8DcxJEcupym,0,0,5437,2.09228e+08
2020-05-30 16:15:00,PeE6FRyGXUgsRhN,588.813,576.993,3477.53,1.34845e+09
2020-06-10 04:00:00,4UPUqMRk7TRMgml,0,0,8098,2.6187e+06
2020-06-04 17:45:00,WcxssY2VbP4hApt,122.5,119.14,3781,1.81848e+08
2020-06-14 11:00:00,LlT2YUhhzqhg5Sw,1103.47,1077.02,2474.73,2.82768e+08
2020-06-10 17:45:00,rrq4fwE8jgrTyWY,14.0786,13.6,2365.36,1.21097e+08
2020-05-15 00:15:00,V94E5Ben1TlhnDV,0,0,0,1.41208e+09
2020-05-27 12:00:00,Et9kgGMDl729KT4,1192.17,1162.36,4056.5,1.76643e+06
2020-06-17 20:15:00,V94E5Ben1TlhnDV,0,0,4324,1.41229e+09
2020-06-02 17:30:00,oZZkBaNadn6DNKz,346.627,340.767,6126,1.70821e+09
2020-06-11 10:15:00,PeE6FRyGXUgsRhN,487.593,478.12,919,1.34852e+09
2020-06-12 08:30:00,Mx2yZCDsyf6DPfv,335.271,329.271,404.929,2.66006e+06
2020-05-25 22:15:00,q49J1IKaHRwDQnt,0,0,6197,401827
2020-05-28 02:45:00,LYwnQax7tkwH5Cb,0,0,0,1.79502e+09
2020-05-15 08:30:00,NgDl19wMapZy17u,741.02,725.56,863.733,1.11513e+08
2020-06-07 09:00:00,xoJJ8DcxJEcupym,837.433,819.353,816.933,2.0927e+08
2020-05-27 16:00:00,rrq4fwE8jgrTyWY,614.657,602.229,5023.5,1.21035e+08
2020-06-17 20:00:00,Qf4GUc1pJu5T6c6,0,0,4398,8.38647e+08
2020-06-09 01:30:00,Qf4GUc1pJu5T6c6,0,0,9056,8.38607e+08
2020-06-06 16:30:00,81aHJ1q11NBPMrL,576.55,564.979,7682.57,1.21542e+09
2020-06-14 12:45:00,xoJJ8DcxJEcupym,1190.79,1161.85,4014.47,2.09316e+08
2020-06-09 02:00:00,Qf4GUc1pJu5T6c6,0,0,9056,8.38607e+08
2020-05-23 12:45:00,oZZkBaNadn6DNKz,1272.65,1240.82,5493.33,1.70813e+09
2020-06-06 01:30:00,rrq4fwE8jgrTyWY,0,0,2964,1.21082e+08
2020-06-06 23:00:00,LYwnQax7tkwH5Cb,0,0,3489,1.79507e+09
2020-06-04 22:30:00,oZZkBaNadn6DNKz,0,0,3715,1.70822e+09
2020-05-21 08:30:00,vOuJvMaM2sgwLmb,706.979,692.15,729.143,2.25386e+06
2020-05-19 15:15:00,81aHJ1q11NBPMrL,348.053,341.507,6625.33,1.2153e+09
2020-06-05 16:15:00,xoJJ8DcxJEcupym,347.9,342.007,6722.53,2.09266e+08
2020-06-11 13:30:00,LlT2YUhhzqhg5Sw,530.593,520.147,2457.47,2.82757e+08
2020-06-17 23:00:00,81aHJ1q11NBPMrL,0,0,4306,1.21549e+09
2020-05-31 00:00:00,9kRcWv60rDACzjR,0,0,3194,2.24783e+09
2020-06-12 15:30:00,q49J1IKaHRwDQnt,610.86,598.513,3908.27,490663
2020-05-20 03:45:00,vOuJvMaM2sgwLmb,0,0,0,2.24376e+06
2020-05-30 07:00:00,LlT2YUhhzqhg5Sw,141.779,138.514,39.6429,2.82698e+08
2020-05-22 01:45:00,WcxssY2VbP4hApt,0,0,0,1.81753e+08
2020-05-25 22:15:00,vOuJvMaM2sgwLmb,0,0,9042,2.28725e+06
2020-06-17 22:30:00,81aHJ1q11NBPMrL,0,0,4306,1.21549e+09
2020-06-11 10:00:00,LYwnQax7tkwH5Cb,430.757,423.014,788.429,1.79508e+09
2020-05-19 10:00:00,Mx2yZCDsyf6DPfv,374.88,368.407,1346.8,2.48271e+06
2020-06-07 07:00:00,NgDl19wMapZy17u,96.18,93.4267,58.8,1.11683e+08
2020-05-18 06:30:00,LlT2YUhhzqhg5Sw,0,0,0,2.82616e+08
2020-05-15 01:30:00,NgDl19wMapZy17u,0,0,0,1.11513e+08
2020-05-22 11:30:00,vOuJvMaM2sgwLmb,0,0,1405,2.26362e+06
2020-06-03 03:45:00,WcxssY2VbP4hApt,0,0,0,1.81838e+08
2020-05-31 15:15:00,xoJJ8DcxJEcupym,431.093,422.48,6019.73,2.09239e+08
2020-06-07 17:00:00,V94E5Ben1TlhnDV,330.227,324.133,1614.13,1.41224e+09
2020-05-19 01:15:00,81aHJ1q11NBPMrL,0,0,0,1.2153e+09
2020-05-23 22:45:00,9kRcWv60rDACzjR,0,0,4543,2.24778e+09
2020-05-25 12:00:00,Et9kgGMDl729KT4,1030.35,1007.31,2886.87,1.75002e+06
2020-05-17 03:00:00,rrq4fwE8jgrTyWY,0,0,0,1.20977e+08
2020-05-16 04:15:00,q49J1IKaHRwDQnt,0,0,9096,349019
2020-06-14 00:00:00,vOuJvMaM2sgwLmb,0,0,6375,2.4041e+06
2020-06-12 06:30:00,PeE6FRyGXUgsRhN,47.4933,45.92,9.46667,1.34852e+09
2020-06-12 07:30:00,oZ35aAeoifZaQzV,201.72,197.753,140.733,1.66016e+09
2020-05-29 18:15:00,9kRcWv60rDACzjR,36.9333,35.72,6950.67,2.24782e+09
2020-06-09 20:15:00,V94E5Ben1TlhnDV,0,0,7802,1.41226e+09
2020-06-12 02:30:00,q49J1IKaHRwDQnt,0,0,3814,486755
2020-06-06 16:15:00,WcxssY2VbP4hApt,667.627,653.873,7704.73,1.81859e+08
2020-06-07 17:30:00,mqwcsP2rE7J0TFp,234.113,229.507,7429.87,5.93758e+08
2020-05-28 07:45:00,oZ35aAeoifZaQzV,467.093,458.347,304.8,1.66007e+09
2020-06-17 21:30:00,PeE6FRyGXUgsRhN,0,0,4258,1.34855e+09
2020-06-06 00:00:00,V94E5Ben1TlhnDV,0,0,0,1.41224e+09
2020-06-09 04:45:00,81aHJ1q11NBPMrL,0,0,0,1.21544e+09
2020-06-16 15:45:00,Et9kgGMDl729KT4,427.757,419.707,4217.36,1.84975e+06
2020-05-25 20:30:00,PeE6FRyGXUgsRhN,0,0,8737,1.34842e+09
2020-05-17 21:00:00,PeE6FRyGXUgsRhN,0,0,6960,1.34837e+09
2020-05-28 21:45:00,81aHJ1q11NBPMrL,0,0,8947,1.21537e+09
2020-05-25 08:45:00,Et9kgGMDl729KT4,609.771,597.45,781,1.74791e+06
2020-06-17 07:30:00,9kRcWv60rDACzjR,101.129,98.2571,78.5,2.24791e+09
2020-06-15 13:15:00,IQ2d7wF4YD8zU1Q,196.667,192.52,4307.67,2.01732e+07
2020-05-30 03:15:00,rrq4fwE8jgrTyWY,0,0,0,1.21047e+08
2020-05-21 12:00:00,WcxssY2VbP4hApt,1315.17,1282.29,4139.87,1.81748e+08
2020-05-26 22:30:00,LlT2YUhhzqhg5Sw,0,0,9079,2.82673e+08
2020-05-29 22:30:00,Mx2yZCDsyf6DPfv,0,0,8240,2.57074e+06
2020-06-15 08:30:00,IQ2d7wF4YD8zU1Q,754.133,738.34,689.933,2.01696e+07
2020-06-09 18:45:00,9kRcWv60rDACzjR,1.27333,1.22667,3803,2.24788e+09
2020-05-30 19:00:00,4UPUqMRk7TRMgml,0,0,8185,2.54587e+06
2020-05-28 12:45:00,Et9kgGMDl729KT4,1193.43,1163.61,5032.67,1.77606e+06
2020-05-22 01:15:00,oZZkBaNadn6DNKz,0,0,0,1.70812e+09
2020-06-15 03:30:00,IQ2d7wF4YD8zU1Q,0,0,7301,2.01689e+07
2020-05-29 13:45:00,Et9kgGMDl729KT4,754.167,738.36,1861.47,1.78086e+06
2020-06-02 15:30:00,IQ2d7wF4YD8zU1Q,819.793,801.933,6414.4,2.00887e+07
2020-06-12 23:45:00,LlT2YUhhzqhg5Sw,0,0,4630,2.82763e+08
2020-06-01 06:15:00,4UPUqMRk7TRMgml,32.5067,31.4133,4.33333,2.55256e+06
2020-05-18 16:00:00,IQ2d7wF4YD8zU1Q,640.947,627.913,7236.2,1.99735e+07
2020-05-28 02:30:00,9kRcWv60rDACzjR,0,0,0,2.24781e+09
2020-05-29 09:15:00,oZZkBaNadn6DNKz,1042.81,1019.39,1183.47,1.70818e+09
2020-06-06 17:00:00,LYwnQax7tkwH5Cb,389.093,382.36,3237.8,1.79507e+09
2020-06-02 05:15:00,oZZkBaNadn6DNKz,0,0,0,1.7082e+09
2020-06-09 23:30:00,4UPUqMRk7TRMgml,0,0,8098,2.6187e+06
2020-06-06 20:00:00,vOuJvMaM2sgwLmb,0,0,8249,2.36478e+06
2020-05-26 11:30:00,LYwnQax7tkwH5Cb,0,0,1699,1.79501e+09
2020-06-08 20:15:00,oZ35aAeoifZaQzV,0,0,4435,1.66015e+09
2020-06-11 15:15:00,Mx2yZCDsyf6DPfv,569.3,558,3358.4,2.65907e+06
2020-05-25 18:00:00,4UPUqMRk7TRMgml,13.6533,13.1667,9222.87,2.50682e+06
2020-06-01 19:30:00,Quc1TzYxW2pYoWX,0,0,3649,3.29588e+08
2020-06-12 17:45:00,81aHJ1q11NBPMrL,104.833,101.873,4707.47,1.21546e+09
2020-05-29 13:45:00,oZ35aAeoifZaQzV,818.564,801.164,5601.36,1.66008e+09
2020-05-27 11:30:00,LYwnQax7tkwH5Cb,0,0,1526,1.79502e+09
2020-05-29 08:00:00,4UPUqMRk7TRMgml,285.479,280.157,288.929,2.52984e+06
2020-05-16 18:15:00,81aHJ1q11NBPMrL,0,0,0,0
2020-05-17 02:15:00,xoJJ8DcxJEcupym,0,0,0,2.0915e+08
2020-05-22 21:15:00,LlT2YUhhzqhg5Sw,0,0,5052,2.82642e+08
2020-05-21 15:30:00,rrq4fwE8jgrTyWY,624.593,611.913,3686.07,1.21e+08
2020-06-05 08:45:00,oZ35aAeoifZaQzV,700.313,685.74,773.867,1.66012e+09
2020-05-23 09:45:00,xoJJ8DcxJEcupym,1029.94,1006.89,1840,2.09179e+08
2020-06-13 14:45:00,WcxssY2VbP4hApt,599.273,587.193,4860.07,1.81886e+08
2020-05-19 03:15:00,81aHJ1q11NBPMrL,0,0,0,1.2153e+09
2020-06-12 02:15:00,LYwnQax7tkwH5Cb,0,0,3718,1.79508e+09
2020-05-20 10:00:00,81aHJ1q11NBPMrL,623.436,609.686,1882.93,1.2153e+09
2020-06-01 10:00:00,mqwcsP2rE7J0TFp,675.05,660.993,1651.07,5.93714e+08
2020-05-16 08:15:00,PeE6FRyGXUgsRhN,613.243,600.857,556.929,1.34836e+09
2020-06-09 12:00:00,oZZkBaNadn6DNKz,874.736,854.85,3979.14,1.70825e+09
2020-06-15 17:45:00,Qf4GUc1pJu5T6c6,126.764,123.379,2167.5,8.38637e+08
2020-06-11 06:00:00,Quc1TzYxW2pYoWX,1.10667,1.06667,2508.07,3.29621e+08
2020-06-11 08:15:00,oZ35aAeoifZaQzV,182.507,178.9,189.857,1.66016e+09
2020-06-12 15:15:00,PeE6FRyGXUgsRhN,593.327,581.393,3786.73,1.34852e+09
2020-06-04 00:45:00,NgDl19wMapZy17u,0,0,0,1.11661e+08
2020-06-10 22:30:00,WcxssY2VbP4hApt,0,0,3531,1.81873e+08
2020-05-26 18:00:00,q49J1IKaHRwDQnt,45.86,44.3667,4059.27,405886
2020-06-03 01:15:00,rrq4fwE8jgrTyWY,0,0,0,1.21069e+08
2020-05-26 21:00:00,q49J1IKaHRwDQnt,0,0,4080,405907
2020-05-30 21:00:00,PeE6FRyGXUgsRhN,0,0,4061,1.34845e+09
2020-06-14 22:30:00,LlT2YUhhzqhg5Sw,0,0,7445,2.82773e+08
2020-05-27 18:30:00,xoJJ8DcxJEcupym,23.2333,22.4333,3321.13,2.09214e+08
2020-06-03 00:45:00,LYwnQax7tkwH5Cb,0,0,0,1.79506e+09
2020-06-13 09:15:00,LYwnQax7tkwH5Cb,325.393,319.633,884.733,1.79509e+09
2020-05-19 19:30:00,Qf4GUc1pJu5T6c6,0,0,1909,8.38453e+08
2020-06-09 01:15:00,PeE6FRyGXUgsRhN,0,0,8837,1.3485e+09
2020-05-30 06:15:00,Mx2yZCDsyf6DPfv,21.3667,20.6267,3.13333,2.57075e+06
2020-06-11 00:00:00,vOuJvMaM2sgwLmb,0,0,5480,2.38903e+06
2020-06-10 13:00:00,81aHJ1q11NBPMrL,634.34,620.94,3943.8,1.21545e+09
2020-06-06 12:15:00,xoJJ8DcxJEcupym,0,0,902,2.09268e+08
2020-06-12 11:00:00,vOuJvMaM2sgwLmb,582.264,570.421,1295.21,2.39424e+06
2020-05-22 17:45:00,9kRcWv60rDACzjR,133.079,129.671,3059.57,2.24777e+09
2020-05-31 03:45:00,rrq4fwE8jgrTyWY,0,0,0,1.21055e+08
2020-05-21 21:30:00,4UPUqMRk7TRMgml,0,0,9151,2.47342e+06
2020-06-11 18:15:00,Quc1TzYxW2pYoWX,28.4533,27.4867,3179.47,3.29624e+08
2020-05-16 16:00:00,WcxssY2VbP4hApt,352.147,345.62,7770.67,1.81713e+08
2020-06-02 03:30:00,xoJJ8DcxJEcupym,0,0,0,2.09244e+08
2020-05-17 19:30:00,Et9kgGMDl729KT4,0,0,4603,1.71949e+06
2020-06-10 16:15:00,Mx2yZCDsyf6DPfv,423.567,415.86,5315.4,2.65547e+06
2020-06-01 20:30:00,Quc1TzYxW2pYoWX,0,0,3649,3.29588e+08
2020-06-08 22:30:00,mqwcsP2rE7J0TFp,0,0,9065,5.93768e+08
2020-06-08 08:45:00,xMbIugepa2P7lBB,492.04,482.48,862.467,1.0684e+08
2020-06-06 23:15:00,xoJJ8DcxJEcupym,0,0,2354,2.09269e+08
2020-05-28 03:15:00,81aHJ1q11NBPMrL,0,0,0,1.21536e+09
2020-05-25 17:15:00,9kRcWv60rDACzjR,124.633,121.453,8818.47,2.2478e+09
2020-06-13 21:30:00,xoJJ8DcxJEcupym,0,0,6632,2.09312e+08
2020-05-26 23:15:00,LlT2YUhhzqhg5Sw,0,0,9079,2.82673e+08
2020-06-04 15:30:00,81aHJ1q11NBPMrL,462.793,454.133,5415.2,1.21541e+09
2020-06-06 13:15:00,q49J1IKaHRwDQnt,0,0,2290,467156
2020-06-16 11:15:00,Qf4GUc1pJu5T6c6,804.687,787.193,2272.13,8.38639e+08
2020-06-05 12:15:00,oZZkBaNadn6DNKz,1282.81,1251.34,4234.64,1.70822e+09
2020-06-01 04:45:00,81aHJ1q11NBPMrL,0,0,0,1.21539e+09
2020-06-16 19:15:00,Qf4GUc1pJu5T6c6,0,0,5189,8.38642e+08
2020-06-10 02:30:00,q49J1IKaHRwDQnt,0,0,3601,477638
2020-06-16 23:30:00,mqwcsP2rE7J0TFp,0,0,5606,5.93811e+08
2020-06-01 04:15:00,4UPUqMRk7TRMgml,0,0,0,2.55256e+06
2020-05-21 07:45:00,4UPUqMRk7TRMgml,435.98,428.207,321.067,2.46459e+06
2020-05-23 05:45:00,vOuJvMaM2sgwLmb,0,0,0,2.2654e+06
2020-06-14 14:00:00,IQ2d7wF4YD8zU1Q,1285.08,1253.33,5371.8,2.0167e+07
2020-05-21 22:30:00,81aHJ1q11NBPMrL,0,0,8570,1.21531e+09
2020-05-15 00:45:00,vOuJvMaM2sgwLmb,0,0,0,2.21196e+06
2020-05-28 19:30:00,LlT2YUhhzqhg5Sw,0,0,8881,2.82691e+08
2020-06-14 14:00:00,q49J1IKaHRwDQnt,1061.66,1036.29,5637.07,503426
2020-05-24 21:30:00,WcxssY2VbP4hApt,0,0,9373,1.81775e+08
2020-05-20 21:45:00,Et9kgGMDl729KT4,0,0,4492,1.72889e+06
2020-05-29 22:15:00,xMbIugepa2P7lBB,0,0,8095,1.06776e+08
2020-06-02 14:00:00,81aHJ1q11NBPMrL,0,0,2486,1.2154e+09
2020-05-29 16:30:00,Qf4GUc1pJu5T6c6,588.913,577.093,7660.93,8.38535e+08
2020-05-27 19:30:00,q49J1IKaHRwDQnt,0,0,9016,414923
2020-06-05 07:00:00,IQ2d7wF4YD8zU1Q,169.02,165.32,74.2,2.01027e+07
2020-05-17 13:15:00,xoJJ8DcxJEcupym,832.473,813.82,3600.27,1.9521e+08
2020-06-13 15:00:00,9kRcWv60rDACzjR,444.073,434.933,1393.13,2.24789e+09
2020-05-16 00:00:00,NgDl19wMapZy17u,0,0,1895,1.11522e+08
2020-05-31 09:00:00,mqwcsP2rE7J0TFp,390.393,383.629,668.429,5.93707e+08
2020-05-31 18:30:00,Qf4GUc1pJu5T6c6,1.04667,1.00667,6605.93,8.3855e+08
2020-06-01 15:45:00,Quc1TzYxW2pYoWX,67.45,65.3214,3521.36,3.29588e+08
2020-06-10 16:15:00,PeE6FRyGXUgsRhN,426.04,418.253,3761.93,1.34851e+09
2020-06-06 04:00:00,81aHJ1q11NBPMrL,0,0,0,1.21542e+09
2020-06-07 01:30:00,NgDl19wMapZy17u,0,0,8134,1.11683e+08
2020-05-30 23:00:00,WcxssY2VbP4hApt,0,0,0,0
2020-06-17 05:15:00,LlT2YUhhzqhg5Sw,0,0,0,2.82785e+08
2020-05-20 15:00:00,V94E5Ben1TlhnDV,965.14,943.853,7758,1.41213e+09
2020-05-22 10:00:00,PeE6FRyGXUgsRhN,1092.05,1067.27,2117.93,1.34839e+09
2020-05-29 02:45:00,Mx2yZCDsyf6DPfv,0,0,0,2.5625e+06
2020-06-08 01:15:00,xoJJ8DcxJEcupym,0,0,7674,2.09277e+08
2020-06-09 16:00:00,IQ2d7wF4YD8zU1Q,650.893,637.6,7407.07,2.01432e+07
2020-06-15 09:45:00,81aHJ1q11NBPMrL,752.767,736.28,1582.53,1.21547e+09
2020-05-30 09:00:00,Qf4GUc1pJu5T6c6,470.807,461.827,538.4,8.38536e+08
2020-06-17 07:30:00,mqwcsP2rE7J0TFp,100.767,97.9133,79.7333,5.93811e+08
2020-05-15 19:30:00,oZ35aAeoifZaQzV,0,0,7096,1.65997e+09
2020-06-12 08:45:00,V94E5Ben1TlhnDV,186.513,182.573,442.267,1.41227e+09
2020-05-19 09:00:00,mqwcsP2rE7J0TFp,502.24,492.613,921.267,5.93613e+08
2020-06-15 16:00:00,xoJJ8DcxJEcupym,308.267,302.853,5544,2.09325e+08
2020-05-18 07:45:00,Quc1TzYxW2pYoWX,50.0867,48.48,14.6,3.29523e+08
2020-05-18 15:30:00,Et9kgGMDl729KT4,486.371,477.1,1564.79,1.72105e+06
2020-06-05 23:00:00,Mx2yZCDsyf6DPfv,0,0,7726,2.6168e+06
2020-06-07 06:45:00,oZ35aAeoifZaQzV,78.9533,76.5867,40.8667,1.66013e+09
2020-06-12 20:15:00,mqwcsP2rE7J0TFp,0,0,4764,5.93787e+08
2020-06-07 20:00:00,WcxssY2VbP4hApt,0,0,1950,1.81862e+08
2020-06-11 08:15:00,mqwcsP2rE7J0TFp,180.56,176.94,190.8,5.93779e+08
2020-05-31 14:00:00,Quc1TzYxW2pYoWX,1019.41,996.657,4340.57,3.29583e+08
2020-06-07 22:30:00,q49J1IKaHRwDQnt,0,0,2786,471251
2020-05-15 20:45:00,mqwcsP2rE7J0TFp,0,0,9442,5.93589e+08
2020-06-06 01:45:00,Qf4GUc1pJu5T6c6,0,0,7599,8.38582e+08
2020-05-19 10:30:00,4UPUqMRk7TRMgml,284.333,277.593,1500.13,2.45437e+06
2020-06-14 12:15:00,LYwnQax7tkwH5Cb,1152.75,1124.91,3559.73,1.7951e+09
2020-06-16 02:15:00,Quc1TzYxW2pYoWX,0,0,0,3.29638e+08
2020-06-09 14:00:00,oZZkBaNadn6DNKz,807.773,790.627,5756.13,1.70825e+09
2020-05-20 03:30:00,LlT2YUhhzqhg5Sw,0,0,0,2.82628e+08
2020-05-20 12:15:00,oZZkBaNadn6DNKz,0,0,1647,1.70811e+09
2020-05-31 02:00:00,mqwcsP2rE7J0TFp,0,0,0,5.93706e+08
2020-06-04 14:45:00,vOuJvMaM2sgwLmb,586.136,574.221,5717.21,2.35194e+06
2020-05-15 10:00:00,oZ35aAeoifZaQzV,1132.84,1106.07,2305.27,1.65997e+09
2020-06-08 04:30:00,rrq4fwE8jgrTyWY,0,0,3052,1.21088e+08
2020-05-25 15:45:00,81aHJ1q11NBPMrL,719.1,704.18,8152.47,1.21534e+09
2020-05-23 12:00:00,LYwnQax7tkwH5Cb,0,0,1455,1.795e+09
2020-06-06 07:45:00,81aHJ1q11NBPMrL,150.6,147.133,202.933,1.21542e+09
2020-06-16 21:45:00,mqwcsP2rE7J0TFp,0,0,5606,5.93811e+08
2020-05-23 10:30:00,LYwnQax7tkwH5Cb,0,0,1455,1.795e+09
2020-05-23 07:30:00,PeE6FRyGXUgsRhN,363.313,357.1,233.6,1.3484e+09
2020-06-14 02:45:00,WcxssY2VbP4hApt,0,0,6435,1.81888e+08
2020-05-30 16:00:00,vOuJvMaM2sgwLmb,690.893,676.48,5821.8,2.32592e+06
2020-05-25 13:15:00,WcxssY2VbP4hApt,1143.09,1114.54,5459.07,1.68797e+08
2020-06-17 23:00:00,Qf4GUc1pJu5T6c6,0,0,4398,8.38647e+08
2020-05-17 12:00:00,q49J1IKaHRwDQnt,742.114,726.6,2207.86,354760
2020-05-24 14:15:00,Mx2yZCDsyf6DPfv,0,0,3346,2.52938e+06
2020-05-31 18:00:00,xMbIugepa2P7lBB,51.4467,49.7667,6510.13,1.06791e+08
2020-05-30 15:30:00,Mx2yZCDsyf6DPfv,859.8,841.32,7022.53,2.57777e+06
2020-05-22 13:00:00,q49J1IKaHRwDQnt,1235.84,1204.39,5682.85,379854
2020-05-18 04:45:00,Et9kgGMDl729KT4,0,0,0,1.71949e+06
2020-05-23 14:00:00,81aHJ1q11NBPMrL,0,0,0,0
2020-05-19 00:15:00,Et9kgGMDl729KT4,0,0,0,1.72181e+06
2020-05-22 19:15:00,LYwnQax7tkwH5Cb,0,0,9354,1.795e+09
2020-05-20 23:45:00,Quc1TzYxW2pYoWX,0,0,2419,3.29531e+08
2020-06-16 08:15:00,LlT2YUhhzqhg5Sw,444.82,436.707,416.533,2.8278e+08
2020-06-04 19:15:00,PeE6FRyGXUgsRhN,0,0,6168,1.34848e+09
2020-05-29 22:30:00,LYwnQax7tkwH5Cb,0,0,7826,1.79503e+09
2020-06-10 18:30:00,IQ2d7wF4YD8zU1Q,0,0,5627,2.01496e+07
2020-06-13 03:15:00,xMbIugepa2P7lBB,0,0,4716,1.0687e+08
2020-05-29 17:30:00,Quc1TzYxW2pYoWX,198.353,194.447,3961.13,3.29575e+08
2020-06-14 12:45:00,rrq4fwE8jgrTyWY,1183.68,1154.85,4072.8,1.21115e+08
2020-06-09 21:15:00,Et9kgGMDl729KT4,0,0,3898,1.82587e+06
2020-05-19 14:15:00,LYwnQax7tkwH5Cb,1012.59,989.987,1630,1.79498e+09
2020-06-16 01:30:00,Quc1TzYxW2pYoWX,0,0,0,3.29638e+08
2020-05-27 17:30:00,V94E5Ben1TlhnDV,194.507,190.679,5720.93,1.41218e+09
2020-05-17 07:30:00,81aHJ1q11NBPMrL,187.427,183.54,87.8667,1.21529e+09
2020-06-17 10:45:00,oZZkBaNadn6DNKz,516.021,505.907,1104.79,1.70828e+09
2020-05-23 03:00:00,WcxssY2VbP4hApt,0,0,0,0
2020-05-30 10:45:00,Mx2yZCDsyf6DPfv,1246.73,1216.27,1839.07,2.57258e+06
2020-05-31 19:15:00,4UPUqMRk7TRMgml,0,0,6692,2.55256e+06
2020-06-03 12:45:00,Quc1TzYxW2pYoWX,332.133,326.02,1547.87,3.29594e+08
2020-05-29 00:30:00,LlT2YUhhzqhg5Sw,0,0,0,2.82691e+08
2020-05-23 05:30:00,V94E5Ben1TlhnDV,0,0,0,1.41214e+09
2020-05-22 00:15:00,q49J1IKaHRwDQnt,0,0,4844,374171
2020-06-16 01:45:00,LYwnQax7tkwH5Cb,0,0,5604,1.79511e+09
2020-05-31 14:30:00,Mx2yZCDsyf6DPfv,417.329,409.343,5742.29,2.58469e+06
2020-05-16 22:00:00,PeE6FRyGXUgsRhN,0,0,2974,1.34836e+09
2020-06-08 07:15:00,Mx2yZCDsyf6DPfv,249.45,244.764,165.5,2.6331e+06
2020-05-25 22:30:00,WcxssY2VbP4hApt,0,0,9124,1.81784e+08
2020-06-16 11:45:00,vOuJvMaM2sgwLmb,916,895.267,2716.6,2.42055e+06
2020-05-29 01:30:00,PeE6FRyGXUgsRhN,0,0,0,1.34844e+09
2020-05-16 13:00:00,mqwcsP2rE7J0TFp,1073.08,1048.29,5298.6,5.93595e+08
2020-05-15 02:15:00,4UPUqMRk7TRMgml,0,0,0,2.42901e+06
2020-06-06 16:30:00,LYwnQax7tkwH5Cb,566.153,554.84,2998,1.79507e+09
2020-06-09 00:15:00,4UPUqMRk7TRMgml,0,0,9210,2.61059e+06
2020-06-13 14:30:00,q49J1IKaHRwDQnt,1132.03,1105.34,4663.6,496060
2020-06-05 12:00:00,Mx2yZCDsyf6DPfv,1298.28,1266.21,4101.8,2.61318e+06
2020-06-09 20:45:00,PeE6FRyGXUgsRhN,0,0,6456,1.34851e+09
2020-06-04 23:45:00,xoJJ8DcxJEcupym,0,0,6168,2.09259e+08
2020-05-18 10:45:00,IQ2d7wF4YD8zU1Q,623.521,610.857,1886.79,1.99682e+07
2020-06-10 23:15:00,mqwcsP2rE7J0TFp,0,0,2636,5.93778e+08
2020-05-28 04:30:00,LlT2YUhhzqhg5Sw,0,0,0,2.82682e+08
2020-06-09 08:00:00,xoJJ8DcxJEcupym,490.987,481.44,549.4,2.09286e+08
2020-06-16 00:00:00,oZZkBaNadn6DNKz,0,0,0,1.70828e+09
2020-05-17 05:30:00,xMbIugepa2P7lBB,0,0,514.8,1.06674e+08
2020-06-12 20:15:00,Mx2yZCDsyf6DPfv,0,0,4576,2.66424e+06
2020-06-13 11:15:00,PeE6FRyGXUgsRhN,906.38,886.053,1798.8,1.34852e+09
2020-06-13 21:45:00,xMbIugepa2P7lBB,0,0,2950,1.06873e+08
2020-06-01 01:00:00,LYwnQax7tkwH5Cb,0,0,0,1.79505e+09
2020-06-09 21:00:00,Qf4GUc1pJu5T6c6,0,0,8086,8.38615e+08
2020-05-16 01:30:00,Quc1TzYxW2pYoWX,0,0,4239,3.29513e+08
2020-06-13 19:15:00,rrq4fwE8jgrTyWY,0,0,6127,1.21111e+08
2020-05-28 21:45:00,xoJJ8DcxJEcupym,0,0,8656,2.09223e+08
2020-06-09 01:15:00,rrq4fwE8jgrTyWY,0,0,3457,1.21091e+08
2020-06-03 04:30:00,xoJJ8DcxJEcupym,0,0,0,2.0925e+08
2020-06-06 13:15:00,IQ2d7wF4YD8zU1Q,884.957,864.629,5486.29,2.01158e+07
2020-06-04 22:00:00,Mx2yZCDsyf6DPfv,0,0,6981,2.60907e+06
2020-06-09 08:45:00,V94E5Ben1TlhnDV,742.073,726.58,1003.2,1.41225e+09
2020-06-04 23:15:00,NgDl19wMapZy17u,0,0,6331,1.11668e+08
2020-06-16 02:30:00,NgDl19wMapZy17u,0,0,6245,1.11736e+08
2020-05-17 08:00:00,NgDl19wMapZy17u,560.24,549.227,258.267,1.1153e+08
2020-06-11 15:15:00,xoJJ8DcxJEcupym,552.233,541.36,3367.6,2.093e+08
2020-06-09 22:00:00,Mx2yZCDsyf6DPfv,0,0,8042,2.65015e+06
2020-05-16 08:00:00,xMbIugepa2P7lBB,540.68,530,417.2,1.06667e+08
2020-05-28 15:45:00,rrq4fwE8jgrTyWY,691.436,677.171,2740.79,1.21039e+08
2020-05-26 05:45:00,oZ35aAeoifZaQzV,0,0,0,1.66005e+09
2020-06-02 08:15:00,mqwcsP2rE7J0TFp,488.073,478.7,630.2,5.93718e+08
2020-05-24 22:15:00,Qf4GUc1pJu5T6c6,0,0,4489,8.38495e+08
2020-06-15 16:15:00,9kRcWv60rDACzjR,386.993,380.287,5762.07,2.24791e+09
2020-06-10 00:15:00,IQ2d7wF4YD8zU1Q,0,0,8151,2.0144e+07
2020-05-19 00:30:00,Mx2yZCDsyf6DPfv,0,0,0,2.48137e+06
2020-05-25 09:15:00,WcxssY2VbP4hApt,884.313,865.2,1304,1.81777e+08
2020-05-18 08:15:00,4UPUqMRk7TRMgml,330.227,324.52,106,2.44534e+06
2020-06-04 03:15:00,LlT2YUhhzqhg5Sw,0,0,0,2.82724e+08
2020-06-14 10:15:00,LYwnQax7tkwH5Cb,962.007,940.027,1757.53,1.7951e+09
2020-06-02 19:45:00,oZ35aAeoifZaQzV,0,0,7147,1.66011e+09
2020-05-23 18:45:00,oZ35aAeoifZaQzV,0,0,9657,1.66004e+09
2020-05-18 15:30:00,rrq4fwE8jgrTyWY,541.447,530.88,3416.93,1.20985e+08
2020-06-04 10:15:00,xoJJ8DcxJEcupym,0,0,1448,2.09255e+08
2020-06-06 16:00:00,q49J1IKaHRwDQnt,679.664,665.45,2787.86,467654
2020-05-31 01:30:00,oZZkBaNadn6DNKz,0,0,0,1.70819e+09
2020-05-25 14:00:00,vOuJvMaM2sgwLmb,1120.49,1092.47,6698.07,2.28491e+06
2020-05-17 19:30:00,9kRcWv60rDACzjR,0,0,6676,2.24774e+09
2020-05-27 03:15:00,Et9kgGMDl729KT4,0,0,0,1.76237e+06
2020-06-08 16:45:00,9kRcWv60rDACzjR,389.229,382.107,2942.57,2.24787e+09
2020-06-16 03:45:00,q49J1IKaHRwDQnt,0,0,6060,511325
2020-05-31 13:45:00,mqwcsP2rE7J0TFp,1187.17,1157.51,4993.79,5.93711e+08
2020-06-05 21:15:00,WcxssY2VbP4hApt,0,0,3448,1.81851e+08
2020-06-15 21:15:00,oZZkBaNadn6DNKz,0,0,2803,1.70828e+09
2020-05-19 18:00:00,4UPUqMRk7TRMgml,0,0,1968,2.45484e+06
2020-06-01 07:45:00,4UPUqMRk7TRMgml,198.229,194.364,210.214,2.37044e+06
2020-05-30 07:15:00,WcxssY2VbP4hApt,66.8267,65.5067,34.4,7.27262e+07
2020-06-16 02:15:00,xMbIugepa2P7lBB,0,0,6200,1.06887e+08
2020-06-09 08:15:00,Qf4GUc1pJu5T6c6,526.013,515.787,658.933,8.38608e+08
2020-06-03 19:30:00,q49J1IKaHRwDQnt,0,0,4387,456261
2020-05-22 11:30:00,81aHJ1q11NBPMrL,0,0,1498,1.1343e+09
2020-05-24 12:45:00,LlT2YUhhzqhg5Sw,1216.89,1186.48,5194.8,2.82651e+08
2020-06-09 08:00:00,LYwnQax7tkwH5Cb,468.787,459.773,527.4,1.79507e+09
2020-05-15 03:45:00,Quc1TzYxW2pYoWX,0,0,5128.67,3.29509e+08
2020-06-04 10:30:00,IQ2d7wF4YD8zU1Q,621.307,608.529,2031.5,2.00976e+07
2020-06-04 05:15:00,Qf4GUc1pJu5T6c6,0,0,0,8.38568e+08
2020-05-17 12:45:00,4UPUqMRk7TRMgml,0,0,3940,2.44283e+06
2020-05-29 01:45:00,9kRcWv60rDACzjR,0,0,0,2.24782e+09
2020-06-02 05:45:00,WcxssY2VbP4hApt,0,0,0,1.81834e+08
2020-06-02 11:45:00,xMbIugepa2P7lBB,1210.79,1181.3,2930.47,1.06798e+08
2020-06-15 16:15:00,oZ35aAeoifZaQzV,401.813,394.767,2257.13,1.66018e+09
2020-05-31 04:00:00,WcxssY2VbP4hApt,0,0,0,0
2020-05-16 04:45:00,PeE6FRyGXUgsRhN,0,0,0,1.34836e+09
2020-06-01 11:30:00,xoJJ8DcxJEcupym,526.607,516.387,2770.6,2.09243e+08
2020-05-29 04:45:00,vOuJvMaM2sgwLmb,0,0,0,2.31502e+06
2020-06-07 16:00:00,PeE6FRyGXUgsRhN,223.333,219.027,6976.93,1.34849e+09
2020-05-21 09:00:00,rrq4fwE8jgrTyWY,748.193,732.54,1019.6,1.20998e+08
2020-05-15 21:00:00,Et9kgGMDl729KT4,0,0,4154,1.7084e+06
2020-06-11 02:15:00,Qf4GUc1pJu5T6c6,0,0,5556,8.38621e+08
2020-06-08 22:45:00,V94E5Ben1TlhnDV,0,0,9145,1.41225e+09
2020-06-12 05:45:00,LlT2YUhhzqhg5Sw,0,0,0,2.82758e+08
2020-05-27 16:30:00,V94E5Ben1TlhnDV,503.773,493.867,5380.4,1.41218e+09
2020-05-18 11:30:00,PeE6FRyGXUgsRhN,1083.45,1058.9,1709.6,1.34837e+09
2020-05-20 12:30:00,LYwnQax7tkwH5Cb,0,0,2140,1.79498e+09
2020-05-28 15:30:00,LYwnQax7tkwH5Cb,791.273,774.547,2463.53,1.79502e+09
2020-05-23 23:30:00,xoJJ8DcxJEcupym,0,0,9380,2.09187e+08
2020-06-17 01:00:00,oZZkBaNadn6DNKz,0,0,0,1.70828e+09
2020-05-26 05:00:00,oZZkBaNadn6DNKz,0,0,0,1.70816e+09
2020-06-12 16:30:00,Quc1TzYxW2pYoWX,198.267,194.36,3379.73,3.29628e+08
2020-06-05 10:45:00,LlT2YUhhzqhg5Sw,0,0,1387,2.82729e+08
2020-06-11 21:15:00,xMbIugepa2P7lBB,0,0,3850,1.06865e+08
2020-06-10 07:00:00,Quc1TzYxW2pYoWX,83.28,80.8467,41.5333,3.29619e+08
2020-05-19 12:15:00,9kRcWv60rDACzjR,1267.99,1236.49,3384.14,2.24775e+09
2020-05-30 16:30:00,oZZkBaNadn6DNKz,541.636,530.893,3218.21,1.70819e+09
2020-05-31 09:00:00,xMbIugepa2P7lBB,404.35,397.271,660.286,1.06785e+08
2020-06-13 07:15:00,Et9kgGMDl729KT4,159.853,156.213,106.933,1.83547e+06
2020-06-01 16:00:00,Mx2yZCDsyf6DPfv,104.42,101.467,4200.87,2.58978e+06
2020-06-12 20:45:00,Quc1TzYxW2pYoWX,0,0,3668,3.29628e+08
2020-06-01 18:15:00,Qf4GUc1pJu5T6c6,0,0,4260,8.38554e+08
2020-06-15 20:30:00,mqwcsP2rE7J0TFp,0,0,6289,5.93805e+08
2020-05-31 07:30:00,9kRcWv60rDACzjR,136.667,133.007,156.8,2.24783e+09
2020-05-22 21:00:00,Et9kgGMDl729KT4,0,0,3582,1.73912e+06
2020-06-15 22:45:00,NgDl19wMapZy17u,0,0,6245,1.11736e+08
2020-06-04 14:00:00,WcxssY2VbP4hApt,0,0,2452,1.81846e+08
2020-06-02 08:00:00,Mx2yZCDsyf6DPfv,513.26,503.233,502.8,2.59042e+06
2020-05-20 21:15:00,4UPUqMRk7TRMgml,0,0,9423,2.46426e+06
2020-06-10 00:45:00,4UPUqMRk7TRMgml,0,0,8098,2.6187e+06
2020-05-26 01:30:00,q49J1IKaHRwDQnt,0,0,6197,401827
2020-05-30 04:30:00,WcxssY2VbP4hApt,0,0,0,1.57573e+08
2020-05-27 18:15:00,vOuJvMaM2sgwLmb,60.3067,58.4267,9316.93,2.30587e+06
2020-05-28 19:00:00,Quc1TzYxW2pYoWX,0,0,4863,3.29571e+08
2020-06-14 18:15:00,rrq4fwE8jgrTyWY,55.6133,53.8133,7260.07,1.21119e+08
2020-06-10 19:45:00,V94E5Ben1TlhnDV,0,0,5423,1.41226e+09
2020-05-28 04:15:00,4UPUqMRk7TRMgml,0,0,0,2.52583e+06
2020-05-23 22:00:00,Quc1TzYxW2pYoWX,0,0,3998,3.29543e+08
2020-06-14 04:45:00,vOuJvMaM2sgwLmb,0,0,6375,2.4041e+06
2020-06-09 01:30:00,oZ35aAeoifZaQzV,0,0,4435,1.66015e+09
2020-05-28 12:45:00,vOuJvMaM2sgwLmb,1292.41,1260.09,5436,2.31132e+06
2020-05-21 16:00:00,Mx2yZCDsyf6DPfv,659.75,646.264,8326.93,2.50584e+06
2020-06-02 02:15:00,81aHJ1q11NBPMrL,0,0,0,1.2154e+09
2020-05-26 11:45:00,PeE6FRyGXUgsRhN,0,0,3448,1.34843e+09
2020-06-05 03:00:00,xMbIugepa2P7lBB,0,0,6899,1.06815e+08
2020-06-10 03:15:00,q49J1IKaHRwDQnt,0,0,3601,477638
2020-06-09 12:45:00,rrq4fwE8jgrTyWY,0,0,1792,1.21093e+08
2020-06-09 14:00:00,xMbIugepa2P7lBB,813.42,796.127,5858,1.06854e+08
2020-06-17 14:00:00,xMbIugepa2P7lBB,325.48,318.76,1361.93,7.12634e+07
2020-06-06 00:45:00,vOuJvMaM2sgwLmb,0,0,3421,2.35653e+06
2020-06-11 18:30:00,PeE6FRyGXUgsRhN,9.09333,8.76,3833.33,1.34852e+09
2020-05-21 20:00:00,Qf4GUc1pJu5T6c6,0,0,9173,8.38471e+08
2020-06-05 04:45:00,xoJJ8DcxJEcupym,0,0,6168,2.09259e+08
2020-06-06 08:30:00,Et9kgGMDl729KT4,646.207,632.873,494.8,1.81443e+06
2020-06-16 11:45:00,4UPUqMRk7TRMgml,0,0,2414,2.64646e+06
2020-06-08 06:15:00,xoJJ8DcxJEcupym,54.7733,53,4097.73,2.09277e+08
2020-05-15 12:15:00,V94E5Ben1TlhnDV,1271.42,1239.63,4916.67,1.41209e+09
2020-05-21 05:45:00,Mx2yZCDsyf6DPfv,0,0,0,2.49752e+06
2020-06-14 21:45:00,Et9kgGMDl729KT4,0,0,2048,1.84334e+06
2020-05-17 13:00:00,V94E5Ben1TlhnDV,998.793,976.613,4294.87,1.4121e+09
2020-05-18 22:00:00,mqwcsP2rE7J0TFp,0,0,7690,5.93612e+08
2020-06-09 07:30:00,V94E5Ben1TlhnDV,502.027,492.213,278.8,1.41225e+09
2020-05-29 01:30:00,81aHJ1q11NBPMrL,0,0,0,1.21537e+09
2020-05-27 20:15:00,LlT2YUhhzqhg5Sw,0,0,9086,2.82682e+08
2020-05-17 00:45:00,q49J1IKaHRwDQnt,0,0,3533,352552
2020-05-31 12:45:00,WcxssY2VbP4hApt,138.687,135.42,507.333,2.42436e+07
2020-05-15 16:45:00,PeE6FRyGXUgsRhN,354.947,348.573,8932.53,1.34836e+09
2020-06-14 21:45:00,xMbIugepa2P7lBB,0,0,7340,1.0688e+08
2020-06-04 07:30:00,WcxssY2VbP4hApt,258.34,253.36,175.733,1.81844e+08
2020-06-11 09:45:00,rrq4fwE8jgrTyWY,341.973,335.887,680.667,1.21098e+08
2020-06-11 11:15:00,PeE6FRyGXUgsRhN,675.7,661.813,1466.93,1.34852e+09
2020-06-11 19:00:00,Quc1TzYxW2pYoWX,0,0,3184,3.29624e+08
2020-06-04 19:15:00,4UPUqMRk7TRMgml,0,0,6990,2.5774e+06
2020-06-15 05:15:00,vOuJvMaM2sgwLmb,0,0,7463,2.41156e+06
2020-06-08 13:00:00,4UPUqMRk7TRMgml,989.253,966.047,5301.13,2.60668e+06
2020-06-01 00:15:00,V94E5Ben1TlhnDV,0,0,0,1.41221e+09
2020-06-09 14:30:00,LlT2YUhhzqhg5Sw,462.407,453.007,1777.07,2.82747e+08
2020-05-21 01:00:00,Quc1TzYxW2pYoWX,0,0,2419,3.29531e+08
2020-06-05 13:30:00,IQ2d7wF4YD8zU1Q,484.707,475.48,5924.73,2.01085e+07
2020-05-18 23:45:00,9kRcWv60rDACzjR,0,0,7539,2.24775e+09
2020-05-29 19:30:00,NgDl19wMapZy17u,0,0,8027,1.1163e+08
2020-05-19 17:15:00,xMbIugepa2P7lBB,7.32667,7.08,6750.6,1.06695e+08
2020-05-18 13:30:00,rrq4fwE8jgrTyWY,0,0,1896,1.20984e+08
2020-05-31 10:00:00,oZ35aAeoifZaQzV,713.407,698.553,1407.13,1.66009e+09
2020-06-17 01:00:00,V94E5Ben1TlhnDV,0,0,0,1.41229e+09
2020-06-10 06:00:00,Quc1TzYxW2pYoWX,8.64,8.32667,0.866667,3.29618e+08
2020-06-16 10:45:00,Mx2yZCDsyf6DPfv,780.279,763.814,1922.57,2.67531e+06
2020-05-26 10:15:00,rrq4fwE8jgrTyWY,0,0,1654,1.21024e+08
2020-05-26 05:15:00,q49J1IKaHRwDQnt,0,0,6197,401827
2020-05-25 08:00:00,4UPUqMRk7TRMgml,504.2,494.347,458.2,2.49806e+06
2020-05-27 01:45:00,WcxssY2VbP4hApt,0,0,0,1.81794e+08
2020-05-17 05:45:00,xoJJ8DcxJEcupym,0,0,0,2.0915e+08
2020-05-26 00:30:00,WcxssY2VbP4hApt,0,0,0,1.81784e+08
2020-06-03 09:00:00,oZZkBaNadn6DNKz,696.147,681.727,835,1.70821e+09
2020-06-08 06:00:00,LlT2YUhhzqhg5Sw,19.1,18.4467,1.53333,2.82743e+08
2020-06-08 02:15:00,Mx2yZCDsyf6DPfv,0,0,7818,2.63293e+06
2020-06-12 01:00:00,WcxssY2VbP4hApt,0,0,3947,1.81877e+08
2020-06-14 15:45:00,4UPUqMRk7TRMgml,865.029,846.164,1147.57,2.6406e+06
2020-05-20 07:30:00,rrq4fwE8jgrTyWY,368.587,362.253,194.133,1.2099e+08
2020-06-04 04:30:00,LYwnQax7tkwH5Cb,0,0,0,1.79506e+09
2020-05-31 11:00:00,LlT2YUhhzqhg5Sw,729.593,714.329,2195.57,2.82708e+08
2020-05-25 06:15:00,vOuJvMaM2sgwLmb,58.0667,56.2667,10.6,2.27822e+06
2020-05-26 00:00:00,xoJJ8DcxJEcupym,0,0,0,2.09205e+08
2020-06-14 23:45:00,oZ35aAeoifZaQzV,0,0,3347,1.66018e+09
2020-05-22 20:00:00,Qf4GUc1pJu5T6c6,0,0,9873,8.38481e+08
2020-05-25 18:30:00,V94E5Ben1TlhnDV,0,0,9011,1.41217e+09
2020-06-10 13:00:00,4UPUqMRk7TRMgml,614.427,601.727,3989.33,2.62269e+06
2020-05-15 01:45:00,vOuJvMaM2sgwLmb,0,0,0,2.21196e+06
2020-05-30 10:45:00,rrq4fwE8jgrTyWY,1147.3,1119.66,1743.07,1.21049e+08
2020-06-07 06:30:00,q49J1IKaHRwDQnt,68,65.8467,22.1333,468487
2020-06-15 15:45:00,LYwnQax7tkwH5Cb,171.347,167.647,5047.73,1.79511e+09
2020-06-11 19:00:00,4UPUqMRk7TRMgml,0,0,3930,2.62822e+06
2020-06-02 04:15:00,vOuJvMaM2sgwLmb,0,0,0,2.33747e+06
2020-05-19 23:30:00,q49J1IKaHRwDQnt,0,0,2825,365265
2020-05-27 10:15:00,PeE6FRyGXUgsRhN,0,0,1887,1.34843e+09
2020-05-20 19:30:00,LYwnQax7tkwH5Cb,0,0,4592,1.79499e+09
2020-05-26 22:00:00,xoJJ8DcxJEcupym,0,0,6233,2.09211e+08
2020-06-12 22:00:00,mqwcsP2rE7J0TFp,0,0,4764,5.93787e+08
2020-06-02 05:45:00,LYwnQax7tkwH5Cb,0.285714,0.271429,0,1.79505e+09
2020-05-23 13:00:00,81aHJ1q11NBPMrL,0,0,0,0
2020-05-25 18:00:00,Mx2yZCDsyf6DPfv,14.0267,13.5333,9164.6,2.54016e+06
2020-06-10 21:30:00,V94E5Ben1TlhnDV,0,0,5423,1.41226e+09
2020-06-15 13:30:00,Qf4GUc1pJu5T6c6,430.533,422.413,828,8.38636e+08
2020-06-15 14:15:00,Quc1TzYxW2pYoWX,463.027,453.473,1286.47,3.29637e+08
2020-05-16 12:15:00,4UPUqMRk7TRMgml,340.267,333.467,2546.73,2.43576e+06
2020-06-13 16:30:00,q49J1IKaHRwDQnt,374.527,367.147,5915.33,497311
2020-05-20 23:15:00,Qf4GUc1pJu5T6c6,0,0,9474,8.38462e+08
2020-05-24 16:15:00,LYwnQax7tkwH5Cb,545.253,534.427,4193.27,1.79501e+09
2020-06-03 16:15:00,xMbIugepa2P7lBB,304.029,298.614,5502.36,1.06808e+08
2020-06-01 02:15:00,oZZkBaNadn6DNKz,0,0,0,1.7082e+09
2020-05-20 07:00:00,rrq4fwE8jgrTyWY,139.387,135.887,71.6667,1.2099e+08
2020-06-13 10:15:00,Quc1TzYxW2pYoWX,529.047,518.42,1162.8,3.29629e+08
2020-05-22 11:00:00,V94E5Ben1TlhnDV,1257.77,1226.33,3338.2,1.41213e+09
2020-05-31 06:45:00,LYwnQax7tkwH5Cb,131.247,127.693,57.6,1.79504e+09
2020-06-05 12:15:00,WcxssY2VbP4hApt,0,0,1710,1.8185e+08
2020-05-18 11:30:00,9kRcWv60rDACzjR,1095.95,1070.97,2548,2.24775e+09
2020-05-30 11:00:00,xoJJ8DcxJEcupym,0,0,1746,2.0923e+08
2020-06-17 08:30:00,WcxssY2VbP4hApt,217.521,213.264,241.857,1.81908e+08
2020-06-15 07:30:00,WcxssY2VbP4hApt,227.12,222.827,196.733,1.81896e+08
2020-06-07 09:45:00,oZZkBaNadn6DNKz,1161.71,1133.12,1311.67,1.70823e+09
2020-05-27 16:45:00,oZZkBaNadn6DNKz,418.867,411.427,4376.27,1.70817e+09
2020-05-19 22:30:00,WcxssY2VbP4hApt,0,0,6831,1.81735e+08
2020-05-20 04:00:00,9kRcWv60rDACzjR,0,0,0,2.24776e+09
2020-05-17 13:15:00,9kRcWv60rDACzjR,878.927,858.953,4218.33,2.09789e+09
2020-05-18 15:00:00,oZZkBaNadn6DNKz,926.813,906.533,5601.27,1.70811e+09
2020-05-18 18:45:00,LYwnQax7tkwH5Cb,0,0,3529,1.79498e+09
2020-06-08 06:45:00,Qf4GUc1pJu5T6c6,141.54,138.16,58.2667,8.38598e+08
2020-06-15 02:15:00,q49J1IKaHRwDQnt,0,0,7476,505265
2020-06-07 03:45:00,4UPUqMRk7TRMgml,0,0,8376,2.59354e+06
2020-05-21 07:15:00,Quc1TzYxW2pYoWX,201.147,197.207,112.933,3.29531e+08
2020-06-01 03:30:00,PeE6FRyGXUgsRhN,0,0,0,1.34846e+09
2020-06-06 23:15:00,Et9kgGMDl729KT4,0,0,2296,1.81623e+06
2020-06-11 15:15:00,oZ35aAeoifZaQzV,564.607,553.427,3376.07,1.66016e+09
2020-06-03 23:30:00,Et9kgGMDl729KT4,0,0,4092,1.80847e+06
2020-06-16 13:00:00,WcxssY2VbP4hApt,899.52,879.967,3691.2,1.81906e+08
2020-06-08 03:00:00,Quc1TzYxW2pYoWX,0,0,2598,3.29612e+08
2020-06-16 04:00:00,xoJJ8DcxJEcupym,0,0,6083,2.09326e+08
2020-05-19 08:45:00,PeE6FRyGXUgsRhN,330.32,324.327,770.933,1.34838e+09
2020-05-20 18:15:00,vOuJvMaM2sgwLmb,54.1,52.3643,9361.71,2.25312e+06
2020-05-21 11:00:00,9kRcWv60rDACzjR,889.75,868.543,2760.5,2.24776e+09
2020-05-25 12:15:00,vOuJvMaM2sgwLmb,1287.45,1255.27,4606.67,2.28282e+06
2020-06-01 04:00:00,Mx2yZCDsyf6DPfv,0,0,0,2.58558e+06
2020-05-30 18:30:00,oZZkBaNadn6DNKz,14.1733,13.6867,3688.27,1.70819e+09
2020-06-16 05:00:00,Quc1TzYxW2pYoWX,0,0,0,3.29638e+08
2020-06-13 07:30:00,9kRcWv60rDACzjR,340.38,334.52,187.933,2.24789e+09
2020-06-09 18:30:00,Quc1TzYxW2pYoWX,19.58,18.9,3794.33,3.29618e+08
2020-06-03 13:00:00,NgDl19wMapZy17u,112.213,109.253,3234.6,1.11659e+08
2020-05-28 21:30:00,PeE6FRyGXUgsRhN,0,0,8554,1.34844e+09
2020-06-08 07:30:00,IQ2d7wF4YD8zU1Q,382.907,375.88,227.067,2.01268e+07
2020-06-05 10:15:00,q49J1IKaHRwDQnt,0,0,1221,463192
2020-06-02 00:45:00,xoJJ8DcxJEcupym,0,0,0,2.09244e+08
2020-06-09 11:15:00,xoJJ8DcxJEcupym,1186.32,1157.61,2378.8,2.09288e+08
2020-06-01 13:45:00,NgDl19wMapZy17u,104.44,101.48,3845.6,1.11649e+08
2020-06-13 18:15:00,9kRcWv60rDACzjR,68.6333,66.5467,2762.6,2.24789e+09
2020-06-12 04:45:00,9kRcWv60rDACzjR,0,0,0,2.24789e+09
2020-05-28 16:45:00,PeE6FRyGXUgsRhN,359.373,353.107,8242.13,1.34844e+09
2020-05-22 20:00:00,4UPUqMRk7TRMgml,0,0,9863,2.48328e+06
2020-06-16 18:30:00,Mx2yZCDsyf6DPfv,11.8571,11.4357,5524.36,2.67891e+06
2020-06-13 16:30:00,LYwnQax7tkwH5Cb,373.46,365.953,5754,1.79509e+09
2020-05-23 21:00:00,oZ35aAeoifZaQzV,0,0,9657,1.66004e+09
2020-06-04 20:45:00,xoJJ8DcxJEcupym,0,0,6168,2.09259e+08
2020-06-02 09:00:00,WcxssY2VbP4hApt,726.6,711.486,1094.57,1.81836e+08
2020-05-24 02:00:00,Qf4GUc1pJu5T6c6,0,0,0,8.38491e+08
2020-06-17 21:30:00,4UPUqMRk7TRMgml,0,0,4446,2.6535e+06
2020-06-02 18:00:00,9kRcWv60rDACzjR,151.96,148.527,7027.2,2.24785e+09
2020-05-23 23:15:00,4UPUqMRk7TRMgml,0,0,9688,2.49297e+06
2020-05-25 18:45:00,9kRcWv60rDACzjR,0,0,8853,2.2478e+09
2020-06-16 14:45:00,PeE6FRyGXUgsRhN,573.96,562.193,2474.33,1.34854e+09
2020-05-20 04:00:00,q49J1IKaHRwDQnt,0,0,2825,365265
2020-06-14 20:45:00,rrq4fwE8jgrTyWY,0,0,7271,1.21119e+08
2020-06-08 04:15:00,LlT2YUhhzqhg5Sw,0,0,7771,2.82743e+08
2020-06-06 01:15:00,vOuJvMaM2sgwLmb,0,0,3421,2.35653e+06
2020-05-31 18:30:00,xMbIugepa2P7lBB,1.24,1.2,6523.87,1.06791e+08
2020-06-15 22:00:00,oZZkBaNadn6DNKz,0,0,2803,1.70828e+09
2020-06-04 18:00:00,81aHJ1q11NBPMrL,82.88,80.4333,6120.4,1.21541e+09
2020-05-16 05:15:00,IQ2d7wF4YD8zU1Q,0,0,0,1.99512e+07
2020-05-19 09:00:00,oZZkBaNadn6DNKz,680.933,666.807,931.067,1.70811e+09
2020-06-17 04:00:00,xMbIugepa2P7lBB,0,0,0,1.06892e+08
2020-05-29 07:15:00,vOuJvMaM2sgwLmb,151.533,148.307,128.533,2.31514e+06
2020-06-14 20:45:00,WcxssY2VbP4hApt,0,0,7634,1.81896e+08
2020-06-11 17:45:00,xoJJ8DcxJEcupym,82.3214,79.9071,3902.29,2.09301e+08
2020-06-09 19:30:00,LlT2YUhhzqhg5Sw,0,0,3463,2.82749e+08
2020-05-28 04:00:00,LYwnQax7tkwH5Cb,0,0,0,1.79502e+09
2020-05-23 19:15:00,WcxssY2VbP4hApt,0,0,9588,1.81766e+08
2020-06-11 22:45:00,PeE6FRyGXUgsRhN,0,0,3834,1.34852e+09
2020-05-16 00:00:00,xMbIugepa2P7lBB,0,0,9465,1.06666e+08
2020-05-15 07:15:00,WcxssY2VbP4hApt,400.02,393.047,192,1.81695e+08
2020-06-07 18:45:00,xoJJ8DcxJEcupym,2.2,2.11429,7673.93,2.09277e+08
2020-06-04 23:30:00,mqwcsP2rE7J0TFp,0,0,5742,5.93735e+08
2020-06-12 18:00:00,vOuJvMaM2sgwLmb,71.1267,68.96,4736.6,2.39768e+06
2020-06-05 14:30:00,LYwnQax7tkwH5Cb,501.267,491.553,1539.07,1.79506e+09
2020-06-13 14:30:00,xoJJ8DcxJEcupym,1134.75,1107.55,4834.47,2.0931e+08
2020-05-19 19:45:00,LYwnQax7tkwH5Cb,0,0,2451,1.79498e+09
2020-06-10 17:30:00,xoJJ8DcxJEcupym,17.7,17.0909,3963.18,2.09297e+08
2020-05-31 02:45:00,mqwcsP2rE7J0TFp,0,0,0,5.93706e+08
2020-06-16 17:30:00,vOuJvMaM2sgwLmb,104.427,101.507,5481.33,2.42332e+06
2020-06-16 00:15:00,LYwnQax7tkwH5Cb,0,0,5604,1.79511e+09
2020-05-25 18:30:00,q49J1IKaHRwDQnt,0,0,6197,401827
2020-05-30 22:45:00,Qf4GUc1pJu5T6c6,0,0,8078,8.38544e+08
2020-06-15 05:15:00,Qf4GUc1pJu5T6c6,0,0,2107,8.38635e+08
2020-06-02 09:00:00,Qf4GUc1pJu5T6c6,747.764,732.129,1096.29,8.38555e+08
2020-06-17 20:15:00,xoJJ8DcxJEcupym,0,0,4316,2.09336e+08
2020-06-01 13:15:00,Et9kgGMDl729KT4,101.86,99.4267,3734.4,1.7986e+06
2020-06-17 00:00:00,LYwnQax7tkwH5Cb,0,0,694.4,1.79511e+09
2020-06-14 02:15:00,xoJJ8DcxJEcupym,0,0,6632,2.09312e+08
2020-05-28 03:30:00,PeE6FRyGXUgsRhN,0,0,0,1.34843e+09
2020-06-06 18:00:00,IQ2d7wF4YD8zU1Q,108.407,105.371,8259.07,2.01186e+07
2020-05-17 23:15:00,mqwcsP2rE7J0TFp,0,0,7037,5.93604e+08
2020-05-19 03:45:00,q49J1IKaHRwDQnt,0,0,4161,362440
2020-05-18 20:00:00,81aHJ1q11NBPMrL,0,0,3485,1.2153e+09
2020-05-30 12:00:00,NgDl19wMapZy17u,820.22,802.727,3192.33,1.11633e+08
2020-06-17 17:00:00,xoJJ8DcxJEcupym,51.1933,49.5733,4191,2.09336e+08
2020-05-22 08:45:00,PeE6FRyGXUgsRhN,786.653,770.047,950.733,1.34839e+09
2020-05-22 04:00:00,Qf4GUc1pJu5T6c6,0,0,0,8.38471e+08
2020-05-21 13:00:00,Qf4GUc1pJu5T6c6,1307.84,1275.14,5426.6,8.38468e+08
2020-06-13 16:30:00,xMbIugepa2P7lBB,410.52,402.407,2446.93,1.06872e+08
2020-06-16 06:00:00,PeE6FRyGXUgsRhN,7.87333,7.6,2801.4,1.34854e+09
2020-06-07 21:15:00,9kRcWv60rDACzjR,0,0,2021,2.24787e+09
2020-05-17 06:45:00,PeE6FRyGXUgsRhN,41.9533,40.56,20.4,1.34836e+09
2020-06-03 20:45:00,LYwnQax7tkwH5Cb,0,0,4135,1.79506e+09
2020-05-24 22:45:00,oZZkBaNadn6DNKz,0,0,9289,1.70815e+09
2020-06-07 06:45:00,LYwnQax7tkwH5Cb,71.8733,69.64,38.2,1.79507e+09
2020-06-14 00:00:00,Quc1TzYxW2pYoWX,0,0,5477,3.29633e+08
2020-05-15 18:45:00,xMbIugepa2P7lBB,0,0,9465,1.06666e+08
2020-05-28 17:45:00,PeE6FRyGXUgsRhN,139.167,135.707,8494.87,1.34844e+09
2020-06-08 21:45:00,V94E5Ben1TlhnDV,0,0,9145,1.41225e+09
2020-05-25 04:30:00,81aHJ1q11NBPMrL,0,0,0,0
2020-06-17 05:30:00,4UPUqMRk7TRMgml,0,0,0,2.64905e+06
2020-06-02 01:00:00,PeE6FRyGXUgsRhN,0,0,0,1.34846e+09
2020-05-26 08:45:00,oZ35aAeoifZaQzV,788.36,771.72,947.133,1.66005e+09
2020-06-05 20:45:00,PeE6FRyGXUgsRhN,0,0,7333,1.34849e+09
2020-06-01 13:45:00,81aHJ1q11NBPMrL,102,99.12,3924.4,1.21539e+09
2020-05-23 06:30:00,LlT2YUhhzqhg5Sw,90.58,87.9467,26.1333,2.82642e+08
2020-06-02 02:15:00,V94E5Ben1TlhnDV,0,0,0,1.41222e+09
2020-05-17 17:45:00,xMbIugepa2P7lBB,124.507,121.313,7035.4,1.06681e+08
2020-05-25 07:30:00,WcxssY2VbP4hApt,351.333,345.367,248.2,1.81775e+08
2020-06-10 02:00:00,LlT2YUhhzqhg5Sw,0,0,3463,2.82749e+08
2020-05-28 14:45:00,V94E5Ben1TlhnDV,1019.83,996.3,7309.2,1.41219e+09
2020-05-26 04:00:00,PeE6FRyGXUgsRhN,0,0,0,1.34842e+09
2020-05-20 17:15:00,Quc1TzYxW2pYoWX,213.247,209.08,2282.27,3.29531e+08
2020-05-21 01:15:00,Mx2yZCDsyf6DPfv,0,0,0,2.49752e+06
2020-06-05 02:30:00,IQ2d7wF4YD8zU1Q,0,0,0,2.01026e+07
2020-05-18 12:30:00,Et9kgGMDl729KT4,0,0,967,1.72046e+06
2020-06-17 12:30:00,V94E5Ben1TlhnDV,738.793,723.38,2156.8,1.41229e+09
2020-06-16 03:00:00,4UPUqMRk7TRMgml,0,0,2304,2.64384e+06
2020-05-21 04:30:00,Et9kgGMDl729KT4,0,0,0,1.72889e+06
2020-05-29 21:30:00,9kRcWv60rDACzjR,0,0,6958,2.24782e+09
2020-06-03 04:00:00,Qf4GUc1pJu5T6c6,0,0,0,8.38562e+08
2020-05-23 19:30:00,Mx2yZCDsyf6DPfv,0,0,9655,2.52603e+06
2020-05-24 10:00:00,Quc1TzYxW2pYoWX,0,0,1157,3.29544e+08
2020-05-20 15:45:00,4UPUqMRk7TRMgml,804.821,787.75,8580.79,2.46342e+06
2020-06-08 18:15:00,81aHJ1q11NBPMrL,84.0333,81.56,9151.87,1.21544e+09
2020-05-21 04:00:00,vOuJvMaM2sgwLmb,0,0,0,2.25313e+06
2020-06-05 17:15:00,mqwcsP2rE7J0TFp,283.413,278.273,7407.07,5.93743e+08
2020-06-04 11:45:00,9kRcWv60rDACzjR,0,0,1447,2.24786e+09
2020-05-25 01:15:00,81aHJ1q11NBPMrL,0,0,0,0
2020-05-27 23:15:00,Mx2yZCDsyf6DPfv,0,0,9444,2.55878e+06
2020-05-31 11:15:00,81aHJ1q11NBPMrL,970.373,948.96,2389.67,1.21539e+09
2020-05-18 19:30:00,NgDl19wMapZy17u,0,0,7677,1.11545e+08
2020-06-11 02:30:00,rrq4fwE8jgrTyWY,0,0,2369,1.21097e+08
2020-06-14 19:30:00,4UPUqMRk7TRMgml,0,0,1868,2.64132e+06
2020-05-22 18:30:00,xoJJ8DcxJEcupym,0,0,3954,2.09177e+08
2020-05-23 08:30:00,LYwnQax7tkwH5Cb,698.073,683.667,754.8,1.795e+09
2020-06-15 12:45:00,9kRcWv60rDACzjR,586.827,574.96,3988.13,2.2479e+09
2020-05-19 22:45:00,vOuJvMaM2sgwLmb,0,0,6722,2.24376e+06
2020-06-15 11:30:00,vOuJvMaM2sgwLmb,800.253,782.027,3079,2.41464e+06
2020-06-11 03:15:00,4UPUqMRk7TRMgml,0,0,5588,2.62429e+06
2020-06-07 02:15:00,Mx2yZCDsyf6DPfv,0,0,8312,2.62511e+06
2020-06-12 17:15:00,4UPUqMRk7TRMgml,264.48,259.393,4396.27,2.63264e+06
2020-05-16 23:15:00,NgDl19wMapZy17u,0,0,7762,1.1153e+08
2020-06-04 20:30:00,9kRcWv60rDACzjR,0,0,2910,2.24786e+09
2020-05-20 21:30:00,oZZkBaNadn6DNKz,0,0,3163,1.70811e+09
2020-05-15 04:15:00,Mx2yZCDsyf6DPfv,0,0,0,2.45365e+06
2020-05-28 18:45:00,Mx2yZCDsyf6DPfv,1.92667,1.86,3726.87,2.5625e+06
2020-05-22 16:15:00,Et9kgGMDl729KT4,540.467,529.76,3081.07,1.73862e+06
2020-05-27 06:30:00,WcxssY2VbP4hApt,82.8143,80.35,22.5,1.81794e+08
2020-06-01 07:30:00,WcxssY2VbP4hApt,238.1,233.507,157.867,1.69708e+08
2020-06-03 22:30:00,Quc1TzYxW2pYoWX,0,0,3721,3.29597e+08
2020-06-03 19:45:00,V94E5Ben1TlhnDV,0,0,4318,1.41223e+09
2020-06-13 13:15:00,Quc1TzYxW2pYoWX,906.093,885.693,3132.13,3.29631e+08
2020-06-02 13:45:00,WcxssY2VbP4hApt,0,0,2605,1.81837e+08
2020-06-01 10:45:00,xoJJ8DcxJEcupym,482.093,472.893,2371.4,2.09242e+08
2020-05-22 17:45:00,q49J1IKaHRwDQnt,128.013,124.64,9303.4,383474
2020-05-31 01:00:00,WcxssY2VbP4hApt,0,0,0,0
2020-05-27 11:00:00,LYwnQax7tkwH5Cb,0,0,1526,1.79502e+09
2020-05-21 11:30:00,oZ35aAeoifZaQzV,1283.07,1250.98,2663.4,1.66001e+09
2020-06-09 02:30:00,Quc1TzYxW2pYoWX,0,0,3027,3.29615e+08
2020-06-05 13:00:00,Qf4GUc1pJu5T6c6,1195.78,1166.47,5205.47,8.3858e+08
2020-05-21 12:00:00,LlT2YUhhzqhg5Sw,0,0,2749,2.82634e+08
2020-05-28 13:00:00,WcxssY2VbP4hApt,1294.55,1262.19,5813.47,1.81804e+08
2020-06-07 17:15:00,4UPUqMRk7TRMgml,296.84,291.493,7645.2,2.60118e+06
2020-06-14 13:30:00,oZZkBaNadn6DNKz,0,0,1781,1.70827e+09
2020-06-02 08:45:00,NgDl19wMapZy17u,626.327,613.607,884.667,1.1165e+08
2020-06-14 22:15:00,4UPUqMRk7TRMgml,0,0,1868,2.64132e+06
2020-06-01 11:00:00,Quc1TzYxW2pYoWX,372.08,365.613,2135.73,3.29586e+08
2020-05-30 19:15:00,LlT2YUhhzqhg5Sw,0,0,7952,2.82706e+08
2020-06-17 11:30:00,Quc1TzYxW2pYoWX,556.933,545.893,1240,3.29643e+08
2020-05-29 20:45:00,LlT2YUhhzqhg5Sw,0,0,7234,2.82698e+08
2020-05-15 08:15:00,vOuJvMaM2sgwLmb,662.607,648.873,714.867,2.21268e+06
2020-05-20 15:30:00,Qf4GUc1pJu5T6c6,883.16,864.073,8427.6,8.38461e+08
2020-06-10 16:30:00,4UPUqMRk7TRMgml,417.313,409.707,5445.73,2.62414e+06
2020-06-12 06:00:00,81aHJ1q11NBPMrL,1.37333,1.32,0,1.21545e+09
2020-06-14 16:00:00,Mx2yZCDsyf6DPfv,458.213,449.607,2723.33,2.67016e+06
2020-05-23 15:30:00,oZZkBaNadn6DNKz,821.973,804.467,8437.73,1.70814e+09
2020-05-30 11:30:00,81aHJ1q11NBPMrL,1140.47,1113.36,2181.4,1.21538e+09
2020-05-23 22:00:00,rrq4fwE8jgrTyWY,0,0,2982,1.21014e+08
2020-06-02 03:45:00,PeE6FRyGXUgsRhN,0,0,0,1.34846e+09
2020-06-11 06:30:00,81aHJ1q11NBPMrL,21.3267,20.6,6.33333,1.21545e+09
2020-06-04 04:45:00,LlT2YUhhzqhg5Sw,0,0,0,2.82724e+08
2020-05-30 18:15:00,81aHJ1q11NBPMrL,38.6533,37.3533,7148.33,1.21538e+09
2020-06-10 23:30:00,Quc1TzYxW2pYoWX,0,0,2508,3.29621e+08
2020-06-11 20:15:00,IQ2d7wF4YD8zU1Q,0,0,3920,2.01535e+07
2020-05-24 22:30:00,Mx2yZCDsyf6DPfv,0,0,4962,2.53099e+06
2020-05-25 10:15:00,q49J1IKaHRwDQnt,999.693,977.453,2163.87,397794
2020-06-01 18:00:00,NgDl19wMapZy17u,0,0,4117,1.11649e+08
2020-05-24 05:45:00,oZZkBaNadn6DNKz,0,0,0,1.70814e+09
2020-06-12 06:00:00,xMbIugepa2P7lBB,0.74,0.713333,3850,1.06865e+08
2020-05-20 10:30:00,q49J1IKaHRwDQnt,0,0,2033,367298
2020-06-09 20:30:00,Qf4GUc1pJu5T6c6,0,0,8086,8.38615e+08
2020-06-12 04:00:00,9kRcWv60rDACzjR,0,0,0,2.24789e+09
2020-06-09 17:45:00,WcxssY2VbP4hApt,124.667,121.26,3974.67,1.81869e+08
2020-05-27 16:00:00,LYwnQax7tkwH5Cb,618.471,605.943,3622.5,1.79502e+09
2020-05-21 09:15:00,Qf4GUc1pJu5T6c6,860.673,842.16,1317.4,8.38464e+08
2020-06-04 10:15:00,LYwnQax7tkwH5Cb,0,0,1420,1.79506e+09
2020-05-24 14:30:00,vOuJvMaM2sgwLmb,0,0,1497,2.27643e+06
2020-06-04 08:15:00,V94E5Ben1TlhnDV,562.513,551.307,460.133,1.41223e+09
2020-05-24 04:45:00,vOuJvMaM2sgwLmb,0,0,0,2.27493e+06
2020-06-17 13:15:00,LlT2YUhhzqhg5Sw,664.64,651.047,2544.27,2.82787e+08
2020-05-16 11:15:00,oZ35aAeoifZaQzV,1247.4,1216.21,3576.6,1.65998e+09
2020-05-21 05:30:00,9kRcWv60rDACzjR,0,0,0,2.24776e+09
2020-06-03 16:00:00,LYwnQax7tkwH5Cb,439.293,431.064,3696.14,1.79506e+09
2020-06-10 13:00:00,vOuJvMaM2sgwLmb,628.5,615.14,3880.53,2.38743e+06
2020-05-26 21:45:00,Quc1TzYxW2pYoWX,0,0,7269,3.29559e+08
2020-06-05 15:00:00,9kRcWv60rDACzjR,488.273,478.9,2157.47,2.24786e+09
2020-05-17 12:15:00,q49J1IKaHRwDQnt,798.393,781.487,2397.93,354950
2020-06-09 21:45:00,81aHJ1q11NBPMrL,0,0,4696,1.21544e+09
2020-06-02 16:30:00,q49J1IKaHRwDQnt,0,0,0,30090.7
2020-05-27 12:30:00,LYwnQax7tkwH5Cb,0,0,1526,1.79502e+09
2020-06-14 16:45:00,xMbIugepa2P7lBB,253.3,248.207,7066.2,1.0688e+08
2020-06-02 09:45:00,Qf4GUc1pJu5T6c6,576.04,564.56,1552.07,8.38556e+08
2020-06-15 06:15:00,Qf4GUc1pJu5T6c6,32.7467,31.6667,5.4,8.38635e+08
2020-06-17 21:30:00,WcxssY2VbP4hApt,0,0,4331,1.81912e+08
2020-06-11 11:30:00,4UPUqMRk7TRMgml,716.227,701.34,1690.67,2.62598e+06
2020-06-04 09:45:00,LlT2YUhhzqhg5Sw,667.647,653.22,1345.53,2.82726e+08
2020-05-17 00:15:00,PeE6FRyGXUgsRhN,0,0,0,1.34836e+09
2020-05-15 04:15:00,Quc1TzYxW2pYoWX,0,0,0,3.29509e+08
2020-06-15 09:45:00,oZZkBaNadn6DNKz,153.743,150.964,1105.07,1.70828e+09
2020-06-13 12:15:00,LlT2YUhhzqhg5Sw,0,0,1520,2.82764e+08
2020-06-05 17:30:00,vOuJvMaM2sgwLmb,192.233,188.187,3313.67,2.35642e+06
2020-06-14 15:30:00,xoJJ8DcxJEcupym,600.3,588.12,6369.93,2.09319e+08
2020-05-27 08:15:00,q49J1IKaHRwDQnt,578.9,567.3,546.267,406453
2020-06-03 08:30:00,LYwnQax7tkwH5Cb,484.314,474.857,522.857,1.79506e+09
2020-06-14 09:45:00,rrq4fwE8jgrTyWY,613.333,600.873,1374.93,1.21113e+08
2020-05-18 03:00:00,LYwnQax7tkwH5Cb,0,0,0,1.79498e+09
2020-05-17 00:30:00,LYwnQax7tkwH5Cb,0,0,0,1.79497e+09
2020-05-24 18:45:00,Mx2yZCDsyf6DPfv,0,0,4962,2.53099e+06
2020-05-17 07:00:00,Qf4GUc1pJu5T6c6,71.5,69.3,34.6667,8.38436e+08
2020-05-31 23:45:00,xoJJ8DcxJEcupym,0,0,4324,2.0924e+08
2020-06-10 23:45:00,PeE6FRyGXUgsRhN,0,0,4003,1.34851e+09
2020-05-23 21:15:00,Mx2yZCDsyf6DPfv,0,0,9655,2.52603e+06
2020-05-30 13:30:00,oZ35aAeoifZaQzV,1208.37,1178.63,4988.8,1.66009e+09
2020-05-30 18:15:00,V94E5Ben1TlhnDV,38.98,37.6667,5280.2,1.41221e+09
2020-05-23 00:00:00,WcxssY2VbP4hApt,0,0,0,0
2020-06-02 04:45:00,81aHJ1q11NBPMrL,0,0,0,1.2154e+09
2020-05-28 18:45:00,81aHJ1q11NBPMrL,1.76667,1.70667,8947,1.21537e+09
2020-05-19 14:45:00,4UPUqMRk7TRMgml,500.787,490.453,1550.4,2.45442e+06
2020-06-13 01:15:00,9kRcWv60rDACzjR,0,0,0,2.24789e+09
2020-06-08 15:15:00,4UPUqMRk7TRMgml,1051.11,1027.41,7747.8,2.60913e+06
2020-06-11 05:15:00,81aHJ1q11NBPMrL,0,0,0,1.21545e+09
2020-06-05 17:15:00,oZZkBaNadn6DNKz,328.12,322.347,7297.53,1.70822e+09
2020-05-25 07:30:00,LlT2YUhhzqhg5Sw,337.579,331.836,238.786,2.82655e+08
2020-06-01 02:00:00,oZ35aAeoifZaQzV,0,0,0,1.6601e+09
2020-05-19 08:45:00,rrq4fwE8jgrTyWY,301.507,296.043,776.143,1.20987e+08
2020-05-29 03:45:00,LYwnQax7tkwH5Cb,0,0,0,1.79502e+09
2020-06-02 08:15:00,V94E5Ben1TlhnDV,548.087,537.193,620.4,1.41222e+09
2020-06-09 11:00:00,IQ2d7wF4YD8zU1Q,942.907,920.707,3160,2.0139e+07
2020-06-15 10:45:00,IQ2d7wF4YD8zU1Q,563.087,551.84,2532.53,2.01715e+07
2020-06-10 01:15:00,Mx2yZCDsyf6DPfv,0,0,8042,2.65015e+06
2020-05-30 01:45:00,oZZkBaNadn6DNKz,0,0,0,1.70819e+09
2020-06-10 00:00:00,mqwcsP2rE7J0TFp,0,0,1148.57,5.93776e+08
2020-06-13 05:00:00,V94E5Ben1TlhnDV,0,0,0,1.41227e+09
2020-06-17 17:00:00,4UPUqMRk7TRMgml,55.56,53.8133,4320.67,2.65337e+06
2020-05-29 03:00:00,81aHJ1q11NBPMrL,0,0,0,1.21537e+09
2020-05-31 13:00:00,IQ2d7wF4YD8zU1Q,1085.61,1059.39,4174.6,2.00755e+07
2020-05-16 17:45:00,81aHJ1q11NBPMrL,0,0,0,0
2020-06-16 00:45:00,WcxssY2VbP4hApt,0,0,6367,1.81902e+08
2020-06-06 21:15:00,NgDl19wMapZy17u,0,0,8134,1.11683e+08
2020-05-29 10:30:00,9kRcWv60rDACzjR,929.871,909.507,2378.64,2.24782e+09
2020-06-17 22:00:00,xMbIugepa2P7lBB,0,0,4218,1.06896e+08
2020-05-27 18:00:00,Et9kgGMDl729KT4,92.2333,89.56,8622.53,1.771e+06
2020-06-12 05:00:00,oZ35aAeoifZaQzV,0,0,3963,1.66016e+09
2020-06-14 17:00:00,xoJJ8DcxJEcupym,265.833,260.84,7058.73,2.09319e+08
2020-05-17 06:30:00,PeE6FRyGXUgsRhN,35.2286,34.0429,11.2143,1.34836e+09
2020-05-31 22:00:00,V94E5Ben1TlhnDV,0,0,6597,1.41221e+09
2020-05-19 23:00:00,9kRcWv60rDACzjR,0,0,6391,2.24776e+09
2020-06-01 12:30:00,Qf4GUc1pJu5T6c6,1216.89,1186.99,3459.2,8.38554e+08
2020-06-04 21:45:00,q49J1IKaHRwDQnt,0,0,5710,461971
2020-06-01 02:15:00,xMbIugepa2P7lBB,0,0,6524,1.06791e+08
2020-05-17 15:00:00,Et9kgGMDl729KT4,382.973,376.313,3642.07,1.71853e+06
2020-06-02 17:15:00,vOuJvMaM2sgwLmb,412.833,405.333,3546.13,2.34102e+06
2020-05-15 10:30:00,9kRcWv60rDACzjR,1186.93,1157.26,2785.93,2.24772e+09
2020-06-11 10:15:00,rrq4fwE8jgrTyWY,455.08,446.567,879.8,1.21098e+08
2020-06-05 16:30:00,q49J1IKaHRwDQnt,533.314,522.921,2363.21,464334
2020-05-27 08:15:00,Mx2yZCDsyf6DPfv,595.373,583.4,556.467,2.54989e+06
2020-05-22 23:45:00,Quc1TzYxW2pYoWX,0,0,3687,3.29539e+08
2020-05-30 08:15:00,LYwnQax7tkwH5Cb,286.957,281.707,302.5,1.79503e+09
2020-05-28 00:30:00,Quc1TzYxW2pYoWX,0,0,7370,3.29566e+08
2020-05-26 22:45:00,LlT2YUhhzqhg5Sw,0,0,9079,2.82673e+08
2020-06-05 09:45:00,Qf4GUc1pJu5T6c6,1111.17,1084.15,1625.67,8.38576e+08
2020-05-17 07:00:00,IQ2d7wF4YD8zU1Q,72.3667,70.1533,34.8667,1.99592e+07
2020-06-17 22:00:00,q49J1IKaHRwDQnt,0,0,4157,520758
2020-06-06 23:00:00,mqwcsP2rE7J0TFp,0,0,8356,5.93751e+08
2020-05-19 14:45:00,mqwcsP2rE7J0TFp,688.427,674.173,6262.87,5.93618e+08
2020-05-25 14:30:00,q49J1IKaHRwDQnt,1000.43,978.213,4440.67,400071
2020-06-14 10:30:00,oZZkBaNadn6DNKz,0,0,1781,1.70827e+09
2020-06-01 02:15:00,oZ35aAeoifZaQzV,0,0,0,1.6601e+09
2020-06-03 08:45:00,vOuJvMaM2sgwLmb,534.493,523.813,680.4,2.34195e+06
2020-05-15 00:30:00,rrq4fwE8jgrTyWY,0,0,0,1.20964e+08
2020-06-09 20:00:00,9kRcWv60rDACzjR,0,0,3803,2.24788e+09
2020-05-21 23:30:00,oZZkBaNadn6DNKz,0,0,4934,1.70812e+09
2020-06-11 06:30:00,Qf4GUc1pJu5T6c6,20.9133,20.2,6,8.38621e+08
2020-06-17 12:30:00,Quc1TzYxW2pYoWX,640.173,627.147,1868.27,3.29644e+08
2020-06-17 04:00:00,q49J1IKaHRwDQnt,0,0,0,516601
2020-05-18 22:45:00,oZ35aAeoifZaQzV,0,0,7750,1.65999e+09
2020-06-07 11:15:00,q49J1IKaHRwDQnt,0,0,1836,470301
2020-06-12 01:15:00,LlT2YUhhzqhg5Sw,0,0,3814,2.82758e+08
2020-05-16 10:15:00,vOuJvMaM2sgwLmb,1124.85,1096.73,2368.13,2.2239e+06
2020-06-11 12:00:00,9kRcWv60rDACzjR,0,0,0,0
2020-05-26 20:00:00,9kRcWv60rDACzjR,0,0,9113,2.2478e+09
2020-06-09 09:45:00,V94E5Ben1TlhnDV,309.457,301.936,382.786,6.05251e+08
2020-06-09 15:45:00,q49J1IKaHRwDQnt,760.06,744,2703.53,476741
2020-06-17 21:45:00,IQ2d7wF4YD8zU1Q,0,0,4251,2.01851e+07
2020-05-22 01:15:00,4UPUqMRk7TRMgml,0,0,9151,2.47342e+06
2020-06-06 23:45:00,oZ35aAeoifZaQzV,0,0,8368,1.66013e+09
2020-06-03 10:30:00,LlT2YUhhzqhg5Sw,437.82,429.447,1566.67,2.82722e+08
2020-05-16 01:00:00,WcxssY2VbP4hApt,0,0,0,1.81705e+08
2020-05-15 23:30:00,PeE6FRyGXUgsRhN,0,0,9119,1.34836e+09
2020-05-17 22:00:00,LlT2YUhhzqhg5Sw,0,0,6717,2.82616e+08
2020-06-11 23:30:00,4UPUqMRk7TRMgml,0,0,3930,2.62822e+06
2020-06-12 17:45:00,xMbIugepa2P7lBB,103.6,100.664,4655.21,1.0687e+08
2020-05-19 18:45:00,Qf4GUc1pJu5T6c6,0,0,1909,8.38453e+08
2020-05-25 12:45:00,Mx2yZCDsyf6DPfv,1290.61,1258.36,5286.33,2.53628e+06
2020-06-05 04:15:00,IQ2d7wF4YD8zU1Q,0,0,0,2.01026e+07
2020-06-07 01:00:00,vOuJvMaM2sgwLmb,0,0,8249,2.36478e+06
2020-06-12 13:00:00,oZZkBaNadn6DNKz,149.253,146.273,500.867,7.97189e+08
2020-05-23 21:00:00,Quc1TzYxW2pYoWX,0,0,3998,3.29543e+08
2020-05-16 08:45:00,WcxssY2VbP4hApt,785.12,768.56,947,1.81706e+08
2020-06-12 12:00:00,Qf4GUc1pJu5T6c6,639.357,626.329,2005.71,8.38627e+08
2020-05-17 23:15:00,IQ2d7wF4YD8zU1Q,0,0,7188,1.99663e+07
2020-05-17 12:00:00,Qf4GUc1pJu5T6c6,779.92,763.487,3536.47,8.38439e+08
2020-06-08 19:45:00,9kRcWv60rDACzjR,0,0,3332,2.24787e+09
2020-05-18 02:45:00,4UPUqMRk7TRMgml,0,0,0,2.44523e+06
2020-06-02 20:00:00,Et9kgGMDl729KT4,0,0,5476,1.80438e+06
2020-06-14 08:45:00,V94E5Ben1TlhnDV,462.533,453.713,793.533,1.41228e+09
2020-05-24 15:30:00,Quc1TzYxW2pYoWX,624.187,611.547,3975.47,3.29547e+08
2020-06-14 04:00:00,Mx2yZCDsyf6DPfv,0,0,3202,2.66744e+06
2020-05-31 10:00:00,xMbIugepa2P7lBB,742.84,727.18,1406.6,1.06786e+08
2020-05-27 09:00:00,PeE6FRyGXUgsRhN,798.787,781.88,1037.33,1.34843e+09
2020-05-23 11:30:00,PeE6FRyGXUgsRhN,1239.89,1208.88,3783.67,1.3484e+09
2020-05-30 16:30:00,V94E5Ben1TlhnDV,546.379,535.529,4813.64,1.41221e+09
2020-06-15 16:15:00,IQ2d7wF4YD8zU1Q,390.687,383.92,5856.73,2.01748e+07
2020-06-13 02:15:00,oZ35aAeoifZaQzV,0,0,4607,1.66017e+09
2020-06-08 05:45:00,xMbIugepa2P7lBB,0,0,7775,1.06839e+08
2020-05-16 02:15:00,NgDl19wMapZy17u,0,0,0,1.11522e+08
2020-05-30 16:15:00,Mx2yZCDsyf6DPfv,624.26,611.613,7578.87,2.57832e+06
2020-05-18 07:00:00,V94E5Ben1TlhnDV,0,0,0,1.41211e+09
2020-05-26 13:15:00,Qf4GUc1pJu5T6c6,1166,1137.6,6082.07,8.38511e+08
2020-05-20 07:45:00,LlT2YUhhzqhg5Sw,464.229,455.521,296.286,2.82628e+08
2020-05-19 05:45:00,Mx2yZCDsyf6DPfv,0,0,0,2.48137e+06
2020-06-05 00:15:00,vOuJvMaM2sgwLmb,0,0,6885,2.35311e+06
2020-06-15 05:45:00,4UPUqMRk7TRMgml,0,0,1868,2.64132e+06
2020-06-07 05:00:00,NgDl19wMapZy17u,0,0,8134,1.11683e+08
2020-06-08 07:15:00,WcxssY2VbP4hApt,279.287,274.22,173.467,1.81862e+08
2020-06-13 18:30:00,PeE6FRyGXUgsRhN,28.68,27.7,6512.13,1.34853e+09
2020-06-14 21:45:00,mqwcsP2rE7J0TFp,0,0,5937,5.93799e+08
2020-05-30 14:30:00,vOuJvMaM2sgwLmb,1054.97,1030.41,4503.6,2.3246e+06
2020-06-04 08:45:00,LlT2YUhhzqhg5Sw,517.427,507.227,723.267,2.82725e+08
2020-05-25 15:15:00,oZ35aAeoifZaQzV,888.407,869.153,8045.67,1.66005e+09
2020-06-14 12:45:00,q49J1IKaHRwDQnt,1162.76,1135.01,4212.07,502001
2020-06-03 19:30:00,vOuJvMaM2sgwLmb,0,0,4953,2.34622e+06
2020-06-10 00:00:00,81aHJ1q11NBPMrL,0,0,0,1.21544e+09
2020-05-21 11:45:00,Mx2yZCDsyf6DPfv,1257.96,1226.85,3753.73,2.50127e+06
2020-05-22 13:00:00,vOuJvMaM2sgwLmb,0,0,1405,2.26362e+06
2020-05-27 12:30:00,Mx2yZCDsyf6DPfv,1297.53,1265.09,5050.4,2.55438e+06
2020-05-18 07:00:00,LYwnQax7tkwH5Cb,1.93333,1.86667,0,1.79498e+09
2020-06-15 11:45:00,Et9kgGMDl729KT4,0,0,788,1.84413e+06
2020-06-09 19:45:00,oZZkBaNadn6DNKz,0,0,7902,1.70825e+09
2020-05-18 13:30:00,Et9kgGMDl729KT4,0,0,967,1.72046e+06
2020-06-07 11:00:00,mqwcsP2rE7J0TFp,923.673,902.3,2527.73,5.93754e+08
2020-05-21 15:45:00,Quc1TzYxW2pYoWX,513.447,503.34,4210.27,3.29535e+08
2020-06-04 22:00:00,IQ2d7wF4YD8zU1Q,0,0,7020,2.01026e+07
2020-06-01 16:45:00,Et9kgGMDl729KT4,69.2267,67.0867,3997.6,1.79886e+06
2020-05-29 05:15:00,V94E5Ben1TlhnDV,0,0,0,1.41219e+09
2020-05-22 15:45:00,Quc1TzYxW2pYoWX,598.653,586.593,2963.87,3.29539e+08
2020-05-28 02:45:00,Et9kgGMDl729KT4,0,0,0,1.77103e+06
2020-06-16 11:30:00,rrq4fwE8jgrTyWY,1047.87,1024.31,2286.4,1.21125e+08
2020-05-20 23:45:00,Et9kgGMDl729KT4,0,0,4492,1.72889e+06
2020-05-24 03:15:00,WcxssY2VbP4hApt,0,0,0,1.81766e+08
2020-06-02 03:15:00,vOuJvMaM2sgwLmb,0,0,0,2.33747e+06
2020-05-26 05:30:00,Qf4GUc1pJu5T6c6,0,0,0,8.38504e+08
2020-06-17 21:45:00,oZZkBaNadn6DNKz,0,0,4389,1.70829e+09
2020-05-26 23:00:00,Et9kgGMDl729KT4,0,0,8289,1.76237e+06
2020-05-25 08:30:00,V94E5Ben1TlhnDV,653.007,639.673,736.333,1.41216e+09
2020-05-22 03:00:00,oZ35aAeoifZaQzV,0,0,0,1.66002e+09
2020-05-24 07:00:00,LlT2YUhhzqhg5Sw,196.773,192.893,94.6667,2.82646e+08
2020-05-21 08:45:00,4UPUqMRk7TRMgml,736.747,721.4,911,2.46518e+06
2020-05-24 02:45:00,rrq4fwE8jgrTyWY,0,0,0,1.21014e+08
2020-05-16 05:45:00,LYwnQax7tkwH5Cb,0,0,0,1.79497e+09
2020-06-11 12:30:00,oZZkBaNadn6DNKz,504.273,494.627,2011.87,1.70826e+09
2020-06-07 15:15:00,oZZkBaNadn6DNKz,39.5667,38.7667,923.333,2.27764e+08
2020-05-20 01:45:00,rrq4fwE8jgrTyWY,0,0,0,1.2099e+08
2020-06-08 18:15:00,Quc1TzYxW2pYoWX,70.06,67.88,3010.53,3.29615e+08
2020-06-01 19:30:00,V94E5Ben1TlhnDV,0,0,4306,1.41222e+09
2020-05-21 07:30:00,q49J1IKaHRwDQnt,363.071,356.864,214.643,369542
2020-05-30 21:15:00,oZZkBaNadn6DNKz,0,0,3689,1.70819e+09
2020-05-16 03:00:00,Et9kgGMDl729KT4,0,0,0,1.7084e+06
2020-05-23 07:45:00,Qf4GUc1pJu5T6c6,471.179,462.279,349.5,8.38482e+08
2020-06-16 12:15:00,Et9kgGMDl729KT4,378.229,370.879,2345.86,1.84788e+06
2020-05-15 06:00:00,IQ2d7wF4YD8zU1Q,15.16,14.6333,0.733333,1.99415e+07
2020-05-30 06:45:00,vOuJvMaM2sgwLmb,52.9733,51.3,18.3333,2.32012e+06
2020-06-12 18:15:00,q49J1IKaHRwDQnt,90.76,88.14,4623.27,491378
2020-05-27 06:45:00,LlT2YUhhzqhg5Sw,128.16,124.667,48,2.82673e+08
2020-05-18 06:45:00,IQ2d7wF4YD8zU1Q,0,0,0,1.99663e+07
2020-06-08 19:15:00,LYwnQax7tkwH5Cb,0,0,2702,1.79507e+09
2020-06-15 20:15:00,V94E5Ben1TlhnDV,0,0,2566,1.41228e+09
2020-06-07 03:00:00,81aHJ1q11NBPMrL,0,0,0,1.21543e+09
2020-05-17 04:15:00,Et9kgGMDl729KT4,0,0,0,1.71489e+06
2020-06-07 22:30:00,oZ35aAeoifZaQzV,0,0,7860,1.66014e+09
2020-05-28 06:30:00,9kRcWv60rDACzjR,69.0667,66.94,19,2.24781e+09
2020-06-09 16:15:00,xoJJ8DcxJEcupym,740.32,724.88,6416.73,2.09292e+08
2020-05-15 01:00:00,Qf4GUc1pJu5T6c6,0,0,0,8.38421e+08
2020-06-12 04:15:00,rrq4fwE8jgrTyWY,0,0,3650,1.21101e+08
2020-06-12 02:15:00,PeE6FRyGXUgsRhN,0,0,3834,1.34852e+09
2020-05-20 02:00:00,vOuJvMaM2sgwLmb,0,0,0,2.24376e+06
2020-05-16 12:15:00,V94E5Ben1TlhnDV,765.873,748.967,4539.8,1.4121e+09
2020-05-21 06:30:00,LYwnQax7tkwH5Cb,86.44,83.9,21.9333,1.79499e+09
2020-05-28 01:15:00,Et9kgGMDl729KT4,0,0,0,1.77103e+06
2020-05-26 07:30:00,WcxssY2VbP4hApt,361.587,355.413,236.8,1.81785e+08
2020-05-27 13:45:00,rrq4fwE8jgrTyWY,1098.34,1073.38,3066.2,1.21033e+08
2020-06-09 17:45:00,rrq4fwE8jgrTyWY,117.067,113.827,3328.27,1.21095e+08
2020-05-18 20:00:00,Mx2yZCDsyf6DPfv,0,0,7632,2.48137e+06
2020-05-28 14:00:00,oZZkBaNadn6DNKz,1155.54,1127.41,6459.71,1.70818e+09
2020-06-04 07:15:00,Qf4GUc1pJu5T6c6,217.421,213.164,116.286,8.38568e+08
2020-06-10 07:15:00,Et9kgGMDl729KT4,89.5357,86.9214,62.2857,1.82593e+06
2020-06-12 18:45:00,Qf4GUc1pJu5T6c6,1.86667,1.79333,4455,8.38629e+08
2020-05-31 12:15:00,NgDl19wMapZy17u,1138.68,1110.77,3367.4,1.11642e+08
2020-05-15 10:30:00,LlT2YUhhzqhg5Sw,1183.13,1153.55,2765.2,2.82596e+08
2020-05-18 05:15:00,Et9kgGMDl729KT4,0,0,0,1.71949e+06
2020-05-17 08:45:00,WcxssY2VbP4hApt,657.64,644.147,753.133,1.81714e+08
2020-06-13 08:30:00,PeE6FRyGXUgsRhN,368.227,361.467,530.667,1.34852e+09
2020-05-29 20:15:00,WcxssY2VbP4hApt,0,0,8241,1.81815e+08
2020-06-11 07:45:00,mqwcsP2rE7J0TFp,116.521,113.314,130.429,5.93778e+08
2020-06-08 09:30:00,81aHJ1q11NBPMrL,890.323,870.469,1434.15,1.21543e+09
2020-05-15 22:00:00,xoJJ8DcxJEcupym,0,0,3092,2.09147e+08
2020-06-04 22:00:00,mqwcsP2rE7J0TFp,0,0,5742,5.93735e+08
2020-05-31 17:00:00,oZ35aAeoifZaQzV,104.357,101.407,6591,1.6601e+09
2020-06-07 19:30:00,vOuJvMaM2sgwLmb,0,0,1910,2.36669e+06
2020-06-07 03:45:00,mqwcsP2rE7J0TFp,0,0,0,5.93751e+08
2020-05-28 21:15:00,Quc1TzYxW2pYoWX,0,0,4863,3.29571e+08
2020-06-16 00:15:00,xMbIugepa2P7lBB,0,0,6200,1.06887e+08
2020-05-31 02:00:00,WcxssY2VbP4hApt,0,0,0,0
2020-06-02 07:45:00,rrq4fwE8jgrTyWY,382.533,375.873,379.2,1.21065e+08
2020-05-29 14:30:00,Et9kgGMDl729KT4,751.353,735.62,2430.47,1.78143e+06
2020-05-30 13:30:00,xoJJ8DcxJEcupym,0,0,2662,2.09231e+08
2020-05-31 22:00:00,IQ2d7wF4YD8zU1Q,0,0,6664,2.0078e+07
2020-05-15 18:45:00,IQ2d7wF4YD8zU1Q,0,0,9663,1.99512e+07
2020-05-22 06:00:00,WcxssY2VbP4hApt,21.9667,21.22,2.26667,1.81753e+08
2020-06-09 10:15:00,NgDl19wMapZy17u,1249.33,1218.27,2286.33,1.11702e+08
2020-06-15 05:30:00,Quc1TzYxW2pYoWX,0,0,0,3.29636e+08
2020-06-08 08:45:00,Et9kgGMDl729KT4,469.147,460.387,819.867,1.8196e+06
2020-05-30 22:30:00,Et9kgGMDl729KT4,0,0,5509,1.78881e+06
2020-06-12 22:15:00,NgDl19wMapZy17u,0,0,4764,1.1172e+08
2020-06-03 16:30:00,LYwnQax7tkwH5Cb,248.333,243.533,3843.07,1.79506e+09
2020-05-22 18:15:00,oZ35aAeoifZaQzV,14.4667,13.9667,9864.07,1.66003e+09
2020-06-16 09:00:00,q49J1IKaHRwDQnt,537.273,526.633,777.467,512102
2020-06-04 22:30:00,LlT2YUhhzqhg5Sw,0,0,2927,2.82727e+08
2020-05-30 13:00:00,IQ2d7wF4YD8zU1Q,1238.61,1208.5,4361.33,2.00675e+07
2020-05-30 08:30:00,mqwcsP2rE7J0TFp,218.92,214.647,377.667,5.93698e+08
2020-05-19 00:30:00,oZ35aAeoifZaQzV,0,0,0,1.65999e+09
2020-05-20 05:45:00,vOuJvMaM2sgwLmb,0,0,0,2.24376e+06
2020-05-31 23:15:00,WcxssY2VbP4hApt,0,0,6611,1.8183e+08
2020-06-17 14:15:00,Et9kgGMDl729KT4,549.913,539,2941.47,1.85308e+06
2020-05-28 11:45:00,rrq4fwE8jgrTyWY,0,0,1645,1.21038e+08
2020-05-19 01:30:00,Mx2yZCDsyf6DPfv,0,0,0,2.48137e+06
2020-05-16 14:30:00,Quc1TzYxW2pYoWX,841.143,823.1,5490.21,3.29519e+08
2020-05-21 13:45:00,Quc1TzYxW2pYoWX,889.933,870.68,2738.4,3.29533e+08
2020-06-12 04:15:00,Qf4GUc1pJu5T6c6,0,0,3887,8.38625e+08
2020-06-03 23:45:00,oZZkBaNadn6DNKz,0,0,4465.5,1.70821e+09
2020-06-16 11:45:00,NgDl19wMapZy17u,874.157,854.657,2672.71,1.11739e+08
2020-05-17 13:00:00,9kRcWv60rDACzjR,1043.13,1019.71,4273.93,2.24774e+09
2020-06-08 20:15:00,mqwcsP2rE7J0TFp,0,0,9065,5.93768e+08
2020-05-22 03:45:00,vOuJvMaM2sgwLmb,0,0,0,2.26222e+06
2020-06-16 06:30:00,xMbIugepa2P7lBB,72.58,70.3533,19.6,1.06887e+08
2020-05-29 18:45:00,vOuJvMaM2sgwLmb,0,0,5083,2.3201e+06
2020-05-28 08:00:00,xoJJ8DcxJEcupym,524.26,513.913,414.333,2.09215e+08
2020-05-18 18:45:00,mqwcsP2rE7J0TFp,0,0,7690,5.93612e+08
2020-06-12 10:30:00,V94E5Ben1TlhnDV,250.06,245.367,1124.2,1.41227e+09
2020-05-30 17:30:00,NgDl19wMapZy17u,224.86,220.453,7893.07,1.11638e+08
2020-06-02 09:00:00,Mx2yZCDsyf6DPfv,748.321,732.664,1095.79,2.59101e+06
2020-05-30 20:00:00,PeE6FRyGXUgsRhN,0,0,4061,1.34845e+09
2020-05-15 02:15:00,rrq4fwE8jgrTyWY,0,0,0,1.20964e+08
2020-06-14 21:45:00,xoJJ8DcxJEcupym,0,0,7268,2.0932e+08
2020-05-27 20:30:00,oZ35aAeoifZaQzV,0,0,9463,1.66007e+09
2020-06-08 18:15:00,9kRcWv60rDACzjR,82.92,80.4667,3313.2,2.24787e+09
2020-05-26 19:00:00,V94E5Ben1TlhnDV,0,0,9347,1.41218e+09
2020-06-02 16:15:00,rrq4fwE8jgrTyWY,0,0,0,0
2020-05-16 14:00:00,xMbIugepa2P7lBB,757.193,741.227,6101.53,1.06672e+08
2020-06-06 20:15:00,81aHJ1q11NBPMrL,0,0,8196,1.21543e+09
2020-06-05 23:45:00,rrq4fwE8jgrTyWY,0,0,2964,1.21082e+08
2020-05-15 03:00:00,IQ2d7wF4YD8zU1Q,0,0,0,1.99415e+07
2020-06-15 15:30:00,V94E5Ben1TlhnDV,519.32,509.207,1889.53,1.41228e+09
2020-05-23 23:15:00,LYwnQax7tkwH5Cb,0,0,3093,1.795e+09
2020-06-16 12:45:00,NgDl19wMapZy17u,889.85,870.571,3410.64,1.1174e+08
2020-06-07 14:00:00,Quc1TzYxW2pYoWX,785.64,767.147,769,3.2961e+08
2020-06-08 18:15:00,LYwnQax7tkwH5Cb,78.8667,76.4867,2683.8,1.79507e+09
2020-05-28 05:15:00,WcxssY2VbP4hApt,0,0,0,1.81798e+08
2020-05-15 03:15:00,Mx2yZCDsyf6DPfv,0,0,0,2.45365e+06
2020-06-14 19:00:00,LYwnQax7tkwH5Cb,0,0,7310,1.7951e+09
2020-06-11 22:15:00,Mx2yZCDsyf6DPfv,0,0,3945,2.65966e+06
2020-05-28 07:00:00,vOuJvMaM2sgwLmb,163.513,160.28,78.8,2.30596e+06
2020-06-05 01:00:00,rrq4fwE8jgrTyWY,0,0,6643,1.21079e+08
2020-06-04 22:45:00,WcxssY2VbP4hApt,0,0,3834,1.81848e+08
2020-06-10 13:00:00,9kRcWv60rDACzjR,0,0,0,2.24788e+09
2020-06-06 01:00:00,Mx2yZCDsyf6DPfv,0,0,7726,2.6168e+06
2020-06-14 20:45:00,Qf4GUc1pJu5T6c6,0,0,2107,8.38635e+08
2020-05-27 12:15:00,vOuJvMaM2sgwLmb,0,0,0,0
2020-05-23 13:30:00,rrq4fwE8jgrTyWY,0,0,1414,1.21012e+08
2020-06-16 12:00:00,V94E5Ben1TlhnDV,766.58,750.42,2878.2,1.41229e+09
2020-06-14 08:30:00,oZZkBaNadn6DNKz,544.693,544.521,679.929,1.70827e+09
2020-06-06 13:15:00,WcxssY2VbP4hApt,901.9,880.893,5595.93,1.81857e+08
2020-05-18 06:45:00,WcxssY2VbP4hApt,0,0,0,1.8172e+08
2020-06-10 07:45:00,Et9kgGMDl729KT4,214.133,209.94,134.333,1.82601e+06
2020-06-15 01:30:00,Et9kgGMDl729KT4,0,0,2048,1.84334e+06
2020-06-07 22:30:00,WcxssY2VbP4hApt,0,0,1950,1.81862e+08
2020-05-19 00:30:00,4UPUqMRk7TRMgml,0,0,7641,2.45287e+06
2020-05-21 15:00:00,oZ35aAeoifZaQzV,997.273,975.12,6830.6,1.66002e+09
2020-05-29 10:30:00,V94E5Ben1TlhnDV,958.12,937.027,2420.33,1.41219e+09
2020-06-04 06:00:00,V94E5Ben1TlhnDV,5.81429,5.62143,0.857143,1.41223e+09
2020-05-26 19:15:00,vOuJvMaM2sgwLmb,0,0,9298,2.29655e+06
2020-06-13 23:15:00,Qf4GUc1pJu5T6c6,0,0,3544,8.38633e+08
2020-06-06 00:45:00,4UPUqMRk7TRMgml,0,0,7756,2.58516e+06
2020-05-16 07:45:00,Qf4GUc1pJu5T6c6,391.94,384.62,308.6,7.82533e+08
2020-06-07 23:45:00,Quc1TzYxW2pYoWX,0,0,2598,3.29612e+08
2020-06-09 15:15:00,oZ35aAeoifZaQzV,611.567,599.213,6850.53,1.66015e+09
2020-05-18 01:00:00,Mx2yZCDsyf6DPfv,0,0,0,2.47373e+06
2020-06-15 12:00:00,oZZkBaNadn6DNKz,0,0,1149,1.70828e+09
2020-05-29 15:45:00,Quc1TzYxW2pYoWX,653.971,640.614,3188.79,3.29574e+08
2020-06-16 22:30:00,WcxssY2VbP4hApt,0,0,5587,1.81908e+08
2020-06-07 08:45:00,9kRcWv60rDACzjR,698.793,684.267,621.6,2.24787e+09
2020-05-17 14:15:00,NgDl19wMapZy17u,1020.69,997.887,5439.8,1.11535e+08
2020-05-23 13:45:00,PeE6FRyGXUgsRhN,1150.35,1122.71,6456.2,1.3484e+09
2020-05-17 09:45:00,xMbIugepa2P7lBB,952.433,931.5,1557.6,1.06675e+08
2020-05-26 14:15:00,WcxssY2VbP4hApt,938.573,917.233,7146.13,1.81791e+08
2020-06-04 02:45:00,oZZkBaNadn6DNKz,0,0,0,1.70821e+09
2020-05-16 07:30:00,q49J1IKaHRwDQnt,385.307,378.647,213,349232
2020-06-16 20:30:00,rrq4fwE8jgrTyWY,0,0,5161,1.21127e+08
2020-06-17 12:45:00,xMbIugepa2P7lBB,760.15,744.207,2251.21,1.06894e+08
2020-05-30 00:00:00,4UPUqMRk7TRMgml,0,0,8126,2.53768e+06
2020-06-10 09:15:00,xoJJ8DcxJEcupym,532.187,521.713,910,2.09294e+08
2020-06-07 04:00:00,81aHJ1q11NBPMrL,0,0,0,1.21543e+09
2020-06-01 02:30:00,xoJJ8DcxJEcupym,0,0,0,2.0924e+08
2020-06-07 22:45:00,mqwcsP2rE7J0TFp,0,0,7549,5.93759e+08
2020-06-06 02:45:00,xoJJ8DcxJEcupym,0,0,7368,2.09267e+08
2020-06-05 11:15:00,oZZkBaNadn6DNKz,1041.69,1017.13,3261.47,1.70822e+09
2020-06-10 08:15:00,xoJJ8DcxJEcupym,510.14,500.273,336.2,2.09293e+08
2020-05-27 16:30:00,xoJJ8DcxJEcupym,490.793,481.213,2891.87,2.09214e+08
2020-05-27 16:15:00,4UPUqMRk7TRMgml,587.5,575.693,8919.27,2.52525e+06
2020-05-28 21:00:00,vOuJvMaM2sgwLmb,0,0,9137,2.31502e+06
2020-05-25 23:00:00,vOuJvMaM2sgwLmb,0,0,9042,2.28725e+06
2020-06-06 19:45:00,mqwcsP2rE7J0TFp,0,0,8356,5.93751e+08
2020-06-12 13:15:00,vOuJvMaM2sgwLmb,700,684.953,2581.47,2.39553e+06
2020-05-19 20:15:00,WcxssY2VbP4hApt,0,0,6831,1.81735e+08
2020-06-15 08:15:00,Quc1TzYxW2pYoWX,446.807,438.287,430.467,3.29636e+08
2020-06-13 02:45:00,vOuJvMaM2sgwLmb,0,0,4778,2.39772e+06
2020-05-16 17:15:00,PeE6FRyGXUgsRhN,46.5733,45.08,2963.67,1.34836e+09
2020-05-30 23:45:00,oZ35aAeoifZaQzV,0,0,8253,1.66009e+09
2020-06-14 11:30:00,9kRcWv60rDACzjR,1008.56,984.879,2986.43,2.2479e+09
2020-06-07 08:30:00,oZZkBaNadn6DNKz,509.76,499.86,510.2,1.70823e+09
2020-06-13 02:00:00,LlT2YUhhzqhg5Sw,0,0,4630,2.82763e+08
2020-05-21 08:15:00,vOuJvMaM2sgwLmb,621.02,608.3,570.533,2.2537e+06
2020-05-23 16:45:00,4UPUqMRk7TRMgml,434.567,426.687,9376.6,2.49265e+06
2020-05-29 15:45:00,xoJJ8DcxJEcupym,786.515,769.923,4418.62,2.09227e+08
2020-06-08 07:15:00,IQ2d7wF4YD8zU1Q,230.293,225.813,157.933,2.01267e+07
2020-06-04 20:15:00,q49J1IKaHRwDQnt,0,0,5710,461971
2020-06-10 17:00:00,Et9kgGMDl729KT4,76.0067,73.7533,2429.33,1.8283e+06
2020-06-06 22:15:00,81aHJ1q11NBPMrL,0,0,8196,1.21543e+09
2020-05-29 19:30:00,xMbIugepa2P7lBB,0,0,8095,1.06776e+08
2020-06-07 18:45:00,NgDl19wMapZy17u,3.50667,3.38,7777.93,1.11691e+08
2020-06-08 13:45:00,PeE6FRyGXUgsRhN,997.34,974.12,5823,1.3485e+09
2020-05-27 09:00:00,Qf4GUc1pJu5T6c6,842.793,824.753,1082.27,8.38515e+08
2020-05-20 23:00:00,Quc1TzYxW2pYoWX,0,0,2419,3.29531e+08
2020-05-17 10:45:00,PeE6FRyGXUgsRhN,1008.03,985.293,2368.47,1.34837e+09
2020-06-03 09:15:00,WcxssY2VbP4hApt,439.473,430.927,995.933,1.81839e+08
2020-05-16 13:00:00,oZ35aAeoifZaQzV,1120.77,1094.03,5441.93,1.65998e+09
2020-05-25 16:15:00,q49J1IKaHRwDQnt,638.064,625.093,5829.5,401460
2020-06-04 01:00:00,Qf4GUc1pJu5T6c6,0,0,0,8.38568e+08
2020-06-15 17:00:00,NgDl19wMapZy17u,240.973,236.3,6077.8,1.11736e+08
2020-05-28 06:45:00,oZZkBaNadn6DNKz,123.773,120.38,44.2667,1.70817e+09
2020-05-25 04:45:00,LYwnQax7tkwH5Cb,0,0,0,1.79501e+09
2020-06-01 15:45:00,mqwcsP2rE7J0TFp,84.1071,81.65,4061.57,5.93717e+08
2020-06-13 05:00:00,Quc1TzYxW2pYoWX,0,0,3668,3.29628e+08
2020-06-09 09:30:00,Quc1TzYxW2pYoWX,695.713,680.887,1357.8,3.29616e+08
2020-06-09 19:15:00,IQ2d7wF4YD8zU1Q,0,0,8151,2.0144e+07
2020-05-15 00:00:00,IQ2d7wF4YD8zU1Q,0,0,3177,1.99415e+07
2020-06-12 10:45:00,4UPUqMRk7TRMgml,335.767,329.307,1193.87,2.62944e+06
2020-06-09 19:15:00,9kRcWv60rDACzjR,0,0,3803,2.24788e+09
2020-05-16 20:45:00,q49J1IKaHRwDQnt,0,0,3533,352552
2020-05-18 08:30:00,Qf4GUc1pJu5T6c6,429.88,422.087,199.867,8.38443e+08
2020-06-07 06:15:00,vOuJvMaM2sgwLmb,42.8733,41.4667,8.6,2.36479e+06
2020-06-16 17:15:00,mqwcsP2rE7J0TFp,59.4214,57.5786,5534.71,5.93811e+08
2020-06-14 13:15:00,oZ35aAeoifZaQzV,0,0,1745,1.66017e+09
2020-05-20 13:00:00,WcxssY2VbP4hApt,1311.39,1278.59,5689.33,1.8174e+08
2020-06-07 22:15:00,q49J1IKaHRwDQnt,0,0,2786,471251
2020-05-15 02:15:00,81aHJ1q11NBPMrL,0,0,0,1.21528e+09
2020-05-25 17:00:00,9kRcWv60rDACzjR,292.867,287.527,8767.27,2.2478e+09
2020-06-17 02:30:00,Quc1TzYxW2pYoWX,0,0,0,3.29642e+08
2020-05-27 11:45:00,xoJJ8DcxJEcupym,0,0,1560,2.09212e+08
2020-06-08 21:00:00,vOuJvMaM2sgwLmb,0,0,8995,2.37568e+06
2020-06-16 09:00:00,xMbIugepa2P7lBB,508.067,497.973,747.133,9.97616e+07
2020-06-12 18:30:00,oZZkBaNadn6DNKz,32.94,31.8467,4724.53,1.70827e+09
2020-05-15 19:30:00,IQ2d7wF4YD8zU1Q,0,0,9663,1.99512e+07
2020-05-15 21:15:00,rrq4fwE8jgrTyWY,0,0,5507,1.2097e+08
2020-06-08 08:45:00,xoJJ8DcxJEcupym,520.427,510.253,885.2,2.09278e+08
2020-06-12 05:15:00,mqwcsP2rE7J0TFp,0,0,0,5.93782e+08
2020-06-06 03:30:00,Et9kgGMDl729KT4,0,0,2769,1.81393e+06
2020-06-17 22:00:00,LYwnQax7tkwH5Cb,0,0,3968,1.79512e+09
2020-06-03 14:30:00,9kRcWv60rDACzjR,651.229,637.9,2802.07,2.24785e+09
2020-06-06 03:45:00,rrq4fwE8jgrTyWY,0,0,2964,1.21082e+08
2020-06-07 00:15:00,rrq4fwE8jgrTyWY,0,0,2342,1.21085e+08
2020-06-15 22:15:00,xoJJ8DcxJEcupym,0,0,6083,2.09326e+08
2020-05-17 22:30:00,LlT2YUhhzqhg5Sw,0,0,6717,2.82616e+08
2020-05-25 03:15:00,WcxssY2VbP4hApt,0,0,0,1.81775e+08
2020-06-02 07:30:00,81aHJ1q11NBPMrL,354.813,348.773,291.2,1.2154e+09
2020-05-15 09:15:00,9kRcWv60rDACzjR,923.587,903.427,1481.8,2.24772e+09
2020-05-22 16:45:00,LYwnQax7tkwH5Cb,426.879,419.279,9059.43,1.795e+09
2020-06-02 18:15:00,LlT2YUhhzqhg5Sw,81.96,79.5333,3809,2.8272e+08
2020-06-08 03:45:00,q49J1IKaHRwDQnt,0,0,2786,471251
2020-05-23 05:00:00,LYwnQax7tkwH5Cb,0,0,0,1.795e+09
2020-05-29 22:30:00,WcxssY2VbP4hApt,0,0,8241,1.81815e+08
2020-06-17 04:15:00,NgDl19wMapZy17u,0,0,0,1.11742e+08
2020-05-22 14:45:00,PeE6FRyGXUgsRhN,989.56,967.62,7668.6,1.34839e+09
2020-05-25 19:45:00,4UPUqMRk7TRMgml,0,0,9224,2.50682e+06
2020-06-10 07:00:00,V94E5Ben1TlhnDV,101.62,98.7267,48.7333,1.41226e+09
2020-05-21 12:15:00,Quc1TzYxW2pYoWX,0,0,2010,3.29533e+08
2020-06-16 02:30:00,PeE6FRyGXUgsRhN,0,0,2801,1.34854e+09
2020-05-26 01:15:00,vOuJvMaM2sgwLmb,0,0,0,2.28725e+06
2020-06-17 16:15:00,PeE6FRyGXUgsRhN,292.567,287.093,3983.2,1.34855e+09
2020-06-07 13:15:00,9kRcWv60rDACzjR,0,0,1049,2.24787e+09
2020-06-10 21:15:00,IQ2d7wF4YD8zU1Q,0,0,5627,2.01496e+07
2020-05-17 10:45:00,mqwcsP2rE7J0TFp,1007.41,984.913,2454.6,5.936e+08
2020-06-02 11:30:00,oZ35aAeoifZaQzV,1267.89,1236.4,2326.6,1.6601e+09
2020-06-17 03:30:00,PeE6FRyGXUgsRhN,0,0,0,1.34854e+09
2020-06-09 03:30:00,81aHJ1q11NBPMrL,0,0,0,1.21544e+09
2020-05-15 04:45:00,Quc1TzYxW2pYoWX,0,0,0,3.29509e+08
2020-06-15 05:15:00,Quc1TzYxW2pYoWX,0,0,0,3.29636e+08
2020-06-03 03:00:00,oZ35aAeoifZaQzV,0,0,0,1.66011e+09
2020-05-25 14:45:00,81aHJ1q11NBPMrL,958.807,937.72,7322.87,1.21534e+09
2020-05-22 21:15:00,vOuJvMaM2sgwLmb,0,0,3182,2.2654e+06
2020-06-15 16:30:00,Quc1TzYxW2pYoWX,305.693,300.14,1826.93,3.29637e+08
2020-06-12 09:30:00,Quc1TzYxW2pYoWX,531.893,521.46,627.467,3.29625e+08
2020-06-08 16:45:00,vOuJvMaM2sgwLmb,416.7,408.729,8598.5,2.37529e+06
2020-06-14 08:00:00,IQ2d7wF4YD8zU1Q,506.533,496.58,245.467,2.01619e+07
2020-06-03 20:45:00,rrq4fwE8jgrTyWY,0,0,4128,1.21073e+08
2020-06-02 13:15:00,WcxssY2VbP4hApt,0,0,2605,1.81837e+08
2020-06-04 20:00:00,rrq4fwE8jgrTyWY,0,0,6643,1.21079e+08
2020-06-16 23:45:00,IQ2d7wF4YD8zU1Q,0,0,5596,2.01808e+07
2020-05-31 06:00:00,9kRcWv60rDACzjR,18.52,17.8733,1.6,2.24783e+09
2020-05-31 05:15:00,q49J1IKaHRwDQnt,0,0,7823,437952
2020-05-31 20:00:00,Qf4GUc1pJu5T6c6,0,0,6606,8.3855e+08
2020-06-08 10:15:00,Quc1TzYxW2pYoWX,0,0,939,3.29613e+08
2020-06-04 10:30:00,xoJJ8DcxJEcupym,0,0,1448,2.09255e+08
2020-05-16 12:30:00,rrq4fwE8jgrTyWY,894.34,874.567,4624.07,1.20974e+08
2020-06-05 18:15:00,V94E5Ben1TlhnDV,40.36,39.02,7326.33,1.41224e+09
2020-06-06 02:30:00,LYwnQax7tkwH5Cb,0,0,2878,1.79507e+09
2020-06-10 23:45:00,Quc1TzYxW2pYoWX,0,0,2508,3.29621e+08
2020-06-01 00:30:00,Quc1TzYxW2pYoWX,0,0,5399,3.29584e+08
2020-06-14 06:30:00,oZ35aAeoifZaQzV,99.85,96.9929,25.3571,1.66017e+09
2020-05-16 03:15:00,Qf4GUc1pJu5T6c6,0,0,0,8.38428e+08
2020-06-10 01:15:00,NgDl19wMapZy17u,0,0,8067,1.11708e+08
2020-05-20 01:15:00,LYwnQax7tkwH5Cb,0,0,0,1.79498e+09
2020-05-29 03:30:00,V94E5Ben1TlhnDV,0,0,0,1.41219e+09
2020-05-19 18:45:00,xoJJ8DcxJEcupym,0,0,6155,2.09166e+08
2020-05-28 16:30:00,Et9kgGMDl729KT4,463.973,455.233,7573.27,1.7786e+06
2020-06-02 16:30:00,PeE6FRyGXUgsRhN,0,0,0,8.98979e+07
2020-05-26 00:15:00,Quc1TzYxW2pYoWX,0,0,3290,3.29551e+08
2020-06-14 09:15:00,oZ35aAeoifZaQzV,588.353,576.42,1127.53,1.66017e+09
2020-05-31 14:45:00,vOuJvMaM2sgwLmb,415.053,407.3,5763.47,2.33245e+06
2020-05-26 18:15:00,LlT2YUhhzqhg5Sw,39.1929,37.8714,9066.79,2.82673e+08
2020-06-04 06:30:00,WcxssY2VbP4hApt,65.9429,63.8643,15.8571,1.81844e+08
2020-05-26 07:15:00,oZZkBaNadn6DNKz,280.633,275.413,157.2,1.70816e+09
2020-05-30 21:00:00,81aHJ1q11NBPMrL,0,0,7156,1.21538e+09
2020-06-13 16:45:00,xoJJ8DcxJEcupym,474.98,465.2,6225.33,2.09312e+08
2020-05-22 12:30:00,rrq4fwE8jgrTyWY,1238.83,1207.85,4975.6,1.21006e+08
2020-05-26 02:00:00,PeE6FRyGXUgsRhN,0,0,0,1.34842e+09
2020-06-01 14:30:00,q49J1IKaHRwDQnt,57.6867,55.8267,3605.87,447906
2020-05-26 03:45:00,LlT2YUhhzqhg5Sw,0,0,0,2.82664e+08
2020-06-14 18:30:00,PeE6FRyGXUgsRhN,22.6214,21.8357,7206.57,1.34854e+09
2020-06-09 09:00:00,mqwcsP2rE7J0TFp,894.4,874.987,1208.07,5.93769e+08
2020-05-26 20:30:00,rrq4fwE8jgrTyWY,0,0,7776,1.2103e+08
2020-06-15 23:00:00,NgDl19wMapZy17u,0,0,6245,1.11736e+08
2020-06-13 23:15:00,xMbIugepa2P7lBB,0,0,2950,1.06873e+08
2020-05-27 22:15:00,rrq4fwE8jgrTyWY,0,0,5696,1.21036e+08
2020-06-02 18:30:00,xMbIugepa2P7lBB,25.94,25.04,7134.53,1.06802e+08
2020-05-15 05:15:00,PeE6FRyGXUgsRhN,0,0,0,1.34835e+09
2020-06-14 06:15:00,LlT2YUhhzqhg5Sw,47.3133,45.74,8.73333,2.82766e+08
2020-05-27 13:00:00,WcxssY2VbP4hApt,0,0,0,0
2020-06-15 11:00:00,Qf4GUc1pJu5T6c6,0,0,615,8.38635e+08
2020-06-05 03:45:00,Qf4GUc1pJu5T6c6,0,0,6904,8.38575e+08
2020-06-01 00:00:00,4UPUqMRk7TRMgml,0,0,6692,2.55256e+06
2020-06-07 03:00:00,IQ2d7wF4YD8zU1Q,0,0,8293,2.01187e+07
2020-06-08 08:00:00,rrq4fwE8jgrTyWY,512.527,502.38,450.667,1.21088e+08
2020-06-12 16:15:00,NgDl19wMapZy17u,241.753,237.127,4368.4,1.11719e+08
2020-06-09 12:00:00,oZ35aAeoifZaQzV,1073.87,1048.19,4076.8,1.66015e+09
2020-05-23 23:45:00,V94E5Ben1TlhnDV,0,0,4064.14,1.41215e+09
2020-05-17 06:45:00,xMbIugepa2P7lBB,43.8267,42.3933,20.9333,1.06674e+08
2020-06-12 08:30:00,xoJJ8DcxJEcupym,315.329,309.65,371.571,2.09301e+08
2020-05-15 18:30:00,Quc1TzYxW2pYoWX,0.52,0.5,4239,3.29513e+08
2020-06-03 10:00:00,LYwnQax7tkwH5Cb,527.193,516.653,1325.53,1.79506e+09
2020-05-28 15:30:00,oZZkBaNadn6DNKz,854.447,836.1,7948.07,1.70818e+09
2020-06-06 14:30:00,mqwcsP2rE7J0TFp,0,0,0,4.24107e+07
2020-06-01 10:00:00,rrq4fwE8jgrTyWY,672.987,658.667,1502.47,1.21063e+08
2020-05-16 16:45:00,Quc1TzYxW2pYoWX,87.9133,85.3533,6315.6,3.2952e+08
2020-05-30 21:15:00,WcxssY2VbP4hApt,0,0,0,0
2020-06-06 08:45:00,xMbIugepa2P7lBB,826.767,809.113,693.267,1.06823e+08
2020-05-24 07:15:00,LYwnQax7tkwH5Cb,254.893,249.979,147.429,1.795e+09
2020-06-13 19:30:00,81aHJ1q11NBPMrL,0,0,6656,1.21546e+09
2020-05-29 04:30:00,Qf4GUc1pJu5T6c6,0,0,0,8.38527e+08
2020-05-15 22:15:00,vOuJvMaM2sgwLmb,0,0,9574,2.22154e+06
2020-06-04 09:00:00,IQ2d7wF4YD8zU1Q,604.493,592.287,882.8,2.00964e+07
2020-05-31 03:30:00,81aHJ1q11NBPMrL,0,0,0,1.21538e+09
2020-05-23 09:00:00,Et9kgGMDl729KT4,747.633,732.007,1004,1.74012e+06
2020-06-08 21:15:00,9kRcWv60rDACzjR,0,0,3332,2.24787e+09
2020-06-02 02:00:00,Et9kgGMDl729KT4,0,0,0,1.7989e+06
2020-05-23 10:45:00,Et9kgGMDl729KT4,0,0,2426,1.74154e+06
2020-05-22 07:15:00,9kRcWv60rDACzjR,285.813,280.56,164.8,2.24777e+09
2020-05-29 16:45:00,vOuJvMaM2sgwLmb,517.364,507.057,4706.57,2.31972e+06
2020-05-16 06:45:00,rrq4fwE8jgrTyWY,124.187,120.787,49.2,1.2097e+08
2020-05-28 19:45:00,V94E5Ben1TlhnDV,0,0,9108,1.41219e+09
2020-05-19 08:45:00,V94E5Ben1TlhnDV,351.82,345.44,792.6,1.41211e+09
2020-06-05 20:45:00,NgDl19wMapZy17u,0,0,7629,1.11675e+08
2020-05-31 10:45:00,Et9kgGMDl729KT4,1030.19,1007.09,1867.47,1.79068e+06
2020-05-21 00:30:00,Qf4GUc1pJu5T6c6,0,0,0,8.38462e+08
2020-06-05 04:45:00,oZZkBaNadn6DNKz,0,0,0,1.70822e+09
2020-06-08 21:45:00,PeE6FRyGXUgsRhN,0,0,8837,1.3485e+09
2020-06-01 07:00:00,Mx2yZCDsyf6DPfv,101.907,99.0133,65.7333,2.58565e+06
2020-06-07 14:30:00,mqwcsP2rE7J0TFp,1068.02,1042.66,6177.73,5.93757e+08
2020-05-29 22:00:00,81aHJ1q11NBPMrL,0,0,4812,1.21538e+09
2020-06-06 07:15:00,mqwcsP2rE7J0TFp,198.421,194.514,140.214,5.93743e+08
2020-06-09 01:00:00,vOuJvMaM2sgwLmb,0,0,8995,2.37568e+06
2020-05-23 14:30:00,LlT2YUhhzqhg5Sw,0,0,1617,2.82644e+08
2020-06-13 00:45:00,9kRcWv60rDACzjR,0,0,0,2.24789e+09
2020-06-17 02:00:00,mqwcsP2rE7J0TFp,0,0,0,5.93811e+08
2020-06-13 01:15:00,LYwnQax7tkwH5Cb,0,0,4200,1.67542e+09
2020-06-03 06:00:00,mqwcsP2rE7J0TFp,2.56667,2.47333,0,5.93724e+08
2020-05-15 13:45:00,LYwnQax7tkwH5Cb,1180.93,1152.05,6154.93,1.79496e+09
2020-06-15 13:30:00,xoJJ8DcxJEcupym,383.307,376.521,4177.57,2.09324e+08
2020-05-26 04:45:00,Mx2yZCDsyf6DPfv,0,0,0,2.54016e+06
2020-05-17 00:45:00,xoJJ8DcxJEcupym,0,0,0,2.0915e+08
2020-06-12 12:30:00,Et9kgGMDl729KT4,514.527,504.4,1846,1.83346e+06
2020-05-20 17:45:00,xoJJ8DcxJEcupym,165.573,161.993,2555.4,2.09169e+08
2020-05-15 09:00:00,Quc1TzYxW2pYoWX,688.073,673.893,1011.73,3.2951e+08
2020-06-14 18:15:00,LYwnQax7tkwH5Cb,55.2733,53.5067,7299.6,1.7951e+09
2020-05-17 03:15:00,rrq4fwE8jgrTyWY,0,0,0,1.20977e+08
2020-06-01 11:45:00,vOuJvMaM2sgwLmb,390.06,382.427,2746.13,2.18041e+06
2020-05-18 03:00:00,4UPUqMRk7TRMgml,0,0,0,2.44523e+06
2020-06-05 11:45:00,xMbIugepa2P7lBB,651.42,637.407,3820.13,1.06819e+08
2020-06-13 21:30:00,Mx2yZCDsyf6DPfv,0,0,3202,2.66744e+06
2020-05-21 10:00:00,LYwnQax7tkwH5Cb,145.007,141.72,349.4,8.37661e+08
2020-05-22 10:45:00,Quc1TzYxW2pYoWX,0,0,769,3.29536e+08
2020-06-03 23:45:00,xoJJ8DcxJEcupym,0,0,3622,2.09253e+08
2020-05-25 15:45:00,q49J1IKaHRwDQnt,711.5,696.773,5496.2,401126
2020-06-07 01:00:00,NgDl19wMapZy17u,0,0,8134,1.11683e+08
2020-06-13 18:00:00,LlT2YUhhzqhg5Sw,119.72,116.487,2872.6,2.82766e+08
2020-06-14 11:45:00,Quc1TzYxW2pYoWX,667.113,652.14,613.267,3.29634e+08
2020-06-13 01:30:00,xMbIugepa2P7lBB,0,0,4716,1.0687e+08
2020-05-31 16:45:00,xMbIugepa2P7lBB,141.453,138.027,6410.87,1.06791e+08
2020-05-20 22:00:00,Et9kgGMDl729KT4,0,0,4492,1.72889e+06
2020-06-04 11:30:00,Et9kgGMDl729KT4,0,0,1327,1.8098e+06
2020-06-16 01:45:00,Qf4GUc1pJu5T6c6,0,0,2231,8.38637e+08
2020-06-11 00:00:00,Qf4GUc1pJu5T6c6,0,0,5556,8.38621e+08
2020-06-17 18:45:00,q49J1IKaHRwDQnt,3.77143,3.63571,4156.86,520758
2020-05-19 12:30:00,WcxssY2VbP4hApt,1171.97,1143.78,4048.6,1.81732e+08
2020-05-25 07:15:00,WcxssY2VbP4hApt,274.087,268.867,171.267,1.81775e+08
2020-05-27 02:45:00,q49J1IKaHRwDQnt,0,0,4080,405907
2020-06-02 02:45:00,mqwcsP2rE7J0TFp,0,0,0,5.93717e+08
2020-06-06 03:30:00,PeE6FRyGXUgsRhN,0,0,7333,1.34849e+09
2020-05-30 14:15:00,PeE6FRyGXUgsRhN,0,0,1972,1.34845e+09
2020-06-16 22:00:00,LYwnQax7tkwH5Cb,0,0,5208,1.79511e+09
2020-06-15 05:30:00,PeE6FRyGXUgsRhN,0,0,7209,1.34854e+09
2020-05-24 19:45:00,WcxssY2VbP4hApt,0,0,9373,1.81775e+08
2020-05-16 21:45:00,V94E5Ben1TlhnDV,0,0,7721,1.4121e+09
2020-05-28 15:45:00,PeE6FRyGXUgsRhN,740.773,725.313,7696.33,1.34844e+09
2020-06-15 16:15:00,LYwnQax7tkwH5Cb,369.313,362.98,5180.2,1.79511e+09
2020-06-03 04:00:00,vOuJvMaM2sgwLmb,0,0,0,2.34127e+06
2020-05-30 10:45:00,xMbIugepa2P7lBB,1132.49,1105.66,1821.8,1.06778e+08
2020-06-16 17:45:00,LlT2YUhhzqhg5Sw,80.1733,77.78,5330.27,2.82785e+08
2020-06-08 05:45:00,rrq4fwE8jgrTyWY,0,0,0,1.21088e+08
2020-05-15 15:45:00,LlT2YUhhzqhg5Sw,729.28,714.093,8495.33,2.82601e+08
2020-05-27 05:00:00,LYwnQax7tkwH5Cb,0,0,0,1.79502e+09
2020-06-04 23:15:00,WcxssY2VbP4hApt,0,0,3834,1.81848e+08
2020-05-28 05:30:00,Qf4GUc1pJu5T6c6,0,0,0,8.38523e+08
2020-05-20 22:30:00,oZZkBaNadn6DNKz,0,0,2952.13,1.59424e+09
2020-06-11 20:45:00,81aHJ1q11NBPMrL,0,0,3902,1.21545e+09
2020-05-19 11:30:00,Et9kgGMDl729KT4,0,0,1332,1.72314e+06
2020-06-16 10:15:00,q49J1IKaHRwDQnt,763.213,747.18,1496.6,512822
2020-05-29 10:45:00,4UPUqMRk7TRMgml,1004.27,981.893,2565.27,2.53212e+06
2020-05-30 23:00:00,4UPUqMRk7TRMgml,0,0,8185,2.54587e+06
2020-06-15 21:30:00,V94E5Ben1TlhnDV,0,0,2566,1.41228e+09
2020-06-15 20:15:00,Mx2yZCDsyf6DPfv,0,0,2643,2.67338e+06
2020-05-24 15:45:00,xoJJ8DcxJEcupym,708.88,694.2,8227.13,2.09195e+08
2020-06-10 08:00:00,vOuJvMaM2sgwLmb,359.614,353.3,229.429,2.38378e+06
2020-06-11 11:45:00,Et9kgGMDl729KT4,577.833,565.96,1564.67,1.82988e+06
2020-05-30 14:00:00,LYwnQax7tkwH5Cb,1091.02,1066.26,5295.13,1.79504e+09
2020-05-25 06:30:00,Quc1TzYxW2pYoWX,97.1071,94.3143,24.5,3.29548e+08
2020-06-08 22:15:00,oZ35aAeoifZaQzV,0,0,4435,1.66015e+09
2020-06-06 03:15:00,IQ2d7wF4YD8zU1Q,0,0,0,2.01104e+07
2020-06-09 05:30:00,LlT2YUhhzqhg5Sw,0,0,0,2.82746e+08
2020-05-16 22:00:00,LYwnQax7tkwH5Cb,0,0,3176,1.79497e+09
2020-06-12 13:45:00,vOuJvMaM2sgwLmb,577,565.313,2948.27,2.39589e+06
2020-05-22 15:00:00,LlT2YUhhzqhg5Sw,940.38,919.78,3529.53,2.82641e+08
2020-06-07 21:30:00,4UPUqMRk7TRMgml,0,0,7826,2.60136e+06
2020-05-17 14:00:00,NgDl19wMapZy17u,1018.37,995.213,5191.6,1.11535e+08
2020-05-17 17:00:00,PeE6FRyGXUgsRhN,137.453,134.053,6786.93,1.34837e+09
2020-06-04 11:30:00,mqwcsP2rE7J0TFp,1213.28,1184.03,2821.13,5.93732e+08
2020-05-22 15:15:00,9kRcWv60rDACzjR,884.157,865.057,1774.29,2.24777e+09
2020-05-15 06:30:00,WcxssY2VbP4hApt,61.4,59.4786,15.9286,1.81695e+08
2020-06-09 11:00:00,9kRcWv60rDACzjR,0,0,1966,2.24788e+09
2020-05-30 19:45:00,WcxssY2VbP4hApt,0,0,0,0
2020-05-28 00:00:00,q49J1IKaHRwDQnt,0,0,9016,414923
2020-06-04 22:30:00,Qf4GUc1pJu5T6c6,0,0,6904,8.38575e+08
2020-06-04 14:00:00,9kRcWv60rDACzjR,0,0,1447,2.24786e+09
2020-06-07 01:30:00,LYwnQax7tkwH5Cb,0,0,3489,1.79507e+09
2020-06-04 18:00:00,oZZkBaNadn6DNKz,86,83.4667,3688.47,1.70822e+09
2020-06-13 04:00:00,q49J1IKaHRwDQnt,0,0,4641,491396
2020-05-18 12:45:00,LlT2YUhhzqhg5Sw,255.88,249.48,3747.2,2.8262e+08
2020-06-08 02:15:00,mqwcsP2rE7J0TFp,0,0,0,5.93759e+08
2020-05-19 18:30:00,IQ2d7wF4YD8zU1Q,1.70667,1.64,6847,1.9981e+07
2020-06-16 17:15:00,4UPUqMRk7TRMgml,55.6867,53.9267,4932.33,2.64898e+06
2020-06-03 22:30:00,PeE6FRyGXUgsRhN,0,0,3540,1.34847e+09
2020-05-18 04:30:00,9kRcWv60rDACzjR,0,0,0,2.24774e+09
2020-06-16 10:30:00,xoJJ8DcxJEcupym,690.313,676.067,1547.13,2.09328e+08
2020-06-01 12:00:00,V94E5Ben1TlhnDV,334.053,325.9,807.6,6.59034e+08
2020-06-14 05:30:00,4UPUqMRk7TRMgml,0,0,6289,2.63915e+06
2020-05-29 22:00:00,q49J1IKaHRwDQnt,0,0,7407,430129
2020-06-10 09:15:00,xMbIugepa2P7lBB,539.673,528.973,908.2,1.06857e+08
2020-05-31 16:30:00,81aHJ1q11NBPMrL,188.887,185.167,6256.93,1.21539e+09
2020-06-08 00:30:00,WcxssY2VbP4hApt,0,0,1950,1.81862e+08
2020-06-11 13:45:00,mqwcsP2rE7J0TFp,621.18,608.573,2629.8,5.93781e+08
2020-05-24 02:30:00,LYwnQax7tkwH5Cb,0,0,0,1.795e+09
2020-06-06 12:45:00,Qf4GUc1pJu5T6c6,997.993,974.587,5012.13,8.38587e+08
2020-05-26 17:45:00,4UPUqMRk7TRMgml,81.1267,78.7133,9463.53,2.51629e+06
2020-05-16 09:45:00,V94E5Ben1TlhnDV,1016.73,994.073,1796.8,1.41209e+09
2020-05-22 00:45:00,V94E5Ben1TlhnDV,0,0,0,1.41213e+09
2020-06-15 09:00:00,vOuJvMaM2sgwLmb,735.871,720.1,1083.5,2.41264e+06
2020-05-17 09:15:00,4UPUqMRk7TRMgml,952.136,931.214,1118.07,2.44001e+06
2020-06-16 07:30:00,81aHJ1q11NBPMrL,255.55,250.6,175.429,1.21548e+09
2020-05-16 09:00:00,q49J1IKaHRwDQnt,835.707,817.873,1107.13,350126
2020-05-20 21:00:00,PeE6FRyGXUgsRhN,0,0,2707,1.34838e+09
2020-05-21 04:45:00,Quc1TzYxW2pYoWX,0,0,0,3.29531e+08
2020-06-13 16:45:00,V94E5Ben1TlhnDV,456.54,447.2,3216.6,1.41228e+09
2020-06-12 10:00:00,Qf4GUc1pJu5T6c6,384.887,378.167,1002.87,8.38626e+08
2020-05-23 14:00:00,Mx2yZCDsyf6DPfv,1161.13,1133.28,7063.53,2.52344e+06
2020-06-07 03:30:00,Qf4GUc1pJu5T6c6,0,0,8227,8.3859e+08
2020-06-12 22:30:00,Quc1TzYxW2pYoWX,0,0,3668,3.29628e+08
2020-06-17 11:00:00,mqwcsP2rE7J0TFp,520.613,510.34,1212.33,5.93812e+08
2020-06-09 07:45:00,9kRcWv60rDACzjR,576.48,564.927,406.8,2.24787e+09
2020-06-09 18:30:00,xMbIugepa2P7lBB,23.9733,23.14,7993.4,1.06856e+08
2020-06-11 23:15:00,mqwcsP2rE7J0TFp,0,0,3877,5.93782e+08
2020-05-21 09:00:00,Quc1TzYxW2pYoWX,617.833,605.34,843.067,3.29532e+08
2020-05-24 19:45:00,V94E5Ben1TlhnDV,0,0,9263,1.41216e+09
2020-06-07 03:45:00,9kRcWv60rDACzjR,0,0,0,2.24787e+09
2020-06-16 23:30:00,Qf4GUc1pJu5T6c6,0,0,5189,8.38642e+08
2020-05-22 02:45:00,rrq4fwE8jgrTyWY,0,0,0,1.21001e+08
2020-06-01 15:45:00,xoJJ8DcxJEcupym,80.3667,77.9533,4058.73,2.09244e+08
2020-06-16 23:45:00,Qf4GUc1pJu5T6c6,0,0,5189,8.38642e+08
2020-05-30 15:30:00,LYwnQax7tkwH5Cb,793.079,776.321,6696.21,1.79504e+09
2020-05-21 22:00:00,WcxssY2VbP4hApt,0,0,9167,1.81753e+08
2020-05-30 09:00:00,V94E5Ben1TlhnDV,488.067,478.6,552.533,1.4122e+09
2020-05-16 02:30:00,WcxssY2VbP4hApt,0,0,0,1.81705e+08
2020-06-04 13:30:00,xMbIugepa2P7lBB,1042.73,1018.24,5085.53,1.06813e+08
2020-05-16 06:15:00,rrq4fwE8jgrTyWY,45.2933,43.7867,8.26667,1.2097e+08
2020-06-15 20:00:00,WcxssY2VbP4hApt,0,0,6367,1.81902e+08
2020-05-31 21:45:00,4UPUqMRk7TRMgml,0,0,6692,2.55256e+06
2020-05-18 15:45:00,LlT2YUhhzqhg5Sw,501.313,491.827,4039.13,2.8262e+08
2020-06-03 02:15:00,vOuJvMaM2sgwLmb,0,0,0,2.34127e+06
2020-05-27 18:00:00,rrq4fwE8jgrTyWY,90.76,88.1467,5665.67,1.21036e+08
2020-05-27 08:45:00,Et9kgGMDl729KT4,700.813,686.34,822.667,1.7632e+06
2020-06-05 20:15:00,xMbIugepa2P7lBB,0,0,7722,1.06823e+08
2020-06-04 05:15:00,vOuJvMaM2sgwLmb,0,0,0,2.34622e+06
2020-05-16 02:15:00,Quc1TzYxW2pYoWX,0,0,4239,3.29513e+08
2020-05-16 16:00:00,LlT2YUhhzqhg5Sw,327.143,321.071,7301.86,2.82609e+08
2020-06-12 18:00:00,WcxssY2VbP4hApt,70.8,68.6333,4773.67,1.81882e+08
2020-05-24 08:00:00,Qf4GUc1pJu5T6c6,534.186,523.614,444.571,8.38491e+08
2020-05-26 17:15:00,Quc1TzYxW2pYoWX,140.433,136.7,7187.53,3.29559e+08
2020-06-16 09:15:00,LYwnQax7tkwH5Cb,375.3,368.187,807,1.67543e+09
2020-06-03 16:00:00,xoJJ8DcxJEcupym,483.153,474.04,3153.73,2.09253e+08
2020-05-20 00:30:00,WcxssY2VbP4hApt,0,0,0,1.81735e+08
2020-06-15 01:45:00,rrq4fwE8jgrTyWY,0,0,7271,1.21119e+08
2020-05-26 03:15:00,9kRcWv60rDACzjR,0,0,0,2.2478e+09
2020-06-06 01:45:00,oZZkBaNadn6DNKz,0,0,0,1.70822e+09
2020-06-06 14:15:00,oZ35aAeoifZaQzV,813.86,794.5,6091.8,1.54946e+09
2020-05-28 19:00:00,PeE6FRyGXUgsRhN,0,0,8554,1.34844e+09
2020-06-14 08:45:00,9kRcWv60rDACzjR,484.88,475.487,780.267,2.24789e+09
2020-06-04 01:15:00,xoJJ8DcxJEcupym,0,0,0,2.09253e+08
2020-05-22 05:45:00,oZZkBaNadn6DNKz,0,0,0,1.70812e+09
2020-06-10 21:15:00,PeE6FRyGXUgsRhN,0,0,4003,1.34851e+09
2020-06-15 03:45:00,PeE6FRyGXUgsRhN,0,0,7209,1.34854e+09
2020-06-09 15:30:00,Quc1TzYxW2pYoWX,528.627,518.327,2894.4,3.29618e+08
2020-05-17 20:45:00,NgDl19wMapZy17u,0,0,7041,1.11537e+08
2020-06-02 08:00:00,LYwnQax7tkwH5Cb,495.193,485.5,491.357,1.79505e+09
2020-05-22 03:30:00,oZ35aAeoifZaQzV,0,0,0,1.66002e+09
2020-06-14 19:45:00,PeE6FRyGXUgsRhN,0,0,7209,1.34854e+09
2020-05-19 12:15:00,oZ35aAeoifZaQzV,1325.76,1292.79,3717.07,1.66e+09
2020-06-05 07:15:00,81aHJ1q11NBPMrL,197.993,194.113,115.867,1.21541e+09
2020-05-19 15:30:00,oZZkBaNadn6DNKz,152.121,148.7,1909.07,1.70811e+09
2020-06-07 23:30:00,4UPUqMRk7TRMgml,0,0,7826,2.60136e+06
2020-06-07 20:15:00,Quc1TzYxW2pYoWX,0,0,2598,3.29612e+08
2020-05-24 23:45:00,Quc1TzYxW2pYoWX,0,0,4816,3.29548e+08
2020-06-16 02:30:00,4UPUqMRk7TRMgml,0,0,2304,2.64384e+06
2020-06-17 18:15:00,q49J1IKaHRwDQnt,32.8267,31.7067,4147,520748
2020-06-09 00:45:00,LYwnQax7tkwH5Cb,0,0,2702,1.79507e+09
2020-06-03 20:00:00,NgDl19wMapZy17u,0,0,5288,1.11661e+08
2020-05-23 03:15:00,vOuJvMaM2sgwLmb,0,0,0,2.2654e+06
2020-06-06 17:30:00,IQ2d7wF4YD8zU1Q,225.853,221.407,8175.8,2.01185e+07
2020-05-26 01:00:00,9kRcWv60rDACzjR,0,0,0,2.2478e+09
2020-05-22 03:30:00,LlT2YUhhzqhg5Sw,0,0,0,2.82637e+08
2020-05-30 16:30:00,Mx2yZCDsyf6DPfv,550.371,539.421,7718.57,2.57846e+06
2020-06-14 04:30:00,NgDl19wMapZy17u,0,0,3972,1.11724e+08
2020-05-28 18:30:00,vOuJvMaM2sgwLmb,26.9867,26.0733,9134.2,2.31501e+06
2020-06-13 06:45:00,oZZkBaNadn6DNKz,115.379,112.321,41.1429,1.70827e+09
2020-05-19 09:30:00,Qf4GUc1pJu5T6c6,351.387,345.393,1183.4,8.38452e+08
2020-06-11 12:45:00,xMbIugepa2P7lBB,584.853,573.127,2114.53,1.06863e+08
2020-05-23 09:45:00,WcxssY2VbP4hApt,0,0,0,0
2020-05-20 12:00:00,vOuJvMaM2sgwLmb,1277.76,1245.83,4339.8,2.2481e+06
2020-06-10 16:00:00,oZ35aAeoifZaQzV,434.207,426.421,5228.79,1.66016e+09
2020-05-17 05:30:00,rrq4fwE8jgrTyWY,0,0,0,1.20977e+08
2020-06-03 10:00:00,q49J1IKaHRwDQnt,583.713,571.6,1366.13,453240
2020-06-02 16:15:00,NgDl19wMapZy17u,0,0,0,0
2020-05-22 23:15:00,Mx2yZCDsyf6DPfv,0,0,9801,2.51638e+06
2020-05-16 17:15:00,81aHJ1q11NBPMrL,0,0,0,0
2020-05-28 09:00:00,LlT2YUhhzqhg5Sw,837.673,819.773,1082.8,2.82683e+08
2020-06-11 10:30:00,Qf4GUc1pJu5T6c6,523.971,513.607,1049.21,8.38622e+08
2020-06-16 11:30:00,NgDl19wMapZy17u,1115.93,1089.86,2428.53,1.11739e+08
2020-05-28 20:30:00,Qf4GUc1pJu5T6c6,0,0,3968,8.38527e+08
2020-06-17 21:15:00,Et9kgGMDl729KT4,0,0,4020,1.85416e+06
2020-05-17 21:45:00,oZZkBaNadn6DNKz,0,0,7003,1.7081e+09
2020-06-10 12:30:00,4UPUqMRk7TRMgml,1104.04,1077.37,3563.53,2.62226e+06
2020-06-02 01:45:00,Quc1TzYxW2pYoWX,0,0,3649,3.29588e+08
2020-06-09 03:00:00,Qf4GUc1pJu5T6c6,0,0,9056,8.38607e+08
2020-06-08 10:45:00,mqwcsP2rE7J0TFp,1228.83,1198.86,2617.4,5.93761e+08
2020-06-11 17:30:00,V94E5Ben1TlhnDV,88.0067,85.4533,3859.53,1.41227e+09
2020-06-03 21:15:00,oZ35aAeoifZaQzV,0,0,5493,1.66011e+09
2020-06-08 11:00:00,IQ2d7wF4YD8zU1Q,1369.93,1335.84,2996.07,2.01295e+07
2020-05-22 00:45:00,PeE6FRyGXUgsRhN,0,0,0,1.34839e+09
2020-05-15 10:15:00,Et9kgGMDl729KT4,0,0,1541,1.70579e+06
2020-05-19 00:15:00,rrq4fwE8jgrTyWY,0,0,0,1.20986e+08
2020-06-04 06:00:00,rrq4fwE8jgrTyWY,5.06667,4.88,0.266667,1.21073e+08
2020-06-13 14:45:00,Mx2yZCDsyf6DPfv,0,0,1705,2.66594e+06
2020-06-08 21:45:00,Quc1TzYxW2pYoWX,0,0,3027,3.29615e+08
2020-06-04 05:15:00,81aHJ1q11NBPMrL,0,0,0,1.2154e+09
2020-05-31 21:15:00,mqwcsP2rE7J0TFp,0,0,6540,5.93713e+08
2020-05-28 07:00:00,81aHJ1q11NBPMrL,159.927,156.487,77.4,1.21536e+09
2020-05-22 20:15:00,LlT2YUhhzqhg5Sw,0,0,5052,2.82642e+08
2020-06-01 19:00:00,mqwcsP2rE7J0TFp,0,0,4211,5.93717e+08
2020-05-31 09:45:00,oZ35aAeoifZaQzV,827.26,809.473,1234.93,1.66009e+09
2020-06-03 18:45:00,4UPUqMRk7TRMgml,0,0,6113,2.57041e+06
2020-06-15 17:15:00,LlT2YUhhzqhg5Sw,93.3643,90.6786,6020.29,2.82779e+08
2020-05-20 07:15:00,oZZkBaNadn6DNKz,243.207,238.56,125.4,1.70811e+09
2020-06-09 00:00:00,vOuJvMaM2sgwLmb,0,0,8995,2.37568e+06
2020-06-16 07:30:00,xMbIugepa2P7lBB,251.72,246.827,175.4,1.06887e+08
2020-06-02 05:45:00,oZ35aAeoifZaQzV,0,0,0,1.6601e+09
2020-05-22 06:00:00,81aHJ1q11NBPMrL,21.12,20.3933,2.66667,1.21531e+09
2020-06-12 14:30:00,LlT2YUhhzqhg5Sw,472.733,463.667,3339.13,2.82762e+08
2020-05-24 15:15:00,Quc1TzYxW2pYoWX,671.479,657.714,3820.57,3.29547e+08
2020-05-18 03:00:00,xoJJ8DcxJEcupym,0,0,0,2.09156e+08
2020-05-20 16:15:00,IQ2d7wF4YD8zU1Q,468.073,459.227,8909.6,1.99899e+07
2020-06-09 06:00:00,Et9kgGMDl729KT4,13.6933,13.2133,0.6,1.82197e+06
2020-06-09 17:30:00,9kRcWv60rDACzjR,173.72,170.16,3714.8,2.24788e+09
2020-06-15 01:15:00,Et9kgGMDl729KT4,0,0,2048,1.84334e+06
2020-05-15 06:30:00,xoJJ8DcxJEcupym,55.5714,53.7857,15.0714,2.09144e+08
2020-05-23 15:30:00,4UPUqMRk7TRMgml,839.373,821.413,8591.6,2.49187e+06
2020-05-18 13:45:00,IQ2d7wF4YD8zU1Q,1166.17,1138,5287.93,1.99716e+07
2020-06-15 22:15:00,9kRcWv60rDACzjR,0,0,6207,2.24791e+09
2020-05-15 10:45:00,Mx2yZCDsyf6DPfv,1261.66,1230.11,3147.64,2.45679e+06
2020-05-26 14:45:00,WcxssY2VbP4hApt,1049.28,1025.7,7663.27,1.81792e+08
2020-05-26 16:00:00,oZZkBaNadn6DNKz,679.747,665.787,8704.87,1.70817e+09
2020-06-05 12:15:00,Mx2yZCDsyf6DPfv,1369.15,1335.11,4445.13,2.61352e+06
2020-05-16 07:15:00,rrq4fwE8jgrTyWY,245.121,240.543,131.214,1.2097e+08
2020-05-16 04:30:00,NgDl19wMapZy17u,0,0,0,1.11522e+08
2020-06-14 17:15:00,4UPUqMRk7TRMgml,226.727,222.293,1710.07,2.64116e+06
2020-05-31 01:45:00,LYwnQax7tkwH5Cb,0,0,0,1.79504e+09
2020-05-27 07:30:00,oZ35aAeoifZaQzV,339.093,333.35,215.714,1.66006e+09
2020-06-05 02:45:00,WcxssY2VbP4hApt,0,0,3834,1.81848e+08
2020-06-01 18:00:00,PeE6FRyGXUgsRhN,0,0,4156,1.34846e+09
2020-06-15 19:00:00,LYwnQax7tkwH5Cb,0,0,5604,1.79511e+09
2020-05-28 14:00:00,vOuJvMaM2sgwLmb,1160.39,1131.4,6541.6,2.31242e+06
2020-05-16 10:30:00,oZZkBaNadn6DNKz,0,0,2448,1.70809e+09
2020-06-09 15:00:00,Qf4GUc1pJu5T6c6,719.287,704.293,6685.6,8.38614e+08
2020-06-14 07:45:00,9kRcWv60rDACzjR,474.66,465.367,347.6,2.24789e+09
2020-05-28 00:15:00,LlT2YUhhzqhg5Sw,0,0,0,2.82682e+08
2020-06-10 03:45:00,IQ2d7wF4YD8zU1Q,0,0,8151,2.0144e+07
2020-05-17 03:30:00,WcxssY2VbP4hApt,0,0,0,1.81713e+08
2020-06-08 09:45:00,xoJJ8DcxJEcupym,1163.17,1134.9,1660.36,2.09278e+08
2020-05-29 06:00:00,Et9kgGMDl729KT4,19.64,18.9667,1.46667,1.779e+06
2020-05-31 13:15:00,Qf4GUc1pJu5T6c6,1291.88,1259.58,4444.53,8.38548e+08
2020-05-31 21:00:00,LlT2YUhhzqhg5Sw,0,0,6364,2.82712e+08
2020-05-23 13:00:00,V94E5Ben1TlhnDV,1245.08,1213.95,5765.93,1.41215e+09
2020-05-23 20:15:00,4UPUqMRk7TRMgml,0,0,9688,2.49297e+06
2020-05-19 17:45:00,oZ35aAeoifZaQzV,0,0,6863,1.66e+09
2020-05-30 06:15:00,q49J1IKaHRwDQnt,20.56,19.84,3.8,430133
2020-06-03 10:00:00,oZZkBaNadn6DNKz,586.24,574.32,1396.13,1.70821e+09
2020-06-15 22:30:00,oZ35aAeoifZaQzV,0,0,2711,1.66018e+09
2020-06-05 23:00:00,mqwcsP2rE7J0TFp,0,0,7561,5.93743e+08
2020-06-03 16:45:00,LYwnQax7tkwH5Cb,280.567,275.373,3906.8,1.79506e+09
2020-06-03 20:45:00,Qf4GUc1pJu5T6c6,0,0,6027,8.38568e+08
2020-06-05 07:15:00,xMbIugepa2P7lBB,197.514,193.636,116.429,1.06815e+08
2020-06-15 04:30:00,NgDl19wMapZy17u,0,0,6277,1.1173e+08
2020-05-28 00:00:00,vOuJvMaM2sgwLmb,0,0,0,2.30588e+06
2020-06-05 19:15:00,81aHJ1q11NBPMrL,0,0,7393,1.21542e+09
2020-06-16 22:15:00,oZZkBaNadn6DNKz,0,0,5554,1.70828e+09
2020-06-17 14:00:00,V94E5Ben1TlhnDV,325.833,319.1,1418.4,7.53222e+08
2020-06-07 18:15:00,Qf4GUc1pJu5T6c6,57.7867,55.9333,7704.27,8.38598e+08
2020-06-01 16:15:00,LlT2YUhhzqhg5Sw,133.693,130.207,3950.47,2.82716e+08
2020-06-17 03:45:00,xoJJ8DcxJEcupym,0,0,0,2.09331e+08
2020-06-14 04:00:00,LYwnQax7tkwH5Cb,0,0,6213,1.79509e+09
2020-06-14 00:45:00,4UPUqMRk7TRMgml,0,0,6289,2.63915e+06
2020-06-02 15:00:00,rrq4fwE8jgrTyWY,639.413,626.06,2733.6,1.21068e+08
2020-06-08 07:30:00,V94E5Ben1TlhnDV,386.447,379.227,241.4,1.41224e+09
2020-05-31 02:45:00,PeE6FRyGXUgsRhN,0,0,0,1.34845e+09
2020-06-17 14:15:00,vOuJvMaM2sgwLmb,616.42,603.8,3135.27,2.4265e+06
2020-05-24 00:00:00,rrq4fwE8jgrTyWY,0,0,213,1.21014e+08
2020-06-02 16:00:00,PeE6FRyGXUgsRhN,330.6,323.593,4274.5,1.05951e+09
2020-05-31 07:30:00,oZZkBaNadn6DNKz,128.787,125.34,149.733,1.59431e+09
2020-06-10 22:30:00,4UPUqMRk7TRMgml,0,0,5588,2.62429e+06
2020-05-29 04:15:00,vOuJvMaM2sgwLmb,0,0,0,2.31502e+06
2020-06-13 21:15:00,xMbIugepa2P7lBB,0,0,2950,1.06873e+08
2020-06-11 11:00:00,LYwnQax7tkwH5Cb,576.671,565.121,1280.86,1.79508e+09
2020-06-05 22:15:00,NgDl19wMapZy17u,0,0,7629,1.11675e+08
2020-06-11 02:00:00,mqwcsP2rE7J0TFp,0,0,0,5.93778e+08
2020-05-27 13:45:00,Qf4GUc1pJu5T6c6,1189.23,1159.51,6603.53,8.3852e+08
2020-05-17 05:00:00,Et9kgGMDl729KT4,0,0,0,1.71489e+06
2020-06-04 05:45:00,xMbIugepa2P7lBB,0,0,0,1.06808e+08
2020-06-15 01:45:00,vOuJvMaM2sgwLmb,0,0,7463,2.41156e+06
2020-05-31 19:00:00,81aHJ1q11NBPMrL,0,0,6409,1.21539e+09
2020-05-20 08:00:00,vOuJvMaM2sgwLmb,507.687,497.687,420.467,2.24418e+06
2020-05-15 02:45:00,4UPUqMRk7TRMgml,0,0,0,2.42901e+06
2020-06-14 09:30:00,NgDl19wMapZy17u,684.887,670.567,1171.4,1.11725e+08
2020-05-25 09:00:00,Qf4GUc1pJu5T6c6,789.993,773.247,1084.93,8.38496e+08
2020-06-12 04:15:00,oZZkBaNadn6DNKz,0,0,0,1.70826e+09
2020-06-08 10:00:00,IQ2d7wF4YD8zU1Q,1194.31,1165.38,1898.93,2.01284e+07
2020-06-07 05:00:00,mqwcsP2rE7J0TFp,0,0,0,5.93751e+08
2020-06-08 05:00:00,xoJJ8DcxJEcupym,0,0,7674,2.09277e+08
2020-06-09 13:30:00,PeE6FRyGXUgsRhN,973.813,951.24,3945.07,1.34851e+09
2020-05-15 21:00:00,oZ35aAeoifZaQzV,0,0,7096,1.65997e+09
2020-06-07 07:45:00,mqwcsP2rE7J0TFp,371.157,364.429,193.143,5.93751e+08
2020-06-17 07:45:00,oZZkBaNadn6DNKz,133.24,129.68,107.933,1.70828e+09
2020-06-08 23:45:00,Qf4GUc1pJu5T6c6,0,0,9056,8.38607e+08
2020-06-14 10:45:00,Mx2yZCDsyf6DPfv,0,0,1705,2.66914e+06
2020-06-15 11:45:00,LYwnQax7tkwH5Cb,532.193,521.54,2913.47,1.7951e+09
2020-06-12 05:30:00,81aHJ1q11NBPMrL,0,0,0,1.21545e+09
2020-05-17 18:45:00,mqwcsP2rE7J0TFp,0,0,7037,5.93604e+08
2020-06-06 11:00:00,4UPUqMRk7TRMgml,1161.35,1133.17,3080.4,2.58824e+06
2020-05-19 07:15:00,4UPUqMRk7TRMgml,332.407,326.513,133.933,2.45301e+06
2020-06-15 00:15:00,Quc1TzYxW2pYoWX,0,0,0,3.29636e+08
2020-06-13 22:30:00,PeE6FRyGXUgsRhN,0,0,6515,1.34853e+09
2020-05-23 04:15:00,Quc1TzYxW2pYoWX,0,0,1720.6,3.29539e+08
2020-05-31 00:00:00,Qf4GUc1pJu5T6c6,0,0,0,8.38544e+08
2020-06-11 21:45:00,Mx2yZCDsyf6DPfv,0,0,3945,2.65966e+06
2020-06-03 00:00:00,mqwcsP2rE7J0TFp,0,0,956.933,5.93724e+08
2020-06-14 07:30:00,NgDl19wMapZy17u,370.679,363.993,196.143,1.11724e+08
2020-06-14 12:00:00,V94E5Ben1TlhnDV,0,0,1760,1.41228e+09
2020-05-18 23:15:00,NgDl19wMapZy17u,0,0,7677,1.11545e+08
2020-06-14 07:00:00,xMbIugepa2P7lBB,239.253,234.707,3052.33,1.06873e+08
2020-05-20 03:00:00,vOuJvMaM2sgwLmb,0,0,0,2.24376e+06
2020-05-26 13:00:00,q49J1IKaHRwDQnt,0,0,1870,403697
2020-06-05 14:45:00,LlT2YUhhzqhg5Sw,376.7,370.207,1780.07,2.82729e+08
2020-06-03 23:00:00,rrq4fwE8jgrTyWY,0,0,4128,1.21073e+08
2020-05-28 19:30:00,9kRcWv60rDACzjR,0,0,8932,2.24782e+09
2020-06-03 02:00:00,xoJJ8DcxJEcupym,0,0,0,2.0925e+08
2020-05-28 23:15:00,V94E5Ben1TlhnDV,0,0,9108,1.41219e+09
2020-06-07 07:15:00,oZZkBaNadn6DNKz,135.02,131.587,90.2667,1.70823e+09
2020-05-17 16:45:00,Quc1TzYxW2pYoWX,372.121,365.536,3351.79,3.29523e+08
2020-05-31 15:30:00,LlT2YUhhzqhg5Sw,277.853,272.747,5978.73,2.82712e+08
2020-05-16 02:00:00,WcxssY2VbP4hApt,0,0,0,1.81705e+08
2020-06-07 17:00:00,xoJJ8DcxJEcupym,337.92,331.673,7405.13,2.09276e+08
2020-06-17 01:00:00,Et9kgGMDl729KT4,0,0,0,1.85014e+06
2020-05-16 12:30:00,xoJJ8DcxJEcupym,135.167,132.393,1896.67,2.09149e+08
2020-06-16 23:00:00,oZZkBaNadn6DNKz,0,0,5554,1.70828e+09
2020-06-15 18:45:00,xoJJ8DcxJEcupym,6.79333,6.54667,6082.6,2.09326e+08
2020-06-08 14:15:00,mqwcsP2rE7J0TFp,1203.41,1173.4,6548.93,5.93765e+08
2020-06-01 16:15:00,WcxssY2VbP4hApt,138.567,135.06,4195.73,1.81834e+08
2020-06-07 03:15:00,81aHJ1q11NBPMrL,0,0,0,1.21543e+09
2020-05-16 05:30:00,IQ2d7wF4YD8zU1Q,0,0,0,1.99512e+07
2020-05-22 16:15:00,WcxssY2VbP4hApt,0,0,0,0
2020-06-05 07:45:00,xoJJ8DcxJEcupym,277.013,271.747,228.267,2.0926e+08
2020-05-20 16:15:00,Qf4GUc1pJu5T6c6,463.667,454.96,8940,8.38462e+08
2020-05-27 11:15:00,WcxssY2VbP4hApt,0,0,0,0
2020-05-18 20:45:00,LYwnQax7tkwH5Cb,0,0,3529,1.79498e+09
2020-05-15 02:45:00,xMbIugepa2P7lBB,0,0,9166,1.06657e+08
2020-06-16 16:15:00,81aHJ1q11NBPMrL,370.96,364.3,5255.8,1.21548e+09
2020-05-15 00:15:00,rrq4fwE8jgrTyWY,0,0,0,1.20964e+08
2020-05-20 16:15:00,81aHJ1q11NBPMrL,450.867,442.527,2921,1.21531e+09
2020-05-31 09:00:00,Qf4GUc1pJu5T6c6,398.627,391.693,668.8,8.38544e+08
2020-05-27 02:15:00,Qf4GUc1pJu5T6c6,0,0,0,8.38514e+08
2020-06-15 18:15:00,Mx2yZCDsyf6DPfv,64.96,62.9333,2624.53,2.67337e+06
2020-06-12 22:45:00,q49J1IKaHRwDQnt,0,0,4641,491396
2020-05-29 21:30:00,Mx2yZCDsyf6DPfv,0,0,8240,2.57074e+06
2020-06-17 12:15:00,LlT2YUhhzqhg5Sw,776.279,759.821,1816.79,2.82787e+08
2020-05-27 01:00:00,LYwnQax7tkwH5Cb,0,0,0,1.79502e+09
2020-05-31 08:00:00,WcxssY2VbP4hApt,185.467,182.013,167.467,1.21216e+08
2020-06-01 16:45:00,rrq4fwE8jgrTyWY,66.4867,64.4067,3824.47,1.21065e+08
2020-06-06 12:15:00,Quc1TzYxW2pYoWX,1236.63,1205.71,938.867,3.29607e+08
2020-05-27 19:30:00,V94E5Ben1TlhnDV,0,0,5825,1.41218e+09
2020-06-10 14:00:00,81aHJ1q11NBPMrL,145.629,143.079,1633.14,4.34088e+08
2020-05-25 16:30:00,81aHJ1q11NBPMrL,313.514,307.743,8608.79,1.21535e+09
2020-05-31 01:00:00,LlT2YUhhzqhg5Sw,0,0,0,2.82706e+08
2020-06-08 07:15:00,q49J1IKaHRwDQnt,268.673,263.72,168.2,471419
2020-06-04 00:15:00,oZZkBaNadn6DNKz,0,0,0,1.70821e+09
2020-05-20 01:45:00,q49J1IKaHRwDQnt,0,0,2825,365265
2020-06-09 19:00:00,LlT2YUhhzqhg5Sw,0,0,3463,2.82749e+08
2020-05-27 12:15:00,q49J1IKaHRwDQnt,1228.61,1198.1,4548.86,410456
2020-05-28 11:45:00,4UPUqMRk7TRMgml,0,0,2100,2.52793e+06
2020-05-26 14:45:00,oZ35aAeoifZaQzV,1052.85,1029.17,7714.8,1.66006e+09
2020-05-25 09:45:00,LYwnQax7tkwH5Cb,954.633,933.647,1693,1.79501e+09
2020-06-01 09:15:00,WcxssY2VbP4hApt,802.573,784.72,815.933,1.45465e+08
2020-05-18 07:45:00,IQ2d7wF4YD8zU1Q,61.9933,60.0533,19.0667,1.99663e+07
2020-06-14 14:30:00,V94E5Ben1TlhnDV,503.073,493.347,1840.47,1.41228e+09
2020-06-09 08:00:00,xMbIugepa2P7lBB,436.107,427.713,528.533,1.06848e+08
2020-06-09 11:00:00,WcxssY2VbP4hApt,0,0,2022,1.81867e+08
2020-05-26 03:45:00,vOuJvMaM2sgwLmb,0,0,0,2.28725e+06
2020-05-31 22:15:00,oZZkBaNadn6DNKz,0,0,6617,1.7082e+09
2020-06-11 06:45:00,vOuJvMaM2sgwLmb,36.5,35.28,12.4,2.38904e+06
2020-06-16 18:15:00,xMbIugepa2P7lBB,23.4571,22.65,5496.43,1.06892e+08
2020-05-21 16:00:00,oZZkBaNadn6DNKz,651.787,638.48,4208.33,1.70812e+09
2020-05-19 06:00:00,NgDl19wMapZy17u,8.04,7.75333,0.666667,1.11545e+08
2020-05-31 16:00:00,9kRcWv60rDACzjR,229.507,225.013,6173.93,2.24784e+09
2020-06-17 09:45:00,q49J1IKaHRwDQnt,577.08,565.54,584.2,517185
2020-06-03 04:45:00,q49J1IKaHRwDQnt,0,0,3744,451874
2020-05-16 19:15:00,81aHJ1q11NBPMrL,0,0,971.4,2.43057e+08
2020-06-17 21:45:00,WcxssY2VbP4hApt,0,0,4331,1.81912e+08
2020-05-18 06:45:00,PeE6FRyGXUgsRhN,0,0,0,1.34837e+09
2020-05-29 16:30:00,WcxssY2VbP4hApt,593,581.08,7730.07,1.81815e+08
2020-06-08 08:15:00,Mx2yZCDsyf6DPfv,491.96,482.28,609.8,2.63354e+06
2020-05-27 04:00:00,oZ35aAeoifZaQzV,0,0,0,1.66006e+09
2020-05-15 00:00:00,Mx2yZCDsyf6DPfv,0,0,5692.2,2.45365e+06
2020-05-23 09:15:00,WcxssY2VbP4hApt,0,0,0,0
2020-05-31 21:00:00,mqwcsP2rE7J0TFp,0,0,6540,5.93713e+08
2020-05-30 14:00:00,oZZkBaNadn6DNKz,0,0,1960,1.70819e+09
2020-06-14 04:00:00,Et9kgGMDl729KT4,0,0,5929,1.84129e+06
2020-06-09 17:45:00,NgDl19wMapZy17u,122.527,119.193,8015.6,1.11708e+08
2020-05-18 21:15:00,4UPUqMRk7TRMgml,0,0,7641,2.45287e+06
2020-06-10 02:00:00,WcxssY2VbP4hApt,0,0,4027,1.81869e+08
2020-06-04 11:15:00,xoJJ8DcxJEcupym,1050.66,1026.35,1873.6,2.09255e+08
2020-06-12 15:30:00,Quc1TzYxW2pYoWX,576.42,564.893,3031.8,3.29627e+08
2020-06-15 10:30:00,81aHJ1q11NBPMrL,935.38,913.827,2345.67,1.21547e+09
2020-06-03 10:00:00,WcxssY2VbP4hApt,582.68,570.853,1404.53,1.8184e+08
2020-05-30 09:30:00,xMbIugepa2P7lBB,556.073,544.98,778.667,1.06777e+08
2020-06-15 19:30:00,PeE6FRyGXUgsRhN,0,0,2801,1.34854e+09
2020-06-15 09:30:00,xMbIugepa2P7lBB,498.753,489.193,1417.47,1.06882e+08
2020-05-16 22:30:00,mqwcsP2rE7J0TFp,0,0,7854,5.93597e+08
2020-06-12 04:30:00,NgDl19wMapZy17u,0,0,3884,1.11715e+08
2020-06-09 05:15:00,xMbIugepa2P7lBB,0,0,9052,1.06848e+08
2020-06-01 06:45:00,9kRcWv60rDACzjR,108.887,105.847,38,2.24784e+09
2020-05-28 04:45:00,V94E5Ben1TlhnDV,0,0,0,1.41218e+09
2020-06-11 21:00:00,9kRcWv60rDACzjR,0,0,3862,2.24789e+09
2020-05-28 04:00:00,oZ35aAeoifZaQzV,0,0,0,1.66007e+09
2020-05-28 19:15:00,xoJJ8DcxJEcupym,0,0,8656,2.09223e+08
2020-05-31 20:15:00,vOuJvMaM2sgwLmb,0,0,6518,2.33321e+06
2020-05-18 00:45:00,NgDl19wMapZy17u,0,0,0,1.11537e+08
2020-05-18 00:30:00,IQ2d7wF4YD8zU1Q,0,0,0,1.99663e+07
2020-06-14 20:30:00,V94E5Ben1TlhnDV,0,0,3304,1.41228e+09
2020-05-30 06:00:00,oZ35aAeoifZaQzV,6.55333,6.32667,0.666667,1.66008e+09
2020-06-10 20:00:00,4UPUqMRk7TRMgml,0,0,5588,2.62429e+06
2020-06-06 18:15:00,81aHJ1q11NBPMrL,56.3533,54.5133,8182.33,1.21543e+09
2020-05-26 19:15:00,LYwnQax7tkwH5Cb,0,0,3874,1.79502e+09
2020-06-04 20:30:00,xoJJ8DcxJEcupym,0,0,6168,2.09259e+08
2020-06-02 06:30:00,PeE6FRyGXUgsRhN,107.36,104.38,33.0667,1.34846e+09
2020-06-14 12:00:00,Quc1TzYxW2pYoWX,727.033,711.22,775.6,3.29634e+08
2020-05-23 09:30:00,4UPUqMRk7TRMgml,1017.51,994.813,1661.73,2.48494e+06
2020-05-19 01:15:00,Mx2yZCDsyf6DPfv,0,0,0,2.48137e+06
2020-06-08 00:00:00,oZ35aAeoifZaQzV,0,0,7860,1.66014e+09
2020-06-04 10:00:00,oZZkBaNadn6DNKz,1072.52,1047.08,1610,1.70821e+09
2020-06-06 14:00:00,81aHJ1q11NBPMrL,1031.46,1006.71,6223.36,1.21542e+09
2020-06-11 07:00:00,oZ35aAeoifZaQzV,91.5,88.8357,26.4286,1.66016e+09
2020-05-26 22:30:00,Qf4GUc1pJu5T6c6,0,0,0,8.38514e+08
2020-06-09 16:45:00,NgDl19wMapZy17u,355.343,348.921,7788.57,1.11708e+08
2020-06-03 14:15:00,9kRcWv60rDACzjR,1038.71,1014.99,2611.29,2.24785e+09
2020-05-31 14:30:00,q49J1IKaHRwDQnt,417.353,409.38,5517.6,443470
2020-06-09 06:30:00,V94E5Ben1TlhnDV,81.0133,78.5867,22.3333,1.41225e+09
2020-06-03 21:00:00,V94E5Ben1TlhnDV,0,0,4318,1.41223e+09
2020-05-28 01:30:00,PeE6FRyGXUgsRhN,0,0,0,1.34843e+09
2020-05-30 13:45:00,9kRcWv60rDACzjR,1155.03,1127.26,5117.57,2.24783e+09
2020-05-23 16:45:00,PeE6FRyGXUgsRhN,410.327,403.133,8901.33,1.3484e+09
2020-06-10 11:00:00,vOuJvMaM2sgwLmb,811.66,792.1,2198.67,2.06794e+06
2020-06-02 10:00:00,WcxssY2VbP4hApt,672.447,658.553,1713.53,1.81836e+08
2020-05-24 20:45:00,PeE6FRyGXUgsRhN,0,0,8962,1.34841e+09
2020-05-18 15:45:00,oZZkBaNadn6DNKz,523.007,512.927,6080.2,1.70811e+09
2020-05-26 15:15:00,9kRcWv60rDACzjR,882.693,863.614,7898.71,2.2478e+09
2020-06-11 05:30:00,Et9kgGMDl729KT4,0,0,163.2,1.82832e+06
2020-06-01 13:30:00,NgDl19wMapZy17u,48.7,47.1,3806,1.11648e+08
2020-06-08 06:15:00,rrq4fwE8jgrTyWY,53.4067,51.6533,10.4667,1.21088e+08
2020-05-18 18:00:00,q49J1IKaHRwDQnt,53.0667,51.36,4146,362425
2020-06-13 01:00:00,mqwcsP2rE7J0TFp,0,0,0,5.93787e+08
2020-05-16 09:30:00,xMbIugepa2P7lBB,971.667,950.227,1546.13,1.06668e+08
2020-06-10 14:15:00,rrq4fwE8jgrTyWY,244.013,239.453,717,8.88039e+07
2020-06-14 11:30:00,xMbIugepa2P7lBB,942.807,921.187,2708.2,1.06876e+08
2020-05-19 08:15:00,oZ35aAeoifZaQzV,491.893,482.529,578,1.65999e+09
2020-06-02 03:45:00,mqwcsP2rE7J0TFp,0,0,0,5.93717e+08
2020-06-16 17:00:00,4UPUqMRk7TRMgml,130.027,126.933,4914,2.64896e+06
2020-06-06 15:15:00,xoJJ8DcxJEcupym,667.573,653.107,788.133,2.09268e+08
2020-06-11 02:45:00,V94E5Ben1TlhnDV,0,0,0,1.41226e+09
2020-05-29 23:15:00,mqwcsP2rE7J0TFp,0,0,8112,5.93698e+08
2020-05-19 07:30:00,4UPUqMRk7TRMgml,473.14,464.08,240.4,2.45311e+06
2020-05-15 12:45:00,9kRcWv60rDACzjR,1228.21,1197.51,5507.33,2.24773e+09
2020-05-24 00:30:00,Et9kgGMDl729KT4,0,0,0,1.74372e+06
2020-05-18 23:30:00,V94E5Ben1TlhnDV,0,0,4816,1.41211e+09
2020-05-28 16:15:00,4UPUqMRk7TRMgml,585.887,574.127,3162.13,2.52899e+06
2020-05-22 00:45:00,q49J1IKaHRwDQnt,0,0,4844,374171
2020-06-05 18:45:00,81aHJ1q11NBPMrL,0.52,0.506667,7392.93,1.21542e+09
2020-05-22 00:15:00,Qf4GUc1pJu5T6c6,0,0,0,8.38471e+08
2020-06-16 07:00:00,vOuJvMaM2sgwLmb,164.693,161.407,77.2667,2.41791e+06
2020-05-26 13:15:00,q49J1IKaHRwDQnt,0,0,1870,403697
2020-06-05 04:00:00,mqwcsP2rE7J0TFp,0,0,0,5.93735e+08
2020-06-15 02:15:00,Qf4GUc1pJu5T6c6,0,0,2107,8.38635e+08
2020-05-21 22:30:00,Quc1TzYxW2pYoWX,0,0,4896,3.29536e+08
2020-05-30 10:00:00,Quc1TzYxW2pYoWX,690.573,676.3,972.133,3.29576e+08
2020-05-30 20:00:00,q49J1IKaHRwDQnt,0,0,7823,437952
2020-06-01 01:15:00,WcxssY2VbP4hApt,0,0,0,1.8183e+08
2020-05-31 12:00:00,NgDl19wMapZy17u,1269.42,1238.25,3054.53,1.11641e+08
2020-05-23 12:45:00,oZ35aAeoifZaQzV,1289.79,1257.55,5546.43,1.66003e+09
2020-06-13 09:45:00,9kRcWv60rDACzjR,253.773,248.62,612.6,1.19888e+09
2020-06-16 10:30:00,LYwnQax7tkwH5Cb,646.933,633.727,1621.07,1.79511e+09
2020-06-03 07:15:00,LlT2YUhhzqhg5Sw,163.686,160.207,102.5,2.8272e+08
2020-06-01 09:15:00,NgDl19wMapZy17u,931.853,911.433,974.667,1.11646e+08
2020-05-21 23:00:00,oZ35aAeoifZaQzV,0,0,8349,1.66002e+09
2020-06-04 06:30:00,LYwnQax7tkwH5Cb,60.9571,59.0143,14.9286,1.79506e+09
2020-05-26 04:30:00,q49J1IKaHRwDQnt,0,0,6197,401827
2020-06-11 17:30:00,xoJJ8DcxJEcupym,89.6067,87.0067,3882.2,2.09301e+08
2020-06-14 11:15:00,LYwnQax7tkwH5Cb,935.693,914.073,2689.2,1.7951e+09
2020-06-05 22:45:00,81aHJ1q11NBPMrL,0,0,7393,1.21542e+09
2020-06-10 20:45:00,NgDl19wMapZy17u,0,0,2618,1.11711e+08
2020-06-07 06:30:00,PeE6FRyGXUgsRhN,66.9267,64.8,21.9333,1.34849e+09
2020-06-14 17:00:00,Qf4GUc1pJu5T6c6,280.257,275.15,1891.29,8.38635e+08
2020-05-27 01:00:00,rrq4fwE8jgrTyWY,0,0,0,1.2103e+08
2020-06-01 15:00:00,q49J1IKaHRwDQnt,58.3667,56.4733,3634,447934
2020-06-12 21:00:00,IQ2d7wF4YD8zU1Q,0,0,4802,2.01583e+07
2020-06-10 23:45:00,WcxssY2VbP4hApt,0,0,3531,1.81873e+08
2020-05-16 19:00:00,LYwnQax7tkwH5Cb,0,0,3176,1.79497e+09
2020-06-01 19:00:00,IQ2d7wF4YD8zU1Q,0,0,4256,2.00823e+07
2020-05-21 05:45:00,WcxssY2VbP4hApt,0,0,0,1.81744e+08
2020-05-17 19:30:00,4UPUqMRk7TRMgml,0,0,6342,2.44523e+06
2020-06-03 07:00:00,Qf4GUc1pJu5T6c6,155.4,151.943,66.6429,8.38562e+08
2020-06-10 05:00:00,PeE6FRyGXUgsRhN,0,0,6456,1.34851e+09
2020-06-09 12:00:00,LYwnQax7tkwH5Cb,0,0,1696,1.79508e+09
2020-06-17 16:00:00,q49J1IKaHRwDQnt,299.65,294.143,3800.29,520401
2020-05-16 02:00:00,4UPUqMRk7TRMgml,0,0,0,2.43321e+06
2020-06-06 03:00:00,oZZkBaNadn6DNKz,0,0,0,1.70822e+09
2020-05-17 07:00:00,Quc1TzYxW2pYoWX,53.9267,52.1733,26.2,3.2952e+08
2020-06-17 02:30:00,9kRcWv60rDACzjR,0,0,0,2.24791e+09
2020-06-12 16:30:00,4UPUqMRk7TRMgml,243.58,238.86,4196.13,2.63244e+06
2020-06-17 04:45:00,V94E5Ben1TlhnDV,0,0,0,1.41229e+09
2020-05-28 13:00:00,4UPUqMRk7TRMgml,0,0,0,0
2020-05-15 20:45:00,IQ2d7wF4YD8zU1Q,0,0,9663,1.99512e+07
2020-05-28 17:00:00,Quc1TzYxW2pYoWX,284.786,279.429,4666.64,3.29571e+08
2020-06-05 00:45:00,mqwcsP2rE7J0TFp,0,0,0,5.93735e+08
2020-06-02 22:00:00,LlT2YUhhzqhg5Sw,0,0,3825,2.8272e+08
2020-05-27 15:30:00,q49J1IKaHRwDQnt,783.68,767.153,7970.2,413877
2020-05-16 04:15:00,V94E5Ben1TlhnDV,0,0,0,1.41209e+09
2020-05-21 23:45:00,LYwnQax7tkwH5Cb,0,0,4794,1.79499e+09
2020-05-23 13:00:00,PeE6FRyGXUgsRhN,1210.12,1179.86,5606.07,1.3484e+09
2020-06-03 19:15:00,LlT2YUhhzqhg5Sw,0,0,4281,2.82724e+08
2020-05-22 02:30:00,oZ35aAeoifZaQzV,0,0,0,1.66002e+09
2020-05-25 14:30:00,Et9kgGMDl729KT4,917.753,897.747,5340.2,1.75247e+06
2020-06-03 08:15:00,q49J1IKaHRwDQnt,456.173,447.727,428.667,452303
2020-06-16 19:00:00,IQ2d7wF4YD8zU1Q,0,0,5596,2.01808e+07
2020-05-27 02:45:00,LYwnQax7tkwH5Cb,0,0,0,1.79502e+09
2020-05-31 22:45:00,WcxssY2VbP4hApt,0,0,6611,1.8183e+08
2020-05-20 07:45:00,WcxssY2VbP4hApt,470.907,461.953,307.133,1.81735e+08
2020-06-12 10:00:00,4UPUqMRk7TRMgml,384.413,377.72,986,2.62923e+06
2020-06-17 09:30:00,oZ35aAeoifZaQzV,361.421,354.757,480.929,1.66018e+09
2020-06-07 18:45:00,IQ2d7wF4YD8zU1Q,3.60667,3.49333,7883.73,2.01265e+07
2020-05-26 17:15:00,V94E5Ben1TlhnDV,171.82,168.387,9245.53,1.41218e+09
2020-06-02 06:15:00,oZZkBaNadn6DNKz,66.55,64.4786,13.2857,1.7082e+09
2020-06-16 08:00:00,q49J1IKaHRwDQnt,361.467,355.3,310.733,511636
2020-06-16 01:45:00,oZZkBaNadn6DNKz,0,0,0,1.70828e+09
2020-05-18 12:45:00,Et9kgGMDl729KT4,0,0,967,1.72046e+06
2020-06-14 21:30:00,PeE6FRyGXUgsRhN,0,0,7209,1.34854e+09
2020-05-24 07:45:00,9kRcWv60rDACzjR,426.573,418.887,316.267,2.24778e+09
2020-06-09 03:15:00,LYwnQax7tkwH5Cb,0,0,2702,1.79507e+09
2020-05-22 22:45:00,Et9kgGMDl729KT4,0,0,3582,1.73912e+06
2020-06-17 00:30:00,xoJJ8DcxJEcupym,0,0,0,2.09331e+08
2020-05-30 14:30:00,WcxssY2VbP4hApt,710.187,694.16,4038.73,1.21214e+08
2020-06-07 16:45:00,Quc1TzYxW2pYoWX,156.687,153.133,2334,3.29611e+08
2020-05-28 10:45:00,V94E5Ben1TlhnDV,1241,1209.96,2927.13,1.41219e+09
2020-06-01 08:00:00,rrq4fwE8jgrTyWY,214.587,210.393,262.533,1.21061e+08
2020-06-16 21:15:00,oZZkBaNadn6DNKz,0,0,5554,1.70828e+09
2020-06-04 13:45:00,LYwnQax7tkwH5Cb,0,0,1420,1.79506e+09
2020-05-24 16:00:00,rrq4fwE8jgrTyWY,615.153,602.707,4266.2,1.21018e+08
2020-05-20 20:45:00,PeE6FRyGXUgsRhN,0,0,2707,1.34838e+09
2020-06-05 20:00:00,LlT2YUhhzqhg5Sw,0,0,3053,2.8273e+08
2020-06-02 04:15:00,xMbIugepa2P7lBB,0,0,4143,1.06795e+08
2020-06-15 16:15:00,4UPUqMRk7TRMgml,399.94,392.92,1855.4,2.64339e+06
2020-06-01 10:15:00,oZZkBaNadn6DNKz,1182.58,1153.67,2036.6,1.7082e+09
2020-05-24 19:30:00,Mx2yZCDsyf6DPfv,0,0,4962,2.53099e+06
2020-06-02 01:45:00,LlT2YUhhzqhg5Sw,0,0,0,2.82716e+08
2020-05-21 10:30:00,vOuJvMaM2sgwLmb,1209.87,1179.63,2280.93,2.25541e+06
2020-05-17 02:15:00,oZZkBaNadn6DNKz,0,0,0,1.7081e+09
2020-05-24 23:30:00,q49J1IKaHRwDQnt,0,0,8872,395630
2020-05-28 18:00:00,Qf4GUc1pJu5T6c6,93.9533,91.2467,3937.47,8.38527e+08
2020-05-19 02:15:00,vOuJvMaM2sgwLmb,0,0,0,2.23704e+06
2020-06-15 23:30:00,LlT2YUhhzqhg5Sw,0,0,6151,2.82779e+08
2020-06-09 08:45:00,9kRcWv60rDACzjR,755.293,739.471,1000,2.24788e+09
2020-06-07 16:30:00,WcxssY2VbP4hApt,337.864,331.636,1559.07,1.81861e+08
2020-06-06 15:00:00,V94E5Ben1TlhnDV,463.814,453.314,451.857,9.07868e+08
2020-05-25 15:15:00,xoJJ8DcxJEcupym,851.893,833.64,7746,2.09204e+08
2020-05-26 23:45:00,LlT2YUhhzqhg5Sw,0,0,9079,2.82673e+08
2020-05-25 02:30:00,PeE6FRyGXUgsRhN,0,0,0,1.34841e+09
2020-06-01 17:00:00,Mx2yZCDsyf6DPfv,84.6214,82.1071,4314.29,2.5899e+06
2020-06-08 15:45:00,4UPUqMRk7TRMgml,876.753,857.693,8217.27,2.6096e+06
2020-06-06 15:00:00,9kRcWv60rDACzjR,524.06,512.327,3579.33,1.64844e+09
2020-06-13 14:15:00,rrq4fwE8jgrTyWY,661.736,647.75,4240.86,1.21109e+08
2020-05-27 06:30:00,Quc1TzYxW2pYoWX,66.4867,64.3933,17.6667,3.29559e+08
2020-06-03 13:00:00,WcxssY2VbP4hApt,114.513,111.5,3317.13,1.81842e+08
2020-06-16 14:15:00,PeE6FRyGXUgsRhN,217.653,213.213,1288.8,6.2932e+08
2020-05-25 16:15:00,Et9kgGMDl729KT4,567.9,556.64,6623,1.75376e+06
2020-05-15 18:00:00,xMbIugepa2P7lBB,25.96,25.0733,9457.73,1.06666e+08
2020-06-17 07:15:00,mqwcsP2rE7J0TFp,75.9533,73.6467,58.2667,5.93811e+08
2020-06-10 21:45:00,mqwcsP2rE7J0TFp,0,0,2636,5.93778e+08
2020-05-23 13:30:00,9kRcWv60rDACzjR,0,0,2390,2.24778e+09
2020-06-08 01:30:00,V94E5Ben1TlhnDV,0,0,0,1.41224e+09
2020-05-22 04:00:00,4UPUqMRk7TRMgml,0,0,0,2.47342e+06
2020-05-28 04:15:00,vOuJvMaM2sgwLmb,0,0,0,2.30588e+06
2020-05-27 23:45:00,rrq4fwE8jgrTyWY,0,0,5696,1.21036e+08
2020-06-06 22:30:00,9kRcWv60rDACzjR,0,0,8190,2.24787e+09
2020-06-10 08:15:00,vOuJvMaM2sgwLmb,489.353,479.813,331.733,2.38388e+06
2020-05-21 03:45:00,rrq4fwE8jgrTyWY,0,0,0,1.20997e+08
2020-05-23 04:30:00,Mx2yZCDsyf6DPfv,0,0,0,2.51638e+06
2020-05-31 19:30:00,V94E5Ben1TlhnDV,0,0,6597,1.41221e+09
2020-05-30 10:30:00,4UPUqMRk7TRMgml,1006.56,983.5,1498.36,2.53918e+06
2020-05-27 23:30:00,oZZkBaNadn6DNKz,0,0,4704,1.70817e+09
2020-06-04 03:00:00,Qf4GUc1pJu5T6c6,0,0,0,8.38568e+08
2020-06-04 23:30:00,xoJJ8DcxJEcupym,0,0,6168,2.09259e+08
2020-05-17 14:45:00,81aHJ1q11NBPMrL,726.32,711.193,4536.27,1.21529e+09
2020-06-11 12:45:00,oZ35aAeoifZaQzV,619.233,606.693,2181,1.66016e+09
2020-06-08 20:45:00,WcxssY2VbP4hApt,0,0,3585,1.81865e+08
2020-05-27 00:15:00,Et9kgGMDl729KT4,0,0,0,1.76237e+06
2020-05-30 13:45:00,IQ2d7wF4YD8zU1Q,1207.17,1177.15,5250.67,2.00684e+07
2020-06-10 04:00:00,V94E5Ben1TlhnDV,0,0,0,1.41226e+09
2020-06-16 22:15:00,IQ2d7wF4YD8zU1Q,0,0,5596,2.01808e+07
2020-05-18 12:45:00,xMbIugepa2P7lBB,1197.09,1168.16,4020.27,1.06685e+08
2020-06-04 08:45:00,NgDl19wMapZy17u,522.767,512.427,726.933,1.11662e+08
2020-06-03 03:00:00,Mx2yZCDsyf6DPfv,0,0,0,2.59726e+06
2020-05-15 10:15:00,9kRcWv60rDACzjR,1147.93,1120.73,2492.07,2.24772e+09
2020-05-18 08:45:00,V94E5Ben1TlhnDV,515.243,505.107,281,1.41211e+09
2020-06-13 01:15:00,Qf4GUc1pJu5T6c6,0,0,4455,8.38629e+08
2020-05-21 06:15:00,Et9kgGMDl729KT4,42.84,41.3933,7,1.7289e+06
2020-05-28 01:45:00,Mx2yZCDsyf6DPfv,0,0,0,2.55878e+06
2020-06-17 09:45:00,81aHJ1q11NBPMrL,596.571,584.571,594,1.21548e+09
2020-06-03 12:15:00,PeE6FRyGXUgsRhN,0,0,2077,1.34847e+09
2020-05-22 20:15:00,rrq4fwE8jgrTyWY,0,0,9148,1.21011e+08
2020-05-18 01:45:00,mqwcsP2rE7J0TFp,0,0,0,5.93604e+08
2020-05-20 20:15:00,V94E5Ben1TlhnDV,0,0,9237,1.41213e+09
2020-06-17 02:45:00,oZZkBaNadn6DNKz,0,0,0,1.70828e+09
2020-06-13 08:00:00,Qf4GUc1pJu5T6c6,358.933,352.633,345.733,8.3863e+08
2020-05-19 18:15:00,NgDl19wMapZy17u,1.90714,1.84286,6688,1.11551e+08
2020-05-24 21:45:00,Mx2yZCDsyf6DPfv,0,0,4962,2.53099e+06
2020-06-09 21:00:00,rrq4fwE8jgrTyWY,0,0,3378,1.21095e+08
2020-05-26 12:00:00,xoJJ8DcxJEcupym,0,0,2906,2.09208e+08
2020-06-15 23:45:00,Qf4GUc1pJu5T6c6,0,0,2231,8.38637e+08
2020-06-15 10:30:00,Qf4GUc1pJu5T6c6,0,0,615,8.38635e+08
2020-05-29 14:30:00,Mx2yZCDsyf6DPfv,812.453,795.193,6209.6,2.56871e+06
2020-05-31 23:15:00,vOuJvMaM2sgwLmb,0,0,6518,2.33321e+06
2020-05-19 03:15:00,9kRcWv60rDACzjR,0,0,0,2.24775e+09
2020-06-17 19:45:00,Mx2yZCDsyf6DPfv,0,0,4441,2.68335e+06
2020-05-21 13:15:00,9kRcWv60rDACzjR,1223.75,1193.15,5482.2,2.24777e+09
2020-05-30 16:45:00,rrq4fwE8jgrTyWY,437.436,429.529,7270.79,1.21054e+08
2020-06-12 12:45:00,Mx2yZCDsyf6DPfv,502.607,492.06,1810.87,1.95223e+06
2020-06-12 10:00:00,IQ2d7wF4YD8zU1Q,383.513,376.773,966.6,2.01545e+07
2020-06-02 08:00:00,Quc1TzYxW2pYoWX,411.42,404.127,392.8,3.29588e+08
2020-05-17 12:00:00,NgDl19wMapZy17u,755.933,740.087,3435.27,1.11533e+08
2020-05-27 02:15:00,oZ35aAeoifZaQzV,0,0,0,1.66006e+09
2020-06-09 19:30:00,xMbIugepa2P7lBB,0,0,7997,1.06856e+08
2020-05-28 03:45:00,xoJJ8DcxJEcupym,0,0,0,2.09214e+08
2020-06-01 00:00:00,WcxssY2VbP4hApt,0,0,0,1.8183e+08
2020-05-24 18:00:00,V94E5Ben1TlhnDV,76.8,74.4867,9241.4,1.41216e+09
2020-06-09 08:00:00,Quc1TzYxW2pYoWX,396.7,389.233,446.6,3.29615e+08
2020-06-09 07:00:00,Et9kgGMDl729KT4,226.053,221.633,85.5333,1.82206e+06
2020-05-15 11:15:00,LYwnQax7tkwH5Cb,1257.74,1226.3,3683.47,1.79496e+09
2020-06-10 01:30:00,IQ2d7wF4YD8zU1Q,0,0,8151,2.0144e+07
2020-06-02 13:45:00,Qf4GUc1pJu5T6c6,973.4,950.471,4705.36,8.38559e+08
2020-06-14 17:30:00,81aHJ1q11NBPMrL,165.833,162.273,7450.8,1.21547e+09
2020-06-12 03:00:00,WcxssY2VbP4hApt,0,0,3947,1.81877e+08
2020-05-23 21:30:00,q49J1IKaHRwDQnt,0,0,3254,386758
2020-06-02 00:00:00,9kRcWv60rDACzjR,0,0,1387.67,2.24784e+09
2020-05-21 13:45:00,4UPUqMRk7TRMgml,1184.32,1154.96,6301,2.47056e+06
2020-05-21 07:45:00,Mx2yZCDsyf6DPfv,434.073,426.347,320.533,2.49784e+06
2020-06-01 16:00:00,xoJJ8DcxJEcupym,99.6133,96.7867,4081,2.09244e+08
2020-06-16 17:30:00,PeE6FRyGXUgsRhN,102.193,99.2786,3761.14,1.34854e+09
2020-06-09 12:45:00,LlT2YUhhzqhg5Sw,0,0,1738,2.82747e+08
2020-06-04 02:45:00,WcxssY2VbP4hApt,0,0,0,1.81844e+08
2020-06-03 19:30:00,xMbIugepa2P7lBB,0,0,5879,1.06808e+08
2020-06-13 07:00:00,IQ2d7wF4YD8zU1Q,197.82,193.927,34.2,2.01584e+07
2020-06-03 15:15:00,PeE6FRyGXUgsRhN,204.713,200.4,2702,1.34847e+09
2020-06-01 09:30:00,Qf4GUc1pJu5T6c6,798.007,780.853,1234.53,8.38551e+08
2020-06-09 12:15:00,mqwcsP2rE7J0TFp,1049.11,1024.17,4389.2,5.93772e+08
2020-05-27 14:30:00,oZZkBaNadn6DNKz,819.407,801.1,2723.27,1.70817e+09
2020-05-16 13:00:00,Mx2yZCDsyf6DPfv,1107.29,1080.89,3234.33,2.46468e+06
2020-06-10 15:45:00,xoJJ8DcxJEcupym,301.127,295.293,3515.93,2.09296e+08
2020-06-05 21:30:00,mqwcsP2rE7J0TFp,0,0,7561,5.93743e+08
2020-05-29 19:00:00,4UPUqMRk7TRMgml,0,0,8126,2.53768e+06
2020-06-12 23:00:00,Mx2yZCDsyf6DPfv,0,0,4576,2.66424e+06
2020-05-16 06:30:00,LlT2YUhhzqhg5Sw,84.8067,82.3067,23.6,2.82602e+08
2020-05-22 10:45:00,4UPUqMRk7TRMgml,1273.47,1241.63,3115.67,2.47653e+06
2020-05-17 00:00:00,81aHJ1q11NBPMrL,0,0,0,1.21529e+09
2020-05-24 09:00:00,xoJJ8DcxJEcupym,810.113,792.927,1072.8,2.09188e+08
2020-06-13 03:30:00,WcxssY2VbP4hApt,0,0,4815,1.81882e+08
2020-05-19 11:30:00,LlT2YUhhzqhg5Sw,1140.65,1112.49,2637.47,2.82624e+08
2020-05-25 00:45:00,vOuJvMaM2sgwLmb,0,0,0,2.27821e+06
2020-06-08 04:00:00,xoJJ8DcxJEcupym,0,0,7674,2.09277e+08
2020-06-09 19:45:00,NgDl19wMapZy17u,0,0,8067,1.11708e+08
2020-06-14 06:30:00,IQ2d7wF4YD8zU1Q,99.7357,96.8857,3049.14,2.01614e+07
2020-05-29 00:15:00,rrq4fwE8jgrTyWY,0,0,0,1.2104e+08
2020-06-14 03:45:00,WcxssY2VbP4hApt,0,0,6435,1.81888e+08
2020-06-09 14:00:00,9kRcWv60rDACzjR,0,0,1966,2.24788e+09
2020-06-07 02:15:00,9kRcWv60rDACzjR,0,0,0,2.24787e+09
2020-06-13 06:45:00,NgDl19wMapZy17u,110.58,107.633,35.2,1.1172e+08
2020-06-06 10:00:00,PeE6FRyGXUgsRhN,0,0,861,1.34849e+09
2020-06-14 09:45:00,PeE6FRyGXUgsRhN,593.527,581.547,1378.8,1.34853e+09
2020-06-01 10:30:00,Et9kgGMDl729KT4,1066.77,1041.33,2075.87,1.79694e+06
2020-06-10 02:45:00,Quc1TzYxW2pYoWX,0,0,3796,3.29618e+08
2020-05-25 06:45:00,oZ35aAeoifZaQzV,161.34,157.92,67,1.66004e+09
2020-05-21 17:45:00,vOuJvMaM2sgwLmb,130.627,127.373,9041.33,2.26217e+06
2020-05-17 21:30:00,81aHJ1q11NBPMrL,0,0,5758,1.21529e+09
2020-05-25 07:45:00,oZ35aAeoifZaQzV,436.147,428.207,341.867,1.66004e+09
2020-05-18 16:30:00,vOuJvMaM2sgwLmb,400.88,393.547,4943.27,2.23674e+06
2020-05-23 01:30:00,81aHJ1q11NBPMrL,0,0,0,1.21532e+09
2020-05-16 18:45:00,Quc1TzYxW2pYoWX,0,0,6365,3.2952e+08
2020-06-09 15:45:00,rrq4fwE8jgrTyWY,761.08,744.973,2514,1.21094e+08
2020-06-06 14:00:00,xMbIugepa2P7lBB,1135.41,1107.77,6109.2,1.06829e+08
2020-05-20 16:30:00,Mx2yZCDsyf6DPfv,377.133,370.607,8949.8,2.49709e+06
2020-05-19 09:30:00,Quc1TzYxW2pYoWX,281.867,276.613,929.733,3.29527e+08
2020-06-16 00:00:00,oZ35aAeoifZaQzV,0,0,2711,1.66018e+09
2020-06-07 06:15:00,LYwnQax7tkwH5Cb,41.1933,39.82,8.13333,1.79507e+09
2020-06-13 22:30:00,q49J1IKaHRwDQnt,0,0,6393,497789
2020-06-17 02:00:00,vOuJvMaM2sgwLmb,0,0,0,2.42337e+06
2020-05-16 11:00:00,rrq4fwE8jgrTyWY,1159.92,1131.51,3091.43,1.20973e+08
2020-06-15 06:30:00,q49J1IKaHRwDQnt,85.3067,82.8067,18.9333,505284
2020-06-03 22:00:00,oZ35aAeoifZaQzV,0,0,5493,1.66011e+09
2020-05-15 19:00:00,V94E5Ben1TlhnDV,0,0,9368,1.41209e+09
2020-05-19 04:45:00,mqwcsP2rE7J0TFp,0,0,0,5.93612e+08
2020-05-15 22:30:00,xMbIugepa2P7lBB,0,0,9465,1.06666e+08
2020-06-02 11:00:00,rrq4fwE8jgrTyWY,573.953,562.493,2146.53,1.21067e+08
2020-06-07 02:30:00,WcxssY2VbP4hApt,0,0,8383,1.8186e+08
2020-05-20 01:00:00,V94E5Ben1TlhnDV,0,0,0,1.41212e+09
2020-06-01 14:45:00,LYwnQax7tkwH5Cb,54.5333,52.78,3768.4,1.79505e+09
2020-05-17 22:30:00,81aHJ1q11NBPMrL,0,0,5758,1.21529e+09
2020-06-10 22:00:00,PeE6FRyGXUgsRhN,0,0,4003,1.34851e+09
2020-05-31 00:45:00,PeE6FRyGXUgsRhN,0,0,0,1.34845e+09
2020-05-23 02:30:00,q49J1IKaHRwDQnt,0,0,9333,383504
2020-06-17 12:15:00,81aHJ1q11NBPMrL,811.787,794.367,1915.2,1.21548e+09
2020-05-29 06:30:00,rrq4fwE8jgrTyWY,97.54,94.7533,29.7333,1.2104e+08
2020-06-16 04:00:00,oZZkBaNadn6DNKz,0,0,0,1.70828e+09
2020-06-06 21:30:00,Quc1TzYxW2pYoWX,0,0,3413,3.29609e+08
2020-05-23 22:45:00,xoJJ8DcxJEcupym,0,0,9380,2.09187e+08
2020-05-25 21:15:00,q49J1IKaHRwDQnt,0,0,6197,401827
2020-05-18 14:00:00,Qf4GUc1pJu5T6c6,1117.21,1091.26,5551,8.38449e+08
2020-05-23 09:15:00,Mx2yZCDsyf6DPfv,950.053,929.187,1409.13,2.51778e+06
2020-05-31 06:45:00,rrq4fwE8jgrTyWY,130.633,127.093,57.0667,1.21055e+08
2020-05-26 17:15:00,Mx2yZCDsyf6DPfv,173.527,170.08,9073.07,2.54923e+06
2020-05-22 16:15:00,PeE6FRyGXUgsRhN,600.773,588.68,8863.27,1.34839e+09
2020-06-01 17:00:00,WcxssY2VbP4hApt,80.7267,78.3333,4277.2,1.81834e+08
2020-05-19 15:30:00,q49J1IKaHRwDQnt,178.12,174.36,2732.87,365173
2020-06-06 09:15:00,V94E5Ben1TlhnDV,0,0,913,1.41224e+09
2020-05-26 06:00:00,oZZkBaNadn6DNKz,18.5467,17.9067,1.73333,1.70816e+09
2020-06-12 09:00:00,4UPUqMRk7TRMgml,480.693,471.533,524.267,2.62877e+06
2020-05-30 04:45:00,Et9kgGMDl729KT4,0,0,0,1.7833e+06
2020-06-04 03:30:00,q49J1IKaHRwDQnt,0,0,4387,456261
