Zone 1 Power Consumption,Zone 2  Power Consumption,Zone 3  Power Consumption,Temperature,Humidity,Wind Speed
32985.1,19396.7,17623.3,22.76,29.73,0.085
34737.6,29803,14417.3,15.92,54.44,0.085
27894.7,20808.5,16458.8,15.08,57.23,0.076
42476.9,23634.1,25089.7,12.42,72.3,0.081
21341.1,12006.1,11531.6,14.58,80.6,0.08
22043.5,13200,14810.6,14.99,69.14,0.074
32509.8,18302.7,15844.3,11.16,70.8,0.08
21390.7,13222.3,10593,19.21,89.4,4.923
37286.7,30716.2,15834.8,14.66,65.92,0.075
24966.3,15169,14913,14.2,81.6,0.079
35012.4,24290.6,12067.2,23.9,64.15,0.264
22031.4,13367.8,14359.5,13.68,82.4,0.074
40993.9,25383.4,24960,21.03,86.5,0.068
31081.4,25539.1,10130.1,16.38,69.26,0.074
37475.2,24276.2,25140.6,27.06,47.58,4.905
34004.7,18893.6,16938.5,11.86,60.8,0.088
31434.9,18815.9,19358.7,11.83,80.6,0.08
20806.1,16193.9,8608.88,9.38,84.9,0.082
25724.7,16599.4,12434.7,9.39,67.74,4.92
40676,24754.7,25095.9,19.2,65.81,4.924
29593.8,24605,10039.5,19.74,47.91,0.078
40256.1,27416.3,25453.5,27.11,43.35,4.906
43334.8,25452.4,25368.4,16.66,67.21,4.919
22710.5,13437.1,14090.3,12.11,76.6,4.916
28532.1,19507.6,17442.7,23.96,63.4,4.922
36511.9,25906.3,25654.9,26.92,70.2,4.909
23753.8,18628.5,10704.6,16.98,56.04,0.086
29393.2,24421.5,20226.3,25.37,77.8,4.918
40137.7,23463.8,24659.3,16.32,53.54,4.921
27061.1,16540.2,12669.6,24.6,91.3,4.918
36605.3,29736.7,16595.4,15.9,62.58,0.084
28723.3,20269.5,20752.9,27.12,32.78,4.905
32156.3,21945.9,22540.4,21.33,75.2,4.911
26361.1,15427,12214.5,17.22,62.59,4.921
29421.5,23920.7,9351.33,20.53,47.5,0.079
21937.6,18815.6,7398.8,10.95,47.63,0.078
32795.2,17517.1,16751.6,12.73,74.1,0.081
39572.4,22972,23945.8,11.88,85.7,0.072
33359,17989,22000.6,18.43,71,0.081
29146.2,21287.9,14936.4,18.94,81.5,0.071
37782,24569,22877.5,26.64,53.55,4.907
23321.9,13591.5,15044.5,8.7,87.2,0.089
31248.8,22662.5,17431.6,28.72,26.19,0.075
22989.6,17626.6,10282.8,13.87,86.5,4.915
38666.4,23409.1,23317.9,9.89,73.2,0.077
23550.4,14341.6,15452.5,5.593,73.4,0.087
41058.3,24583.6,25390.3,14.1,63.55,0.083
44655.8,28508.7,19392.6,18.47,91.1,0.079
34256.2,22030.4,16736.4,13.66,65.01,0.087
22097.6,12926.3,11112.7,15.81,83.7,0.083
38153.8,31805,20483.9,19.6,67.65,0.073
30387.8,21728.1,9334.93,12.4,67.54,0.087
48349.5,32449.4,35757.7,22.79,62.78,0.07
33903,23962,23901.6,28.01,31.89,4.915
36369.2,25496.5,22721,26.6,73.1,4.91
23827.7,19156.6,10502.2,8.34,77.9,4.916
25978.9,16097.4,12904.7,14.41,85.7,0.072
35151.7,23238.4,18002.9,27.98,35.7,4.918
22905.8,11799.4,13679.3,13.84,71.4,0.083
42875.8,25286.1,27323.1,20.32,64.15,0.081
27729.6,16694,14032.3,22.17,89.6,0.329
23467.1,13203.6,14455,10.4,90.6,0.071
32486.2,23950.4,17459.3,22.27,51,0.077
35402,18700.3,14848.6,16.71,56.34,0.084
27697.7,16881.1,12208.4,21.28,84.5,0.283
21648.8,12813.4,14373.9,7.29,61.94,0.088
21024.9,12167.4,11287.3,14.32,85.7,0.069
37893.7,30902.5,18704,20.75,70.9,0.082
33498.3,18725.8,18345.2,12.96,85.8,0.07
38971.1,29822.6,29413.9,28.8,75.8,4.907
36103.7,22570.2,16811.1,13.98,69.28,0.072
38670.6,27484.7,31189.5,26.18,84.5,4.914
31538.4,21302.8,16481.3,26.1,31.29,0.079
32898.5,28178.9,9172.05,18.66,62.86,0.076
32030.8,24887.6,12566.7,21.64,51.43,0.084
34231.9,21552.6,20830.8,11.18,65.55,0.087
42615,29503.3,33554.9,28.09,78.2,4.902
35013.4,21106.1,22465.2,13.77,81.1,0.082
34451.7,19167.6,14685.4,23.88,65.26,4.926
35650.8,26643,26859.9,26.56,69.8,4.911
42824.9,21684.3,28509.1,14.42,89.9,0.069
41512.8,29954.4,32553.6,35.98,29.84,4.907
36044.6,24444.1,10825.7,21.62,77.7,4.915
19746.8,13524.6,13827.5,6.003,86.3,0.085
33648.7,28525.3,14613.2,9.86,69.39,0.085
29788.3,20403.7,17530.7,32.99,14.01,3.97
32802,23911.3,26127.6,27.96,33.64,4.907
31397.9,17739.7,21009.5,15.39,89.5,0.071
35958.7,20600.8,18089.4,25.51,51.27,0.072
21466.3,13539.2,14319,4.408,76.7,0.082
30172.9,20276,19288.8,13.75,70.4,0.074
43371.7,26910.2,25491.7,20.47,89.1,0.066
39508.1,28359,31364,27.35,35.41,4.91
32340.7,26518.6,13529.9,10.95,82.4,0.086
32779.7,20126.4,15735.9,15.47,68.49,4.914
35806.6,25891.9,28011.5,25.02,85.6,4.91
27379.1,15436.6,13761.6,27.56,45.12,4.924
37385.8,25177.2,25112.6,26.59,70.2,4.922
22460.8,18274.3,10170.5,8.89,85.9,0.085
27512.5,16778.1,16706.9,15.84,54.61,0.082
35335.6,22180,17829.4,24.46,58.32,0.07
25699.4,15932.9,11223.9,11.4,79.4,0.076
42167.1,25645,25677.1,16.37,68.79,0.077
38527.6,26145.6,32222.3,34.56,25.11,4.924
25181.7,12601.8,13760.3,14.04,62.57,0.082
27145.5,17367.1,12391,10.91,88.4,0.088
22600.4,11986.3,9590.19,20.41,76.9,4.919
24185.9,13331.7,14603.2,14.47,85.6,4.909
35642.8,21926.9,18154.5,27.25,50.17,0.068
37328.1,27747,30413,26.67,41.58,4.908
33571.5,22121.6,17222.1,17.53,47.63,0.082
42774,25731.4,27145.8,20.98,81.9,0.064
35817.7,22205.5,16759.5,18.66,44.41,0.085
32795.4,20576.8,14391.2,20.06,78,4.913
27022.8,16218.7,12949.8,23.47,61.55,4.921
31664.5,17879,18042.2,15.74,87.1,0.071
22086.1,13404.3,14880,14.97,68.97,0.072
30063.8,20250.5,19575.9,8.49,84.5,0.077
33646.2,20838.2,10743.8,21.58,52.96,0.087
38010.6,32737.6,16716.4,10.51,59.35,0.077
32657,26433.9,9842.02,12.22,71.7,0.086
24680.3,13887.3,13363.2,20.55,82,0.066
22037.5,14235.9,14122.4,8.07,86.1,0.089
40779.6,23337.8,23928.4,13.43,59.45,4.921
41176.6,26994.3,23684,28.87,40.51,4.905
39210.1,28496.2,27486.5,34.8,25.51,4.908
27027.7,21057,14590.8,11.7,75.7,0.082
35884.1,27559.9,24290.4,15.25,64.02,0.082
33493.8,21029.3,15985.2,22.58,48.35,0.076
31027.7,25471.5,14862.7,17.24,77,0.076
34349.7,20746.8,12849.7,24.58,56.15,4.919
27169.6,21765,9939.98,17.8,57.14,0.083
22971.9,17482.7,10913.8,14.09,71.2,0.081
33506,20904.9,15816.8,15.15,65.51,0.079
24938.8,15960.5,10143.2,18.53,85.3,4.918
38400,23111.9,19979.8,28.58,35.29,4.922
27944.6,22752.9,9033.25,18.21,52.15,0.078
23996.8,15182.3,17093.2,20.52,67.37,4.91
23483.1,18543,12393.3,12.35,75.8,0.083
21059.2,12207.9,14162.9,11.6,71.7,4.922
27304.9,16474.4,11612.9,10.61,89.3,0.067
46526,31655.3,16809.3,20.92,78.7,4.917
40735.5,28157.6,27692.5,29.54,61.12,4.904
37404.8,23337.3,21378.8,27.53,64.45,4.92
40590.1,34685.5,16341.9,15.49,60.48,0.095
30941.4,25487.6,10274.2,16.49,68.56,0.074
38234.7,22962.2,23158.2,19.27,57.47,4.917
22795.9,13696,14373.9,15.53,62.45,0.084
29175.4,22143,10756.6,21.37,41.51,4.918
20509.4,12479.3,10243.2,14.08,89,4.916
44971.3,26524.7,19456.9,22.43,77.9,4.918
21261.5,16497.5,8836.63,18.97,80.2,0.068
28289.2,20785.5,17760,20.75,64.81,0.071
30087.1,17850.3,14673.6,21.14,60.22,0.272
37098,25880.5,28077.7,31.26,14.04,4.905
32285.9,26691.6,10014.9,20.18,27.47,0.085
24815.2,16870.6,11420.9,18.9,54.41,0.08
20694.7,13127.1,14330.6,13.79,74.5,0.083
25368.5,14432.9,15567.1,10.41,87.9,0.074
32299.7,21636.5,13376.4,15.29,82.9,0.075
35233.9,19818.7,16878.3,25.57,33.6,0.081
26078.9,14542.2,14320.2,21.25,75.9,0.068
39482.9,33632.4,16146,11.41,70.6,0.09
29372.3,23098.8,11294.5,21.21,65.88,0.075
36649.5,20569.9,19636.4,17.33,76.8,0.071
32901.3,21964.7,13515.2,15.35,82,0.069
22924.6,14301.5,15446.7,13.14,65.28,0.08
30344.6,25557,17690.6,20.45,59.34,0.072
22928.4,13479.8,14795.6,13.82,81.5,0.08
34125.2,20935.3,13515.9,24.95,40.58,4.923
39607.9,21266.9,24469.7,23.56,75.4,4.92
40133.8,34317.3,14970.5,13.96,68.18,0.081
33892,21222.8,15132.4,20.38,62.79,0.095
32881,20257.3,15828.4,15.6,76.3,0.073
34992.3,19766.3,17197.3,23.51,67.8,0.069
23875.6,16089.9,18316.3,24.02,85.8,4.913
31133.2,18699.8,22567.4,27.18,53.8,4.922
47551.9,28066.5,21604.4,22.21,55.22,0.268
44868,28230.4,35349.3,27.16,48.37,4.923
36433.3,21184.6,14338.2,24.11,60.82,4.924
23961.4,14122.8,14889.2,8.99,63.3,4.917
34727.4,20009,17902.5,16.46,76.5,0.073
34510.4,20507.5,18996.4,16.52,74.3,0.071
45053.2,29631.6,27626,14.43,56.99,0.084
25907.7,20744.6,10918.6,12.15,83.6,0.072
26735,16814.6,12042.6,13.71,85.7,0.084
50126.7,33593.7,40308,26.08,62.28,0.068
41036,30301.6,31905.7,26.7,63.99,4.905
26185.3,19851.3,15233.6,21.01,41.65,4.91
37072.4,22979.9,17881.9,27.19,79.2,4.927
23248.3,13613.4,14794.8,9.64,87.4,0.087
34662.1,22010.1,30005,27.87,72.3,4.917
48701.1,32069.3,35787.8,25.83,54.65,4.929
30691.5,18842.6,14680.8,13.63,68.93,4.91
33481.2,20258.2,18618.2,16.25,73.8,0.072
44657.3,24876.8,26059.9,29.29,27.75,0.075
30880.6,24633.3,9588.48,15.25,58.11,0.079
23089.6,10778,12677.8,14.58,91,0.07
48089,28017.9,33224.9,21.84,84.2,4.916
37015.4,29967.8,17031.3,18.43,74.8,0.072
38344.8,23242.8,15144.3,22.99,75.9,4.92
41662.3,34020.7,19649.4,21.87,65.33,0.083
25978.9,16222,12858.2,14.09,90.5,0.07
23957.5,13281.1,9519.59,18.38,73.4,4.916
32693.3,23246,17280,22.37,53.52,4.906
46902.9,30239.2,38867.9,33.11,23.48,4.916
22643.3,18635.2,8343.82,8.96,92.7,0.082
36259.7,22305.9,21833.2,21.52,49.93,0.079
31538.4,19326.3,18008.7,24.95,41.57,0.072
34918,20246.7,16636,31.16,38.91,4.934
32476.6,20315.9,15625.2,15.16,63.61,0.081
49907.2,31131.6,43332.6,28.25,52.58,4.91
21864.6,16824.8,9837.11,14.69,55.07,0.082
38018.6,25291.2,29498.2,26.23,80.7,4.918
33468.8,19591,18286.5,20.29,51.4,0.089
23033.7,13208.7,9197.33,16.86,90,4.914
25648.9,15858.2,19738.2,23.03,74.1,4.91
22104.3,13294.8,14469.4,16.69,62.82,4.92
29081.3,19338.1,18658.3,24.27,76.8,4.911
32256,20244,19880.2,20.95,67.25,0.079
35252.5,22703.4,17670.6,21.4,67.47,4.923
30690.6,19083,11204.9,17.3,64.93,4.923
37395.4,22011.6,16544.6,25.14,54.05,4.924
42724.8,27064.6,32866.9,24.46,82.9,4.919
41592.2,28400.8,29377.8,22.34,71.2,4.905
28978.6,19632.9,21334.9,22.2,57.63,4.904
31932.1,23963.9,11677.6,19.47,87.4,0.073
43633.2,25641.3,24695.6,13.05,55.01,0.083
31037.2,19262.2,13597.6,18.38,84.1,0.172
36866.5,22716.6,13854.3,23.69,38.52,4.924
28501.2,17479.8,20936.9,22.07,75,4.918
38406.4,22269.9,29721.6,22.76,84.2,4.919
29789.4,25745.2,16112.8,18.22,70.1,0.081
31527.5,19123.4,14721.3,13.95,64.85,0.081
38990.8,32723.6,17407.2,19.14,66.01,0.083
26168.5,18430.4,8019.28,19.85,84.7,4.911
22221.6,12564.7,9893.44,18.74,90.3,4.914
44544,24824.8,26298.9,21.79,46.03,4.922
35288.8,23687,24653,21.45,74.4,4.912
22442,12036.5,12897.8,14.97,56.71,0.08
28869.2,18583.3,12977.5,17.3,87.5,4.918
22886.7,18716.2,6978.15,15.24,64.65,0.081
29822.9,18460,18574,24.52,88.7,4.918
32658.2,20538.6,15452.5,16.58,71.6,0.073
34126.8,20214,19595.6,13.83,68.78,0.077
35052.2,20447.4,16649.6,16.93,73,0.074
35088.8,21154.2,17898,23.92,50.65,0.073
43257.2,26356.3,27275.8,20.11,69.65,4.917
25541.9,16405.4,11175.7,18.74,85.1,4.915
26966.1,16394.2,11881.8,18.03,66.89,0.114
41401.5,25265.7,25573,12.55,69.59,4.923
38518.5,22964.6,23254.8,13.63,74.7,0.087
31759.3,19973.3,15566.5,14.38,65.87,4.916
23052.3,13423.2,14011,10,82.1,0.071
25999.3,17135.6,12266.8,13.7,69.41,0.071
40371,27968.4,29703.8,29.65,49.62,4.911
24736.7,16465.8,19997.3,20.68,67.37,4.91
22544.1,13846.2,11756.3,17.42,72.3,0.076
28130.2,19344.3,20328.7,22.52,50.76,4.912
24081.7,14326.8,14620.6,7.9,87.3,0.084
45563.9,30753.4,16626.9,20.69,79.4,4.923
22918.5,13885.7,13995.2,11.76,56.99,0.09
45078,28064.3,19357.6,20.37,78.3,0.081
21329.3,16926.7,9478.99,14.13,83.5,0.079
38344.6,31619,21808.2,18.25,72.3,0.072
39859.7,23569.2,21047.8,22.06,75.8,4.92
24406.8,14629.8,14906.5,15.17,57.28,0.079
27085.9,21122,9979.33,21.22,57.94,0.085
28052,21094.4,17912,26.4,63.39,4.905
22067.8,13750.8,14012.5,9.21,76.7,0.081
39188.5,26644.6,24279.9,26.03,41.98,4.927
24826.3,16154.4,11629.9,11.72,82.8,0.085
35877.1,23228.2,12249.5,22.26,71.4,4.917
21262.4,15807.3,9352.22,6.817,87,0.09
34364.6,21047.3,13381.6,25.32,36.08,4.918
24789.9,15297.3,11722.4,11.83,49.45,0.087
21225.9,16867.8,9709.48,7.2,78.8,0.085
35325.6,22263.8,16580.2,18.77,42.44,0.086
33915.2,20764.2,17960.7,19.47,58.74,0.071
25293.6,15187.6,15262.8,14.79,71.1,0.072
30824.6,25687.2,10907,21.57,64.38,0.073
37653.7,25720.3,31625.8,31.84,54.19,4.91
29950.7,24382.7,21691.8,26.35,61.12,4.901
29611.9,20782.7,20415.8,22.05,43.39,4.909
31752.4,17892.3,17052.6,33.73,22.08,0.639
29175.4,23876,11635.7,20.87,62.31,0.074
28990.7,17820.4,13469.5,21.97,77.3,0.069
41442.7,30057,31167.9,34.94,24.01,4.906
28360.7,16566.6,16851.6,10.31,82.9,0.075
37974.1,31485.7,15731.1,14.97,78.3,0.082
33419,20772,16405.9,10.73,65.84,0.079
24473.9,14403.6,14452,8.87,81.1,0.084
33351,18289.6,18688,15.86,86.4,0.077
26937.2,16320.7,12727.7,9.14,87.7,0.084
22710.5,12368.4,13650.3,9.88,86.9,0.076
28539.6,16016.7,19322.2,16.02,85,0.067
32278.9,20675.7,16750.5,25.07,75.3,0.321
21111.9,13258.4,11022.2,6.243,63.37,0.081
37207.2,24413.9,23576.2,25.84,74.3,4.921
32040.4,22374.7,27938.4,25.47,46.35,4.908
34791.9,21176.9,16845.8,12.81,56.76,4.918
27646.7,17214.1,9631.38,19.64,88.9,4.912
23480.7,15113.3,10610.5,19.31,91.4,4.917
35857,21817,21628.1,23.85,45.87,0.08
22849.2,19885.5,7390.84,9.52,74.8,4.924
22615.4,16720.7,10305.5,15.17,87.1,0.072
25214.3,13958.4,15572.7,19.94,85.2,0.066
38321,24977.5,24532,10.58,81.6,0.082
23781,16514.3,7681.15,5.514,93,0.081
31295.6,26637.8,12529.6,21.34,81.2,0.081
39464.4,21684.3,26141.1,14.72,84.4,0.071
34118.8,20089,16443.9,15.55,55.59,0.085
32023.3,19661.5,24818.2,20.55,88.3,4.92
34248.8,20801.2,19375.6,13.78,69.62,0.076
49442.7,36201.5,37960.6,29.05,50.88,4.907
35819.4,23759.2,25802.6,23.44,63.68,4.904
43499,26531.3,25234,15.72,58.01,0.082
37268.4,29887.7,16336.1,15.93,60.71,0.083
31643.4,19262,15595.4,10.36,77.6,0.083
35000.7,21919.5,21314.3,17.24,58.82,4.919
34293.5,28819.9,14538.3,12.27,78.8,0.077
29600.4,21349.8,11204.9,20.67,70.6,4.925
24242.8,13340.5,14528,16.6,83.5,0.065
22873.8,16791.1,16551.7,25.87,87.8,4.91
24670,14959.8,14835.5,11.7,83.2,0.082
33524.4,19737.8,20514.2,13.45,61.75,4.917
26276.5,17090.8,13114.2,12.33,76.6,0.087
40418,22803.7,24201.3,12.97,81.7,0.083
36238.4,23688.1,18160.2,24.11,56.32,0.07
31507.2,24364.5,9092.92,11.79,78,0.086
39003.1,32414.9,17418.8,20.47,72.8,0.072
42449.5,25185.4,24736.2,10.63,81.2,0.073
31024.7,21318.7,21908.5,27.74,72.8,4.906
39699.9,25523.1,23274.7,27.11,51.28,4.906
40401.5,34052.2,16578.2,12.54,66.19,0.076
31298.7,17259.5,22062.5,15.55,71.9,0.074
23606.2,18401.7,8582.17,13.64,86.4,0.081
35634,25268.4,27975.4,25.81,88.8,4.907
40575.7,28450.3,31291.8,23.1,64.48,0.068
29423,21959.3,15560.9,22.81,77,0.068
31884.4,25955.2,9657.62,17.79,68.26,0.076
37436.8,24649.4,29938.7,24.32,86.6,4.919
22479.1,17604.2,6914.77,13.67,80.2,0.079
29246.5,19708.9,23136.4,24.16,86.7,4.915
33575.4,27119,14683.4,14.74,69.56,4.919
32259.8,21330.6,16173.9,26.85,61.85,0.325
20696.6,15689.5,9588.48,13.52,55.04,0.08
28742.5,18536,19001.4,23.33,56.55,4.923
31397.7,26076.7,9588.48,15,54.92,0.085
38788.9,23664.4,24543.6,13.43,66.96,4.914
35793.4,22995.8,18337.5,27.62,33.89,4.916
43133.2,27311.9,25555.7,13.22,75.6,0.083
35714.4,22953.2,17950.8,11.23,66.01,0.089
30886.8,19032.2,18733,13.84,66.49,0.083
32045.5,19206.2,9436.6,20.18,55.86,0.09
44804.3,29088.6,38777.6,27.39,37.98,4.921
35122.6,22333.7,26819.8,26.59,77.9,4.925
24280.2,15806.5,16244.8,19.61,44.05,4.909
21451,17493.7,9611.52,14.84,58.85,0.078
22310.9,14148.3,14920.5,8.96,76.5,0.082
37077.6,22262.4,23116.8,20.44,89.3,0.063
32699.9,15074.5,17786.2,16.47,77.5,0.073
26225.8,14890.2,12767.3,21.53,75.7,4.914
22788.8,13463.4,13999.4,8.58,87.2,0.075
23883.1,18769.8,11508.4,19,70.2,0.073
33292,18621.2,14191.1,24.12,52.03,4.924
27621.2,17476.1,8131.07,20.55,78.3,4.915
30508.5,21085.7,15844.3,11.87,83.2,4.919
34376.9,20939.8,22698.5,8.88,51.48,0.096
30320,25657.4,9958.55,16.34,50.08,4.915
26149.4,14875.3,12549.6,21.28,77.1,4.912
22298.7,13845.6,14105.1,9.98,75.1,0.084
33432.2,21618.7,12837.9,21.57,87,4.911
40370.9,24758.4,24381,20.03,73.1,0.08
25857,14575.5,12395.4,20.12,70.8,4.917
31639.1,20355.4,15577.7,25.18,26.63,4.923
37302.9,26005.1,27685.4,29.1,47.88,4.91
28609.2,21901.2,16441.4,20.45,66.34,0.073
25432,16355.7,17424.6,21.39,67.37,4.902
27403.1,19848.3,15730.1,20.03,73.1,0.071
20215.4,14426,7645.3,18.17,79.9,0.07
32193,20600.6,16213.1,22.34,67.96,0.068
44567.5,25786.3,19468.4,22.05,70.6,0.065
31827.9,20875.5,14761.5,19.26,82.5,4.917
41359.8,34095.4,19789.4,17.75,80.1,0.082
20978.5,14582.2,9617.35,12.05,83.5,0.077
38776.1,21746.6,25041.5,16.04,65.13,0.082
20245.8,12102.4,10248.4,11.02,58.11,0.077
27262.3,16685.5,11391.6,19.99,87.9,0.068
24291.6,15005.5,11589.4,8.47,85,0.089
26141.5,21183.5,11363.9,21.3,72.2,0.069
23258.7,15176.9,14712.3,9.4,84.4,0.077
34776.2,18741,16653.8,23.2,69.83,0.073
32699.9,18399.6,17704.7,22.86,25.59,0.088
31779.1,21364.3,21890.4,26.89,77,4.908
29733.6,18795.1,18924.1,9.26,86.8,0.083
21946.3,13918.5,14099.3,10.68,80.5,0.084
40282.8,22325.9,26123.6,17.44,71.4,0.087
23209.1,19386.3,10072.5,13.36,85.7,0.084
28313.8,21663.2,11230.8,20.57,53.94,0.079
32519.5,22112.2,15979.4,24.12,37.95,4.919
25393.2,20122.7,7854.02,6.536,87.4,0.082
22953.8,17933.1,10114.7,19.01,81.8,0.07
36578.5,29588.4,17170.1,19.79,74.7,0.066
31987.7,26624.4,11068.9,22.46,49.7,0.087
38606.6,24167.8,19408.2,14.29,49.08,0.082
29359,16756.2,16481.9,16.75,54.71,4.918
22092.7,12974.2,13717.7,21.14,81.2,4.917
31184.6,22683.4,24261.8,26.97,82.4,4.908
36655.7,17039.5,17448.7,18.13,79.3,0.074
43114.2,25350,25083.9,16.01,69.95,4.916
49730.3,33160.3,38995.9,26.53,53.68,0.071
32006.2,26706.2,10560,19.6,57.89,4.918
22574.2,13434.1,10610.5,18.86,90.8,4.919
24985.4,13861.1,13959.9,22.04,72.4,0.068
37353.9,25169.6,27528.7,34.73,29.38,4.907
31787.1,27295.5,13449.2,9.96,76.9,0.083
49046.1,31572.2,43971.2,26.43,77.8,4.913
45071.7,25887.1,19526.8,21.67,72.2,0.067
34584.5,20773.2,20647.7,12.1,82.3,0.084
28935.4,21860.3,18777.8,19.74,67.71,4.922
44859,27020.9,25062.3,24.8,89,4.92
22598.8,12885.4,13482.6,10.56,67.31,0.083
28929.2,21607.4,18737.3,19.55,69.25,4.921
26389,16019.8,15851.7,18.54,72.3,0.075
41342.9,29799.8,26783.7,26.77,74,4.902
40899.7,24787.8,25372.9,13.64,67.42,0.084
34547.3,19541.8,16647.9,24.69,35.34,0.083
34445.6,21521.4,16854.6,24.87,66.03,0.072
37288.8,23560.6,12395.4,23.1,71.2,0.075
40785.6,27330.4,27570.9,27.41,63.2,4.908
35479.1,21556.1,19718.7,14.67,68.58,0.083
25494.9,16327.3,14986.8,22.44,75.6,4.911
24399.7,15183.9,15047.1,20.3,73.5,0.076
44846.6,25589.2,25657.1,20.48,85.6,0.065
29322.5,13889.4,14648.7,12.6,65.98,0.083
36529.2,29941.7,17112.3,19.19,69.18,0.076
46264.8,26928.9,19815.8,27.21,35.58,4.925
29563.1,24902.5,9333.98,15.37,37.97,4.914
34802.9,23960.7,22052.9,26.31,73.7,4.908
32336.2,21443.2,16632.3,15.44,64.93,0.074
20848.7,16278.6,9490.52,5.572,85.7,0.084
38565.3,21119.8,25146.2,18.84,55.86,0.082
38444.9,22876.8,18174.2,16.62,66.89,0.073
36266,22744.3,18346.9,21.51,70.7,4.921
23236.1,12468.3,13796.1,9.87,88,0.084
36412.3,29904.5,21443.9,14.9,85.2,0.076
33733.7,20925.2,16158.1,16.35,73.5,0.075
37489,22679.3,18063.9,18.29,45.13,0.078
40205.6,25342.2,30206,21.42,71,4.915
37665.8,23679,23034.2,13.82,66.62,0.085
46054.5,28313.5,23440.1,23.71,76.6,0.273
21753.8,15958.3,10484.8,15.36,81,0.074
40243.7,24522.7,22573.3,22.29,50.22,0.079
33100.9,19564.2,15238.4,18.3,80.6,4.925
35170.3,21139.7,17870.8,23.74,57.21,0.07
32635.8,22704,13443.9,23.88,64.73,4.923
31667.7,25594.2,9837.11,18.7,58.49,4.918
45863.8,25596.7,27476.7,22.02,78.7,0.084
23601.4,14235.9,14663.4,15.56,64.22,0.077
42791.2,24459.6,25413.5,13.68,74.3,0.073
24524.6,13150.1,9619.61,19.36,69.79,4.92
32221.6,18131,16215.1,27.36,34.41,4.927
40876.2,31544.7,27873.1,27.51,73.2,4.905
25867.7,20340,7663.87,8.3,86.7,4.918
47808.6,31963.3,42796.3,29.97,40.85,4.907
44603.5,27133.1,25856.4,14.69,73.2,0.076
28997.7,19131.6,21636.2,20.87,70.9,4.917
37778.5,32511.6,15585.5,17.26,52.82,4.921
23272.9,13803.7,14225.8,10.04,84.8,0.078
24836.1,13836.1,11870.2,17.97,86.9,4.915
48038.3,32612.7,37217.1,27.72,46.12,4.903
32424.4,20028,15132.3,11.83,65.41,4.916
22454.2,13480.9,14466.6,14.77,57.64,0.079
23362.4,12724.6,16011.6,15.25,72.7,0.07
33149.8,26883.1,14866.7,15.26,56.34,0.081
50755.6,35008.9,47429.6,29.39,33.38,4.909
25062.1,13192.7,12611.6,13.32,55.71,4.919
28368.6,18496,13283.9,6.845,85.3,0.093
38932.7,24185,23124.3,24.62,87.1,4.92
18526.2,10253.8,10164.4,12.73,83.5,4.916
33092.9,21877.2,26474.3,24.33,85.4,4.914
34057.5,20732.9,17761.9,17.16,61.32,0.074
23179.9,14332.6,12819.7,20.7,89.7,0.067
31643.5,18860.8,16603.4,11.25,67.75,0.089
34578.9,22275.9,12838.9,21.42,69.6,4.92
31433.8,24515.7,17482.4,18.52,66.81,0.075
31025.9,17897.4,17832.7,22.87,51.68,4.92
26766.7,16450.8,16265.6,20.57,70.9,0.078
36889.2,23442.7,19483.7,19.79,60.79,4.924
27684.6,18362.2,9815.93,19.64,75.3,0.104
30330.9,20327.8,20961.3,25.85,51.2,4.92
42571.5,24766,25205.1,13.61,75.2,0.072
29889.6,15769.6,14667.7,17.35,61.93,4.924
32584,25800.6,9674.91,10.35,77.4,0.088
36195.3,23022.5,22762.1,9.91,85.7,0.087
33370.2,20947.1,16047,19.06,44.06,0.083
23489.2,16988.4,8934.94,17.89,87.8,0.072
22025.3,13550.2,14313.3,9.51,62.4,0.081
41006.6,23115.6,27990.6,21.51,77.3,4.917
43184.3,26192,24485.8,19.01,87.2,4.914
23707.3,14095.4,15414.4,17.77,67.06,0.079
33720.8,21106,16281.6,24.81,62.29,0.072
24492.2,14753.8,13719.8,8.65,89.4,0.081
39591.2,26370.9,24809.5,28.08,41.11,4.903
23078.2,11761.7,10672.8,14.27,77.3,4.915
24443.5,16117.9,13301.2,5.524,87.7,0.088
29339.4,17442.8,14801.5,14.13,89.8,0.258
37737.3,23428.5,21764,27.19,65.99,4.921
31874.4,21045.6,16458.8,15.34,66.83,0.071
39139.9,28070.9,33529.7,28.65,62.85,4.908
25677.9,16061.5,10502.1,20.46,69.02,0.275
22765.4,13178.1,13858.7,15.17,58.21,0.08
24304.8,13373.5,15447.3,16.19,82,0.072
39482.5,25990.7,22787.2,27.62,34.94,4.907
35386.5,20020.8,22803.7,30.06,51.77,0.068
23790.2,13113.2,15429.8,14.4,86.4,0.07
38642.4,24835.4,33511.6,28.23,42.51,4.909
22156.7,16790.4,8280.43,11.39,85.2,0.082
32672.7,21032.9,16182.6,18.56,60.65,0.081
35856.8,22057,21757.4,18.31,86.2,4.922
28282.2,17977.2,18188.8,20.04,78.5,4.909
20781.7,15339.7,9732.53,13.68,78.4,0.084
36723,23963.5,23334.9,10.93,53.59,0.086
29130.6,16080.2,15330.5,22.64,75.2,4.917
20282.6,10920.7,10892.9,11.81,71.9,0.081
46550.5,28395.8,28935.9,23.22,47.37,0.071
29796.5,19772.6,14035.7,10.9,76.1,0.082
24147.9,14455.7,14557.4,18.84,63.45,0.083
38005.8,29020.5,29341.7,28.7,74.8,4.903
21025.1,15431.7,9455.94,8.36,90.1,0.083
42130.6,26618.8,25573,13.34,74.6,0.085
31914.8,25561.2,9553.9,16.49,60.45,0.087
22417,11885.2,11543.6,20.44,81.7,0.068
30443.1,26315.7,11311.8,22.52,52.84,0.084
34808,19400.4,19275.6,19.82,61.19,0.085
24815.2,19636.7,7243.22,8.22,86.3,4.915
26837.5,15885.7,14385.3,19.24,68.06,0.15
22892.9,12841.5,14609,10.37,89.3,0.072
34081.6,21120.7,17151.7,20.57,67.76,4.923
22356.6,13521,13088.8,7.37,59.83,0.086
28870.3,20155.4,22335.8,25.65,89.3,4.912
46501,30740.5,43386.8,25.28,60.09,4.905
22631.2,13506.4,13980.3,6.573,63.64,0.084
30065.3,19597.5,13846.2,18.92,75.7,4.918
23455.4,12937.3,15156.4,15.52,86.4,0.073
26177.4,16500,11218.1,8.56,88.5,0.087
28710.5,19718.3,21306.6,19.56,57.99,4.905
45046.6,28484.8,34192.5,30.92,34.68,4.915
21758.6,12627.4,13887.7,7.66,88.6,0.085
24590.1,13905.1,16535.3,15.18,69.66,0.075
37263.5,25162.7,12197,19.24,88.8,0.079
40899.8,22617.9,21292.6,22.18,60.85,4.92
40154.3,26794.2,13402.7,24.59,51.65,0.287
25457.3,15778.3,15379.4,15.76,87.4,4.917
33104.2,18336.1,12272.8,22.23,71.5,0.068
36299,22201.8,22681.1,10.63,79.4,4.916
31447.5,16196.3,19083.6,20.74,54.51,0.076
26162.4,17283,11840.6,16.43,89.4,4.91
35090.8,20936.2,21870.6,12.98,70.6,0.079
31472.2,22181.6,22077,24.74,65.55,4.904
41899,29784.6,28053.7,35.44,28.61,4.908
34721.2,22160.9,17931.6,23.13,42.84,0.085
22460.3,13823.7,10524.3,10.13,84.2,4.914
42342.1,30026.6,33945.4,34.25,34.62,4.91
42620.3,25258.4,24655.1,12.57,49.44,4.922
34938.2,19143.8,20101.8,16.2,85.8,0.069
46165.8,24954.9,24752.9,14.18,74.8,0.073
22272.2,17799.3,10066.7,9.77,85.9,0.079
36800,29402.5,17522.9,19.77,69.41,0.07
36001.6,24319,30499.1,22.91,74.8,4.911
29791.8,19695.2,14166.6,21.8,79.1,0.072
29893.2,20068,19892.2,24.49,75.5,4.909
25214.2,15718.3,10784.7,18.6,80.5,4.914
32381.5,24582.6,13364.8,20.44,43.1,0.087
42507,26345.1,25485.8,20.98,86.5,0.066
46205.9,27666.9,26234.8,20.28,68.55,4.917
25545.4,14990.7,14977.2,18.28,70.8,0.078
19390.8,13340.1,7240.48,15.48,87.3,0.074
30669,20924.1,24305.3,24.22,87.4,4.914
39335.5,26906.9,26801.8,28.63,42.85,4.907
29661.8,16863.5,19578.2,14.96,69.84,0.082
37213.1,23135.8,21414.9,27.13,64.09,4.926
37661.5,30101.7,16221.7,15.96,72.9,0.081
34578.5,28911.6,14920.5,12.4,78.5,0.072
45109.5,29027.8,19806.9,24.01,54.38,0.086
30898.5,24132.6,11236.6,16.22,53.12,4.917
35392.4,20899.7,17199,17.79,63.72,4.916
43272.9,26294.2,25035.2,11.95,82.3,0.076
34645.8,20495.1,20972.9,13.16,53.67,0.087
19716.7,10103.5,11269.8,11.48,88.2,0.081
37471.8,23467.4,22833.2,20.62,88.4,0.069
41461,23883.3,25668.2,15.05,66.66,0.082
19747.5,15324.9,8147.9,9.21,85,0.08
24056.5,15916.8,16798.5,21.49,48.95,4.902
37991.5,23224.4,21582.6,16.11,68.28,0.085
44364.3,26261,25623.9,15.57,81.2,4.91
30953.9,18944.7,15277,14.55,62.88,0.081
34662.3,20269.5,16738.3,31.41,38.28,4.928
46729.1,28986.7,19474.3,20.31,89.1,0.077
37598.1,20122.6,23994.2,15.35,82.8,0.073
24403.5,14478.6,9843.19,21.73,90.2,0.313
27605.1,16580.5,11746.5,12.43,76.4,0.083
32054.6,20043.3,15175.4,23.03,69.68,4.92
34061.5,26773.1,19159.5,20.3,66.94,0.069
18500.4,13837.4,7998.08,12.87,70.4,0.083
32104.7,18813.8,18717.1,23.1,48.45,4.924
23483.1,16583.1,13769.6,13.78,82.8,0.084
49027.1,32400,38682.9,25.1,69.95,0.067
33782.3,21756.8,17788.9,12.93,56.53,0.082
22892.9,13704.9,13970.3,14.15,83.7,0.085
34113.6,16636.3,18647.3,16.37,79.3,0.075
46928.4,30148.1,38199.2,25.42,69.06,4.911
26137.2,16398.8,15595.1,16.24,86.6,4.921
21270.5,13302.1,13424.6,7.44,89.1,0.082
33016.7,20739.2,17465.1,13.01,53.92,0.082
36364.6,23059,23635.7,13.1,77.9,0.077
31135.5,18312.1,18311.9,27.06,39.53,0.078
44430.7,27072.4,26333.9,21.22,78.7,4.918
36904.8,19889.8,15603.2,25.75,44.78,0.294
22496.9,13327.7,14918.1,8.24,54.46,0.091
31625.8,20946.8,25004.2,22.76,83.7,0.057
49570.5,33323.8,36299.4,26.17,57.73,4.908
30082.1,19678.5,23570.2,24.21,85.9,4.915
26054.2,15399.4,16637.4,13.66,75.6,0.073
32047.7,19752.4,15578.7,15.83,58.16,0.078
35882.4,20488.6,23412.2,24.51,68.65,4.922
33381.2,18303.1,13761.6,23.11,57.13,4.919
24881.2,16095.5,16497.6,25.07,93.1,4.908
36875.5,27474.7,35493.9,25.45,80.7,4.916
35203.5,21469,15809.1,25.4,67.89,0.27
18263.1,13185.6,6223.29,9.03,85.4,0.083
25491.1,15168.3,16734.2,12.75,72,0.081
46080,28118.9,28752.7,23.91,45.57,0.069
21478.8,13062.5,11560.8,18.38,83.4,4.916
27625.9,23484.5,12112.4,9.7,79,0.084
38472.5,24029.1,19657.4,25.65,84.6,4.924
35277.6,22878,17845.5,21.47,66.7,4.918
25423.6,20196.4,8084.51,4.785,86.4,0.083
47036.9,27804.3,26392.2,18.37,74.5,0.068
28481.1,20559.5,25389.8,24.88,85.4,4.916
30766.2,21674.7,12763,25.96,39.41,4.918
25281,14752.9,15490.2,18.72,87.5,0.067
29363.7,17282.9,13889,15.15,75.7,4.916
21332.7,13739.8,13948.9,9.37,84.6,0.089
32699.9,20393.9,16750.5,21.79,41.84,0.073
22529.5,18997.1,8800.49,18.08,65.78,0.087
39214.2,25925.8,24520.5,10.97,54.72,0.086
31756.7,24563.4,9490.52,19.57,44.96,0.083
31412.5,19530.7,17909.6,25.01,46.28,0.072
29020.6,19404.1,9115.62,17.44,87.1,4.914
26443.1,16476.3,12056.9,19.96,89.2,0.276
39847.9,34457.2,16174.8,14.29,51.11,0.092
33363.9,18969.7,18580.1,20.03,58.19,0.072
32387.3,21644.9,16309.2,26.9,60.79,0.307
31291.3,18778.4,13955.8,22.87,81.2,0.276
25583.2,15811.8,11799.8,15.41,87.2,0.068
26140.6,16658.1,14890.5,23,60.79,4.923
36407.7,19939.3,25262.5,15.61,72.2,0.073
44915.7,21954.9,25734.2,16.2,70.8,0.081
40237.1,27030.4,27775.7,34.02,30.18,4.907
41111,28386.1,30794.3,31.19,45.46,4.92
39809.2,33954.5,16522.4,14.68,78,0.072
24972.2,16785.4,16586,10.31,79.2,0.076
41992.1,26715.6,32882.2,25.79,61.07,4.92
23260.6,13858.5,14388.4,12.04,86.6,0.087
22570.2,13914.9,13789.3,14.3,64.65,0.083
43687.9,24828.5,26007.4,22.01,53.01,0.082
30910.7,19313.5,18538.3,16.39,77.6,0.07
38342.6,31363.3,26118.8,27.3,53.69,4.904
38926.3,26363.3,25507.7,29.03,48.12,4.923
41023.2,32734.5,38628.7,27.75,79.1,4.903
33144.4,20031.6,15942.8,9.86,86.7,4.921
37513.5,24082.4,26687.4,27.31,74.7,4.921
44744,24927.4,19427.6,23.03,59.92,4.923
42844.3,24256.3,25476.9,23.45,40.49,4.921
21719.6,12611.4,15611,22.13,80.4,4.911
33603.2,24383.5,29155.5,27.25,70.4,4.912
37949.7,23931.4,14726.5,26.69,43.81,0.303
39762.4,23268.3,23783.2,13.57,60.31,4.926
46155.5,27429.1,26194,19.97,76.1,4.922
22116.5,13583,14955.2,14.98,69.8,0.076
24083.4,14458.4,14808.1,13.02,57.04,0.081
36501,22010.8,12004.4,24.58,50.42,4.978
44915.7,22507.3,24363.9,18.25,70.5,4.915
37900,23769.7,17385,21.82,61.06,0.104
40428.4,30550.6,31300.4,32.15,35.05,4.907
34231.9,20615.2,16620.7,18.24,63.42,4.918
25566,17024.1,18292.2,24.9,60.72,4.907
23982.4,12680.7,16570.2,12.58,85.7,0.079
25956.8,14904.9,16008.4,10.52,87.6,0.074
31298.7,18733.2,19857.5,15.43,61.66,0.081
29178.2,17211.8,17355.6,25.78,37.44,4.918
26780.2,14527.2,12826.1,21.56,45.55,4.921
45431.5,27737.2,27264,21.1,82.6,0.07
24658.3,13523.8,16232.7,16.04,86.3,0.082
29712.5,26430.2,12077.8,14.15,41.52,0.076
29551.9,18291.9,12979.1,22.13,88.9,0.285
23735.4,17988.8,10450.1,11.14,83.1,0.077
42516.6,24383,25315.1,14.28,46.6,0.084
25271.1,15875,17599,24.27,93.5,4.922
26302.3,14942.6,11914.2,18.61,87.8,4.916
42217.6,24623.7,25847.6,14.17,69.53,0.083
27878.1,17307.7,20298.8,22.58,82.9,4.915
27112.3,15818,14992.9,22.3,70.3,4.921
23089,13361,14225.8,10.98,85.8,0.079
26401.6,15856.3,12557.7,19.06,85,0.068
22953.2,12207.7,13218.9,11.67,88.7,0.085
33729,21187.6,17175.1,24.96,53.61,4.92
26136.6,17842.8,7601.55,17.23,86.1,4.916
23662.4,14688.1,11548.9,11.49,75.8,0.08
29228.5,22981.7,9570.82,19.42,79.3,0.071
28991.4,19139.2,22654.4,24.25,85.9,4.917
29284.7,17234.7,16662,24.9,41.34,4.218
36851.7,19672,16031.6,24.34,41.04,4.92
37455.9,25427.8,33174.2,26.84,74,4.913
45098,26544.9,25284.5,25.44,39.73,0.081
33046.9,20533.5,19755.3,29.28,38.83,4.923
26600.5,17376.3,17251.1,9.98,72.7,0.086
32054.6,19813,19343.8,17.8,75.6,0.067
30576.4,26360.2,10130.1,14.23,38.25,0.078
22916,10968.6,15051.6,15.02,87.2,0.07
34165,20780.5,16685.8,21.71,67.26,0.297
20664.3,12904.6,14267,13.36,73.7,0.1
31972.9,19433.4,15595.4,13.62,61.5,4.918
27193,17652.7,9197.33,17.1,78.3,0.082
32774,21994.9,21822.9,25.06,77.1,4.911
30287.7,18703.5,22975,20.87,89.6,4.917
31667.7,21625.6,15456.8,24.57,41.25,4.919
21992.2,12585.3,11345.5,14.38,89.1,0.076
43257.3,26225.4,18974.5,26.7,66.12,4.974
44597.1,26608.5,24903.9,14.25,74.5,0.071
35676.6,21931.9,16440.6,14.13,68.98,0.073
41649.7,32004.6,29341.7,30.3,65.22,4.904
25681,13434.1,12971.6,13.61,52.44,4.921
23495.4,19015.3,11022.7,15.57,85.9,0.081
40509.1,25117.8,17945.3,20.3,80.4,4.916
21138.9,12817.3,11088.6,14.41,91.1,0.068
37045,23209.1,14214.7,23.98,78.1,4.924
26525,16431.5,11549.2,19.17,79.6,4.915
18996.9,12905,6610.12,12.02,71.8,4.918
38438.1,23437.4,19968,28.44,36.46,4.92
35957.5,21702.1,16933,17,29.62,0.087
31606.8,18167.8,16093.3,16.84,37.18,0.082
25920,13759.8,14614.8,15.16,60.79,4.921
23717.3,14370.8,14947.1,15.32,65.52,0.08
23361.4,16760.2,10703,15.9,83.4,4.915
34016.6,22280.5,19621.3,24.89,67.66,4.912
23969.6,14742.9,15007.2,16.52,63.75,4.923
28749.6,16924.5,12669.7,17.78,88.5,4.916
40479.5,28351.9,29667.6,28.98,58.83,4.911
28658.5,21045.9,11930.6,20.29,65.72,4.922
38242,24269.9,23583.6,10.62,80.9,0.087
26873.6,18121.5,21618.1,25.25,61.12,4.903
29547.6,19093.9,13680,17.23,72,0.083
26545,15409.8,16124.5,11.51,85.9,0.072
20670.8,16244.6,7974.94,13.96,87.4,0.082
32955.1,27078.2,12429.3,15.64,75.2,0.075
26084.1,16030.4,11849.6,15.37,77.3,4.912
27919,18835.3,17829.4,14.71,63.97,0.08
34165.8,21304.4,16435.2,24.84,65.53,0.069
21508.1,12614.6,12942.6,10.34,66.58,0.084
34685.9,22484.2,16796.1,21.94,69.54,4.925
32578.4,17943.9,13443.9,23.07,75.4,4.916
44678.8,24140.5,28637.1,15,86.7,0.077
26067.7,21878.9,11225.1,12.73,74.5,0.073
43069.2,30292.4,40416.4,25.65,78.2,4.914
40364.1,33109.5,19468.4,21,71,0.084
23626.8,15030.4,14574.7,23.1,49.46,4.914
25923.1,15696.6,15968.3,18.01,88.3,0.224
22098.5,16404.5,10288.2,14.64,86.6,0.074
30299,20301.3,23299.1,20.76,72.6,4.916
25454.3,14593.9,12751,10.5,78,4.919
42957.9,24477.8,19186.3,26.29,35.91,4.921
42685,25001.7,26903.6,20.65,83.8,0.066
25409.6,15614.6,15117.1,3.778,78.8,0.081
39086.2,20738.5,26926.5,15.85,76,0.081
25954.1,13934.4,16878.5,14.87,87.1,0.075
25169.5,15672.9,11195.8,13.03,74.6,0.084
28164.2,17557.9,17035.1,17.48,86.6,4.919
34872.2,21139.7,15691.4,25.62,64.72,0.261
36165.7,22636.6,15456.1,25.5,42.95,0.273
36309.9,22599.4,17748.4,13.9,49.85,0.078
33275.8,22298.5,16895.2,23.19,58.86,0.072
31430.9,18124,15996.1,7.16,80.9,0.085
45736.7,27651.1,27831.1,21.19,62.54,4.918
35577.2,18621.2,23359,23.56,65.79,0.054
25444.7,15596.3,15047.1,16.99,86.1,4.917
47317.5,30691.1,42187.8,27.42,57.72,4.914
33211.9,20568.3,16478.7,12.08,62.7,0.082
31898.7,20491.2,14787.5,7.84,86.3,0.09
44419.4,26480.5,25304.5,14.04,64.59,0.075
32457.7,21749.5,16817.3,17.75,56.13,0.082
25095.4,21455,11456.4,12.15,54.75,0.087
32955.3,21687.5,16753.2,16.27,56.09,0.08
30819.7,17817.6,14507.1,13.71,74.1,0.072
27691.3,15111,13320.4,21.4,83.7,4.919
45137,25824.9,21280.8,26.44,33.64,4.922
31114.9,17317.9,16528.2,17.29,49.71,4.916
20361.5,9491.24,13399.3,14.54,89.8,0.068
35768.3,25606.8,27794.9,22.51,67.18,0.071
29827.2,16961.8,13620.9,20.39,63.25,4.921
24082.6,12596.3,14444.3,18.98,67.89,0.08
23215.2,18314.8,7577.43,14.38,78.4,0.071
27117,18426.7,17436.1,14.58,65.38,0.087
31856.5,25308.3,9144.8,20.63,63.41,0.082
42882.1,26121.4,26421.4,18.68,78.2,0.069
20925.7,11522.2,12677.8,14.87,79.3,0.081
34057.5,19909.8,18110.3,20.83,53.34,0.084
24030.9,14107.3,11508,24.47,92,4.918
29801.5,19716.5,24124.5,23.39,89.3,4.915
23396.9,18435.1,7575.9,8.62,88.6,0.081
25283.9,17273.9,16166.5,24.48,52.55,4.903
32111.5,22588.4,21571.4,25.98,89,4.91
33476.8,18744.7,15891.5,24.48,68.59,0.318
24996.9,19030.2,12462.7,18.53,63.78,0.07
19576.7,12499.7,13694.5,14.81,72.1,0.073
22821.3,13966,14232.3,10.15,73.4,0.079
28153.8,23801.7,16285.3,19.24,73.4,0.073
40626.9,32190.9,24478.5,30.19,53.42,4.906
45425.3,26834.7,25785.9,20.26,74,4.92
31692.3,25921.5,13844.8,13.33,79,0.079
37532.7,23778.2,26266.1,27.12,77.1,4.926
34871.5,28101.9,15074.2,14.94,76.8,0.085
29337,19687.9,18694.4,25.94,88.7,4.908
29950.8,24419,16343.1,21.05,61.84,0.072
31316.8,22273.6,13844,23.82,66.03,4.922
24902.8,12804.9,14765.8,12.7,85.1,0.086
39166.8,23777.5,24591.4,13.18,55.77,4.915
29438.6,20577.2,17623.3,15.65,83,0.072
40147.8,25313.9,29824.3,25.71,74.5,4.923
30871.3,19322.9,20644.5,23.39,86.3,4.922
34232.7,19478.6,16848.6,20.47,72.7,4.922
34529.5,20713.7,20133.9,15.27,56.28,0.081
27950.8,23054.1,12370.1,17.39,52.72,0.077
45024.6,26434.9,28587.3,20.94,84.4,0.071
32108.5,17615.4,12914.8,25.74,49.85,4.921
31600,25910.3,17268.4,21.02,56.47,0.071
37002.5,22625.4,17449.1,17.47,70.2,0.068
44129.6,27767.8,26747,11.45,68.08,0.089
36276.9,29380.2,17181.7,19.84,67.04,0.068
34051.6,19660.7,20160,20.41,53.54,0.09
30953.6,18763.4,16668.1,23.07,69.79,0.268
27640.4,17244.1,13596.9,20.97,64.55,0.271
32116.9,27424,12977.3,18.26,66.24,0.077
32742.1,22177.2,28372.2,24.94,53.89,4.923
35441.3,21117,21600,18.94,52.6,0.081
32023.1,20103.7,14667.1,21.62,57.12,0.072
27169.2,20261.2,13220.2,20.74,63.88,0.074
25061.3,14154.4,16418.9,12.93,69.94,0.084
36594.4,20791.7,18827.8,23.64,61.02,0.07
28483.8,16786.6,17559.3,14.75,89.6,0.072
32650.5,20427.4,14449.6,19.44,72,0.102
35496.2,19180.4,20567.3,16.43,84.9,0.075
23799.2,19349.5,10838.9,8.75,75.1,0.083
48953.6,26775.5,29627.1,23.98,46.66,4.919
30211.4,25749,9761.34,17.03,47.5,0.086
29298.2,19728.9,19113.3,8.33,84.7,0.076
34646.8,18472.9,18461.1,16.14,78.6,0.071
28058.4,17133.3,16190.6,24.38,90,4.921
30790.3,18931.2,20608,20.47,55.65,0.081
26023.7,17018.8,12452,13.95,57.5,0.083
27880.9,17912.2,12443.2,10.62,87,0.089
29196.4,20204.9,22251.5,19.63,61.89,4.902
23403.8,17876.6,10452.8,8.47,82.4,0.088
34297.9,20007.2,16985.1,30.23,42.45,4.919
21814.5,13372,11055.5,8.28,88,0.077
30528,21552.4,15120,14.65,81.6,0.083
32923.1,19976,20800,16.31,58.09,0.085
34522.8,20335.2,17227.6,19.34,49.86,0.09
34651.5,21166,16168.5,10.38,76.5,0.076
36183.1,21738.6,20869.1,14.32,65.42,0.082
22167.5,13174.5,13771.9,12.4,75,4.915
22387.8,17957.7,9813.21,12.52,48.1,0.078
30631.9,17751.1,17495.7,26.42,38.33,0.081
32810.1,20589.7,17418.8,13.13,49.02,0.087
30033.8,16551.9,19636.4,16.25,74.3,0.081
31708,26783.7,8827.85,11.79,64.04,0.09
39002.9,30973.4,17921.9,18.94,76.8,4.919
22027.1,13046.8,14148.2,11.35,66.04,4.917
44277.2,29681.9,30894.5,22.54,69.75,4.91
26918.1,15975.5,20133.4,25.29,66.41,4.923
39331.3,28215.2,33565.9,29.93,58.82,4.906
25608.8,15782.4,15722.8,13.97,62.12,0.079
22672.3,13511,14005.2,10.32,84.9,0.073
20782.4,12226.1,13436.1,13.74,70.8,0.071
32463.1,20949.9,22666.8,22.94,80.2,4.908
25595.8,16776.3,15661.3,19.34,75.4,0.079
24193.2,15279.8,15057.5,14.63,76.3,0.079
31676.9,21388.2,16323.9,26.2,29.79,0.083
44302.8,26189.6,19351.7,20,74.7,0.083
27162.5,15702.3,12302.5,20.12,72.2,0.294
26620.9,16286.1,13855.8,22.4,80.1,0.254
23603.7,13587.8,13813.5,12.32,73.8,0.078
23988.6,13358.9,16000,15.26,88.2,0.069
36680.2,21461,16641.3,15.43,60.01,0.073
33829,21939.8,12704.7,22.11,72,4.923
38158.4,23153.5,12728,27.31,43.08,4.925
35738.5,23377.6,12523.8,20.85,83.9,0.064
31820.3,19378.7,15624.4,13.71,59.43,4.922
22126.2,12891.3,8462.01,16.88,90.2,4.911
24601.5,15443.2,14961,7.62,85.4,0.084
30125.3,19220,12679.1,21.22,63.35,4.923
23021.8,15034.7,15383.1,8.26,79.9,0.087
36343.7,31345.8,16877.8,8.8,65.49,0.082
28857.3,17925.2,10013.8,19.67,89.1,4.909
29611.9,19954,19874.1,20.61,74.4,0.072
24991.9,16048.1,18213.9,21.66,54.56,4.92
24474.5,20292.1,10694.8,11.26,84.8,0.082
22510.8,16575.6,10282.4,14.97,87.6,0.073
23495.7,17668.1,13110.4,8.69,86.7,0.079
31698.2,18065.7,17534.5,18.5,50.74,0.083
47094.2,30060.8,41187.6,26.02,85.3,4.917
23709.6,11221.6,12997.8,14.59,90.9,0.073
46921.1,28253.6,23763.7,23.95,75.9,0.258
26646.4,14531,12937.9,20.73,72,4.918
21244.1,16864.1,8925.81,12.32,86.6,0.085
22505.3,12401.2,12138.8,11.81,68.38,4.916
37465.2,22182.6,11164,21.12,92.2,0.082
46591.4,27119.7,22173.3,24.29,61.42,4.922
34327.1,21567.1,16716.8,14.4,77.4,0.074
25394.4,15258.2,14913,18.65,84.6,4.918
25687.1,15150,12048.4,11.63,60.73,0.086
31193.8,25750.4,10311.3,15.12,44.74,4.92
27427.4,16152.4,16461.3,11.42,83.5,0.082
36133.8,21733.7,19437.1,20.64,69.06,4.924
30072.2,21033.6,22931.7,22.84,59.92,4.901
35723.1,30071.9,15678.1,10.67,70.6,4.919
35767.9,22674,18591.5,21.78,79.6,0.067
24813.3,13281.9,15610.2,14.7,80.5,0.081
24443.4,14936.2,14148.2,14.36,62.45,0.081
25495.1,14459.4,15880.8,17.38,90.4,0.069
31661.8,21093,15822.7,17.96,50.78,0.081
31425.1,21446.6,13649.8,23.89,65.8,4.924
30845.9,22276.2,16982.7,27.78,30.79,0.074
32724.7,18619.6,18077.1,17.06,80.6,0.076
23075.3,18675.7,10925.3,8.63,81.4,0.082
38760.1,27632.9,29305.6,28.25,65.62,4.905
38765.1,24256.3,24031.1,19.61,84.2,0.069
25390.6,14672.6,11607.5,16.99,90.3,4.913
40741.6,20401.2,26368,18.74,63.53,0.084
30276.8,18918.3,18493.5,13.61,84.5,0.089
38233.8,31395.9,21883.4,17.65,74.9,0.074
36045.6,23245.8,18556.8,27.36,36.64,4.92
38650,22417.8,12284.5,22.58,83.7,0.098
37692,26513.9,29083.2,39.6,14.31,0.072
38485.2,33054.3,16486,13.79,82.4,0.079
28111.9,15926.8,14250,27.96,44.61,4.924
33622.3,22557,30324.4,29.95,31.58,4.908
24781.4,16139.2,15141.1,22.38,71.5,4.917
28850.9,17947.6,17622.6,17.74,67.02,0.08
24366.8,13307.5,16081.5,14.83,87.3,0.073
32030.3,16966.2,17623.3,16.09,83.2,0.073
34183.7,24824.1,27137.1,24.89,60.23,4.908
36225.7,20821.6,18006.6,23.4,64.96,0.071
33542.8,21022,16374.2,22.82,52.22,0.073
32644.1,20965.3,16411.7,12.49,85.1,4.919
31385.6,22663.4,9450.18,12.41,67.17,0.092
28226.5,17034.5,13667.5,20.97,54.18,0.289
39233.9,22635.9,25083.5,8.99,51.29,0.086
24727.1,15436.5,13560.5,20.33,56.22,0.08
21496,14866.8,8321.95,15.11,87.2,4.917
27892.5,16420.3,12541.3,24.6,41.35,4.921
26451.9,15087.3,16090.7,17.29,90.2,0.073
27015.9,15552.6,12849.7,18.65,89.3,4.916
29316.9,20380.2,11514.2,17.17,73.1,4.918
39656.6,22171.9,26053.8,17.4,71.8,0.082
42635.5,29350.6,39838,31.46,39.71,0.07
27068.9,18665,12242.9,14.99,68.87,4.921
41498.7,24802.4,25324.3,13.33,70.7,4.919
35165.3,20990,14438.2,23.81,61.49,4.918
42378.5,26136.2,24689.9,21.64,67.44,4.927
39866.2,33776,15777.2,14.76,79.7,0.087
32613.1,18931.2,18589.1,24.45,40.61,4.922
26488.2,21753.9,10712.1,17.05,56.17,0.087
37558.3,26291,29811.2,24.87,88.6,4.917
45711.3,27898.1,27713,21.41,83,0.066
40641,24613,23710.4,19.01,86.5,4.919
34443.1,27632.2,15944.1,15.67,67.71,0.079
35043.6,20921.8,19298.9,15.99,82.6,0.071
32758.5,20389,14249,16.71,73.7,0.086
24900.1,14029.7,16058.2,14.85,85.1,0.074
40313.6,22868.6,21910.4,24.33,52.42,4.929
43813.8,26351.7,25541.1,18.11,56.86,0.08
35246.9,28856,15505.9,17.24,64.84,0.085
22816.2,15042.4,11261.2,24.07,93,4.924
43834.6,25907.6,25824.5,13.64,72.1,0.083
23027.7,19149.2,7338.8,16.23,67.02,4.918
50893.9,34163.9,38400,25.06,58.75,0.074
38941.5,32318.2,17430.4,20.83,67.87,0.074
29384,23620.7,10228.1,9.75,79.5,0.089
24949.7,14088.4,16546.9,14.77,85.4,0.068
21183.3,16665.2,9012.24,9.45,89.4,0.082
46016.4,26768,32391.9,21.81,85.4,4.918
30216.1,19788.6,24016.1,23.8,54.93,4.918
35064.6,28930.2,15626,16.77,62.41,0.084
21073.8,17585.8,7877.07,12.5,78.2,4.918
39124,33437.3,16001.9,16.24,75.7,0.069
27587.7,24076.9,10565.8,10.38,90.3,0.081
34677.8,20342.6,18816,13.59,87.3,0.068
36594.8,24846.8,31927,26.9,73.3,4.916
43763.4,26678.6,27208.4,21.48,77.2,4.919
24951.5,17076.2,12531.2,23.95,93.3,4.927
38801.2,31694.2,17180.8,19.33,86.6,0.073
37219.4,27089.3,30112.1,25.91,88.2,4.911
32573.2,20684.5,17256.9,14.71,62.47,0.078
33864.6,28000.4,14660.2,10.23,72.4,4.925
28118.6,22773.9,12279.5,15.55,71.3,0.085
33490.6,20753.8,16175.4,16.42,74.1,0.071
25569.2,17996.3,8506.99,14.86,60.39,4.924
36299.5,22662.8,12849.7,22.72,74,4.916
25575.7,21157.4,11000.2,8.96,81,0.086
44996.1,26671.4,19503.5,25.02,60.42,4.924
24144.4,14451.1,13881.9,11.26,66.48,4.918
24772.9,14480.2,15416,11.88,68.18,4.919
35044.8,24140.5,26474.3,27.45,37.32,4.915
23710.8,17702.5,11201.9,16.29,75.9,0.066
33658.8,21898.8,11741.8,23.92,54.49,0.082
28819.1,17420,14026.4,21.87,67.02,0.281
27243.6,16141.5,16281.3,12.8,77.3,0.075
23407.7,13529.3,13761.3,9.83,87.9,0.07
24464.2,19266,12500.4,17.85,71.8,0.073
31838.6,19072.3,15965.9,12.29,65.58,4.913
35440.4,19400.4,19514.2,15.99,79.7,0.069
23728.9,15763.3,14604.9,22.61,68.67,4.924
37550.3,19481.7,16385.8,22.17,56.91,0.085
32595.9,21392,16090.7,21.18,71.3,0.067
40968.4,24891.6,24340.1,19.02,86.3,0.065
35434.2,20613.8,18536.7,16.61,84.8,0.074
29225.3,18091.2,13110.4,9.45,76,0.083
21557.5,13878.4,14122.4,9.47,84.4,0.086
28236.3,16818.3,14400,11.98,74.6,4.921
41796.6,23883.3,25980.8,10.34,53.67,0.081
35081.3,21540.1,21415.4,19.7,84.8,0.065
21579.5,13515.8,10744.6,19.19,89.2,4.922
31878.3,25778.5,10084,17.55,50.04,0.075
35509.4,23508.5,15579.7,24.88,72.7,0.327
46842.9,26217.9,27848.9,22.71,75.9,0.073
24430.6,16017.7,16828.1,21.07,79.4,4.905
38813.2,25163.5,23664.6,15.9,58.32,0.077
37517.9,32023.3,14947.4,16.59,70,0.074
34757.5,19440.7,15891.5,25.58,61.22,0.303
37342.4,20949.8,23220.7,19.79,57.82,0.07
26613,17027,16783.8,20.74,85.8,0.066
24692.7,15592.7,11479.5,10.85,77.8,0.076
40741,22951.9,28167.4,28.13,64.53,4.911
35284.8,22067.8,17516.3,23.69,60.65,0.069
28296.6,15762.2,15544.4,26.28,43.35,4.963
30914.4,19809.1,20686.3,13.7,78.5,0.084
38297.9,25241.8,30631.6,24.29,84.1,4.918
21642.5,13957.9,10779.6,18.55,81.6,4.912
41896.7,23841.6,23955.7,20.24,85.4,0.067
34988.9,20034.1,17169.7,11.86,85.8,0.087
31575.4,26509.1,8321.93,15.73,72.1,0.072
27757.4,15552.6,12914.2,21.07,77,0.078
32774.3,15048.9,17739.6,16.41,77.9,0.07
25444.7,15470,15169.6,14.84,71.6,0.073
25132.3,15897.5,8170.21,15.19,84.9,0.096
44332.2,29301.3,34433.5,23.37,62.76,4.908
32997.5,18220,18548.4,15.84,86.5,0.078
25775.1,17861.8,8794.65,17.08,89.8,4.92
42948,28819,37771.4,30.5,25.11,4.914
26694.9,16085.1,17442.1,8.22,50.45,0.089
36284.9,23060.1,16889.4,18.33,78,0.08
44554.9,27907.5,18768.1,21.16,78,4.917
43938.4,30670.3,33843.8,23.01,61.32,4.911
34242.1,18411.6,20623.8,20.32,59.75,0.08
29986.4,20157,25600.7,23.46,57.65,4.908
24205.6,13637.5,15650.9,13.37,76.3,0.084
33587.8,20819.5,16620.7,15.81,68.32,0.073
24199.6,19097.9,11181.5,13.06,87.3,4.909
36136.9,31758.2,15419.9,10.83,74.4,0.079
40777.7,24848.2,24729.6,20.07,73.1,0.083
31100.3,15510.8,18856.7,15.78,82.1,0.074
40609.9,23915.4,18079.5,21.03,76.5,4.917
23720.2,13503.7,13349,11.49,78.8,0.085
31932.5,22493.3,25610,26.17,84.7,4.909
32029.7,20881.5,17285.9,22.12,50.88,0.081
34878.9,22105.1,22997.8,30.28,27.11,4.916
30523.1,26152.1,11207.7,22.84,50.13,0.084
43272.4,24453.3,25803.4,23.02,41.59,4.918
24317.2,13784.1,11636.4,14.12,89.7,0.079
25192.9,16283.6,11782.3,18.86,78.8,4.916
24180.8,13696.1,15936,15.07,71.8,0.072
27329.6,17981,20132.9,24.16,93,4.92
40806.2,34895.5,17511.3,15.61,73,0.072
31324.6,18347.6,16850.3,26.37,36.14,0.082
36320.9,20368.2,19147.6,14.58,72.4,0.072
45009.8,26975.9,26089.1,21.28,62.12,0.082
30752.9,24324,8729.89,16.18,65.95,0.079
35882.4,21237,20588.3,24.89,62.94,0.069
31912.5,18876.2,15901.1,15.16,84.3,0.071
36544.1,21776,18885.8,15.89,86.3,0.071
31057,19665.3,19111.4,27.91,46.9,4.925
34493.2,20728.3,16690.1,18.22,63.25,4.917
25011.7,15316.5,15057.5,16.23,75,4.92
44430.6,26815.6,24809.5,24.82,89.1,4.913
35702.3,22220.1,15215.4,17.04,74.1,0.076
33113.8,22593,10213,13.65,65.83,4.921
44439.7,26584.6,27949.3,21.04,81.6,0.069
36420.5,20806.7,19821.7,20.84,77.2,0.278
37141,22751.7,21739.9,17.7,88.2,4.918
23672.4,13967.4,12765.1,15.13,66.39,0.075
42109.8,28747.7,19375.1,25.52,55.72,4.922
39254.8,28568.4,27510.6,34.81,25.68,4.909
27892.5,22332,13486.7,20.72,68.3,0.082
38081.7,21006.1,25163.6,15.72,83.6,0.077
26880,16614.2,16259.8,18.78,87.8,0.07
26390.9,20579.3,8879.71,18.4,62.4,0.082
20712.9,13736.2,13931.6,9.74,82.8,0.081
41069.9,33483,17490.1,20.54,78.4,0.068
33545.3,21253.5,16672.8,13.11,48.93,0.082
33820.9,20990,15744.4,25.4,68.89,0.264
31606.8,20954.4,16857.4,11.81,86.3,4.916
31422.1,23871.1,8752.94,15.81,64.56,0.083
24991.6,20837.1,11109.7,12.99,52.77,0.077
34445.6,29788.3,14163.7,13.48,70.2,0.082
23113.2,14538.6,14287.1,7.26,89.2,0.085
39862.3,22823.7,22023.9,24.9,65.78,0.067
27564.8,19400.4,11677.6,16.86,77.5,0.085
32872.9,20296,16277.2,21.41,70.6,0.068
32905.5,17875.6,16757.4,12.56,77.3,0.083
47502.5,31735.4,43314.5,35.08,19.04,4.911
38408.5,24428.3,21529.3,27.06,64.92,4.924
39650.2,27296.2,33174.2,29.11,48.56,4.911
34603.4,20962.1,18368,20.25,62.8,0.082
43736.9,25995.1,25477.1,15.46,57.01,0.081
34131.1,19884.1,17645.8,18.98,59.95,0.086
27066.9,15904.4,13608.7,18.66,88.2,0.301
43389.2,26370.8,25390.3,11.62,79.4,0.075
20848.7,16396.4,8764.47,16.51,66.92,0.081
23155.9,13535.6,14709.7,12.21,77.8,4.915
24473.9,14928.9,11340.7,11.83,49.65,0.083
25885.4,15949.2,15507.7,18.81,84.1,4.916
36258.9,21292.1,18036.4,20.97,43.12,0.085
38031.3,22120.2,28002.5,21.26,88.8,4.913
26971.3,16117.7,10308,20.32,69.72,0.277
33164.6,22079,16656.3,26.17,66.06,0.322
22209,12445.8,10948.7,18.61,85.4,0.068
22146.8,13010.3,13908.4,17.41,48.3,0.084
31335.9,19268.6,17115.3,21.47,87.1,0.36
20654,15693.2,9288.84,14.18,49.97,0.082
42048.6,28462,37186.9,30.13,26.31,4.903
27433.2,17401.8,12845.7,5.801,90.2,4.922
35701.8,23111.4,25046.4,26.54,70.9,4.919
32413.7,25793.2,9726.77,17.95,56.88,0.075
22420.3,13535.6,14324.8,10.15,74.1,0.086
22363.1,17140.9,9605.78,9.82,87.5,0.081
33663.1,18952,18235.2,12.85,85.7,0.073
30555.9,19116.1,14301.7,9.92,80.9,0.09
43077.4,26180.5,25223.2,13.84,72.1,0.084
28296.1,17312.7,21883.2,23.08,78.6,4.914
39010.3,24137.2,23873,23.71,47.57,0.08
31061.9,17614.6,15920.9,26.85,36.01,4.926
32360.2,20546.3,15851.6,21.29,58.91,0.082
39731.9,28400.8,31063.1,26.22,85.7,4.907
25214.3,14037,17528.1,20.33,89.1,4.916
26257,22044.8,11576.5,8.8,81.6,0.085
33691.1,20498.5,16348.9,17.51,75.5,4.915
30998.2,17498.5,15756.2,26.72,41.28,4.93
30594.7,26308.7,9415.61,21.01,26.64,0.088
49455.4,32194.7,35342.4,25.28,55.75,4.902
36676.9,30585.1,17066,20.14,68.58,0.071
39442.6,22958.4,24286.5,18.95,58.36,0.082
31838,20057.1,15290.6,10.08,79.7,0.092
35111.8,18887.2,21009.5,17.39,78.3,0.075
35510.3,29394.3,15103,11.55,81.8,0.081
33873.7,21032.9,16629.7,17.78,61.82,0.074
26970.9,15118.5,17728,14.51,71.2,0.081
42813.2,30544.9,33127.5,28.92,28.61,4.908
32660.4,20246.3,16676.1,16.65,68.16,0.073
26997.2,16874.8,15004.9,22.22,84.9,4.915
37277,21999.2,17502.7,28.09,70.3,4.928
23568.1,19331.1,7145.26,12.5,74.2,0.085
36596.9,29789.3,17251.1,19.75,74.3,0.07
30602.4,18534,11105.7,16.51,78.4,0.087
29838.7,18297.2,17262.5,17.97,86.3,4.922
33265.4,27538.5,13385.8,16.58,58.04,0.084
33078.1,19554.4,18222.5,13.67,86.8,0.07
28655.2,18902.8,12866.7,18.95,85,4.91
31732.3,24920.5,9225.45,12.88,76.8,0.082
34839.5,21198.8,16268,18.26,40.73,0.088
24478.4,13615.5,16145.5,13.69,84.7,4.923
33778,22243.7,22313.4,27.47,55,4.923
21956.9,17278.5,8304.58,13.59,86.9,0.079
36218.7,22603,22733.5,13.15,86.4,0.085
21661.5,15002.5,10641,12.03,83.3,0.078
36687.7,23231,18125.3,21.22,67.43,4.927
26953.5,16289.6,8853.01,18.53,64.32,4.923
47700.2,31158.2,47279,28.02,43.18,4.906
31106.5,16170.7,18496,14.26,89.5,0.07
37781.7,23226.7,17743.1,12.14,83.2,0.077
33498.8,26838.4,23744.2,27.03,59.42,4.903
23562.5,14115.5,14932,9.29,81.2,0.09
28768,17319.5,14475.2,23.76,63.42,4.919
25316,15997.9,12181.7,20.75,89,0.066
45939.8,27916.8,20104.1,21.17,73.2,4.923
41604.2,25469.4,25474,18.11,74.3,0.074
24047.2,15209.9,10948.7,18.12,88.6,4.918
35227.3,21845.2,17361.6,18.8,81,0.069
21302.6,13211.1,10703.8,17.75,79.1,0.067
35144.6,29644.2,18407.7,20.11,80,0.067
29843.4,16150.8,13974.5,15.54,57.61,0.08
30454.8,23919,9357.98,14.15,72.3,0.086
30252.3,24642.1,11745.5,20.74,61.67,0.073
35865.8,21089.4,17170,13.56,51.32,4.922
28301.4,17631.3,16942.9,19.58,80.7,4.909
40211.6,21565.8,25052.4,30.23,51.7,4.92
22734.8,14736.8,11100.6,20.41,86.4,0.076
33040.3,17992.7,16751.6,12.96,75.7,0.078
29827.7,21733.9,9871.81,17.51,49.23,0.084
32719,19641.3,18066.5,18.08,62.12,0.091
36192.2,23448.5,12634.7,23.04,64.33,4.919
25081.5,16183.6,12219.8,13.24,47.35,0.083
31087.6,24173,9926.81,20.04,74.3,0.07
43128.7,21995.9,28375.3,16.47,80,0.074
33498.8,26682.6,28788,26.8,77.3,4.906
26008.2,15946.1,8893.86,19.08,59.46,4.922
24694.5,14685.4,15218.7,10.63,78.4,0.07
35831.6,23242.1,16761.1,18.18,79.6,0.082
25277.9,15163.4,18284.3,21.6,72.4,4.919
42317.7,27436.9,18190.4,20.56,87.2,0.071
36876.3,25609.8,23278.1,11.23,83,0.074
39003.1,26853.6,30545.5,25.72,40.22,4.909
43918.4,27707.3,32805.4,23.88,58.87,4.92
24326.8,14367.1,14347.7,10.79,83.5,0.072
30081.4,17026.1,12955.7,14.43,63.27,0.081
33332.7,14804.9,16811.6,13.8,57.26,0.086
33062.7,20836.6,15426.7,25.25,70.2,0.246
31943.5,19017.1,19869.7,15.93,85.3,4.909
25434.7,16599.6,11064.8,17.46,89.7,4.937
25616.2,16066.9,15967.2,10.4,72.9,0.085
28998.2,18669.1,19236.1,20.68,77.4,4.913
41643.6,24190.2,25292.9,13.75,58.44,0.077
32366.3,19917.1,15781.9,16.88,64.91,0.084
29995.2,18838.3,18579.7,26.52,57.67,4.922
32973.6,20571.4,16139.6,14.24,66.34,4.919
22509.2,13590.3,13777.7,14.41,63.85,0.08
31677.6,26080.4,10141.7,16.88,56.92,0.076
22252.9,13181.8,13951.4,12.19,77.1,4.914
33171.2,18494.9,18466.9,21.66,34.47,0.085
28702.4,17671.7,17442.1,13.14,56.38,0.081
37360.3,24998.7,27715.5,29.07,50.76,4.91
37698.4,23448.5,16328.8,19.66,69.26,0.09
22905.8,13608.5,14356.6,14.93,57.34,0.082
48918.4,35490.6,39916.7,29.91,65.59,4.904
32067.7,25482.6,18783.6,21.06,61.87,0.069
48223.3,32107.6,43585.6,24.33,69.76,4.91
22487.1,14327.1,14492.5,10.39,82.2,0.086
31757.5,18403.3,18874.2,19.2,70.3,0.075
27867.3,17432.4,12167.8,18.69,86.3,0.166
49294.9,31560.8,42223.9,30.91,35.15,4.924
32067.7,26059.1,14880,15.5,66.61,0.081
34241.4,20301.2,16832.9,21.68,55.63,4.918
43618.7,34559.2,37828.2,28.28,76.4,4.905
33996.3,21051.2,15944.5,13.63,85,0.071
27589.4,16798.8,13314.5,21.9,70.1,0.277
38811.3,28803.8,28264.3,30.21,45.45,4.904
26363.3,14784.9,17233.5,12.51,71.9,0.084
26474.6,18067.2,11239.9,19.71,70.9,4.916
23616,11890.2,14835.5,15.02,77.4,4.911
32066.8,20109.8,21679.7,23.08,88.3,4.92
30860.3,20783.5,25269.3,24.94,38.98,4.915
24032.7,13993.9,14911,11.63,90.7,0.079
20489.7,16878.8,9346.46,14.56,61.05,0.083
32669.2,28138.7,12873,16.29,63.75,0.087
33867.5,20344.3,16778.6,20.53,74,4.924
33547.1,19181.8,17575.2,12.1,49.81,0.084
33492.4,20467.2,19555.1,24.39,91,4.916
33169,22884.1,16188.4,23.54,35.38,4.917
44786.5,25686.5,22422.2,23.1,78.3,0.272
30661.6,26618,10199.3,14.47,38.52,0.079
30313.2,17719.1,16226.4,13.9,70.4,0.076
40025.9,27218.6,32838.6,25.87,82.5,4.923
39631.1,26908.9,27347.9,32.21,24.35,4.916
42602,24849.8,25980.8,12.76,85.3,0.068
31658.3,19818.3,21550.5,20.61,55.71,0.079
41793.5,31112.7,32360.8,33.11,33.08,4.906
23180.9,14590.2,10614.2,7.21,87.9,0.087
23040,13741.5,13854.2,12.11,90.1,0.082
29202.8,19733.5,20151,20.41,75.8,0.068
45298.6,29169.7,19859.5,23.94,54.58,0.087
32278.9,19747.6,17556.5,20.78,82,0.271
22228.5,13681.5,12984.6,10.16,60.38,4.922
40364.7,28055.7,32788.6,28.79,50.63,4.907
23872.2,19216.9,9749.82,12.96,57.98,0.09
23138,13232.9,14580,9.85,85.3,0.089
29686.6,19898.7,24437.8,23.95,47.52,4.91
45098,27024.1,27220.1,21.28,78.1,0.071
22979,14071.7,13910.8,14.11,66.32,0.08
35894.6,22183.3,21075.3,17.61,89.2,4.923
23998,14637.1,14958.6,13.94,65.77,0.077
34988.3,21524,16702.2,24.68,92.4,4.917
32871.1,25663.1,15494.2,18.66,75.9,4.919
21636.9,15445,10629.4,12.08,86.5,4.919
34459.2,25566,12412.9,23.66,63.21,4.928
34019.2,21220.7,16464.6,16.92,58.58,0.077
31144.3,20442.3,10142.7,19.05,92.9,0.075
31844.3,16493.3,18496,21.07,57.53,0.085
26473.1,16675.3,13664.5,21.13,67.68,4.921
31177.5,18508.5,15886.5,14.25,77.1,0.087
19011.1,11126.9,10779.6,19.13,58.77,0.08
34923.2,20773,13608.7,31.37,18.47,4.921
32167.9,21380.8,15146.2,19.51,80.3,4.921
26618.5,17491.1,17249.9,20.18,69.47,4.912
23374.8,12387.4,14429.1,11.71,75.8,0.084
37573.5,23632,23536.2,20.6,70.8,0.079
25883.2,15563.4,15863.2,12.6,71.8,0.079
44556.6,26790.1,25920,18.79,84.8,4.922
32377.5,19349.1,17152,18.5,70.1,0.072
42322.7,21589,28369.5,16.94,69.92,0.088
23169.2,17289.7,10750.8,15.28,85.6,0.071
47175.9,32340.1,16885.8,21.18,77.3,4.922
32693.1,22408.3,12743.8,21.76,93.1,4.916
27974.4,15792.9,13848.5,15.59,66.66,4.917
32562.4,19880.5,19637.4,11.36,86.1,0.082
30188.8,17380.4,21015.3,13.84,85.2,0.082
34859.8,23851.9,31571.5,25.08,50.95,4.916
24292,18377.4,7571.67,8.67,86.9,0.084
28040.9,18319,20654.1,24.07,85.9,4.918
21189.4,16801.5,9536.61,9.41,85.7,0.082
29858.9,19219,23208.7,23.01,83.3,0.06
29706.9,17593.9,13987.7,9.9,86.1,0.084
42989.7,25750.1,20027.6,23.63,55.49,0.315
37907.8,23985.4,19194.2,14.06,50.38,0.08
37556.5,22053.3,17589,21,68.3,4.925
36543.6,23111.9,18798.3,24.88,50.38,0.068
31124,25796.9,9732.53,14.3,44.09,0.08
36044.6,22352.2,16091.5,26.04,67.16,0.259
21272.9,12204.1,11403.6,15.13,87.8,0.069
35705.7,20035.9,19786.9,26.85,52.44,0.067
21507.7,16966.1,9761.93,5.888,85.6,4.914
46258,28811.2,29745.2,22.79,71.1,0.067
33245.6,19525.1,18251.6,14.32,80.1,0.073
23211.6,13646.3,14475.5,9.27,68.45,0.082
31434.2,26629,11830,16.69,65.61,0.074
36593.7,16933.2,19141.8,16.46,81.1,0.073
33705.8,19969.6,16087.5,11.07,52.62,0.084
24829.8,18840.2,11595.9,16.52,81.9,4.914
26095.8,17349.9,15654.9,24.11,89.3,4.911
37998.5,33094.8,16768.3,11.66,55.54,0.077
26180.7,16716.4,16098.5,17.63,62.94,4.919
26346.9,14418.7,12708.5,21.6,84.1,4.92
43108.7,25084.8,25634.3,19.56,84.2,0.071
39867.1,26829.1,28878.3,31.89,40.39,4.929
42844,26779.2,32267.8,22.46,65.24,4.924
41723.3,27763.3,28125.2,34.03,33.18,4.906
30662.8,15570.7,16211.6,19.99,55.21,0.082
44770.6,27388.2,25797.6,17.51,70.8,4.925
36746.8,23060.2,16550.5,19.74,81,4.916
28716.9,19311.5,18664.3,21.04,52.16,4.903
37673.3,24253.4,26934.2,27.48,74,4.927
36284.9,21978.9,18585.9,28.65,34.87,0.085
22335.3,13778,13790.3,12.87,85.9,0.09
35210.1,14575.1,16603.4,13.57,60.13,0.087
24777.7,15370.2,15614.5,8.09,77.2,0.083
23684.1,14819.5,15562.4,13.21,64.47,0.081
33422,21802.1,24369.2,27.73,44.7,4.918
45021.1,30843,35138.4,25.11,70.7,4.905
23622.8,12614.7,15546.2,16.19,85.9,0.068
40332.8,28032.1,27626.3,29.33,60.79,4.905
25014.7,15465,14521.4,6.475,82.4,0.091
34706.7,24049.4,24136.6,35.22,32.88,0.069
21850.2,12992.1,14032.4,10.23,49.98,0.093
37212.3,31012.8,21744.6,16.51,80,0.071
26894.3,16434.1,16542.6,13.92,85.4,4.914
41820.8,25243.8,25607.7,12.46,69.96,4.923
24889.8,17981,18195.8,23.92,81.9,4.914
35780.7,22606.7,18302,22.6,78.9,0.069
30276.9,23150.8,16198.6,13.62,73.2,0.086
37669.4,23923.9,14891.3,26.68,38.28,0.272
27476.7,19505.4,21017.7,26.04,86.1,4.912
38120.5,24339.2,24115.7,12.79,67.21,0.082
25495.1,15239.6,15140.4,15.85,77.2,4.915
31979,18323.2,17676.4,20.76,61.53,0.072
33512.2,19913.6,17757.1,20.93,60.19,0.082
34038.7,22928.5,16382,23.31,58.28,0.072
33455.6,20746.5,19508.7,13.83,69.72,0.074
23765.4,13802.4,11723.6,14.4,81,0.085
36384.3,25439.2,29095.2,30.81,52.45,4.91
24631.9,15078.4,15475.7,14.94,85.2,0.083
35165,24834,13580.1,23.59,65.7,0.078
40562.1,22988.4,22075.1,23.69,54.98,4.919
22181,17103.4,9790.16,16.43,76.5,0.079
39087.5,23704.6,19149.8,14.37,69.69,0.074
21698.5,16720.7,10473.3,19.23,69.48,0.074
27922.6,21779.6,15135.5,22.76,77,0.066
32166.2,23526.4,11878.6,20.59,72.6,0.068
28018.8,14480.7,19345.5,13.99,86.8,0.07
22217.5,18933.4,10003.4,11.39,49.03,0.079
42632.5,24973.9,25095.1,13.62,74.8,0.071
27402.9,17151.2,11996.1,12.43,84.9,0.077
33475,19932,17256.7,18.22,76.8,0.087
25840.1,17426,16389.2,25.63,91.8,4.906
22633.8,15162.4,9039.04,9.93,84.4,4.932
22010.6,13273.2,13656.8,10.48,86,0.084
34694.2,21465,23972,12.56,67.49,0.084
46344.4,27659.4,26456.4,19.37,78.8,4.924
40496.5,32833.2,17898.6,20.56,56.27,4.92
37730.9,24238.2,25808.7,28.12,48.52,4.926
41660.9,24516.4,25873.4,26.11,31.22,0.083
40795.9,25112.5,23653.6,14.43,65.22,0.081
27459.1,17130.7,16510.4,18.76,87.7,0.071
25510.4,14571.8,10557.1,16.93,89.9,4.907
39209.1,34251,16203.6,13.05,65.77,0.083
36057.3,23557.2,14503,28.71,32.98,0.313
32100.5,18984.2,16232.7,25.83,49.22,0.337
30094.9,20267.1,23262.9,24.61,68.4,4.904
34608.8,21173.3,15954.3,13.28,64.51,0.082
31774.5,26070.1,11485,17.09,77,0.079
21962,16403.8,7923.17,8.08,94.3,0.079
29409.2,23991.3,13093,14.52,68.89,4.917
22582.3,11645.7,13522.7,20.03,81.6,4.919
33034.2,20971.3,17522.2,22.23,51.79,0.078
32958.9,22439.2,24214.9,27.07,72.3,4.914
32683.1,26613.2,10652.5,19.55,55.79,4.92
42909.8,28302.5,39645.2,27.31,32.48,4.911
29603.7,19538,24257.1,22.54,51.72,4.916
21746.4,13342.2,13847.2,13.46,72.4,0.077
35936.4,21677,19368.7,19.46,61.54,0.074
30859.9,19594.2,14580.2,21.75,81.1,0.084
28946.7,19105.1,22654.4,23.82,82.8,0.066
23708.4,15906.4,11820.7,10.75,78.7,0.082
45799.6,27621.2,20192.4,22.59,78.2,4.926
43468.5,25506.4,25645,13.74,71.7,0.08
28410.9,17946.8,22208.5,21.39,80.2,4.922
31462.8,18653.9,18247.8,24.9,42.88,0.083
25907.7,15475.6,15973.5,9.05,85.2,0.076
29561.7,19382,13344.8,15.87,79,0.089
32930.8,20436.5,16272.7,12.02,48.58,0.091
23370.6,15099.8,13044.2,20.37,86.7,0.069
21913.8,17207.9,9652.05,8.46,70.8,4.917
21709.8,13750.8,11288.4,12.84,67.56,0.085
41317.3,28632.7,27223.1,28.91,64.99,4.904
30871.9,18649.2,19408.2,15.35,59.3,0.077
26162.4,16621.7,15356.1,16.91,75.7,4.921
43542,29016.7,30455.2,22.58,70.1,4.912
33858.3,21224.3,15120.7,13.41,56.44,0.083
37194.4,25260.8,28607.2,29.44,51.19,4.907
35682.7,20643,27637.2,31.01,33.12,4.912
28094.3,21938,10032.2,16.4,60.31,0.081
26042,20064.4,13922.4,15.86,63.18,0.079
27430.1,17116.8,14085.2,19.84,89.1,0.273
26884.1,13721.8,18664.7,13.88,87.7,0.069
34064,20269.2,17035.6,16.32,86.2,0.071
50606.2,35023,40163.5,26.41,84.5,4.907
26606.9,15994.6,11520,19.02,61.25,0.095
25162,19754.5,7283.55,12.43,80.2,4.926
30037.5,20081,25088.5,22.78,58.26,4.908
24813.3,13813.4,15936,13.34,76.8,0.085
39846.2,32969,17025.5,21.19,67.34,0.07
24453.6,13234.2,15581.1,12.26,73,0.089
42235.9,21647.7,28346.2,18.45,67.47,0.074
35382.9,26194.9,31704.1,24.12,57.6,4.918
33910.9,22653.1,12856.4,24.49,52.95,0.095
24987.3,19736.5,12366.2,20.61,66.73,0.082
34361.6,21237.1,17309.1,19.07,51.82,0.082
36337.7,23018.3,13785.2,21.59,91,4.916
38708,23605.8,20751.3,22.7,84.3,0.33
27437.3,20958.6,8781.75,17.76,67.22,0.083
29138.1,19234.2,22811,25.81,43.25,4.912
27358.4,17719,20310.6,21.77,60.26,4.905
33974.2,20721,22426.4,8.83,51.07,0.092
20733.1,17026.1,9559.66,14.77,59.91,0.082
22295.6,13531.9,13934,14.17,76.8,0.083
27879.9,16487.6,13124.9,20.91,65.99,0.198
34094.9,19343.5,16968.2,23.86,72.9,0.301
32910.7,20745.5,17396.6,20.61,72.2,4.92
36734.2,23597.9,12296.2,22.76,59.8,0.095
22569.5,14231.6,10817,17.81,70.4,0.077
25957.8,20188.4,12436.2,15.16,82.9,4.92
23040,13798.8,11857.5,16.43,73.8,0.09
22756.9,16988.4,9958.55,12.29,71.8,4.918
40683.6,23202.5,27992.6,27.83,66.4,4.913
25969,14919.5,15607.7,11.17,62.75,0.086
18902.3,13316.7,14139.8,17.17,50.03,0.082
23126.8,12182.1,13300.4,14.7,87.7,0.088
39886.7,23965.1,19386.3,23.52,55.49,0.33
20899.7,11795.7,10738.8,19.49,77.7,0.077
34406.2,29116.1,18031.8,14.73,78.5,0.084
39597,24000,25798.6,14.09,64.87,0.078
44778.7,28048.1,33668.3,30.62,35.51,4.918
45952.6,27647.4,21504.4,23.24,57.65,0.273
47352.2,31867.8,36269.3,24.26,78.6,0.066
27598.1,18726.1,13704.8,24.13,93.3,4.922
22784.8,14279.6,14330.6,7.23,87.4,0.083
40502.3,25258.4,24248.7,15.04,76.9,0.075
38491.3,32763.4,15909.7,11.48,73.9,0.078
27273,22206.8,9749.82,15.31,69.59,0.085
26225.3,15763.5,16079,17.07,72,0.077
35269.6,25222.8,28806,26.52,40.05,4.906
26658.5,21369.4,8692.05,10.78,67.9,4.922
39937.3,27638,28251.7,35.97,21.31,4.921
26430.5,15949.8,11870.2,16.75,78.5,0.082
25218.1,15009.3,15665.1,17.88,72.8,0.08
32024.6,25073.6,18997.6,20.96,61.51,0.069
31642.2,20278,11134.8,23.8,67.69,4.921
33955,19247.3,13819.3,22.58,59.03,4.921
28418.5,20458.3,9432.29,17.03,55.76,4.925
42335.7,34222.8,29342.3,30.77,42.69,4.908
42583.7,24397.6,25176.1,14.38,47.06,0.088
41400.4,28073.9,25423.4,27.66,44.78,4.905
38753.7,26659.8,26127.6,28.26,37.55,4.909
36654,32012.3,15137.6,13.63,84,0.085
32985.6,26960.4,10931.1,16.25,53.16,0.083
32538.7,19451.7,15325.1,19,70.2,0.073
30825.9,25734.3,9611.52,14.51,54.89,0.084
22430.4,17939.2,9893.88,9.6,73.4,0.083
33709.2,21383.4,11747.6,21.09,65.52,4.923
36477.9,23660.4,25200.8,23.8,84.3,4.919
33011.4,20845.8,16265.6,21.08,72,0.071
37110.5,23299.7,17332.1,14.44,72.2,0.075
39519.4,33680.3,15517.9,13.66,68.67,0.08
22684.6,13723.2,14934.2,14.54,81.2,0.074
31782.3,19558,21428.4,15.91,69.37,0.071
25608.5,16974.6,11904,20.3,87.7,0.065
35908.5,21931.9,21552.2,11.82,76.8,0.086
24500.5,14559.8,14306.7,18.49,81.9,0.078
36524.5,21835.8,28244.7,22.57,86.6,4.916
48912.1,29320.8,27301.3,25.1,85.3,4.922
40415.7,29441.8,32005.4,35.95,25.08,4.91
32221.6,19485.7,17397.7,24.3,59.49,0.317
27388.6,19811.2,17829.4,22.87,68.52,0.069
22959.7,18462.1,7289.32,12.88,73.8,0.081
22560,16899.2,10161,10.46,85.4,0.077
35176.9,22517.6,18276.9,20.39,57.56,4.923
36391,20889,18786.5,25.37,51.3,0.072
40026.9,24765.9,19515.8,25.94,47.95,0.351
25646.6,16037.7,15868.9,8.87,85.6,0.084
25193.8,20811.6,13335.9,13.04,77.3,0.091
34875.1,20860.6,16182.9,18.25,76.1,0.073
31458.6,24983.1,9334.93,16.5,64.72,0.088
35820.4,22944.4,13037.3,25.6,41.25,4.917
24621.9,16146.8,16870.3,21.95,80.6,4.913
43923,26735.6,25434.2,14.44,66.22,0.082
38717.9,22191.3,20665.1,24.57,59.27,0.074
29550.2,14358.8,13073.7,21.52,77.1,0.072
33922.4,29309.6,14803.4,15.33,64.82,0.076
30904.9,26352.9,9323.41,18.42,60.11,0.088
23672.4,13314.9,15243.6,16.85,71.3,0.084
25806.6,18332.4,9389.91,16.42,86.6,4.919
39975.5,21664.6,23208.7,28.59,61.61,4.92
23562.5,14407.3,14677.6,11.62,51.95,0.083
34851.6,21056.5,16574.5,14.38,57.33,0.084
49862.6,31557,41018.9,27.04,66.23,4.909
29128.5,25292.4,10781.3,14.26,42.42,0.079
38562,26903.1,26181.8,27.77,54.75,0.064
32304.2,27034.1,10147.4,15.89,56.28,0.082
43862.7,25581.7,21945.7,23.04,79,0.264
45128.4,29065.1,20104.6,23.4,56.09,0.089
37191.5,22314.8,12790.8,23.77,59.45,4.922
36843.6,25989.9,33662.3,26.7,69.46,4.904
26066.5,16345.9,9360.74,17.68,90,4.918
35535.9,21991.1,29878.5,28.53,70,4.917
28211,18099,17559.3,15.27,77.8,0.078
45317.1,27490.2,27370.3,20.78,86.3,0.071
32905.5,20956.1,18162.6,20.42,47.13,4.923
32861.5,27420.2,11745.5,18.6,62.92,4.915
40688.7,23587.1,26850.5,20.31,86.4,0.068
37489,20890.2,23109.7,13.32,66.28,0.085
40943,34306.2,15742.6,15.17,78.4,0.086
32461.4,23624.1,26185.1,22.58,59.86,4.909
28359.8,17351.1,13550.5,13.02,74.4,0.082
30734.7,19680.5,10918.9,20.67,52.99,4.919
22400,18082.8,9294.6,6.136,87.6,0.084
37206.8,23653.9,13218.2,28.95,40.85,4.935
33458.5,27513.2,15637.6,18.76,70.4,0.076
21026.2,11723.8,10069.5,22.07,70.3,4.919
46232.9,26128.1,21675,25.25,39.65,4.918
36524.7,22625.3,30270.1,28.28,72,4.916
31165,16896,19265,20.25,60.12,0.083
24766.7,15661.1,9196,19.63,68.92,4.916
47362.1,31336.7,41410.5,27.59,56.45,0.072
25367,15673.5,14228.5,19.04,79.2,4.91
39757.4,28047.3,27927.3,31.46,23.67,4.906
25648.7,22652.3,11835.8,12.84,53.77,0.076
41406.8,29351.2,33187.7,26.28,86.8,4.91
30003.7,17981.3,13918.5,20.66,83.6,0.073
39768.5,23963.4,23574.2,12.12,63.68,0.075
24334.9,15968.4,18027.1,24.19,82.9,4.919
34213.7,21505.2,19142.2,12.97,49.52,0.085
42926,25185,21445.6,22.96,79.6,0.256
19339.9,13723.2,6522.93,15.45,77.9,0.083
30868.5,20272.3,19821.3,13.77,70.9,0.074
34713.1,21744.3,30975.1,27.79,74.5,4.917
32888.8,22557,21063.8,29.3,50.59,4.924
37047.8,19522,16856.1,15.75,68.56,0.075
35799.5,22198.2,23132.5,13.06,81.8,0.076
42206,24979.2,21698.5,22.74,72,0.272
28037.3,17266.9,17390,13.91,64.49,0.081
22400,17728.5,10600.5,14.7,87.4,0.077
32586.9,19858.5,16263.9,24.25,49.45,0.083
36256.7,23198.7,29999,23.63,84.8,4.907
41295.9,28663.3,31029.3,33.46,31.38,4.905
24284.7,14633.4,15387,11.37,63.22,4.922
23548.4,13351.5,15400.7,14.94,86.8,0.07
26127.3,16913.9,16575.1,21.76,72.5,4.912
27407.3,18829,13813.5,21.15,67.32,4.922
34988.1,20816.1,21769.1,19.46,81,0.07
36650,20344.3,20288.3,22.03,64.36,4.917
33880.1,20147.4,19262.2,18.33,85.6,4.921
25704.6,21202.1,8472.29,9.16,59.33,4.922
19723.1,14176.9,9137.35,18.6,79,0.068
32352.7,14378,17943.3,16.41,77.6,0.068
35907.1,22662.5,17903.8,20.08,69,0.069
28161.4,15774.7,18792.7,15.15,86.9,0.072
42355.4,26057.1,25607.7,15.14,76,0.068
22639,13572,14440.5,8.77,80.3,0.084
21778.5,16943.8,11300.2,19.36,85.3,0.068
29259.5,18033.4,18026.2,20.66,69.42,0.077
31422.6,19452.4,14138.7,12.98,86.4,0.102
39584.8,24949.1,22702.9,27.19,64.65,4.918
37421.1,30021.2,17186.6,18.27,68.78,4.92
35133.5,21296.9,15773.8,28.11,34.48,0.265
35750.4,20533.2,18594.9,14.35,75.7,0.073
32933.4,22363.3,22304.9,25.12,76.8,4.912
46717.2,27748.4,23734.3,24.09,80.8,0.317
31169.2,26605.8,17667.5,20.85,69.88,0.074
37494.7,24452.3,23444.8,12.53,77.5,0.086
25554.5,16274.7,11169.8,18.85,89.1,4.922
27879.9,16502.5,11905.2,24.17,58.62,4.916
38996.7,26918.3,26464.7,28.58,41.55,4.903
30901.9,15826.1,18635.6,20.11,57.11,0.082
37556.5,22480.5,19168.9,21.6,71.2,4.917
32194.7,21128,15578.7,15.1,84.6,0.074
45752.3,29692.5,19071.6,21.02,80.3,4.924
34169.7,21313.9,17495.7,23.32,53.65,0.071
43798,25995.1,25274.5,14.51,69.19,0.083
31635.5,19848.6,19442.2,28.11,46.3,4.919
23227.4,18881.9,8539.74,11.42,68.93,0.083
22315.2,14194.2,11301.4,20.46,83.6,0.068
27984.4,16252.4,13832.2,21.5,89.6,4.911
22598.8,13240.2,13697.4,10.1,86.4,0.083
23190.9,19283.2,7439.14,11,53.91,0.077
21997.4,15417.9,11703.1,15.86,67.57,0.08
30953.6,24666.5,9369.51,15.96,70.1,0.071
22924.1,11595.1,15398.6,13.85,53.97,0.084
23524.8,15706.3,18153.6,25.58,48.68,0.074
32562.3,22055.6,10026,19.63,86.6,4.919
19430.9,11606.1,10901.2,13.8,68.01,0.092
41778.2,26917.9,25370.6,10.18,70.9,0.081
27412.9,23326.2,12164.2,12.66,75,0.074
45381.3,28818.2,26677.6,11.64,53.12,0.08
34671.6,20181.3,17908.4,14.93,90.9,0.069
38376.6,26268.2,24255.8,27.03,71.6,4.911
25787.7,13996.7,11625,13.45,75.1,4.916
43841.1,28636.7,37873.8,27.08,40.81,4.912
40786.7,28484.5,30100.1,28.33,66.66,4.904
23280,18814.5,10617.8,17.44,54.55,0.078
23346.4,13522,14533.5,11.03,85.5,0.08
43356.6,30472.7,28420.8,28.08,79.3,4.91
26015.6,14104.4,13038,20.44,73.8,0.304
25175.6,14877.8,16492.7,8.28,50.62,0.096
42437.3,25225.5,25297.7,12.25,76.2,4.917
35063.6,25018,14959.7,22.33,40.81,4.92
34477.2,19365.9,15456.1,25.21,46.68,0.203
22607.7,14478.6,14739.7,20.79,73.2,4.914
35980.9,21978,15891.5,25.38,68.92,0.27
34206.1,23690,17627.3,13.53,77.3,0.082
25297.6,14783,14900.7,13.12,68.73,4.915
36025.5,19433.3,13979.3,21.97,57.03,4.923
35212.3,29476.9,16169.6,17.65,77.2,0.085
34849.6,22064.4,18160.3,21.97,56.49,0.073
47642.8,31108.9,46158.3,27.02,51.85,4.91
31698.4,16990.2,16327.7,15.02,49.3,4.917
35157.6,22011.6,17179.6,25.8,56.91,0.073
29717.5,18401.2,17962.4,9.59,75.5,0.084
23812.1,14809.8,11938.1,13.94,82,0.085
35554.6,21678,18481,22,68.57,4.919
35987.8,22482.7,22421.2,11.68,71.8,0.087
23697,15975.9,16984.8,24.23,82.8,4.917
33280.7,21760.6,15272.5,20.19,85.7,4.913
40880,35036.8,17580.7,17.15,72.6,0.071
30647.7,15892.1,18274.9,21.46,53.05,0.085
46766.9,28755.2,19550.2,24.26,52.85,0.09
30196.9,18019,21955.5,25.23,69.15,4.918
33778.8,18245.6,21218.9,17.73,73.4,0.071
21377.9,15718.9,9640.34,12.64,74,0.078
39191,27425.3,30812.4,30.9,48.99,0.068
44699.9,25607.1,19637.7,19.67,52.35,4.919
22549.8,13463.4,14731,14.63,81.3,0.073
19989.9,13641.3,13625.1,11.55,76.1,0.077
21390.8,17356.6,10398.1,11.22,69.74,4.923
23771.6,12611,15424,15.21,78.8,0.081
33211.1,21118.5,16441.4,14.05,49.35,0.088
27353.9,22234.7,16724.3,16.48,58.43,0.084
32138.8,19268.6,15744.4,21.45,59.02,0.268
33604.2,18699.8,15732.6,24.78,66.99,0.307
40744.6,34821.1,17540.2,16,73.2,0.073
22880.7,13803.7,13772.9,10.27,88.9,0.078
29590.9,25307.1,9548.14,17.17,46.4,0.083
28701.5,22656.2,9096.87,12.28,61.49,4.921
42519.5,27253.5,26122.4,10.17,83.1,0.074
28869.3,17208.3,13632.6,20.61,84.6,0.071
23052.2,14093.6,14481,3.681,82.7,0.086
23568.8,11316.4,13566.3,17.63,77.4,0.068
36133.8,24304.6,17723.1,23.82,38,4.921
23107.7,17959.1,10184.1,13.95,64.86,0.076
40454.3,28948.3,31935.8,27.78,30.24,4.908
43254.8,31106.5,15950.1,12.68,48,0.077
18596.9,12309.9,8026.99,9.87,87.6,4.926
30552.1,25174.6,9715.25,16.13,62.75,0.088
37171.1,31997.5,17114,8.9,63.62,0.076
33812.4,18109.8,15590.3,15.21,69.36,0.074
31657.7,21850.6,28215.6,27.17,30.54,4.908
31827.1,18980.5,16513.5,15.5,60.58,4.915
40121.6,20397.6,27514.2,14.37,82.3,0.07
18933.6,10719.8,10883.2,6.168,57.6,0.09
34707,22729,27524,23.96,76.5,0.064
37312.6,23306.4,15173.7,26.25,45.52,0.31
21787.6,10528.7,12357.8,14.55,91.1,0.07
45635,27430.4,28941.8,25.24,36.99,4.916
43996.6,26432.9,24996.8,15.99,70.6,0.082
33211.1,21519.8,17042.9,17.14,57.23,0.086
32348.4,21457.8,16314.2,15.19,68.68,0.08
40101.3,25820.1,24624.6,11.21,79.9,0.087
42948,29806.3,39464.4,29.5,35.98,4.917
39137.5,20918.9,20198.4,25.38,61.84,0.069
37551.9,24397.9,23371,26.47,51.85,4.905
35743.5,23026.6,17554,20.1,69.67,0.072
22404.2,14239.1,11147.8,18.98,76.2,0.082
25352.8,16704.1,10119.4,16.21,86.7,4.917
25252.5,12626.2,13298.2,22.73,46.75,0.081
24379.2,13520.2,15581.1,13.54,85,0.074
36460.9,22473.4,28287.9,27.72,67.93,4.913
21569.2,17497.9,9478.55,14.55,88.3,3.082
29105.2,18943,13894.9,21.2,81.7,0.069
36497,23471.1,15032.5,27.27,38.15,0.318
41972.7,24631,25544.1,16.24,62.42,0.081
32030.3,19451.7,15621.8,20.09,56.46,0.085
32444.9,20667.5,17466.6,21.96,58.26,0.071
30664.6,23916.9,12052,21.53,64.18,0.073
32600.7,19305.1,17716.4,15.86,83.6,0.068
27312.7,15680.9,12552.9,16.71,80.7,0.072
41998.4,24687.3,26897.7,20.67,83.5,0.066
33954.7,20005.8,13190.9,31.4,14.24,4.927
21563.1,17419.8,9519.04,13.83,89.9,0.067
46640.9,28452.7,19410.1,24.12,53.32,0.089
35704.4,18741,18632.9,21.55,63.3,0.08
40170.3,34398.3,15316.2,13.68,69.14,0.117
40236.9,25158.2,19332.4,25.78,83.3,4.924
37192.1,22849.9,19873.5,22.1,81.6,0.065
34394.3,18845.7,15709.1,25.52,61.52,0.315
22539.7,11573.3,15404.4,13.04,59.95,0.085
21063.3,12980.8,10616.4,16.72,79,4.921
28819.1,19792.4,24504.1,27.23,43.58,0.083
43314.7,24012.2,27601.5,17.91,69.34,0.085
22339.2,17784.6,8228.57,13.06,55.94,0.083
42779,25546.5,25372.9,13.49,71.7,0.086
41748.8,29954.4,32879,35.94,29.58,4.908
34854.1,17967.1,16403.2,23.47,45.25,4.918
31009.6,18237.8,18154.5,26.95,38.43,0.081
22227.7,18018.6,7512.29,19.62,77.2,0.068
29663.4,17014.1,14712.2,16.14,64.42,4.921
40698.2,22461.5,27467.6,17.28,80.8,0.086
39991.9,24477.8,25989.4,12.51,68.35,0.077
38274.7,22584.2,18015.4,22.47,84.8,4.913
37641.7,24531.5,15004,21.2,79.3,4.916
34676.8,28724.1,11778.2,14.03,43.02,0.08
36698.7,25054.1,20131.1,14.79,50.92,0.082
34184.1,21985.4,16597.5,25.84,66.12,0.314
33722.5,24131.8,25905,21.01,74.5,0.073
33426.9,22435.9,16230.6,21.02,72.8,0.07
39118.1,26074.3,24514.6,27.98,40.98,4.903
33192.4,27372.8,10251.1,14.07,40.69,0.076
24540.8,16738,16476.1,11.45,77.7,0.074
23300.4,14517.3,11956.4,15.99,68.13,0.086
28185.6,22118.4,9438.66,16.42,64.55,0.08
36695.4,30495.9,17071.8,18.96,73.1,0.072
25293.6,15287.9,15105.4,14.87,70.7,0.067
38946.8,22730.1,24115.2,19.12,56.92,0.083
25707.3,16858.4,16481.9,8.78,85.5,0.082
33011.7,20316.4,17597.7,22.73,84.9,0.277
45965.6,27624.9,27736.6,21.37,61.24,4.916
33317.5,21622.5,13414.5,21.52,60.85,0.284
46994.2,28636.5,25880.9,24.78,89.2,4.919
23120,18688,9183.61,15.23,77.6,4.912
33488.7,19997.9,11024,18.84,76.7,0.079
24401.5,20277.4,11086.7,10.74,68.4,0.079
45914.7,27494,27630.3,20.81,86,0.068
45299.4,27061.3,26118.2,19.26,84.9,0.071
31906.4,22716.5,22485.7,25.09,47.22,4.919
34775.4,29287.2,21426.5,20.51,71.9,0.072
24404,13212.2,12712.7,13.83,89.6,0.07
33250.3,21424.1,22520.1,27.65,51.33,4.919
23162.6,14462.2,10660.6,11.16,74.2,0.083
49391.5,32552.1,39062.1,25.3,67.91,0.067
20641.8,15391.2,9571.19,8.05,91.6,0.084
39786,24227,25219.9,19.12,86.7,0.069
32354.4,19630.4,16967.7,15.73,65.09,4.917
28525.1,19053,20289.4,24.06,82.2,4.92
37127.8,22000.4,14508.8,31.12,28.48,4.918
39370.6,22045.3,20345.3,22.09,60.72,4.923
43831.9,27184.2,25792.8,13.91,64.66,0.087
43009.3,27089.8,32238.3,22.78,62.74,4.919
22351.3,17950.3,10493.2,8.43,82.1,0.081
34981.9,22865.9,14192.4,25.14,92.1,4.916
33880.1,23086.1,17384.9,25.11,33.43,4.924
43876.7,26530,25634.3,19.14,85.6,0.068
32433.4,18277.2,16082.9,7.71,80.6,0.089
35209.1,21775.5,13025.7,24.05,54.32,0.081
23895.6,11866.8,15569.5,13.53,89.6,0.07
36296.1,21750.3,19269.8,19.21,58.11,0.076
43196.8,27729.1,30752.1,35.22,24.15,4.923
30845.9,19133.1,18411,16.32,89.1,4.919
22108,19091.7,10141.7,12.38,52.74,0.078
32377.5,17046.8,19118.5,20.62,64.5,0.073
39212.3,33169.8,17083.4,17.78,63.89,4.918
36340.1,22273.6,19714,22.36,51.95,0.078
47313.8,28777.7,26363.1,18.62,74.5,4.923
43339.7,26859.6,24763.4,16.83,37.33,0.09
39920.9,33352.6,15886.7,15.22,53.97,0.086
20764.1,13061.4,10350.6,6.442,65.74,0.088
37475.3,32200.1,16341.9,10.52,68.1,0.086
32547.5,25211.4,8948.86,11.75,83.2,0.086
25048.9,13864.8,15936,14.78,83.9,0.069
35446.6,22583.5,27004.5,28.26,63.7,4.908
40225.1,34273.1,16042.3,14.04,63.13,0.092
30326.2,24709.1,13116.1,20.79,63.21,0.071
40614.1,28435.1,27566.1,26.08,67.99,0.064
30094.2,18331.9,17332,15.73,59.33,0.076
44069.7,24397.1,18488,24.53,52.22,4.917
33720.8,21648.6,25308.6,21.83,81.9,4.916
24794.7,13861.1,16546.9,15.27,87.2,0.067
35822.3,22748.8,20543.2,16.33,68.79,0.074
35307.6,21545.1,16484.5,17.43,71.1,0.073
37427.3,22909.8,16597.5,25.54,72.7,0.262
34885,19713.9,14867.7,24.58,59.99,4.918
23131.1,14535,15209.6,8.43,86.5,0.088
33295.2,20078.6,18507.6,16.22,73.4,0.074
23307,14452.4,12577.5,18.17,65.41,4.924
36057.3,21023.7,17709.5,21.35,62.85,0.271
23946.5,14288.5,15099.6,23.16,41.86,0.078
24565.8,13505.6,11277.8,20.4,81.8,0.067
31968,17491.5,16519.4,15.08,47.36,4.92
37078,21804.3,21448.4,20.48,64.91,0.079
25827.3,15247.7,16196.6,22.36,89.5,4.919
40016.2,24342.2,26414.5,17.03,69.94,0.075
40834.7,23235.4,24480,17.35,86.5,0.072
39099.3,24399.2,23701.7,20.28,89.4,0.067
38560,29882.2,16493.5,19.23,52.71,2.461
22954.2,12530.5,13842.6,10.17,88.2,0.083
35885.3,22082.7,14832.4,26.01,42.21,0.279
35527.2,20298.6,18624,16.93,81.2,0.07
33156.9,27334.7,14434.7,10.07,73,4.918
37686.1,23284.1,21836.2,27.27,63.59,4.925
46933.8,28077.8,21057.2,21.4,82,4.925
31133.4,21676,22034.9,26.51,83.5,4.907
30184.6,25326.4,13717.6,20.63,41.79,0.083
31399.9,18739.3,17344.1,24.72,46.68,0.073
29644.6,19105.2,19361.9,12.99,69.52,0.082
33993.4,21094.7,17145.9,20.77,75.1,4.923
25799.2,14336.4,14072.1,20.92,78.7,0.066
25920,17073.9,8421.16,18.12,86.2,4.914
35626.4,16790.2,19240.7,16.37,80,0.069
41272.5,28781,27770.8,26.13,89.8,4.908
35689,25412.7,24805.4,23.25,62.03,4.905
41711.2,24496,24933,13.94,70.1,0.085
43114.2,23762.2,25472.9,12.92,80.6,0.082
35315.4,22027.2,17501.5,25.84,53.57,4.92
22408.5,15098.7,14375.9,24.04,82.8,4.916
21274.5,16738.9,9767.11,9.2,85.8,0.08
30036.9,23943,17418.8,19.49,68.78,0.07
33254.8,20608.5,16281.3,21.96,50.97,0.085
32320,23742.1,17395.7,22.12,53.1,0.075
21176.7,13248.3,10598.9,17.18,78.8,3.789
23312.5,17298.6,7496.76,15.53,67.25,0.072
33836.9,20004.9,16403.2,12.86,79.9,0.085
21098.1,16875.1,8603.12,11.87,65.32,0.082
23267.7,17233.9,10519.5,14.9,86.8,0.074
21013,13136.8,11689.1,17.35,70.2,0.081
39183.8,23668.1,24294.9,16.15,56.04,4.918
38184.4,23069.9,24174.6,9.42,45.24,0.085
31714.1,25494.9,9824.73,13.05,62.97,0.089
36097.7,22851,13294.1,29.09,29.58,4.922
28416.4,18277.5,19007.4,23.86,82.3,4.918
36471.8,21808.5,21710.3,11.82,63.95,0.075
22010.8,11335.2,11997.1,13.74,89.8,0.066
25610.6,16067.1,16665.4,20.47,69.44,4.911
31977.3,24261,26422.6,26.35,77.7,4.907
34541.6,20436.6,15416.1,14.27,66.32,0.076
21679.3,12875.4,13968.7,10.63,46.58,0.084
33341.7,21729.1,24492.1,29.96,43.1,4.927
26121.7,15834,11928.5,18.44,88.2,0.279
34165.8,21794.6,18615.1,23.26,64.15,0.069
22849.3,14807.9,11366.4,19.96,85.6,0.069
34688.1,21293.6,21627.5,8.51,88.8,0.073
26684.6,15601.2,12843.8,20.83,67.92,0.268
33363.4,18586.6,18164.4,18.97,73.2,0.08
22246.8,13174.5,14206.1,6.25,66.68,0.086
30603.1,24850.4,18002.9,19.76,69.55,0.073
31281.3,20794.9,23106.3,22.27,67.87,4.905
45386.8,25237.3,19439.3,24.13,48.58,4.917
33065.1,18240.7,16892.1,17.82,49.5,0.085
34446.7,21076.2,17594.8,20.91,73.4,4.92
30097.8,22588.4,22600.6,27.87,65.86,4.904
29963.1,24270.2,16366.3,21.15,61.94,0.072
37397.5,24605.5,19153.7,14.32,49.35,0.081
30886.2,25382.2,17245.3,22,58.31,0.071
27261.5,15208.3,18178,20.99,86.4,4.914
24887.8,13943.5,12537.9,22.43,46.99,4.931
43346.4,25480.9,24666.7,13.22,52.17,0.08
36221.7,20789.8,18932.4,20.45,61.17,0.091
35671.9,22147.1,21744.6,15.18,83.3,0.079
36583.3,22748.9,22039.5,12.65,71.6,0.085
29371.9,23834.3,9329.17,14.86,59.15,0.088
45261.6,23590.6,29381.8,13.6,86.2,0.074
35076.5,22103.3,17361,11.46,60.73,0.085
32819.7,20524.4,14841.3,13.2,52.42,0.082
31683.7,25631.2,9404.08,15.33,81.6,0.081
21298.5,17494.2,8535.9,11.22,63.82,0.085
30820.7,17933.1,17524.9,26.36,38.4,0.079
35426.5,21551.4,13391,24.16,59.32,4.92
41963.9,25473.2,20245.3,21.9,68.12,0.29
28213.8,16664,13326.3,24.03,51.35,0.301
31464.6,26286,13827.5,12.28,54.15,0.084
23095.1,11919.5,11340,12.51,59.91,4.922
35491.3,23157,25407.9,29.59,59.43,4.921
32059.9,20787.8,15381.3,22.86,47.9,4.916
44472.6,27303.8,34861.3,24.61,83.3,4.923
34732.2,22063.3,29926.7,28.01,72.6,4.915
19250.4,11472.4,11706.6,16.83,66.57,0.079
24888.2,18996,7663.87,8.61,86.6,0.086
40089.9,27085.5,26819.8,27.56,39.19,4.909
35131.1,21724,16516.6,17.97,42.17,0.087
25117.7,16718.9,18297.2,21.71,48.72,4.902
23536,14231.4,11950.5,14.11,89.7,0.07
43190.4,27600,32969.4,30.47,32.24,4.923
47783.1,30854.4,40555,28.43,43.12,4.926
26029.4,16479,17123.9,13.07,67.18,0.086
24804.8,15841.5,10579.4,11.24,87.4,0.088
21550.8,17338,7674.22,19.81,70.3,0.069
40027.5,23905.2,24782.8,18.74,79.3,4.915
30050.2,20984.8,18918.8,25.1,62.77,4.919
31148.1,20221.7,17921.3,21.72,52.91,0.07
36808.1,23456.5,22577.3,10.46,80.8,0.087
25094.4,16401.7,11928.5,17.58,93.3,0.094
25776.5,14867.1,19286.4,25.54,89.5,4.916
34795.6,21622,20183.3,16.14,77.1,0.079
40508.4,23894.2,25399.5,15.25,72.3,0.069
35859.1,21863.4,16699.4,18.28,49.1,0.074
22816.8,14334,12288,16.97,69.44,0.082
34560,15851.7,22475.6,15.66,85.4,0.067
43617.8,30489.9,33499.6,36.37,24.64,4.906
42847.1,24322.4,18569.7,20.97,66.89,4.917
23426,15629.3,10753.5,9.89,89,0.093
23910.1,14458.5,11549,8.63,87.5,0.089
22584.6,16386,10895.4,18.83,79.1,0.066
34649.2,21102.3,12943.8,27.35,37.48,4.925
22006.2,16099.6,11057.3,11.84,86.1,4.922
49684,33129.1,40253.7,26.54,54.48,4.907
22203.1,15883.9,12589.9,12.84,85.2,0.072
35176.9,21577.7,17105.1,26.16,50.84,4.923
23370.9,13719.5,14510.3,10.97,84.3,0.082
28470.5,17613.4,17615.8,10.58,90.6,0.078
21926.2,17564.9,10600.5,16.3,85.2,0.072
23586.3,18082.8,10643,14.91,59.18,0.082
42679.1,24168.3,25200,14.78,51.64,4.92
36229.4,22554.3,14732.4,29.31,38.78,0.269
37947.1,28754.4,37301.4,25.47,80.2,4.916
21709.4,13546.5,13578.8,12.76,49.82,0.083
35139.1,23130.7,16889.4,21.89,70.6,4.922
38059.3,32859.2,16439.9,13.47,49.77,0.079
32166.2,24125.2,10236.1,14.42,57.92,4.927
30455.5,17094.5,14370.9,12.22,76.7,0.087
49218.3,33227.8,39042.7,25.65,71.5,4.906
19628.1,12040.9,10657.2,18.05,65.44,0.077
41808.8,24222.5,25060.3,13.85,72.1,0.072
23399.6,13868.4,12328.7,14.99,85.8,0.066
34157,18557.2,19525.8,13.99,89.9,0.068
27585.8,15877.2,16510.1,10.25,84.2,0.072
36519.3,17230.1,18833.5,16.43,81.3,0.071
37573.8,23471.1,14714.8,27.14,35.55,0.27
35423,23420.9,25152.6,23.55,65.91,4.907
38183.8,20829.1,18550.2,22.98,69.48,0.069
47126.1,28669.3,20157.1,21.68,64.43,0.088
24010.2,13152.6,12232,15,58.04,0.082
39733.2,26673.4,34547.9,26.54,48.29,4.924
23717.3,14199.4,14634.5,15.11,57.91,0.083
37121.4,21680.5,22825.2,13.74,61.05,0.081
44865.3,26241.6,23641.9,23.49,69.32,4.92
29070.8,21614.9,9559.52,20.76,70.5,0.071
36400.2,24901.2,12144.4,19.23,89.3,0.083
38760.1,26420.3,24490.5,26.18,41.61,4.928
25163.4,12936.8,13611.3,17.07,70.2,4.922
38475.5,23814.2,20836.3,21.02,66.07,4.92
29819,23000.6,17054.2,16.76,65.02,0.08
30619,25553.9,9404.08,16.27,59.11,0.083
40427,24776.5,24415.9,19.29,74.7,4.922
42547.1,24189.7,25286.1,13.74,47.4,0.083
21034.9,13951.4,14214.9,12.96,84.6,0.077
35463.1,22209.1,17465.2,15.08,77.8,0.083
38022.3,22729.4,22981.7,18.5,82.1,4.923
39622.8,33746.5,15661.9,12.21,86,0.078
41699.6,26214.1,30430.5,22.99,78.2,4.919
36012.7,22453.2,13026.2,22.82,85.5,4.915
36072.5,21771.8,13037.3,25.3,49.76,0.079
22737.8,13909.6,10762.1,18.94,90.7,4.916
24651.5,14961,16189.8,18.37,64.89,0.08
29461.7,22078,12313.7,21.42,67.65,4.918
30351.3,17191.7,20801,25.64,66.28,4.922
27954.4,18131.7,13680,13.14,83.7,0.078
25938.4,16382.9,11647.7,13.53,86.3,0.08
22794.9,12731.7,10318.1,10.47,63.07,0.085
38383.7,22931.7,18040.6,16.58,68.06,0.073
24503.3,13116.9,16942.5,13.48,84.5,0.086
34861.5,27721.5,19176.9,18.14,68.01,0.072
26086.8,16421.1,16003.2,18.73,88,0.069
29896.9,17143.9,16287.1,15.74,49.2,4.916
32280.5,20220.7,14446.5,12.58,89.3,0.081
30892.3,26077.7,10907,23.01,52.13,0.078
29499.3,19021.6,13002.8,23.7,59.91,0.082
30303.7,17266.5,16432.8,21.22,80.3,0.267
22196.9,17479.3,10056.9,15.16,82.3,0.082
22039.6,11952.6,10031.5,21.13,74.8,4.92
27047.9,21393.1,8464.83,9.13,86.5,0.087
42366.6,23059.8,27098.7,12.66,81.7,0.07
35775.2,21235.3,16412.5,16.01,63.68,0.074
27200.7,14968.8,14938.3,28.52,40.65,4.953
35353.2,22473.1,17431.6,21.14,75.9,4.918
31916.1,20474.3,15187,21.19,77.8,4.929
34381.6,22442,12690.8,21.92,93,4.914
44401.6,24039.9,26389.7,20,65.28,0.082
33564.9,23088.6,29794.1,24.43,52.69,4.912
40957.2,25495.6,23316.5,23.19,67.56,0.288
31427.7,26308.3,17233.7,21.04,69.11,0.074
35227.3,21035.3,19233,21.78,65.35,0.07
25396.1,16317.3,12346.2,16.32,66.74,0.081
33618.3,28867.8,14359.7,13.4,59.65,0.076
24830.4,13625.4,11014,20.4,74.9,4.918
36733.6,22261.5,17508.7,26.65,79.5,4.921
30190.8,24709.1,13630.8,15.19,68.98,0.081
31716.8,19185.4,19329.7,10.47,89.6,0.075
30375.5,20681,24757.2,22.98,76.7,4.908
24999.9,16465.1,11881.8,17.79,93.3,0.103
41395.4,25097.9,24144.6,14.59,35.73,0.078
35781.2,22168.4,21885.7,19.5,87.5,4.919
30698.8,20851.6,13526.3,23.19,71.5,4.925
35378.5,29912,14845.3,18.51,62.55,4.919
44185.4,26685.7,26171.1,20.91,84.8,0.07
33791.2,20001.6,18338.9,22.2,48.39,0.087
26249.2,17456.4,16413.3,25.61,92,4.91
20937.7,13043.2,11115.2,11.64,50.55,0.086
37057.7,22370.9,12673.2,23.67,59.59,4.927
24135.9,15163.4,10631.6,19.51,90.1,0.317
34887.7,22824.9,13340.8,24.44,53.42,0.089
38215.6,23748,31677,24.36,73.4,4.916
37519.7,25834.2,31270.3,32.05,40.62,0.067
30758.3,20768.4,26185.1,24.39,55.29,4.917
32596.2,25598,9496.28,13.53,65.01,0.083
27815.5,17426,16190.6,24.11,92.6,4.921
32188.2,22215.8,20367.6,23.93,55.42,4.922
38904.9,33551.4,16411,13.94,62.72,0.082
21421.5,16743,7922.89,13.67,87.4,0.083
40217.7,28632.7,26181.8,33.21,17.14,4.904
29816.5,18889.5,18140.7,24.32,90,4.918
44213.1,25570.5,19733.4,21.44,74.1,4.919
27619.8,22236.3,11490,13.97,79.2,0.083
23405.5,18515.4,10738,13.27,86.9,4.915
23717.3,14633.4,14657.6,13.48,72,0.075
41275.9,23385.4,24480,14.96,61.35,0.083
31101.5,23463.2,17031.3,20.25,75,0.072
25509.4,14297.6,14905.2,12.96,71.2,0.074
36457.3,21435,19432.7,21.51,42.68,0.086
35968.1,22704,13620.4,23.56,69.96,4.957
22892.9,12793.9,14098.1,9.74,62.12,0.085
44945.8,25862.4,21533.8,21.05,44.15,4.919
29099.8,17924.1,22407.4,23.23,77.9,4.911
26443.1,21068.2,8443.37,10.13,69.4,4.916
30724.1,19767.1,14585.8,16.15,40.03,0.088
25051.1,15713.1,12017.3,13.32,47.41,0.087
29163.1,21339.7,17690.6,21.05,62.34,0.073
38217.5,33109.5,16359.2,15.21,63.72,0.083
40841.3,23444.9,21893.9,24.41,60.37,0.072
22265.1,13119.8,13777.7,13.9,62.62,0.081
27181.7,15631.8,17978.2,16.7,65.3,0.079
29975.4,25505,14596.6,16.24,85,0.085
31686.4,17955.1,15005.5,20.64,49.62,0.082
33452.1,20548.6,16306.4,24.78,59.51,4.924
39331.3,27573.4,24877.7,27.29,67.93,4.908
23598,14026.1,12328.7,13.25,88.1,4.923
34843.6,19859.8,14216.2,22.41,59.03,4.925
45059.1,28706.6,19521,18.5,91.1,0.076
29909.1,17323.2,16484.5,15.65,47.83,4.917
19631.9,14415.5,8637.7,12.92,70.4,0.083
29800.4,17274,15385.5,26.02,43.51,4.93
38916.9,32995,20310.4,16.8,77.9,0.075
20440.7,12714.9,10553.2,10.05,51.89,0.085
39111.8,32479.9,15581.3,15.07,67.29,0.087
37293.8,22651.6,20659.2,21.88,78.2,0.067
27335.7,17872.3,18442.4,5.921,75.7,0.081
23350,10246.4,12480,14.3,90.3,0.068
23946.9,14286.6,14458.1,9.39,83.4,0.085
32299.7,20093.6,15608.7,10.44,78.6,0.091
38255.6,21847,18027.2,21.03,78,4.915
37653.7,25219,25100.6,26.67,71.1,4.923
21623.9,12668.4,15960.5,22.46,79.6,4.908
30745.4,14602.1,14450.2,21.86,75.6,0.068
37312.8,24024.9,28569.6,21.16,70.7,4.921
23137.2,13914.9,14556.1,10.11,74.8,0.083
35869.7,22767.6,19359.5,25.99,39.03,0.071
20962.7,11429.3,10451.6,14.34,86.6,4.913
30294.9,17299.7,16353.8,18.16,54.01,0.083
28873,22394.6,10326.1,17.61,58.98,0.083
28628,17015.8,13196.8,17.62,82.2,4.919
21899.2,10987,12253.1,14.25,90.4,0.068
30734.6,27070.9,9196.64,16.2,54.92,0.083
41104.6,30246.8,37271.3,25.7,51.36,4.913
24142.3,17468.6,9607.84,19.49,66.72,4.915
39742.8,23795.7,21617.3,17.18,47.91,0.088
27785.3,16891.2,13353.3,9.24,67.27,0.084
34118.8,21161,17036.1,16.8,67.82,0.076
41505.1,23415,20857.2,19.98,66.76,0.195
30967.9,20311.6,9594.16,20.68,86.6,0.221
32249.4,22781.2,11271.1,7.76,92.7,0.087
50041.2,34074.7,46266.8,27.51,62.39,4.904
31314.5,17253.1,11129,19.01,85,0.076
25743.5,14930.3,11724.3,17.96,90.2,4.914
34713.1,22963.3,25444,31.71,40.66,4.926
33089.6,19904,16215.9,12.95,58.86,0.085
32570.8,19951.4,20035.5,11.23,90.9,0.079
27660.6,20689.8,15863.3,24.42,60.71,4.923
35197.2,19171.3,15420.8,22.82,48.49,4.922
28883.1,18148.3,17659.2,21.97,87.4,4.921
35126.6,21533.1,17985.4,22.67,53.65,0.071
22566.1,13327.7,15498.8,11.54,73.9,4.915
40101.3,24113.1,24855.9,16.75,52.57,4.917
38310.7,27110.1,31589.6,30.91,58.72,4.906
31844.1,17686.3,16840.5,16.87,49.02,4.916
34073.8,28223.6,17453.5,15.84,87.8,0.069
32823.9,21134.4,18437.8,22.43,42.04,0.073
40307.2,27594.9,26121.6,28.94,43.11,0.07
46842.5,29158.5,19486,20.49,88.3,0.075
23739.3,14879,12583.4,18.09,64.48,4.919
33623.8,20283.9,18722.9,17.95,78.5,0.075
26977.7,16854.9,11520,21.97,90,0.287
20678.3,16967.2,9772.87,6.244,83.6,0.084
47462.7,29215.4,22334,23.12,62.09,0.272
31267.7,26862.4,14608.2,20.64,41.99,0.079
29863.9,19159.1,17868.8,17.3,85.1,4.917
42304.1,22476.2,27275.6,17.04,69.77,0.085
35725.9,22574.7,13200.7,25.09,61.72,4.926
41718.7,26139.3,24073.8,28.4,29.15,4.92
20824.6,16051.2,9027.47,18.13,73.2,0.077
37878.7,21005,18851.4,23.07,69.32,0.069
24792.5,16145.1,10956.8,9.9,89.4,0.067
22863.1,12463.2,13644.5,10.09,88.5,0.1
38841.8,23890.2,21663.2,24.22,79.9,0.312
28946.5,19747.6,8125.19,19.76,82.7,4.912
23446.2,18952.1,12173.5,15.02,89.2,0.07
35274.4,22211.4,23503.9,30.77,26.95,4.919
25075.5,17350.2,9477.45,18.09,93.2,0.068
35214.7,22131.3,17670.6,21.69,72.1,4.92
23672.4,12867.6,14237.1,16.67,79.9,0.069
35044.8,23931.6,24112.5,35.3,32.72,0.068
38648.8,26126.6,32378.9,34.32,25.85,4.923
18910.4,11160.4,10208.3,16.51,62.73,0.077
37622.2,24709.6,25098.4,29.58,44.65,4.92
45028.9,27621.9,26405.8,13.02,65.88,0.083
29631.9,17637.8,8572.89,19.53,58.53,0.098
36613.7,21220.7,16950.4,17.09,73.2,0.072
38898.9,33256.8,16497.5,13.22,56.48,0.084
30861.5,23924.4,11340.7,17.4,43.68,4.92
24229.8,12791.5,14240.8,15.07,63.66,0.08
35857.8,26074.3,23672,28.83,33.54,4.904
33341.7,23058.2,30818.4,24.44,58.25,4.903
22806.2,17951.7,10774,19.34,67.21,0.073
23272.9,12662.2,14283.9,9.86,90.7,0.081
41736.1,29324.1,31300.4,34.93,26.95,4.929
35857,22483.2,19282.7,25,54.74,0.073
40251.8,21768.6,27392,15.42,83.2,0.077
23665,12589,15271,16.39,77,0.081
33224.2,19993.9,15991,13.94,73.9,0.075
27685,16282.3,13496.9,20.38,75.6,4.919
44070.1,25631.7,25414.8,16.09,55.47,0.078
29232.3,18576.3,21693,22.17,83.5,4.917
32945.2,20406.2,18219.3,23.91,66.78,0.068
27817.6,23139.2,16463.8,16.52,58.33,0.081
21922,13335,14070.4,8.54,81.2,0.082
39297.1,25272.2,26651.3,27.81,72.3,4.927
32413.7,28536.4,14077.3,13.3,54.54,0.076
24094,12809,16093.1,12.64,82.6,0.085
31122.9,18635.3,17239.2,24.63,47.38,0.073
32304.4,18018.7,13838.1,23.93,43.35,4.921
32261.6,26168.8,9409.84,12.45,58.91,0.081
44397,27705.8,26596.6,12.18,57.03,0.087
39815,26659.8,26043.4,29.32,42.95,0.073
34247.4,22636.7,25064.4,30.29,44.6,4.917
27124.2,16447,11949.5,18.5,89.9,4.916
24939.6,14590.2,15387.1,11.42,90.6,0.08
27599,15735.4,16594.8,12.62,88.3,0.073
30111.9,18714.9,14553.4,13.39,76,4.913
33175.1,17751.2,21721.9,11.22,87.1,0.073
42112.4,30224.1,32137.9,35.66,22.31,4.908
27327.8,22129.5,11639.9,9.4,85.8,0.084
34852.5,20084.4,15915.3,25.38,57.1,0.078
24082.6,12996.7,11106.5,16.76,65.77,0.079
43826.4,24806.2,25809.2,18.38,70.4,0.071
24614.2,13783.6,14900.7,9.98,90.3,0.076
36792.1,24320.2,18501.8,21.95,41.84,0.086
25061.7,13995.8,12423.9,20.4,80.2,0.074
22174.9,18602,6534.45,16.04,71.6,0.074
23164,12783.3,16128,15.26,71.9,0.076
44339.7,26454.9,25560,20.62,58.39,4.912
39072.2,29744.8,17367.5,17.69,80.7,4.922
23436.8,13597.1,11613.1,14.14,89.6,0.09
35808.8,21117.3,17656.5,26.04,59.75,0.262
23647.1,19025.5,6672.75,16.06,70.4,0.07
42960.8,29377.2,32879,34.48,36.68,4.908
41858.5,22636.6,28634.6,21.6,78,4.917
36500.3,22333.1,21783.8,13.74,67.99,0.084
44516,26966.3,26637.8,20.75,87.2,0.065
46105.5,27490.2,23475.4,23.55,82.6,0.273
23540.3,13831,14999.2,9.21,90.9,0.08
33980.3,21446.8,16174.3,16.06,58.21,0.083
46578.6,27294.6,22612.7,24.97,56.28,4.928
23082.7,13386,14605.5,12.41,77.5,4.916
40294.5,27672.2,27854.1,27.55,68.67,4.906
27417.3,14459.9,13708.7,16.85,64.86,4.923
33113.6,20241.6,15403.1,26.39,58.32,0.266
37090.3,22834.9,20990,23.57,69.95,0.07
25469.9,15778.3,14674,14.66,74.2,0.08
36766,22675.6,17599.4,16.75,66.32,0.076
26283.2,15111,12967.4,21.72,87.2,4.915
39944.6,33508.3,17349.4,19.1,66.54,0.078
43413.6,25783.6,26206.6,13.63,50.7,4.922
40601.3,31609.3,27518,27.02,73.8,4.904
38466.1,27408.7,26398.5,27.05,81.1,4.907
38248.9,22904,23792.1,26.42,31.65,0.081
27907.7,22061.2,13162.4,16.2,77.6,0.068
43283.7,23238.7,28002.9,18.17,74,0.072
36681.8,22715.2,14985.4,29.24,33.91,0.271
25370.8,14381.8,15178.6,9.91,88.9,0.073
24216.3,15152.7,14535.4,23.74,83,4.919
38670.6,24109,18212.9,25.51,87.4,4.922
30861.5,25597.9,14081.9,16.93,79.6,0.08
37160.5,23409.1,22161,10.01,67.04,0.088
39198.6,23819.1,18974.5,22.44,63.32,0.276
24888.2,20855.5,10919.6,16.26,75,0.071
37548.1,24365.5,24310.2,18.96,58.21,0.078
25544.1,16091.5,9954.97,21.15,93.5,4.913
21292.8,16735.2,9069.87,16.27,68.32,0.07
39760.5,24829.5,24404.7,21.42,66.94,0.08
35166,23829.1,31300.4,25.76,50.92,4.923
43037.3,34515.2,30854.6,32.48,35.12,4.909
31667.3,19792.5,23973.4,21.85,81.2,4.914
31246.7,20260.3,12326,21.02,64.25,0.279
24277.8,14923.2,10579.4,13.77,80.9,0.085
33949.7,21338,16441.1,25.08,61.86,0.073
23660,13410.2,15313.5,16.16,82.2,0.069
47221.8,29806.3,38042.5,24.93,82.1,4.909
14612.7,16486.3,13052.5,9.97,85.9,0.081
20684.7,12237.1,10750.1,6.829,81.1,0.088
26567.3,22228.9,11397.8,9.06,80.2,0.084
36853.9,23695,13399.1,22.99,68,0.099
28379,18908.2,14570.8,10.63,61.27,4.921
23137.6,14779.3,12591,15.18,64.15,0.082
28689.2,24136.4,14683.4,20.83,62.15,4.915
29351.8,17450.1,17710.5,25.93,37.07,4.923
33187.7,20871.8,17227.5,21.68,63.82,4.922
41793.5,27816.5,28107.1,33.84,33.48,4.907
23610.6,17880.3,8482.11,14.51,78.2,0.069
31827.7,23359.1,11849.6,20.5,73.1,0.071
48618,33034.8,38761.1,25.33,86.3,4.919
37015.3,21585.3,19095.3,15.91,86.2,0.069
44681,28527.4,18552.2,23.13,60.09,4.917
32955.9,20845,21727.2,13.24,78.9,0.078
29033.8,22853.3,14307.5,12.65,88,4.92
36970.1,21999.2,17370.3,27.96,70.9,4.926
29464.9,18269.9,15709.1,20.71,70.3,4.914
38807.6,33499.8,15443,12.66,55.57,0.078
24738.9,14180,16017.5,11.36,75.1,0.081
33660.8,20257.8,15527.7,16.4,59.42,0.076
38738.5,32734.7,16788.4,13.98,44.94,0.082
40908.1,23466.5,20391.7,22.56,71.7,4.923
28787.8,24600.2,10124.4,15.9,73,0.072
32132.4,20529.7,16244.5,25.42,73.6,0.299
27236,13535.6,15891.7,21.23,60.14,0.083
38004.5,24383.5,26408,27.35,71,4.919
35165,21461.8,13440,26.51,43.88,4.92
27104.8,15901.2,11776.8,20.04,87.5,0.071
31032.6,21155.7,20533.6,24.09,77.2,4.909
32315.5,17428.1,22824.7,15.06,79.5,0.082
21998.3,13445.1,11142.6,12.81,87.3,4.91
36261.2,21177.1,16521,20.02,83.4,4.922
41474.6,28997.5,31463.1,33.95,30.88,4.907
47679.3,28444.5,21763.3,22.73,53.68,0.271
45570.3,27617.5,23710.7,24.04,80.2,0.327
28972.2,20039.2,17816.2,24.36,63.67,4.924
30289.2,26159.5,10756.6,16.03,30.6,4.927
45673.1,27374.2,27760.2,21.06,85.4,0.068
23782.8,14533.7,14201.8,17.4,69.12,0.081
24156.3,15881,17852.4,21.76,49.56,4.913
22819.4,13236.6,15509,12.38,81.4,0.083
41772.2,26071.7,25257.2,12.87,65.65,0.082
31552.4,20221.3,16534,16.07,71.1,0.074
30171.4,19705.1,25666.9,25.29,85.2,4.932
23113.5,13946.3,13639.4,9.64,89.9,0.081
22637,12266.4,15173.8,14.24,86.1,0.079
35547.6,23310.2,15538.5,24.89,72.5,0.286
29110,15983.7,19502.5,15.15,88.1,0.069
46943,28256.4,25453.5,25.78,80.7,4.919
47838.6,29728.1,20021.7,23.07,50.42,0.288
35434.2,18703.9,21044.4,16.15,78.1,0.068
43804,27145.9,27264,21.36,78.7,0.067
47523.2,29543.2,19976.2,22.03,78.1,0.078
32047.7,15109.8,15712.3,13.04,69.72,0.078
38947.5,33599.3,16197.8,13.75,63.62,0.083
35784.6,30060.7,19489.2,15.22,83.8,0.069
34292.7,21953.8,16748,15.7,31.15,0.09
23544.2,18534,11951.9,16.98,71.9,0.081
42647.1,26283.3,25642.4,15.01,83.7,0.073
34041.4,19232.8,16261.1,13.31,80.8,0.073
26475.3,19068.7,13667.7,15.76,63.38,0.081
22676.9,18063.2,10253.5,7.65,79.5,4.914
41875.9,24842.6,24973.5,10.86,79.9,0.072
32155.3,19144.3,17076,21.49,59.86,0.073
40409.5,28568.1,25333.2,26.74,82.8,4.914
32156.3,22782.3,22709,25.15,63.92,4.905
38472.5,27325,26236,34.9,21.44,4.906
37967,22445.1,22697.4,11.36,81.1,0.075
25245.5,14966.4,11598.2,21.92,70.3,4.922
20854.8,16753.6,9519.33,7.28,84.3,0.084
26732.3,22143,11705.1,9.07,77.2,4.919
18317.3,10657.8,10750.1,6.408,57.23,0.094
35052.2,21009.1,16597.6,17.28,65.42,4.916
27236.9,21808.3,13856.4,15.38,88.7,0.071
44402.4,30330.4,35355.3,24.9,62.92,4.903
21778.5,15824.4,11676.1,12.04,87.6,4.93
34755.3,21578.1,16093.3,11.54,65.84,0.084
22978.5,16296.7,12942.7,12.52,85.1,0.08
33800.2,18219.5,15555.5,24.3,47.88,4.917
31671.5,25925.7,9899.64,12.61,78.5,0.085
23297.4,13807.3,14225.8,11.05,84.4,0.084
34139.5,20256.5,15391.4,26.4,58.39,0.26
30554.7,19388.4,22738.7,22.04,83.3,4.917
44007.4,26670.7,26041.1,18.75,64.06,0.081
31398.1,15684.1,16374.2,20.32,53.67,0.082
47524.8,31061.9,36173,25.67,84.1,4.926
21484.6,12922.8,12410.6,8.97,80.7,0.085
43408,26936.5,19380.9,24.07,41.65,4.917
23878.5,15341,15036.1,5.795,86.9,0.086
36080,30551.7,18962.9,16.27,87.3,0.07
48432.6,29286.6,26855.9,25.52,82.4,4.917
42416.9,29271.4,31977.9,22.21,55.23,4.907
31738.9,17266.8,18245.8,16.66,82.4,0.075
33714.4,20436.6,17750.3,26.42,40.27,4.918
32366.3,18296.3,16536.8,15.66,60.45,4.922
34811.8,22127.6,18137,19.69,60.29,4.925
27098.7,16942.2,16742.2,14.49,78.9,0.077
26678.2,14583.4,12961.5,22.43,43.71,4.918
29104.2,25038.4,10020.6,15.98,71.2,0.086
18947.7,13626.4,7951.81,15.19,86.8,0.072
37772.3,31648.8,17979.8,18.89,75,0.075
24311.5,15926.8,11667.7,19.94,77.2,0.069
32018.3,26864.7,13869.9,13.45,76.3,0.076
30331.5,15576.8,19706.2,19.37,63.31,0.073
40926,28336.7,29986.9,29.37,62.91,4.909
38274.7,21581.3,19939.4,21.95,60.85,4.926
40938.7,26510.1,33740.6,27,72.8,4.912
26438.6,16931.3,11682.1,13.25,62.88,0.088
45450.5,27551.7,25914.2,19.37,83.9,4.922
31360.7,17593.1,18885.8,18.76,64.99,0.073
31546.7,16328.3,18955.6,15.72,82,0.07
34339.4,19669.3,13912.7,21.79,57.76,4.924
32603.5,22460.8,16175.4,11.38,66.54,0.08
29903,16309.8,16153.5,14.32,60.97,0.088
40115.4,28370.4,27319.4,27.51,69.43,4.903
24182.5,18657.3,11173.1,14.49,71.9,0.081
36861.5,30562.8,17245.3,19.24,69.48,0.073
23518.9,18093.4,11683.4,18.04,70.3,0.081
33346.7,20370.7,15311.6,22.15,51.69,0.072
34468.5,22194.5,18663.6,14.43,73.6,0.08
31887.5,19407.9,15033.9,14.7,51.03,0.085
33352.9,22847.6,16072.3,20.05,57.34,4.919
40880.9,32381.3,18108.7,18.83,78.1,4.921
42276.5,28147.1,26243.9,14.81,57.53,0.082
30850.2,25679,9818.97,16.33,61.62,0.086
32558.2,20689.8,16236.4,28.62,31.09,0.067
37456,25888.1,26880,26.69,38.39,4.908
27401,21450.6,9419.09,19.9,71.8,0.071
41085.6,25583,24908,12.13,65.38,0.084
34522.2,26921.6,15330.8,17.21,85.4,4.918
31753.4,21379.7,26486.4,27.43,55.62,4.908
38752.4,23832.2,24300.7,15.3,75.5,0.075
24104.6,18305,12717.1,18.27,68.45,0.068
30711.8,19028,19143.9,9.95,69.08,0.085
36067.4,21325.6,21211,19.18,71.7,0.071
23288.8,14179.7,18430.8,20.59,81.4,4.915
35332.1,22181.7,16740,17.13,68.28,0.075
26248.1,16745.3,16435.7,9.46,59.17,0.089
30902.3,19885.7,19512.3,10.83,60.67,0.087
37879.6,26000.8,11731.8,23.44,62.02,4.922
23125.8,13726.8,14016.8,8.82,88.8,0.082
26257,16147.6,11839,21.41,81.9,0.068
31769.2,17659.5,13608.7,24.11,47.72,4.929
39384.6,32734.7,18216.9,21.28,63.21,0.078
42471.5,23172.7,27578.2,17.13,77.2,0.073
31114.2,20588.8,23304.8,23.93,75.9,4.91
34368.6,22826.6,30499.1,25.7,84.2,4.916
21189.4,16503.2,9110.2,14.95,77.2,0.072
23833.6,13842.8,12026.2,10.45,80.4,0.082
37594.2,23212.4,20515.6,27.61,47.73,4.924
28243.8,19193.7,18850.9,21.22,51.23,4.903
33444.8,22039,16234.8,14.52,67.18,0.086
26905.2,12858.2,15099.6,17.39,80.1,0.068
29548.3,23871.1,9196.64,8.46,82.2,0.086
26380,15707.1,12033.6,18.21,80.2,0.081
23542.5,14465.9,14040,10.94,87.7,0.082
32514.3,25291.2,27433.7,27.17,76,4.903
27236,17719.3,11844.9,21.93,65.94,0.087
31357.9,20616.5,25407.9,27.27,63.58,4.923
44091.8,30769.2,27217.1,33.23,36.25,4.904
35614.8,24059.6,27259.2,26.42,33.18,4.905
28573.1,20024.1,10101.9,20.06,89.5,0.068
37366.5,21548.8,22935.5,11.62,86.3,0.074
31671.5,25859.5,10112.8,17.09,44.03,0.086
28664.6,21127.7,11762.9,20.4,65.89,4.92
22238.9,13011.6,11065.1,19.54,86.9,0.068
33629.7,19770.1,18144.9,19.56,68.56,0.149
23760,18438.8,12422.2,13.76,86.4,0.084
31433.9,21212.2,19380.6,23.64,56.82,4.925
36111.3,20671.9,23748.9,24.62,66.88,4.918
33954.7,19276.1,16532.8,20.66,86.5,4.919
31032.6,20889.9,25383.8,26.46,57.85,4.91
25168.1,14100.6,13043.8,22.96,62.19,4.917
42419,25707,25210.9,13.44,71.9,0.082
33452.1,21689.2,17338.3,26.04,49.64,4.919
46793.6,31868.6,16597.5,22.05,72,4.919
22132.3,17431.1,8954.62,11.52,67.49,0.084
22135.4,17003.3,11340.7,13.36,86.4,0.08
27117.4,15591.3,11811.8,17.3,89.3,4.917
31113.8,27591.3,8796.14,18.23,67.46,0.07
28934.3,18019,17761.5,19.5,80,4.911
27245.3,15103.5,13302.7,21.57,83.8,4.916
23081.4,17655.7,6592.08,8.65,93.4,0.081
44045.6,27654.9,33077.2,24.03,58.04,4.921
23809.2,17025.6,14134,14.09,82.3,0.086
23343.8,12988.6,15109.8,14.01,89.6,0.073
37118,24295.4,23323.4,12.87,67.96,0.075
31906.3,17868,18123.6,16.95,81.2,0.078
39400.9,22800,24201.3,15.87,62.25,0.083
22448.1,12342.9,13974.5,11.72,68.62,0.085
33883.1,28227.3,15041.9,17.52,71,4.925
36071.8,20958.2,21756.7,27.24,68.81,4.917
26657.3,18298.8,13585.9,21.12,66.42,4.918
32039.2,26372.6,14099.5,16.24,88.8,0.085
28944.8,17286.7,16953.5,25.6,41.04,0.081
29266.7,19676.5,20903.3,22.02,66.09,4.911
37590.2,22322.3,20313.5,21.81,77.7,4.923
33409.3,20671.9,20109.8,29.48,38.86,4.921
23722,12801.6,16401.5,15.4,67.62,0.073
27390.3,21505.1,26980.4,24.91,84.7,4.918
24387.8,15350.5,12152.1,20.18,86.4,0.066
21071.4,12255.3,10184.1,10.1,77.4,0.085
26907.6,15664.9,12826.1,16.81,85.9,4.92
26104.9,21032.2,11576.5,10.07,88.9,0.081
36665,24691.1,30547.3,27.12,71.3,4.915
32361.8,18048.6,13332.1,23.21,52.99,4.92
26778.3,14504.8,11915.8,20.72,77.6,0.07
24095.4,17232.8,12689.7,18.01,59.86,0.078
28538.5,18911.4,21359,20.93,70.9,4.917
38649.4,32347.3,17137.1,13.11,80.1,0.072
35522.1,21847,13343.9,31.55,27.84,4.919
23583.1,12386.6,14258.2,14.63,67.16,0.079
33949.8,22008.5,16967.4,16.4,62.18,0.083
34535.5,21563.4,16136.1,16.7,74.7,0.073
26766.7,15566.6,16504.6,17.52,89.8,0.074
36975.9,22026.6,28616.9,22.61,86.5,4.917
46022.7,27553.8,21045.5,24.37,51.42,0.356
47008.2,26285.2,27606.6,21.02,79.3,0.071
26344.7,15276.2,17198.5,16.26,77.3,0.082
34654.5,23239.4,12372,21.47,64.51,4.92
27697.2,17499.6,8923.04,15.24,85,0.084
25515.6,14615.9,16606.5,12.48,82.3,0.084
46911,27759.8,26427.2,19.38,78.8,4.918
41448.8,25134.3,24261.5,13.29,71.9,0.081
39259.8,20914.5,26048,14.77,83.9,0.07
39050.6,26692.4,28577.1,33.25,27.44,4.91
30598.8,20631.6,23744.9,23.96,86.8,4.914
25293.6,14303.4,15286.2,17.32,90.7,0.069
23442.7,13783.6,14709.7,8.5,90.4,0.083
40077.1,24762.8,19500.9,24.21,92.2,4.919
24006.4,15350.5,10846.5,20.73,83.4,0.068
23728.2,12820,14033.5,15.52,86.8,0.087
25346.5,15964.7,11601.7,17.33,86.1,4.915
28308.4,19243.6,9996.84,18.27,91.6,0.073
27550.8,23035.5,9420.72,15.33,84.6,0.084
21502.7,12767.1,15827.9,22.31,79.9,4.91
34906.6,22268.5,12045.2,21.86,61.82,4.919
27442.8,15391.7,14173.5,28.5,41.78,4.921
42033.4,26418.2,25110.4,10.6,64.14,0.088
44153.9,27972,25925.8,11.39,70.7,0.079
25482.5,15258.2,16702.8,18.5,64.35,0.082
34221.9,25302.5,27817.9,25.21,61.96,4.908
31720.3,18216.3,17186.9,13.83,87,0.07
45078,27608.7,18943.2,20.07,78.5,0.081
45365.6,29187.3,36819.4,24.33,83.3,4.91
37245.4,25294.9,24974.1,26.57,70.7,4.925
43574.6,24575.9,25896.7,22.74,42.46,4.916
36535.4,29584.7,15984.6,15.74,74.8,0.082
46201.1,25832.4,21227.9,22.63,77.5,4.925
38083.7,31154.3,16226.7,14.25,72.8,0.084
32784.8,20708.4,17384.9,21.92,57.89,0.073
23881.1,17180.5,9519.59,19.49,67.06,4.916
36639.6,23601.7,13008.1,24.74,50.79,0.075
25960.9,16135,15886.6,17.63,86.6,4.915
26740.3,16920.4,16921.4,15.2,83.9,0.076
21483.6,11787.8,10521.3,14.24,85.5,4.908
41117.3,27459.5,27890.2,34.06,32.45,4.907
33891.6,20659,16181.2,14.76,56.66,4.916
35554,20365.1,16426.9,20.9,78.9,4.916
22284.4,17346.4,9628.81,7.34,89.7,0.085
40804.8,28291.1,32650,29.02,49.26,4.912
31777.6,20663.8,16504.6,26.31,29.06,0.081
29183.3,22534.5,8251.62,18.63,48.77,0.084
46642.6,33415,37611.5,32.53,27.61,4.904
35491.7,23416.7,18230.3,18.01,71.7,4.92
35732.4,22296,13273.3,32.23,27.11,4.919
23750.9,14553.2,11306,8.4,85.1,0.09
42909.8,29924.1,34578.1,26.53,45.32,4.91
37350.8,20402.5,16068,25.84,51.12,0.302
33815.4,28126.9,17297.3,15.08,79.1,0.083
43396.1,26436.6,24793.5,15.36,72,0.082
34692.3,25887.1,12611.3,23.24,63.48,4.923
24293,13765.2,13054.8,23.42,88.4,4.92
35108,22086.5,13973.4,19.13,78.7,0.292
31686.2,24876.4,17864.1,19.67,70.7,0.073
23503.7,14600.6,12394.1,11.5,76.7,0.079
29921.8,24714.5,11199,20.76,65.28,4.917
33864.7,23589.9,25154.8,27.32,71.1,4.913
36957.3,23405.7,23021.9,25.66,74.2,4.928
32747,21399.4,17285.8,21,69.46,4.918
24949,20402.6,10314.5,13.11,56.24,0.09
41395.4,26866.9,25411.1,13.35,69.86,0.076
26627.8,16110.6,16573.7,10.19,91,0.079
24864.3,14468.4,18497.1,25.35,89.2,4.916
46943.4,27989.6,19532.6,24.14,63.79,4.923
36779.8,25025.3,33439.3,29.94,62.42,4.908
39226.8,26484.9,24063.2,26.85,42.88,4.919
27283.5,15608.7,12785,20.53,78.9,4.917
22323,13670.5,13989.4,10.76,61.53,0.083
41538.3,29225.3,30794.3,34.39,27.91,4.926
21864.6,17582.1,9974.55,9.84,71.1,0.082
40479.3,25682.7,15085.4,25.49,45.85,0.305
35423,24177.4,26988.3,26.79,32.81,4.905
29476.9,21685.5,19153.7,19.33,72.2,4.914
27157.4,21555.1,7709.96,15.1,69.23,0.073
22476.3,12629.3,14086.5,15.57,58.48,0.08
21486.5,17106.7,16497.6,24.46,92.3,4.916
19964.7,10488.4,14149.8,14.83,86.2,0.082
29505.7,25561.2,12936.4,13.31,57.24,0.078
30694.5,21091.1,23046,26.07,43.01,4.907
29221,22052.3,16087.5,16.62,62.35,0.081
34043.8,20530,20690.5,20.15,54.84,0.086
30949,19437.8,14035.3,19.28,67.59,0.12
34126.8,20575.1,21019.7,12.26,61.18,0.083
37998.1,25538,30324.4,32.28,39.45,4.922
31918.7,20694.5,17367.3,22.97,44.88,0.084
35140.5,23798.7,32571.7,33.09,33.38,4.906
31390.8,24768.6,10056.9,20.73,49.04,0.085
43273.5,31267.2,27758.7,31.11,49.68,4.905
34175.6,18821.2,18461.1,14.19,90,0.069
32341.8,18647.6,16571.6,24.4,52.1,0.084
22427.2,13551.2,14144.5,13.06,88,4.909
32593.8,25752.7,9442.43,20.19,66.44,0.085
24239.2,16070.9,21563.8,23.05,54.92,4.904
39847.9,23557.9,24130.2,18.09,87.4,0.07
23758.4,19060.6,8590.4,12.23,87.5,4.912
32932.5,19485.7,19241.4,24.42,46.51,0.081
24632.7,18414.2,8689.56,8.41,94.7,0.079
24036.5,18605.7,7404.56,12.86,58.74,0.082
27583.3,23053.7,11605.3,12.05,84,0.085
35642.8,22190.7,21576.7,19.29,84.1,4.914
32215.2,19347.2,17238.8,22.82,70.8,0.271
42844.3,26240.2,25086.3,20.66,80.9,4.922
26530.8,20583,8816.33,12.47,73.7,0.08
28573.1,16248.5,13282.4,20.55,65.66,4.923
32770.7,21267.1,15543.9,13.56,70.6,0.087
20527.7,11275.6,10260,10.11,87.1,0.081
30695.4,25378.5,13827.5,9.63,75.2,4.919
28616.9,17726.4,17673.6,15.15,64.99,0.079
42545.2,25813.7,26903.6,18.84,75.9,4.921
24658.5,17021.9,11843.9,12.14,83.2,0.081
42723.2,27508.9,24245.2,22.42,71.7,0.071
23051,18848.7,7127.97,11.27,87.2,0.083
45309,27733.5,21433.8,22.16,66.52,0.279
29243.5,18740.4,17968.2,11.57,72,0.084
31909.4,18018.7,15232.5,24.32,39.08,4.927
34412.3,27468.6,18899.3,18.16,68.41,0.071
35835.7,23798.7,33047.7,33.36,29.71,4.908
40249.7,29252.4,27722.6,34.99,13.54,4.904
50056.4,34365.4,39254.7,26.97,83.3,4.904
22679.8,18366.4,7393.04,18.05,51.3,0.081
30600,19947.7,14831.3,15.41,54.19,0.08
30405.2,22272.4,16667.9,27.57,31.23,0.073
29980.2,25281.4,12988.2,14.42,63.58,4.914
20344.6,14504.1,9484.34,15.16,80.9,0.073
27231.3,16159.8,16298.7,11.21,74.5,0.084
28966.2,22938.8,8304.58,10.03,81.4,0.083
30220.9,19496.9,10643.4,19.21,85.3,4.914
32920.7,21729.1,20834.8,24.81,81.1,4.919
28264.9,17416.7,15624.3,21.74,52.92,0.08
34451.7,20447.4,15603.2,26.67,55.99,0.257
36923.9,23890.2,14008.7,23.59,68.62,4.941
43753.1,24339.3,26141.5,21.96,75.5,0.081
23218,14890.2,12559.8,19.3,58.55,0.08
33341.7,21721.5,25787.4,29.92,42.09,4.925
31067.2,18834.1,18847.7,11.35,85.8,0.076
26414.2,16569.7,15525.2,16.24,90.9,4.917
32129.5,20657.8,17448.7,22.68,46.51,0.083
28990.7,18288.1,16860.6,19.58,89.6,0.071
29010.3,16061.5,14049.9,22.73,43.98,4.918
33148.6,21308.1,15543.1,22.94,70,0.07
32346.8,26010.4,9115.97,14.28,48.53,0.088
21150.8,16475.2,11034.2,18.64,69.05,0.068
23686.8,14892.4,12394.1,8.62,88.8,0.08
32665.4,21259.5,16293.4,23.54,66.82,0.071
35806.1,22172.6,20440.6,24.12,61.19,0.055
34377.2,25562.2,11928.5,22.46,69.95,4.917
30564.4,21193.2,21192.2,24.41,66.52,4.903
23546.4,14119.1,15201.8,10.64,47.68,0.086
37266.9,22120.1,22229.6,19.74,59.17,0.082
27636.5,16897.6,14788.2,19.49,75.3,4.911
36101.9,21499,16044.5,26.41,64.79,0.258
41924.6,29393,28336.6,33.45,32.34,4.907
47567.7,27969.2,28167.9,21,44.41,0.08
24328.5,19537.3,7312.36,13.69,75,0.074
34560,21392,16726.2,20.16,69.5,0.074
32872.3,25409.1,26861.9,26.64,49.48,4.904
27990.9,23267.3,9801.68,19.05,53.6,0.086
31731,21005,16332.7,27.04,63.55,0.335
27113.8,22057.4,8720.96,14.64,84.9,0.083
21287.5,13156.1,10840.6,8.94,90.2,0.092
20554.9,13167.2,14116.6,12.68,83.4,0.08
31100.2,19956.8,10948.1,21.1,52.69,4.922
24986.9,14345,16052.4,16.31,70.5,0.078
27780.5,18804.6,10343.3,19.31,85.6,4.915
27057.7,17340.1,13143.3,16.02,92.8,0.065
25407,15622.3,15396.9,17.58,85.6,4.915
19661.5,13150.4,6511.81,12.12,71,4.917
31350.5,19962.3,19792.4,9.13,86.8,0.086
50356.8,33814.1,40326,25.36,85.7,4.918
28339.7,17908.8,18014.3,19.98,79,4.91
36251.2,19145.1,15892.3,15.46,66.92,0.074
22459.5,14943,14857.9,23.64,87.1,4.918
40102.6,24812.2,19428.7,25.27,89.7,4.926
42109.8,26088.8,18137.9,19.72,82.2,4.915
26136.6,15032.4,13273.3,20.7,70.1,0.336
32055.1,21042.4,14054.4,24.47,63.12,0.07
35360.4,22391.7,13101.5,25.5,42.25,4.92
23373.4,18664.6,6868.67,11.02,87.1,0.078
28057.8,21345.2,9784.39,16.38,61.48,0.08
24820.3,15457.8,16499.3,15.05,71.1,0.078
24836.9,19647.5,11242.4,16.07,81,0.084
40714.9,25108.8,25578.8,12.34,81.2,0.077
44071.1,23451.3,28701.1,15.72,72.5,0.07
33747,26514.5,10580.4,20.7,66.28,0.086
42051.6,26246.8,25422.7,11.28,71.7,0.091
21025.6,13144.3,10558.1,16.85,78.9,4.918
34305.7,16866.1,17203.2,23.23,69.35,0.067
46239.3,27149.7,22457.5,25.42,62.05,0.265
33687.5,19867.5,15774.9,11.8,50.42,0.083
30241.8,24637,8891.24,15.54,70,0.072
37814,24728.6,22913.6,26.78,52.95,4.904
45410.4,23689.6,28864,17.18,49.65,0.085
24590.1,14466,12363.6,14.92,87.7,0.069
20282,11350.8,10854.3,10.8,92.2,0.081
23675.8,15316.8,12748.8,19.63,89.3,0.071
38623.3,25853.2,36903.8,27.28,30.48,4.912
30564.8,19869.5,14736.8,16.33,32.82,0.085
39593.9,23653.5,20313.4,15.41,59.93,0.083
21897.7,12981.2,13665.5,16.37,55.27,0.087
46785,28149.8,26473.8,20.77,66.91,4.922
36886.9,22659,19643.1,22.06,81.7,0.066
30241.6,20593.7,26606.9,24.84,48.78,4.909
26248.1,14651.7,14151.3,15.08,51.79,4.916
43788.3,21051.2,25380,17.11,67.22,0.078
33074.4,20805,17454.9,21.87,56.29,0.073
23297.4,13565.9,14463.9,12.35,85.1,0.078
26939.7,17349.9,13638.6,24.22,92,4.919
31089.2,26248.8,10386.5,20.06,47.91,4.918
25643.1,20540.1,11907.5,19.9,80.7,0.067
24911.7,16170.1,10860.5,18,89.3,4.91
34366.5,27906.7,15627.4,15.25,62.78,0.083
22831.9,18237.5,10118.6,7.76,72.2,0.083
38357.4,31257.4,16209.4,14.82,71.2,0.081
30331.1,17255.9,15238.6,9.68,75.5,0.082
42735.9,25780,26336.5,19.92,65.48,4.916
39817.8,21215.1,26478.5,16.15,69.99,0.073
29969.2,22842.1,15354.2,19.39,74.2,0.069
30230.5,22421.6,11800.1,21.21,71.7,4.928
24951.8,15951.2,11491,12.04,88.8,0.081
30801,22367.9,23708.1,26.68,83,4.909
37790.4,24174.6,14508.8,24.53,53.02,0.285
46214,28864.6,39922.3,26.13,82.8,4.913
26425.3,16933.2,14557.1,17.02,65.85,0.088
23599,14691.8,15487.2,9.93,72,0.084
29178.3,18817,14084.5,12.99,61.67,4.916
31124,25664.3,9882.35,16.62,60.45,0.087
33235.9,19809.1,15334.9,11.23,53.12,0.079
22972.9,13393.3,13685.1,12.18,80.2,4.922
39626.8,30499.2,17431.7,19.57,78,4.923
31314.5,25752.7,12191.1,21.56,54.77,4.916
37090.6,22383.9,19046.5,21.62,43.44,0.082
25772.1,16383.9,16166.5,17.88,85,4.917
31294.3,24865.3,9277.31,16.46,68.89,0.073
31686.2,25992.1,13798.6,16.11,57.07,0.082
25693.7,15356.8,12130.9,14.43,81,0.081
32534.2,20162.9,15543.3,18.66,50.8,0.083
39169.2,33229.3,19801.4,20.25,77.6,0.07
32958.9,19579.7,24540.3,26.77,59.31,4.925
31555.9,26467,8764.47,17.54,66.66,0.082
28179.5,21974.8,7756.06,8.56,93.9,0.086
26786.4,15020.1,14246.6,11.85,91.8,0.083
37229.7,23890.2,16291.6,25.68,69.22,0.281
30886.7,25369.7,9329.17,16.78,56.28,0.082
21470.8,16129.3,10583.1,15.75,79.6,0.074
34591.5,21555.2,12891.4,25.3,47.29,0.086
35694.4,21723.2,12984.8,21.93,46.92,4.951
24260.7,15814.6,15442.7,21.34,80.4,4.916
28634.3,17090.6,15920.9,21.17,60.69,4.921
27211.9,14840.7,12914.8,13.76,73.2,4.919
22556.8,14358.8,11136,17.94,67.79,0.081
20358.3,12850.8,10633.8,17.63,79.2,0.065
39366.4,24623.7,24605.5,16.42,77.9,0.071
31090.6,20254.1,14596.6,7.29,86.5,0.086
33004.1,20122.8,20429.2,7.69,62.57,0.084
46728.5,25765.1,27092.7,21.84,58.72,0.079
37390.8,31191.3,16285.3,16.39,65.78,4.918
23149.8,13707,14229.2,15.21,57.41,0.077
38692.5,24118.5,23949.8,16.24,78.5,0.07
37544.6,30893.8,15724.3,11.52,70.3,4.92
41477.1,25955.9,23229,21.73,82.9,0.07
31248.8,20433.4,14854.7,18.76,80.3,4.917
24363.6,15512.2,11003.2,8.27,91.1,0.095
23883.1,18866.5,10843.4,8.35,81.7,4.92
45977.9,31462,41735.9,26.19,76.9,4.907
32488.9,20732.9,15032.9,12.79,87.8,0.083
47985.1,33046.3,36528.2,29.9,25.74,4.91
21793.6,12427.2,10616.4,16.86,90.9,0.074
36386,21925.6,21803.2,10.44,88.7,0.076
31966.8,21147.7,16307.5,19.16,43.66,0.084
44828.4,27166,25717.6,11.06,51.02,0.081
24235.9,14637.1,14622.9,10.2,60.42,4.924
38036.4,25731.6,30517.2,32.32,39.59,4.921
33892.7,23379.6,17064.3,23.41,53.85,4.922
22295.4,17717.4,11589.4,19.16,73.9,0.069
32438,26901.5,10037.9,15.15,55.02,0.083
23479.3,14378.1,14489.7,10.51,48.45,0.085
35483.5,22012.2,21721.4,14.96,75.9,0.073
34473.2,19741.3,17309.1,16.6,73.9,0.073
29308.6,19040.3,13629,20.91,84.8,0.079
34343.8,22415.8,19312.2,24.71,56.11,0.069
29023.8,18859.1,20385.7,24.01,82,4.92
35001.1,23493.4,10901.4,21.73,75.6,4.917
24164.3,19677.2,10354.9,12.73,49.2,0.079
21950.8,17338,9825.54,5.706,85.9,4.917
25735.2,15309.4,14138.2,21.17,56.49,4.92
33064.9,19500,16374.2,13.8,75.1,0.073
30778.8,16872.2,11094,18,85.1,0.088
28991.8,19463.6,21739.9,24.25,92.4,4.925
35500.9,21921.8,18934.2,22.78,74.9,0.069
24216.5,14952.4,11525.8,12.01,85.6,0.077
25681.3,14649.3,15965.1,16.72,86.7,0.068
41275.8,27247,17315.3,21.88,86.6,0.315
24156,13446.8,15831.3,15.72,87.2,0.082
27392.6,17325.5,13736.7,16.17,84.3,0.086
43071,25292.9,25762.6,19.58,84.6,0.07
22436.9,16832.2,10930.1,15.43,80.4,0.072
29475.8,18183.3,14894.5,17.48,64.1,0.088
24516.9,19870.7,8622.65,16.02,58.97,0.083
28646.9,19522.8,18105.4,23.77,87.6,4.916
39543.7,33562.4,16583.9,14.66,53.11,0.079
31038.3,17846,18129.5,25.33,38.44,4.924
40914.5,26804.2,23906.7,28.45,39.58,4.906
27200,20320.7,9380.24,20.25,72,0.07
28642.5,19766.4,8823.83,17.05,89.3,4.924
37950.8,32024.4,19830.4,15.61,76.2,0.069
27028.7,16364.7,13373.3,20.65,56.25,0.282
29302.5,17615.9,17669,10.72,89.8,0.072
27554.4,17566,12613,8.87,82.3,0.081
37392.1,25948.9,26368.4,28.27,30.68,4.908
30219.8,20364.6,14237.1,17.93,57.66,0.085
35706.9,22490.6,15720.9,25.94,67.92,0.257
22730,12929.9,13544.7,15.33,89.7,0.069
29648.4,18413.9,23805.2,26.75,84,4.915
33131.6,27148.2,10919.6,16.75,54.75,0.077
39015.8,24546.1,22612.7,26.94,68.32,4.934
43209.6,30575.3,29829.2,28.63,73.9,4.905
23936.9,13626.7,14605.5,12.1,83.1,0.069
22812.3,19405.8,10554.2,11.61,58.25,0.088
36592.9,23116.8,22034.9,24.4,88,4.916
22346.8,19927,9535.81,17.81,70.4,0.082
31286.3,19440.7,15418.2,19.57,57.56,0.085
39251.9,23063.2,23672.1,19.34,86.2,0.073
26782.8,17482.1,16886.7,8.3,78.6,0.087
28880.6,15551.1,18146.9,15.98,82.3,0.073
36098.5,22550.5,19111.4,21.75,54.79,0.081
32717.9,26511.2,10527.7,17.04,69.83,0.074
32726.1,20278,10317.8,25.86,48.02,4.924
27991.1,17509.8,12402.6,9.11,86.1,0.095
25699.4,16821.5,15065.1,22.44,75.3,4.91
34534.6,22715.2,26626,22.61,76.5,4.921
31093.9,24072.2,11560.9,19.52,86.9,1.204
36656.2,22252.9,20246.7,15.51,69.63,0.077
29868.1,16660.3,16600.6,23.21,67.05,0.071
43028.4,26169.5,25426.5,18.43,56.54,0.074
23983.7,15698.8,15352.3,17.99,50.75,4.923
40453.7,22920.4,24485.8,16.23,55.21,4.918
31313.2,21463.3,26209.2,24.05,49.12,4.907
29556.9,25393.4,10305.5,16.98,35.14,4.917
47042.1,24919.3,22086.9,22.55,40.95,4.921
21280.6,15910.4,10089.8,15.17,64.52,0.078
24363.1,20105,10710.4,12.62,75.6,0.072
23796.9,17955.4,11803.4,12.25,87.6,4.923
26831.2,19130.1,10543.3,17.59,90.5,4.911
48210.5,30941.8,39904.3,32.58,21.91,4.916
36057.8,29998.2,14993.5,15.61,51.64,0.081
20978.5,17092.6,8304.58,15.93,85.8,0.071
22238,13422.5,14139.8,16.26,77.9,4.912
37590.9,30543.1,15955.8,15.37,68.09,0.086
35904.4,22052.8,13508.6,31.39,27.81,4.927
23046.3,15363.5,7732.52,15.77,87.3,4.912
38160,22546.8,15338.4,31.09,29.11,4.925
33328.3,21003.7,16025.8,15.62,59.38,0.075
43322.6,25598.8,24741.3,18.37,79,0.071
25846.5,17106.7,15360,23.92,89.6,4.91
34707.1,21728,16414.8,14.04,75.4,0.071
41192.5,25535.6,24770.9,13.47,61.14,4.923
45282.7,29715.2,42416.7,28.95,29.61,4.908
23187.1,14030.5,14237.4,13.18,85.5,4.908
24664.1,14600.6,15134.6,22.47,43.06,0.077
33066.4,21417,10802.2,19.34,86.9,4.918
30190.6,19754.4,25757.3,22.78,52.09,4.917
28000,22526,9478.55,19.81,66.51,0.071
24209.2,18394.2,11421.7,16.13,77.1,0.071
30800,25568.2,17170.1,21.37,67.48,0.073
32454.9,21439.5,16405.9,15.81,60,0.082
47132.5,30326.6,38645,30.65,22.84,4.915
25308.3,14995,9525.47,20.49,67.69,0.276
48170.5,29640.1,30924.6,24.43,82.2,4.922
37263.5,23108.7,12582.1,23.86,57.73,0.082
40490.1,26447.4,25486.3,9.33,83.7,0.076
27758,16715.1,15516.5,24.36,90.3,4.92
39361.1,28731.6,28637.5,30.57,62.75,4.907
25130.5,14856.2,13831.2,19.04,80.5,4.91
24066.8,15735,11392.8,5.139,86.9,0.085
42518.2,24634.9,20274.7,22.64,65.6,4.922
24290,12343.9,14237.4,12.44,85.4,0.081
28978.6,19279.7,24160.7,26.99,31.08,4.908
22464,12457.3,14103.9,15.72,58.85,0.08
30325.1,19714.1,14087.8,19.26,82.8,4.918
21368.1,13112.5,11236.3,11.02,85.8,0.069
28793.6,20213.9,21901.3,24.03,61.23,4.907
39233.2,27986.5,28625.5,27.18,72.8,4.904
32147.8,19969.6,13515.2,15.22,74.2,0.074
34698.6,23067.6,12132.8,21.53,64.21,4.921
46653.5,28302.3,21004.3,22.75,83.3,4.91
45444.2,24387.9,27305.4,21.7,59.42,0.081
33741.6,20853.3,20224.1,18.58,87.7,4.917
40927.3,30677.9,28908.3,30.64,62.95,4.907
19630.6,13649.4,8246.08,14.85,86.9,4.914
28024.9,16427.8,9483.28,19.87,56.66,4.92
34419.4,24800.8,26434.6,26.33,84.5,4.908
25837.3,21400.4,11403.6,10.23,84.6,0.086
27978.7,22026.4,9870.83,15.62,69.26,0.082
39278,28503.5,25814.7,35.89,20.51,4.905
34936.3,24049.4,26329.7,26.74,46.92,4.908
36916.9,30365.7,17089.2,18.53,74.3,0.069
31057,27199.8,8897,14.25,60.57,0.089
23585.6,13039.9,15482.2,15.04,69.99,0.074
26904.3,17190.3,12063.6,6.086,82.6,0.084
31534.3,16101,18251.6,21,53.32,0.084
25125.5,20807.6,8159.42,10.52,50,0.077
42270.4,25823.7,24988.9,13.42,83.9,0.073
19740.8,13353.2,13636.6,10.34,80.6,0.078
32215.4,26814,11514.2,22.97,54.74,0.071
31858.4,18943,14597.1,22.19,85.6,4.918
29705.3,18525.2,13335.9,14.09,79.9,0.073
40045.1,27214.8,28529.2,21.46,52.72,4.918
38683.4,27762.2,30280.6,33.65,25.61,4.904
22126.2,17910.4,8257.75,12.66,87.2,4.919
40019.5,28271.6,34710.5,29.15,20.24,4.908
42197.5,25601.2,25359,16.88,71.9,4.914
46029.6,27555.4,26229,19.37,83.7,0.068
32390.8,21047.6,15996.8,12.57,59.97,0.082
33679.1,26452.3,10619.9,15.74,57.81,0.08
26295.9,15593.8,12920.3,21.7,86.6,4.913
31571.5,18124.6,17914.2,23.84,46.05,4.921
27521.4,20151.6,19428.7,26.79,55.29,4.905
27780.5,16622.9,12937.9,19.85,60.45,0.274
38357.5,24897.3,24306.5,10.96,73.9,0.084
39637.5,26134.2,26727.4,28.13,63.58,4.922
45796.4,29927.8,19515.1,20.67,84.9,4.922
33344.8,22201.2,17821.1,23.5,42.81,0.084
23586.8,10968.4,11023.8,21.45,60.37,0.086
37609.1,32336.3,16532.1,10.57,67.92,0.087
27121,17250,12843.9,11.61,84.8,0.082
42263.4,29161.1,27012.4,31.54,33.78,0.072
29362.6,18072.2,17358.2,21.97,87.6,4.924
21393.4,13539.2,14214.9,7.73,80.4,0.086
44939.5,28844.9,18415.5,23.19,82.7,0.266
28756.6,16764.6,17338.2,26.02,35.5,4.919
42454,24765.3,25576,20.45,48.53,0.081
23874.7,13254.9,9501.94,18.4,73,4.919
42979.4,29643.9,33259.9,21.03,51.38,4.905
34264.6,28480.2,14770.1,12.47,53.28,0.083
40252.3,33913.6,17783.1,12.88,61.93,4.918
27869.7,15414.1,13485.1,21.25,84.2,4.918
34658,21728,16020,14,74.3,0.073
50682.9,35156.1,40789.5,26.49,84,4.905
43823.3,31255.8,27885.1,30.65,53.28,4.905
31912.8,25268.4,24606.5,25.46,74.5,4.914
34232.7,23557.9,17437.4,24.08,50.35,4.921
30209.7,20141.8,26100.8,24.66,54.22,4.908
35304.4,21465,21285.9,14.16,66.49,0.086
39334.2,29005.3,28421.8,16.1,86.6,0.075
34299.6,20298.6,18891.6,16.47,74.5,0.071
39214,26925.9,27066.6,28.61,64.06,4.907
28934,21429.1,22148.3,25.5,57.62,4.908
43266.8,26560.5,25515.2,13.91,72.3,0.083
43384.4,26839.1,25769.4,20.55,85,0.068
35823.8,22690.6,21825.5,10.64,62.77,0.09
43174.5,21817,24816.8,20.32,59.19,4.93
29469.8,19067.1,22124.2,24.54,84.8,4.917
25224.6,20212.8,13006.3,15.05,88.7,0.071
39817.8,21226.1,26280.7,17.4,75.6,0.076
38683.4,25234.2,22347.8,25.61,44.85,4.906
28006.2,23080.2,12329.6,9.45,79.1,4.922
21923.4,12113.1,14072.9,10.75,91.1,0.081
36358.8,24520.3,32282.5,31.94,54.05,4.91
22124.7,13473.6,13690.9,13.34,58.14,0.086
33490.6,21388.4,16701.7,15.83,65.45,0.076
25092.2,17342.4,11893.1,17.82,78.9,0.081
25701.3,14513.1,13752.3,15.07,51.82,4.92
32826.9,21207.1,14197,23.4,79.3,0.35
23507.2,18134.4,10481.6,8.12,82.8,0.088
27602.6,16622,12237.8,15.59,81.3,0.085
45287.3,30533.5,34241,24.08,78.6,0.065
35127.5,21607.3,21778,13.48,67.31,4.91
35255.3,23236.7,25172.9,26.08,73.3,4.921
34654.5,25842.3,12167.8,22.83,67.38,4.917
36553.8,29365.3,17447.7,19.77,68.31,0.07
22704.4,13170.8,14455,6.893,63.31,0.086
37108.7,22520.6,15826.8,23.6,79.8,4.922
28743.3,17806.8,16784.5,18.12,86.5,4.921
23297.4,14934.1,11589.7,11.6,84.3,0.089
22536.4,13787,12161.3,18.6,62.01,4.917
35554,22535.6,15685.6,26.13,67.19,0.26
34480.7,21884.5,21697,9.54,85.8,0.079
45866,27440.2,26194,19.37,79,4.921
23145.4,12984.9,15127.3,14.99,89.2,0.07
36381.3,22683,13194.9,28.74,30.04,4.921
33137.5,22545.6,28655.4,23.45,87.1,4.91
32790.5,20969,15589.6,14.36,67.39,0.083
29410.6,18442.1,13677.1,19.18,68.9,0.07
34863.8,20206.9,18810.2,16.04,81.9,0.072
27858.5,22741.7,12404.8,17.37,66.59,4.924
34479.4,18799.2,19525.8,13.96,90,0.067
22851.1,14192,13589.6,16.27,91.1,4.918
34012,20103.1,15367.8,26.58,57.22,0.258
31165,16630.4,18290.2,19.98,84.3,0.068
33426.9,21031.6,17402.4,20.78,71.7,4.918
39623.2,24671.6,22510.3,27.14,65.52,4.925
36772.5,21281.9,19294.5,25.06,54,0.071
38418.5,32511.6,20177.3,16.73,86.5,0.074
41668.1,28741.5,25786.5,12.81,82.2,0.074
26053.7,17576.9,12549.4,5.814,83.1,0.085
31827.1,19609.8,15462.6,24.8,54.61,0.081
22620.4,14336.4,11236.4,19.23,57.59,0.08
20773.8,13292.9,10645.5,17.02,78.8,4.924
29200,22358.7,10432.8,21.12,44.11,4.918
25769.8,16312.1,16010,20.9,60.15,4.92
35743.5,22038.4,18661.7,21.05,68.29,4.925
27551.2,15956.8,12514.3,21.17,92.7,4.915
34681.1,21102.3,15626.7,25.51,65.02,0.272
24540.5,13780.4,15697.5,12.11,78,0.08
38523.6,26891.7,27403.6,28.73,72.1,4.906
23335.4,18319.8,10039.5,9.9,88.9,0.083
35513.9,23482.1,21513.3,16.89,63.5,0.075
38903.9,26058.2,29022.9,28.18,65.03,4.917
33882.4,26074.3,28180.1,27.68,56.85,4.904
30515.6,25598,9288.84,17.94,66.72,0.073
28363.1,20882.2,16956.1,21.21,61.74,0.069
23040,18539.3,9796.63,16.95,65.95,4.916
24760.4,12992.1,9244.01,17.67,85.9,4.915
44500.3,27731.3,26666,12.45,56.09,0.085
34799.2,21748.6,17215.9,21.55,73.3,4.923
26146.9,14922.8,12267,19.75,70.3,4.921
35469.2,22114.3,21853.3,13.76,66.19,0.085
33101.5,27130.2,14307.5,13.38,78.8,0.082
22341.4,12892.7,15276.8,11.87,81.5,0.087
34080.5,24032.9,26121.6,22.49,67.48,0.074
38478.6,24414.1,15020.7,26.21,40.95,0.322
35378.4,19180.4,19473.5,19.28,70.4,0.079
37292.9,21878,22308.4,11.27,80.3,0.075
36038.2,21652.4,16085.6,26.42,63.22,0.26
24280,13289.2,15918.5,12.2,77.6,0.082
38997.6,20585.9,19985.7,25.33,62.14,0.069
29426.2,18810.2,14690.9,17.54,62.87,0.083
25593.8,20737.2,8657.35,19.43,56.67,0.084
27619.8,22052.2,8672.27,14.15,63.95,0.086
31966.4,19642.1,18055.4,25.01,41.57,0.072
37172.4,22936,12937.9,22.56,74.1,4.915
34157.3,20498.5,17320.5,14.73,62.6,0.079
35084.7,21195.1,16695.3,18.69,46.36,0.081
34309.8,20414.6,18142.6,13.43,43,4.918
32721.8,21035.3,16166.5,28,32.49,0.067
24710,15736.9,10627.1,18.15,87.6,4.916
32098.5,17002.9,17582.5,16.03,84,0.075
23815.6,14662,12494.8,19.79,89.1,0.067
31175.8,17611.6,14531.3,18,88.5,4.916
26023.9,15105.9,15880.8,18.69,86.6,0.064
28569.9,18296.5,16726.3,24.08,91.8,4.919
21000.8,16764.7,9859.3,6.235,84,0.082
24584.6,21559.1,8402.89,18.22,48.8,0.086
23008.4,18598.3,6949.34,8.81,93.1,0.083
32290.7,14359.7,17728,16.42,78.7,0.073
22712.7,13872.4,13525.5,20.27,48.21,0.081
47080.4,32269,16962.3,21.14,77.4,4.926
23124,14444.9,9991.84,8.03,88.7,0.08
37421.6,21662.2,20409.7,19.76,56.9,4.915
35088.8,21369.7,17728.9,24.19,49.35,0.071
45740.1,27120.7,26526.3,21.32,59.45,0.08
25920,17361.4,8351.12,20.09,88.6,0.246
27402.7,18160.5,13285.6,14.26,55.93,0.081
40932.4,28993.7,37717.2,25.48,79.8,4.907
31739.8,22090.4,14802.3,19.53,54.15,4.922
24552.5,13492.5,9850.94,13.27,77.5,4.918
26716.7,19580,20264.7,15.98,88,0.067
24602,14462,15172.8,12.81,71.7,4.913
24147.7,19777.7,12780.7,19.39,74.1,0.069
43227.9,26318.1,25361.5,18.65,63.4,0.08
42734.9,22329.7,25405.2,21.38,55.29,4.928
30457.4,25132.8,10924.7,20.8,65.74,4.918
34673.4,23388.8,11625,22.87,71.6,4.918
22353.7,13137.8,13772.9,10.58,86.4,0.083
32619.3,28066.8,25192.7,16.14,86.3,0.07
37028.6,24797.5,27552.8,34.52,30.58,4.91
35889.2,30019.8,15412,10.78,73.4,4.921
24416.4,13967.4,15726.5,13.45,86.1,4.921
29484,20664.8,21138.1,26.99,32.61,4.908
31902.7,25362.4,9490.52,16.93,67.16,0.074
26956.3,16589.2,12175.8,20.71,83.2,0.658
22474.9,13240.1,10438.6,9.86,67.53,0.082
38485.2,33915.9,15817.5,12.18,87.2,0.074
22082,13178.1,13824,7.32,89.4,0.072
31012.5,19201.2,14432.5,22.31,75.8,0.071
26449.4,15322.4,12506.3,19.5,69.49,4.917
35239.9,21458.8,18131.2,24.18,50.08,0.071
32743.3,20611.6,16748,15.81,68.36,4.916
36234.1,20049.3,19729.5,14.53,71.9,0.074
26798.6,16026.7,16446.4,8.68,66.44,4.912
43203.2,30008.9,34764.6,25.27,40.75,4.91
31956.9,25635.1,10745.1,21.1,49.17,0.084
29335.8,19583.5,24377.6,27.09,44.95,0.077
22217.5,19135.9,7427.61,10.79,48.6,0.08
34287.2,19466.4,22615.3,14.98,85.1,0.082
27532.3,20897.1,7587.47,15.81,68.02,4.922
24400,18624.8,10646.7,13.24,72.9,4.919
44372.4,25140.1,21163.1,21.68,83.8,4.917
20584.7,10385.7,14213.8,11.36,88,0.078
26958.6,14022,13155.6,15.13,70.5,4.916
36882.4,21091.5,22970.3,14.93,52.1,4.916
46251.6,23517.1,25165.2,19.01,66.23,4.925
35265.8,21853.9,13189.1,24.29,56.42,0.081
24777.4,14578.3,14038.5,18.4,90.1,4.918
24056.5,16506,16479.5,25.15,92.6,4.913
43240.3,23554,28026.2,15.03,87.2,0.067
34260.2,23707.6,30444.9,22.36,75.6,4.904
43340.2,24926.8,21986.8,23.81,64.42,0.276
34317.9,22034.1,16797.5,25.88,65.76,0.301
24354.4,11855.8,15604.4,13.53,90.3,0.067
37268.3,22591.7,21131.8,24.38,61.32,0.055
30609.2,25746.7,13370.6,12.43,53.31,0.085
29890.8,19594.9,23256.9,23.93,86.3,4.911
46704.4,27819.5,21798.6,24.42,51.52,0.268
39221.7,22548.3,25054.6,8.9,52.05,0.083
41801,25853.5,18447.2,21.37,65,0.093
33173.6,20558.1,14934,20.13,63.89,0.124
31165.3,17740.2,16664.5,25.63,43.81,0.082
27437.3,21301,7444.9,11.35,71.6,0.089
21575.7,12539.8,14481,11.73,69.13,4.92
31998.6,18135.4,17221.9,17.51,49.77,0.084
31591.8,26234.4,14023.6,21.34,81.7,0.081
24315.3,15275.4,11439,15.32,63.35,0.08
44002,27625.5,26752.8,12.32,62.8,0.084
22725.2,10811.1,12511.1,17.67,78.5,0.07
33362.7,27707.9,10971.4,16.56,53.5,0.082
34420.3,20290.6,15984.6,16.85,64.85,4.917
34481,20990.9,22120.5,12.39,74.2,4.917
25214.2,16749,10837.2,19.95,71.4,4.918
44572.6,26967.1,25467.1,21.23,54.55,4.918
33395.7,21376.8,16310.3,24.4,43.09,0.081
35063.6,21436.5,17583.2,25.47,56.2,4.918
22705.8,14589.7,11739.8,6.874,86.3,0.089
26066.4,15724,16371.1,14.16,53.74,4.918
27169.2,19833.5,17268.4,13.62,86.4,4.915
38236.6,22522,17274.2,18.5,44.06,0.088
40460.3,27113.9,28739.7,34.25,21.41,4.919
23853,17966.4,11444.1,16.47,82.6,4.917
37808.3,23394.4,23086.6,18.45,85.7,4.919
25046.2,20153.3,10947.5,13.11,86,0.074
32898.5,27148.8,11496.9,22.92,55.34,0.071
28945.8,16249.2,16296.9,16.77,53.97,4.915
29193.8,21235.5,11774.5,20.37,63.49,4.921
22615.4,18104.1,9669.4,12.28,75.2,0.073
40313.9,25473.6,24115.7,13.02,74.1,0.086
37523.7,17083.5,21323.6,18.22,67.43,0.082
25699.9,15998.7,20129.9,20.54,81.3,4.917
36573.8,22770.9,23437.2,25.76,80.9,4.927
30652.3,25501.2,9952.77,19.07,52.09,0.08
43337.1,30740.5,29950.8,29.76,41.72,4.905
23893.8,14538.5,8778.26,15.87,76.8,4.918
36129.2,23235.7,13329.1,25.37,54.26,0.08
38000,28945,17332,15.64,84.2,4.928
42412.9,24229.8,25349.8,13.86,48.73,0.08
24999.9,16954.4,12576.3,19.86,70.8,4.916
22888.1,14210.3,14619.8,7.36,78.1,0.085
32997.5,19528.7,17751.3,22.88,30.7,0.085
34333.4,22926.3,17752.2,27.49,37.23,4.921
46495.5,27306,22606.6,24.77,58.19,4.924
38947.1,23048,24273,12.26,77.8,0.075
22332.2,13539.2,14235,6.706,89.8,0.071
34339.4,19982.9,21065.8,13.45,62.02,4.923
38983.7,23142.9,25112.4,9.08,54.44,0.09
36488.4,22332,13574.2,25.34,46.02,0.079
22030.8,18074.4,7570.12,9.18,59.89,4.917
33370.2,23416.4,17644.7,14.52,71.5,0.083
22794.9,13931.7,13801.9,11.48,85.5,0.069
24804.6,19523.7,12068.6,20.73,66.03,0.086
42592.4,26797.6,25139.3,11.56,63.67,0.086
29203.3,21185.5,10708.8,20.58,71.2,4.918
30174.5,19737.3,21168.2,21.57,57.12,4.922
32709.2,18728.2,17087.6,23.3,61.03,0.069
48459.3,31769.6,43989.3,26.54,77.1,4.911
33660.6,22648.1,29920.7,25.58,84.4,4.919
37854.2,23306.4,13979.3,24.36,61.62,4.928
33040.3,17487.8,19387.7,13.75,82.3,0.082
36874.2,20406.2,21628.1,26.31,34.67,0.072
34169.3,20774.7,9646.69,19.84,92.8,0.068
30835.5,25330.7,11234,17.8,74.2,4.92
40198.5,24975.7,19350.5,25.67,87,4.93
31862.2,19471.2,15053,24.5,92.4,4.917
41194.9,24496,25486.3,15.19,72.8,0.07
31781.7,20548.4,22112.5,27.35,53.34,4.923
40281.9,25095.2,24611.4,21.45,67.08,0.08
30657,21105.9,14423.3,17.02,84.1,0.079
22493.2,13879.8,11236.4,17.97,69.56,0.083
23828.3,14968.8,12884.7,18.34,63.31,4.915
30025.5,17915.9,18720,16.85,86.3,0.073
25897.6,15730.5,12170,24.71,91.2,4.925
42078.2,25857.3,17927.8,19.5,84.3,0.121
43639.3,25655.9,25355.6,11.09,57.79,4.918
47277.4,29322.8,19929.5,21.88,78.9,0.083
30216.1,20870.9,20316.7,26.3,44.72,4.908
21937.6,17618.9,9248.5,9.39,91.3,0.08
38490.9,17629.7,25117.1,15.71,84.7,0.072
34812.1,24819.1,13335,22.75,70.1,0.08
32014.2,16949.5,17187.5,15.65,59.7,0.077
34110.4,19984.2,15845.8,16.66,66.12,4.914
25281,15897.2,15461.1,18.62,88.2,0.068
30418.3,25874.2,9669.15,14.29,44.89,0.077
42843.2,25578,22869.4,23.27,65.32,0.267
30734.5,21787,15848.7,18.33,64.84,0.084
46412.4,28514.9,29889.4,24.09,84.9,4.917
23824.3,14301.2,14452.3,12.15,84.8,0.078
40687.5,34350.4,16007.7,16.4,74.9,0.073
23562.5,15643.8,15712.8,8.14,82.3,0.074
39353.9,25397,24040.5,12.41,77.8,0.083
30957,19134.3,19119,10.13,86.5,0.083
34266.9,21214.6,13655.7,23.54,80.8,4.923
26871.7,14737.3,17832.7,13.76,87.1,0.081
25123.5,18000,9996.16,19.73,65.62,4.919
29564.6,17397.5,13538.1,24.15,56.19,4.92
22716.6,13305.8,14617.1,13.73,60.01,4.918
28895.7,19875.9,19382.8,22.49,79,4.908
34106.8,23019.2,17145.9,20.06,68.23,0.08
24050.6,13666.8,15662.5,14.75,85.8,0.071
32998.8,18360.4,17682.3,20.93,59.52,0.071
42345.8,26254.1,25118.2,10.3,83.4,0.074
23199.3,13778,13999.4,8.53,87.2,0.082
35859.1,19265.9,15741.3,15.4,67.76,0.077
42916.1,34264.6,29577.2,30.81,41.75,4.909
37628.2,25815.2,25076.5,34.78,34.95,0.07
29481.4,23760.7,8873.95,12.57,52.14,0.077
20883,19502.7,16684.3,11.66,86.5,0.088
33408,19489,17111.6,11.59,88,0.085
44603.5,27001.8,25515.2,10.85,51.09,0.08
29651.7,24117.8,10579.6,16.17,59.63,0.075
40338.9,33016.2,17379.2,18.85,51.2,0.083
32955.1,28020.9,14382.7,14.24,63.02,4.92
26011.3,16272.4,15851.7,16.55,70.2,0.079
21692.3,16869.4,9652.05,16.31,58.53,0.078
34421.5,21447.7,17915.5,23.37,58.74,4.921
24142.3,16780,9225.41,20.85,79.8,0.314
23009.6,15202.4,11757.1,7.1,87.7,0.086
42584.5,30068.4,34288.9,28.63,50.36,4.908
42964.8,25929.7,26933.2,18.51,75.5,4.916
22110.8,17520.2,10051.1,15.48,81.3,0.083
34887.3,21930.7,21605.8,19.95,76.2,4.926
23837.3,15869.6,17310.1,21.05,50.36,4.91
37755.7,25781,29173.6,31.2,44.76,4.908
33770.1,22092.4,16614.9,14.93,59.53,0.085
24317.2,13388.2,15825.5,11.71,83.4,0.082
31150.6,19183.8,11385.8,17.46,63.53,4.919
44922.9,27116,29166.3,21.89,76.4,0.067
35416.1,21544.3,18177.8,21.39,62.86,4.916
30867.7,25921.5,16302.7,19.9,81.7,0.067
28415.6,18507.9,12249.5,19.64,87.8,4.921
27415.8,17616.5,20358.8,24.85,48.16,4.914
47389.7,26876.5,29012.7,22.84,74.9,0.069
46705.1,29244.3,42730,26.74,80.3,4.914
42416.3,25344.9,25302,19.78,61.78,0.08
32588.3,19866,17821.1,18.65,72,0.076
36070.8,23208.7,18037.9,19.98,56.96,4.92
34635.5,21183.9,16697,21.55,72.4,4.921
34804.6,29180.7,14538.3,16.22,55.67,0.074
33335.4,25523.6,10340.2,20.35,42.63,0.085
23888.1,14804.9,11097.4,10.1,52.25,0.082
46150.1,30532.6,18627.3,21.56,54.12,0.293
37312.6,20724.3,16162.1,25.71,56.59,0.298
45840.5,26663.9,20098.7,20.53,72.2,0.069
29247.4,20136.1,14531.3,21.5,66.76,4.916
18536.9,13384.5,6252.1,9.09,85.5,0.083
30553.8,24597.5,11774.5,20.77,61.51,0.073
32079.7,20764.1,14306.7,19.86,64.26,0.082
32107.1,23339.8,17007.9,13.35,72.7,0.084
51412.6,34336.7,42055.2,28.11,46.75,4.907
35626.4,26725.1,26775.3,16.07,87.2,0.066
37129.9,23839.1,23003.9,26.7,71,4.94
32038.5,19976.9,16273.7,19.3,45.14,0.083
34114.6,19163.5,17598.4,11.91,54.42,0.084
31513.3,25966.2,10764,15.09,63.14,0.076
23015.6,13659.6,14605.5,14.01,56.78,4.921
42595.5,22846.4,28229.8,16.07,70.6,0.072
23575.7,18343.6,11455.8,20.82,64.03,0.084
43616.7,26385.4,25409,10.57,67.1,0.081
40849.4,33408.3,17414.2,20.36,79.2,0.07
27007.6,17018.8,12312.3,9.09,82.6,0.08
34157.3,19127.1,18136.8,11.58,49.85,0.088
29370.4,16845.2,20404.4,13.77,86,0.087
43005.4,30957,33987.6,34.6,31.71,4.906
29010.5,18846.8,22262.8,23.89,86.3,4.915
40231,24833.3,22478.8,25.91,32.63,0.071
42180.5,27606.2,17680.1,21.98,86.6,0.288
41094.3,26165.9,23144.9,23.94,63.91,4.92
41155.9,27811.6,24753.5,15.5,61.05,0.081
26975.7,18148.1,22533.9,24.98,38.31,4.906
46652.2,27744.7,28510.5,23.75,43.73,4.917
27383.9,17969.6,17448.7,20.25,73.8,4.903
35214.7,23149.2,17204.2,20.62,75.2,4.918
38138.6,23030.5,17709.7,16.33,69.79,0.077
28444,18520.2,13717.7,21.04,43.88,0.08
41796.5,25809.1,25231.8,15.12,75.6,0.076
22906.3,14542.2,10999.5,3.973,77.6,0.084
33590.6,20712.1,16189.8,20.51,75.5,0.07
39010.3,21802.1,19589.9,23.74,67.02,0.068
22165.1,13229.2,13642.4,14.53,78.6,0.074
22378.8,13756.3,11821.3,20.72,89.9,0.069
25054.4,14515.2,15338.6,18.72,87.3,0.068
31389.8,20198.7,26865.9,25.67,86,4.916
37942.3,23336.4,20186.6,28.74,29.55,4.925
41972.7,26549.5,25399.5,12.02,60.18,0.084
26071.2,16752.7,9833.43,19.77,88.5,0.064
21889.2,17490.5,10056.9,12.41,60.25,0.08
46728.5,26139.3,27990.6,22.75,75.6,0.069
37975.4,32057.9,16701.7,17.31,69.78,0.077
42945,25824.1,25307.9,21.01,64.92,0.078
33955.7,22688.5,16114,17.34,78.4,0.081
33919.3,20086.3,21129.6,13.3,65.62,0.083
20221.3,10382.9,9702.58,11.26,61.85,4.92
34854.1,22561.8,28119.9,26.34,79.1,4.93
32403.1,20604.9,17297.4,18.05,50.88,0.084
47539.1,28096.5,20657.2,22.01,69.29,4.932
40969.1,33524.1,17373.4,20.68,76.6,0.074
39728.1,24616.4,24226.7,13.08,63.12,0.081
32183.4,18097.3,16403.4,27.86,32.44,4.929
44554.9,27483.3,25752.3,15.37,45.58,0.089
28654,21496.2,9409.84,8.59,85,0.09
16599.5,17106.4,12000,10.13,86.3,0.087
21818.7,13951.4,14214.9,5.976,86.8,0.085
35783.4,23014.6,14808.9,20.73,66.4,4.922
40013.6,23147.6,24480,11.88,85.6,0.067
30172.3,25322.7,15892,19.89,81.5,0.07
28806.2,15191.9,18449.5,20.28,60.18,0.073
35108.6,24979.7,24269.1,22.88,64.2,4.906
38768.7,23965.1,24345.6,19.84,84.1,0.065
41112.7,32244.1,24544.7,30.89,50.15,4.905
32743.3,19869.7,16343.3,20.84,51.85,0.08
29036,19177.2,23919.7,22.94,49.95,4.916
32885.9,18670.9,18269.1,16.2,73.2,0.071
24342,13604.5,15627.6,13.27,76.2,0.08
27520,20938,13544.1,12.87,88.2,4.924
33193.8,24776,10114.7,19.49,44.2,0.087
35985.6,25028.9,22317.7,26.58,72.9,4.908
44795.8,25896,23867.1,22.11,74.2,0.068
35995.3,23286.7,18504.3,21.29,66.73,4.924
21639.5,17364.8,9715.25,7.37,84.7,0.082
30369.2,18732,14081.9,18.11,60.42,4.921
45024.6,26296.5,29579.8,21.39,81.7,0.065
30560,23426,14891.6,12.93,88.6,4.918
41778.4,28851.2,25496.1,14.27,78.2,0.07
30720,25575.6,13659.8,17.22,52.62,0.079
32354,21343.9,16205.8,15.02,61.5,0.084
31671.5,26036.2,9784.39,13.37,77.6,0.082
36071.8,23362,25926,29.12,59.33,4.923
25504.1,17495.9,12879.8,20.4,69.76,4.917
39592.8,32126.6,26938.2,27.66,51.86,4.905
33383.5,22843.9,16351,23.61,32.61,4.921
35421.8,17395.1,17477.8,18.44,77.9,0.078
28940.3,18801.3,21810.9,24.32,84.3,4.917
24709.4,14968.8,9601.96,18.83,82.8,0.245
38037.7,26218.8,27199,28.1,43.71,4.905
37991.8,25146.8,34246.7,25.9,82.8,4.921
31749.3,25625.7,14251.2,19.38,88.2,0.069
27157.8,15472,16385.8,12.46,87.5,0.073
30407.4,20851.9,26317.7,27.85,28.98,4.907
36645.3,22797.5,20021.2,22.65,69.34,0.072
37961,26389.9,26121.6,28.49,35.62,4.909
40680,25156.2,27763.8,12.97,66.66,0.084
24775.4,19811.2,11624.1,19.78,81.7,0.068
24602,14841.3,14669.2,12.83,70.5,0.087
29271.5,17947.6,10284.5,19.67,89.1,4.912
33772.6,18663.5,22237.1,16.4,73.6,0.081
26648.5,16013,14033.5,14.38,75,0.072
31824.9,19460.2,10790.5,19.76,64.39,4.933
25797.2,15020.4,15758.4,17.64,90.4,0.066
30380.1,18405,16673.7,18.59,90.1,4.917
33113.9,20257.3,15085.2,13.43,51.99,0.083
37644.6,23268.1,18446,19.55,61.19,4.921
33088.1,22965.9,9078.32,18.41,83.3,4.916
37980.4,23456.1,20487.9,27.39,54.04,0.066
27047.8,16076.5,9907.91,22.77,43.05,4.919
29803.7,21368.1,21938.6,26.84,36.85,4.904
27863.4,16641.6,14079.3,22.51,87.5,0.292
39095.4,32065.3,20154.2,19.08,73.9,0.071
43438,25772.6,25239.8,14.23,70.1,0.084
26327.8,18467.8,8172.26,19.87,84.2,4.913
44772.4,29935.4,39482.5,26.82,53.32,0.065
34522.2,21420.7,10662.1,19.56,91.7,4.92
38925,15620.8,18693.8,17,87,0.073
26361.2,14809.8,11885.8,10.44,84.4,0.087
22035.6,12779.6,11799.3,16.14,80.1,0.073
31906.7,21358.5,16316.1,21.73,55.74,0.082
37024.1,22332,14379.6,26.07,46.72,4.915
44312.6,27284.4,27346.7,21.58,47.04,0.082
30088.5,18174.7,24467.9,25.51,87,4.917
21578.7,17685.2,9450.18,16.22,69.16,0.072
35911.6,20342.6,19188.4,17.04,80.6,0.069
28483.7,22151.6,7894.36,13.12,57.68,0.082
25916.9,15950.7,15604.4,17.43,70.9,4.92
38974.1,27049.4,25962.2,27.2,68.63,4.905
31497.2,26077.6,11327.4,17.16,77.5,0.082
45027.6,27743.2,19211.7,22.13,66.06,0.082
34308.2,21317.6,17006,20.77,74.5,0.068
37775.6,24496.7,23214.5,26.69,52.78,4.905
28959.5,19169.6,22594.1,23.16,71.2,4.91
35200,28801.5,15431.5,15.93,51.9,0.084
26904.3,16402.4,16649.6,10.19,84.7,0.089
43065.8,25302.1,26721.8,12.67,86.5,0.07
21180.8,10362.3,12572.5,12.39,65.34,0.084
25318.8,14009.9,13315.6,21.52,69.73,0.078
31120,24099.2,11485.3,15.99,44.44,4.92
32961.4,20374.5,16070.1,14.59,57.7,4.919
26135.4,21269,9640.48,14.46,82.9,0.081
31692.2,21187.8,15874.7,17.33,51.38,0.079
27954.4,18232,21001.8,22.19,75,4.916
33137.3,21325.1,16749.5,21.66,52.55,0.084
30822.9,25487.6,11479.1,16.32,89.2,0.082
47359.3,29285.5,20087.1,21.21,79.9,0.081
29385.4,18386.4,17863,17.29,86.4,4.917
25098.5,15901.6,14493.3,19.67,63.99,4.919
27481.1,16031.6,13320.4,20.5,70.3,0.273
32640,21588.8,15602.2,25.41,60.25,0.072
23747.7,18658.3,10594.7,16.23,59.24,0.085
40401.9,24710.8,17245,20.27,77.3,4.919
47579,30596.2,42193.8,33.04,23.34,4.913
32121.2,18113.4,17053.5,17.06,51.07,0.085
37161.9,24496.7,24755.4,25.61,78.2,4.922
31729.2,25281.8,17997.1,21.09,61.37,0.07
31910.9,19634,16077.1,19.48,45.8,0.089
32494.2,21275.4,15926.7,10.92,62.44,0.085
32657,26595.9,10101.3,15.98,52.82,0.091
24168.4,13069.2,15354.2,11.67,77,0.083
27589.4,22077.9,9818.97,15.24,68.46,0.08
24534.7,16639.5,13445.8,9.9,81.5,0.076
41697.8,26141.8,32168,26.25,75.9,4.916
38895.9,21644.9,19300.4,22.74,70.8,0.069
23230,13928,14434.8,14.09,82,0.087
31901.5,25832.2,11236.6,22.1,57.91,0.079
28723.5,16607.9,14067.6,21.61,89.3,4.915
26254,15990.9,10953.9,19.22,65.73,4.924
24740.5,14875.2,14126.1,19.3,80.6,4.911
26023.9,15700.3,14878.1,19.51,67.21,0.078
21440,17475.6,10450.1,11.14,69.84,4.918
36901,24941.8,27685.4,27.89,66.77,4.912
24472.2,12244.4,16837.8,13.68,88.8,0.067
44512.4,26976.3,26081.9,11.55,63.11,0.082
43989.5,29347.4,32934.9,25.74,54.75,4.902
31393.2,19477.2,14646,9.71,70.8,4.915
23257.4,14681.3,15360,24.11,93.3,4.926
42575,23652.4,25647.1,12.72,80.7,0.077
31011,15934.3,18656.8,19.88,59.35,4.923
30197.5,17905.2,16915.7,18.69,51.74,0.084
44935.6,26244.1,25332.2,21.88,72.6,0.066
31336.9,18285.4,15723.9,17.54,41.12,0.085
32473.8,27070.7,14272.8,17.47,71.1,4.92
32020.3,17832,12313.7,18.12,63.43,4.922
38240.5,25822.8,31692.1,23.18,74.2,4.912
28315.3,18746.7,13111.6,18.58,85.6,4.917
36683.4,22501.9,19914.8,22.3,51.68,0.08
37685.1,21343.9,20386.5,23.48,45.31,4.917
36885.7,20499.8,17144.7,24.08,63.55,4.93
27358.2,20910.7,8084.51,11.8,79,0.089
37846.4,31544.6,16290,12.5,75.8,0.073
45748.7,27475.3,23234.2,22.94,76,0.261
34815.7,25534.5,28613.4,25.81,88.6,4.913
31750.1,19279.8,14297,23.29,80.6,0.283
38246.9,26240.5,30324.4,27.72,68.28,4.916
30870.8,16379.6,15356.1,17.29,62.52,4.921
24439,12977.2,8858.84,17.75,85.5,4.913
30052.4,18905.5,15540.4,16.7,83.6,0.086
34156.7,19228.6,12453.7,22.15,65.2,4.922
27539.6,16256,11823.5,20.94,69.96,0.28
43338.6,26421.2,18581.4,19.5,84.4,0.089
23823.7,15612.5,9954.97,21.48,87.9,4.911
39248.4,26058.2,26757.5,28.36,61.27,4.927
26781.5,21083.1,14619.8,17.42,81.6,0.067
22961,13094.2,14342.2,11.2,69.24,4.918
37436.8,25583.5,32589.8,26.2,53.72,0.08
28608.6,20426.6,21419.2,25.39,57.59,4.906
42163.5,30281,28908.5,29.98,40.49,4.906
31002.3,25108.3,10078.3,16.58,67.22,0.073
39520.9,25652.4,23497.4,26.79,63.29,4.904
28876.5,31727.8,25034.3,33.67,35.42,4.921
30886.2,26241.3,10953.3,22.4,56.57,0.071
31395.5,22326.1,24562.8,22.54,64.65,4.91
26527.5,16331.9,16020.7,19,79.6,0.069
33504.6,16244.9,16943.3,22.92,70.4,0.069
35151.7,19857.6,17997.1,26.47,51.57,0.072
41570,25426.8,25310.3,13.29,77.9,0.07
28889,18164.7,21143.6,22.33,83.4,4.918
30552.2,17259,15779.7,25.98,37.28,4.925
24044.5,15702.3,14609.7,20.41,86.8,0.07
33901.5,22755.6,27012.4,24.82,81.1,4.925
24813.3,15972.7,15458.9,14.68,76,0.08
24689.3,13813.4,15924.4,16.43,75.4,0.082
36006.4,21379.2,13526.3,28.33,34.04,4.92
33074.4,21837.8,16055.7,20.94,72.5,0.068
34506.5,29405.3,13668.2,20.15,27.5,0.084
34938.3,20618.8,19699.8,13.93,69.15,0.071
39811.4,21049.9,24067.9,21.73,67.65,0.085
30319,19546.5,17355.2,15.44,65.04,0.072
45782.3,27443.2,26660.2,13.41,61.58,0.083
21538.5,16304.1,9617.35,10.51,85.3,0.08
34336.8,19939.3,18845.1,20.78,45.39,0.087
24081.7,13412.2,14707.7,10.58,88,0.072
37468.7,25762,24895.7,35.16,34.52,0.068
38764.6,23452.9,22126.3,14.79,35.16,0.078
26041.5,17223.1,12161.9,4.779,87.7,0.086
36721.6,23934,12710.5,22.87,63.97,4.916
38043.1,32158.3,19807.2,19.47,65.78,0.082
22523.1,17788,9744.58,19.16,80.1,0.069
23618.5,19149.2,10137.8,12.39,75.9,0.072
29556.9,21983.1,10299.8,20.26,72.8,0.071
38806.2,33009.9,16765.3,20.09,70.5,0.076
30999.7,20597.1,13197.8,24.8,61.58,0.073
27812.4,16675.3,14744.2,20.07,88.3,0.35
28161.2,23841.7,12060.5,16.38,74.9,0.073
39361.1,27062.7,30316.7,21.71,59.3,4.907
34285.1,24397.9,23864.6,24.89,46.75,4.908
25667.9,15983.4,9173.98,24.61,52.42,4.921
26232.2,15612.5,12961.5,21.68,86.5,4.912
36748.7,19701,25588.4,14.52,89.5,0.073
32918.6,21005.5,15259.7,13.84,72.2,0.084
29493.5,23731.2,10671.8,16.25,59.83,0.074
25099.9,15721,12748.8,20.17,70.6,4.917
25198.5,20778.2,11207.7,8.94,81.1,0.084
37935.4,24215.4,25459.6,28.45,47.52,4.923
38955,28200,33222.4,31.74,40.48,4.906
41912.7,24939.9,24573.3,21.74,58.51,0.081
21545.1,12860.8,14368.2,7.53,61,0.088
37980.2,25063.1,24622.9,27.66,43.68,4.904
24354,15638,15237.5,22.92,52.93,4.913
41999,23868.3,25978.1,14.92,66.22,0.082
30947.5,25634.9,11334.5,16.19,68.74,0.075
27003.6,16437.6,12681.6,24.65,91.1,4.92
24190.7,14597.7,13548.3,19.35,81.3,4.911
37703.5,22141.5,22854.2,16.51,84.1,4.907
23248.3,14103.7,10457.4,11.5,55.81,0.08
34270.4,22487.9,17618.1,27.3,37.23,4.919
34862.2,21470,17763.9,20.9,65.9,0.069
34680.8,18666.1,22992.7,27.63,55.04,0.069
23134.5,18702.1,8602.07,18.83,84.7,0.07
36458.8,22651.6,12949.7,22.09,92.1,4.914
43184.1,29726.6,36253.1,30.33,35.35,4.911
32346.6,22329.1,30655.7,24.51,36.71,4.907
22978.7,13222,13587.1,12.67,73.3,0.079
37288.1,23755.6,18737.3,14.14,47.98,0.082
31208.5,17783,14261.7,19.59,83.3,4.916
29484,21892.7,20494,27.04,66.52,4.903
49052.7,33255.3,37930.5,24.62,41.89,4.905
22984.6,18037.2,10236.1,16.63,57.34,0.089
23861.1,13942.7,15497.4,8.87,87.6,0.087
30730.7,19011.2,20283.4,23.3,86.4,4.923
32611.4,19811,15282.6,12.92,84.7,0.078
29016.6,18849.5,12426.1,21.39,88.1,0.348
39706.3,26210.3,24393.3,14.83,59.23,0.079
34486.2,29090.1,16181.2,20.58,64.22,4.055
41857.6,25298.5,24788.3,13.45,63.61,4.918
30824.6,24207,11398.6,16.55,52.02,4.916
37907.7,31972.3,19818.8,20.2,62.74,0.075
23709.6,12699,15813.8,13.62,84.1,4.924
39891.7,26857.4,29329.7,27.82,49.38,0.066
33387.1,27671.1,10401,15.88,52.35,0.081
21396.2,16378,8695.32,14.51,73.9,0.075
34471.8,22936.9,12097.8,21.61,64.01,4.927
30777.2,25590.7,9651.86,16.17,62.32,0.088
34374,20767.8,17367.3,21.35,54.09,0.081
42039.5,24423.1,25468.9,16.07,62.92,0.081
28787.2,18977,18995.4,21.01,74.9,0.072
22965.6,14139.7,12078.5,11.5,77.3,0.085
23705.1,13495.4,14512.9,10.44,90.9,0.071
46155.6,28508.7,19567.7,20.43,81.1,0.085
24769.2,20287.2,7795.66,14.44,85.5,0.083
44208.3,28340.7,19240.9,21.91,62.16,0.086
31358.6,25543.6,10714.7,22.37,49.57,4.925
37500.7,24470.1,25273,29.63,44.32,4.921
39021.5,33500.8,16823.1,13.04,79.6,0.072
32507.7,18106.3,17588.4,17.17,79.8,0.072
22861.5,15768.6,7859.28,12.43,71.8,4.922
28358.8,15925.6,14388.4,17.54,55.71,0.083
25782.9,17362,19382.8,23.18,50.22,4.906
31987.8,27545.9,13610.6,13.38,57.58,0.077
36001.6,25625.3,30667.8,27.59,51.72,4.908
21177.2,16112.9,8914.29,15.56,75,0.07
37433.7,22414.1,11350.8,22.74,78.4,0.079
28972.6,20330.3,20560.3,26.74,36.45,4.907
30758.1,19384.6,18727.4,18.98,75.4,4.918
36549.2,20897.8,20451.5,21.49,66,4.922
27220.3,17934.3,17551.8,12.16,76.2,0.083
28683.1,22094.6,10288.2,20.96,44.84,4.916
31275.6,18109.8,15526.5,17.4,44.1,0.086
35864.5,23471,12570.5,20.13,89.5,0.069
39429.9,21098.5,23825.7,20.07,85.1,0.07
22849.2,17814,11705.1,13.64,86.4,0.082
23125.4,11941.6,15861.7,13.55,59.88,0.084
32570.1,20563.4,22407.9,26.95,55,4.92
21287.5,12757.3,10834.8,9.72,88.4,0.075
31775.6,18471.5,14279.4,19.17,85,4.922
36179.6,25032,13568.4,27.36,47.88,4.921
38004.5,25101.3,29541.1,34.88,21.94,4.915
38920,26922.1,27060.6,28.45,43.75,4.906
39796.9,32500.8,19252.5,19.38,61.74,0.082
21273.8,15411.6,8911.81,12.08,72.4,4.916
32694.6,26174.7,10364.5,20.62,78.9,4.919
36519.9,23792.1,13235.7,24.73,46.76,0.087
23163.1,18119,10294,17.51,54.49,0.077
31890.5,26330.8,9588.48,17.71,59.28,0.074
24332.9,13591.5,14580,14.42,85.6,4.909
36683.4,20690.6,18627,23.67,62.56,0.071
21348.9,13412.1,13505,20.31,81.4,4.913
23493.2,16060.7,11415.1,17.85,78.2,0.076
33968.1,20341.6,16591.1,11.64,49.52,0.087
35344.6,25594.9,26685.2,28.11,35.75,4.908
36083.4,23089.8,17524.9,22.88,54.05,0.07
32067.5,18007.3,18234.2,16.35,68.96,0.073
41648.3,24743,25278.7,23.31,58.31,0.08
34426.3,21093,16782.7,16.59,62.58,0.075
26909.4,15677.2,12944,16.42,80.4,0.085
36008,24535.4,28360.2,31.08,42.48,4.908
29372.3,21384.3,10143.6,18.69,48.88,4.924
24528.8,14513.1,15259.7,9.52,91.1,0.079
27773.2,17580.5,17413,11.32,58.16,0.089
23157.8,12933.6,15069.1,14.19,89.1,0.075
46717.9,29244.3,35614.4,25.29,82,4.922
32694.7,21545.3,16782.7,15.48,63.76,0.075
26203.6,15277.6,12272.8,16.9,63.76,4.917
21838,12189.7,14136.6,10.92,90.8,0.08
44094.9,24852.7,19287.5,20.91,66.12,4.916
31576.3,18798.8,15369.6,12,67.85,4.917
34846.7,21513.9,15414.9,22.71,86.5,0.261
39300.5,26981.3,13714.6,21.99,71.7,4.928
35747.7,29867.4,15568.2,16.92,57.96,4.923
27660.6,18356.7,12616,18.26,78.6,4.918
32656.8,26335.3,12891.4,21.27,71.9,4.92
35099.2,21775.6,20990.3,18.74,50.35,4.925
33312.2,18582.6,12728,22.7,71.5,0.07
28749.6,23198.3,11029.8,19.07,85.9,0.081
21348.9,9991.68,11059.2,20.03,85.5,0.068
31749.3,26417.4,12745.5,21.49,78.7,0.08
42068.5,20789.8,27688.7,14.95,82.2,0.071
33636.9,27721.5,17326.3,19.53,71.2,0.071
36419.1,23963.9,12010.2,20.32,76.9,4.917
31022.2,17665.6,17379.1,20.82,60.26,0.07
33196,20690.8,18676.4,24.86,37.24,0.075
24717.9,18049.7,8522.45,13.08,75.5,0.085
33739.7,20866.9,20934.9,9.8,76.3,0.086
38427.7,24812.2,22438.1,26.57,66.99,4.938
34736.3,22473.1,16848.6,21.03,70.1,4.916
24890.8,15273.1,15292,14.97,84.2,4.913
34030.6,19546.1,12681.3,21.85,66.77,4.92
23225,14950.6,15821.9,20.77,66.57,4.913
19637.5,12616.4,13682.9,14.94,70.6,0.07
28018.6,21334.9,11525.8,22.01,66.94,4.924
36467.7,30302.5,14093.5,15.87,69.96,4.915
47974.5,31906.3,38265.4,25.4,60.09,4.907
24034.6,14509.4,14096.1,7.49,59.9,0.089
34039.1,19628,17529.7,14.98,62.68,4.919
22485.2,18904,7006.96,11.03,52.6,0.079
33220.8,18681.9,17972.4,22.07,45.92,0.089
21950.8,17438.4,10508,14.81,83.7,0.08
31173.2,21269.3,14108.5,18.31,59.53,4.915
35667.9,21752.3,19151.4,20.7,70.4,4.921
46997.5,32328.9,16891.7,21.13,77.5,4.917
36507.3,22690.5,13282.4,24.58,48.88,4.918
41485.9,34588.4,17851.9,19.41,54.74,0.084
35015.7,22212.8,21467,10.53,63.14,0.087
38318.6,23307,23190.5,12.8,63.38,0.083
39425,24968.1,21986.7,27.17,63.19,4.921
36759.7,20720.6,18325.7,23.08,65.33,0.069
40761.1,33102.1,17093.3,20.28,79.7,0.069
34737.6,29132.9,15834.8,7.64,70.1,0.083
46602.5,30600,18733.2,21.61,53.82,0.302
32633.7,21704,15974.1,21.2,72,0.069
34408.9,22220.4,17495.7,21.73,66.1,4.913
25977.3,14654.5,13232.1,21.13,78,4.924
26063.8,18136.9,19248.2,25.73,87.2,4.912
23260.6,17824.5,10726.3,20.15,73.4,0.074
27106.6,15633.4,16580.4,17.64,89.8,0.074
23575.4,18431.4,12179.3,13.25,78.2,0.091
31902.5,17734.3,18065.7,23.45,63.59,0.069
37323.1,29837.6,17048.7,16.23,77.4,0.084
32356.7,19396.9,17262.5,21.34,60.16,0.076
37076.9,31384.7,16383.6,17.03,68.55,0.083
33478.5,20261.4,17494,16.44,62.05,0.084
46017,27681.7,26339.8,19.49,83.4,0.07
28736.1,20307.5,21288.5,27.04,33.54,4.906
26746,17194.9,17014.9,21.76,72.1,4.913
43424.8,26407.3,25393.7,15.08,83.5,0.076
30295.9,20866.3,20096.8,26.02,39.58,4.905
25432.1,15310.2,15099.6,17.39,79.6,0.065
43719.9,30349.4,39572.9,29.2,36.79,4.915
32990.8,21174.3,10539.6,20.37,84.3,0.103
34585.2,19456.4,14624.7,21.43,68.13,4.916
34515.4,19639.1,14685.4,23.85,64.15,4.925
43088.4,34241.8,30041.2,31.59,38.99,4.908
33772.9,21096.7,16255.4,14.53,53.56,4.917
30322.8,17925.2,16426.9,21.26,60.89,4.923
33952.4,18509.6,19392,13.94,90.1,0.069
48446.5,30550.6,38699.2,25.64,80.3,4.908
33803.1,26055.4,16418.3,13.53,87.3,4.923
34534.8,20686.1,17163.4,22.17,47.48,0.084
29234.4,16536.2,15624.3,19.49,71.3,0.07
37586.5,23456.1,13967.6,24.3,62.02,4.921
30509.5,25936.8,12982.5,9.41,79.1,0.088
38236.5,23905.2,14779.5,25.55,46.85,0.272
41777.1,24936,27264,19.32,66.67,0.06
36167,22055.6,13294.1,25.31,46.72,0.082
39057,27360.8,30475,36.62,22.78,0.079
24168.4,10528.7,12770.9,14.34,90.2,0.068
33321.4,20425.5,17343.7,16.97,37.95,0.086
25926.3,15176.8,11934.3,19.78,85.2,0.073
41189.4,29111.7,31075.1,28.2,68.19,4.903
32615.7,22362.3,16441.4,9.6,77.3,0.09
38489,20896.5,23294,20.34,60.65,0.08
28052.4,19661,13285.2,11.05,88.5,0.09
42592.5,24813.6,25885,26.51,29.69,0.082
32885.5,20177.1,16248.1,21.28,70.9,0.07
36709.6,23320.3,24630.6,32.75,21.84,4.919
51533.8,34974.7,47405.5,28.84,32.78,4.91
31975.7,24898.4,9352.22,19.7,43.86,0.084
29228.9,18172,12663.9,15.99,80,0.086
37662.5,22831.2,20671,27.59,28.52,4.921
32017.7,22554.3,8995.96,18.13,83.3,4.914
30941.5,22600.4,10369.2,20.65,42.84,4.914
30117.1,21641.1,11426.6,20.74,70.8,4.921
20866.9,16403.8,9634.57,5.699,85.8,0.086
39210.2,28869.7,28992,16,87,0.065
44630.5,25641.6,25822.5,20.52,85,0.069
43704.3,26600.6,25463.1,8.9,55.69,0.077
26792.4,23874.8,12412,13.07,52.67,0.077
28150.9,22175.1,10043.5,18.11,67.28,0.082
33988.9,22154.4,16562.9,12,67.75,0.086
23682.1,18479.3,12254.6,18.22,86.5,4.913
36835.9,26226.4,23846.5,23.95,69.52,0.071
23337.6,13736.5,12788.4,15.09,67.36,0.073
39480.8,23474.8,24581.9,20.95,87.8,0.07
42282.5,25827.4,25266.5,13.79,74,0.084
26740.1,17146.8,20168.9,21.14,79.7,4.919
34450.2,20575.1,16452.2,18.96,45.39,0.084
36272.3,22525.1,22293.8,21.04,66.25,0.079
34899.9,21637.2,17950.4,18.62,80.6,0.07
26966.2,21797.1,11265.5,21.59,71.1,0.071
39242,28002.5,33288.7,30.72,51.85,4.906
21466.2,14333.1,10890.4,14.53,70.7,0.514
30394.7,19974.7,21479.5,22.09,66.37,4.907
33175.1,20023.2,16583.2,17.11,48.68,0.083
22722.7,12105.8,10808,11.26,86.5,0.075
36490.7,25222.8,26091.5,21.73,53.62,4.919
41960.5,25874.8,25168.2,11.31,84.1,0.083
37808.3,23387,15513.5,19.67,57.99,4.925
29403.1,20447.1,11537.3,18.56,71.6,4.916
35741.5,29886,16522.4,22.39,57.81,0.071
21572.6,16035.6,9455.94,17.85,65.49,0.081
32942.6,21090.6,18658.3,24.32,81.1,4.921
35119.5,21195.8,18077.5,23.52,59.08,0.07
26323.3,14982.6,12517.9,20.18,71.3,4.92
25805.3,14029.7,17669.8,15.47,69.69,0.073
28384.1,17839.4,9588.33,23.45,67.92,4.919
44790.4,24162.5,28561.5,15.02,85.8,0.07
23239.5,19058.6,8309.24,12.97,74.4,0.083
28530.4,16920.7,16908.4,11.26,69.06,0.085
23309.6,13752.4,14098.1,16.63,58.22,4.927
35239.9,21778.3,20731.3,18.55,89.3,4.922
25023.6,14370.1,11419.6,18.39,60.13,0.079
36261.5,21887.6,16381.3,18.91,59.69,4.926
32203.1,26881,16447.2,19.59,69.51,0.074
49506.6,32476,35535,24.81,56.95,4.924
22911,18576.3,7116.45,12.53,73.8,0.086
38418.2,22967.8,24786.5,15.7,68.18,0.074
32243.7,20550,14492.9,16.5,45.28,0.085
33338.4,27549.6,14538.3,11.03,87.8,0.081
42327.5,25167.2,24851.9,10.57,81.4,0.073
23105.7,18517.3,9836.25,13.72,80.8,0.083
35681.8,23105,11870.2,23.58,48.86,0.091
40252.9,24131.3,25089.3,13.6,66.66,0.082
38900.8,27857.2,28306.5,27.16,72,4.905
46367,30075.9,37795.5,29.17,25.71,4.916
29317.8,18577.8,19579.2,22.77,89.1,4.922
33267.7,25214.9,10334.5,20.24,42.76,0.083
29893.2,19501.6,20861.2,20.57,78.2,4.908
21855.2,13889.4,13983.6,9.01,62.8,0.085
28216,24276.2,11824.2,13.05,72.5,0.084
49020.6,32654.4,43935.1,31.5,29.14,4.919
32086.1,18073.3,18333.1,17.04,81.2,0.079
29591,19860.8,22672.5,20.8,72.2,4.918
38400,27702.5,30679.8,37.38,20.94,0.077
41662.5,29632.5,27578.2,34.89,37.45,4.907
26281.2,16848.2,15305.8,20.39,76,0.069
29725.4,19460.1,13531.3,18.24,87.6,4.923
24418.7,14740.2,11078.7,12.11,77.1,0.094
44731.9,26604.9,25542.6,21.83,52.65,4.921
33245.6,17952.3,19450.2,16.41,65.65,0.073
26023.3,16190.9,16337.3,16.96,72.9,4.911
35115,28891.1,24371.5,25.89,59.33,4.907
24704.8,14866.9,14064.6,10.18,76.9,0.086
39023,22015.4,20842.3,22.54,67.52,0.07
35033.1,25139.2,28769.9,24.93,88.4,4.921
40683.6,27144.3,29083.2,34.55,22.38,4.917
25520.4,19159.5,16756.4,25.52,63.59,4.903
40422.3,31290,27391.6,27.01,74,4.906
40965.7,28636.5,27806.9,29.25,62.15,4.902
34761.7,21891.3,12803.9,22.82,71.4,0.068
21913.3,16444.3,9605.76,15.12,68.88,0.079
43573.8,24654.9,25397.4,14.11,54.47,4.919
26952.2,15983,13002.7,17.33,84.6,4.918
22393.8,17810.3,9571.08,12.3,75.4,0.072
29412.4,20305.1,21624.1,23.13,50.19,4.915
22808.1,14418.2,11398.4,9.8,62.42,4.919
29654.8,19481,22690.5,24.62,84.9,4.917
27141.5,17931.6,20726.4,23.67,71,4.908
31310.4,18411.6,15385.5,21.02,65.05,0.271
36803.5,23874.3,13521.7,22.94,68.43,0.089
39224.6,32887.2,16638.1,11.85,67.6,4.923
35592.4,22896.6,18510.1,20.08,55.99,4.922
29437.9,18470.9,22853.2,23.91,85.7,4.909
35791.1,23939.2,28872.3,24.32,84.5,4.913
37052.2,20960.1,18485.2,23.25,63.93,0.071
24418.5,18531.8,11566.3,16.02,77.3,0.068
44410.6,25413.3,22457.5,23.06,78.1,0.271
34295.6,22372.8,17612.3,27.46,37.7,4.922
35874.4,21119.8,19438.5,22.03,41.11,0.086
34657.2,21071.1,16643.9,14.69,56.19,0.082
33211.9,21011,16037.4,15.42,59.58,0.074
30673.2,17591.5,16000.6,16.41,40.49,0.083
21335.4,16031.9,9974.55,8.49,89.4,0.079
41107.1,24302.7,24429.3,11.49,44.71,0.087
27084.3,16690.2,12576.8,12.15,59.3,0.087
42783.3,25404.9,25089.7,17.64,63.57,4.917
28800,18330.4,22600.2,21.43,80.3,4.917
26652.7,13995.8,14667.7,20.28,55.32,4.922
20763.1,16047.5,7714.7,18.09,73.4,0.074
43158.4,29438.6,27493.9,30.76,34.48,0.074
29443.4,16452.4,15694.8,15.53,50.67,4.925
21788.4,14203,14382.7,13.34,83.6,0.079
31312.4,21581,24580.8,24.37,74,4.908
23846,13468.8,15505.5,12.28,70.7,0.08
29184.4,18335.6,13407.2,13.39,69.94,4.917
29221,20305.1,19418.9,24.5,81.8,4.917
29820.8,19440.7,17239.5,12.87,53.92,0.082
29826.1,18393.8,16562.9,23.75,49.72,0.071
33452.1,20619.2,16959.4,22.35,49.52,0.082
34529.2,28268.2,15198.1,13.85,76.8,0.078
29713.8,18653.5,10084.4,17.3,79.6,0.078
38127.2,25154.4,27313.4,21.72,72.8,4.912
41395.4,25243.8,25052.5,16.9,71.8,4.912
42266.4,27107.6,26015.5,13.24,66.39,0.079
26814.9,15602.5,13101.5,16.36,80.6,0.087
32230.8,19133.1,16936,21.97,57.82,0.072
32631.6,18582.6,13585.9,21.39,67.07,4.918
24558.8,18832.8,11047.3,20.04,79.7,0.069
22900.1,11634.5,13321.8,20.01,81.1,4.915
25786.5,15953,11614.5,21.24,83.2,0.07
35960,27336.4,23479.4,28.36,60.92,4.902
25346.5,16573.9,12532.4,11.8,77.3,0.08
36573.5,23482.3,15303.1,26.99,47.88,0.286
35076.8,22436.5,13883.5,21.12,72.3,4.92
45790.4,26842.1,26065.7,21.39,59.31,0.076
39879.8,22098.6,26449.5,14.77,84.5,0.074
40239.4,21325.1,26292.4,16.53,85.3,0.069
41538.3,27884.8,28149.3,34.08,32.61,4.911
37832.3,25598.7,30541.3,32.54,38.59,4.921
37682.1,32664,16578.2,13.53,50.3,0.076
34043.5,21589.1,17308.9,14.65,67.51,0.083
29253.7,16700.4,13515.9,20.56,63.39,4.919
44727.7,29498.7,38223.3,27.62,58.46,4.91
27302.7,15945.5,14920.7,21.61,75.3,4.913
31658.3,17171.5,18391.3,14.29,88.7,0.069
33704.4,20188.6,18042.2,23,32.27,0.089
33820.1,23426.6,27860.1,23.59,65.69,4.904
40996.1,34006.3,29896.6,33.58,30.45,4.91
45563.9,27284.4,22857.6,23.51,82.9,0.275
37857.8,25040.5,30041.2,27.66,68.5,4.911
20433.4,12481.5,13729.2,14.87,72.4,0.072
34293,21585,16411.6,23.14,72.5,0.071
46819.1,27808.3,20833.7,21.41,82,4.921
26603,13107.1,14901.4,17.24,79.4,0.07
30769.2,22819.8,11329.2,12.29,57.82,4.923
35466.5,22149.8,17384.9,28.9,31.36,0.066
40863.9,34011.7,15725.3,15.42,78.4,0.083
32924.7,27350.7,13725.8,14.32,78.9,0.084
24337,16345.9,11407.8,20.13,87.2,0.077
36033,22855.7,21745.7,19.79,84.6,4.918
27962.8,17899.7,12598.5,20.65,81.8,4.92
24272.5,12554.4,10929.5,13.12,67.91,0.082
32845.9,19359.3,14980.7,20.69,82.2,0.074
23824.3,14502.4,14237.4,10.3,89.3,0.087
22086.1,13831,14440.5,9.32,76.1,0.088
22381.5,17981.4,10282.4,19.28,56.1,0.082
36721.6,23579.3,12821.4,21.01,83.4,0.068
26354.8,15266.4,11549.2,19.96,59.95,4.928
35378.4,21377.1,19833.5,20.48,70.5,4.919
25646.6,15264.4,17048.7,11.18,75.5,4.915
21387,10369.6,11242.3,18.93,66.09,0.079
22978.5,17996.3,10294,16.81,55.64,0.084
31756.5,18187.1,14085.2,21.8,59.73,0.201
27270.8,16484.4,14579.4,22.73,77.2,0.227
39149.6,22803.7,23614.8,13.59,61.18,4.919
30781.8,21402.3,21800.1,27.28,78,4.906
43322.8,26403.7,24719,20.59,67.9,4.919
24753.4,14994.5,14533,14.25,78.9,0.082
48681.9,31833.6,33603,22.48,48.92,4.925
34226,21768,13078.2,22.68,69.59,0.102
35176.7,20020.8,22579.2,30.96,43.73,4.921
28939.9,15567.6,15123.7,22.43,75.9,4.914
25758.2,21650.8,8355.34,11.07,49.73,0.078
24756.9,20573.6,12173.5,15.78,84.9,0.083
33265.4,27181.3,10481.6,16.12,59.71,0.085
34509.6,22720.3,10656.3,20.61,73.7,4.919
37584.8,31430.5,15535.2,14.53,80.7,0.081
32711.8,26879.4,11490,16.36,54.14,0.078
35461.2,23026.6,12944,23.13,67.97,4.92
39360,22953.2,24618.8,15.63,58.81,4.92
33062.7,19785,18450.8,24.38,59.42,0.329
27932.3,22113.2,10797.1,15.62,84.2,0.082
43486.1,26161.7,28102.9,21.23,59.98,0.083
25209.2,12611,12129.7,14.46,77.3,4.913
36524.1,21923.2,18638.4,28.94,33.17,0.087
24384.4,13816.2,12261.3,22.19,46.75,4.924
21791.6,18447.4,10037.9,12.01,53.3,0.077
25494.9,16852,17851.8,19.24,53.19,4.905
31900.1,21820.3,26353.8,25.36,37.31,4.917
21392.5,13269.3,13899.3,13.7,69.34,0.077
26962.7,22586.1,11686,14.07,65.65,4.919
31208.5,16787.5,13508.6,21.35,55.79,4.919
25310.8,17457,12144.6,12.37,82.8,0.082
38333.1,31423.1,15356.5,15.81,69.49,0.083
33830.8,20184.1,20456.1,13.94,85.8,4.915
22498.6,13768.4,12009.7,19.66,56.72,0.079
26569.1,17693.8,8625.41,18.19,86.8,4.914
37662.5,20877.8,18302,25.95,37.5,0.071
25782.5,19710.3,8718.37,11.8,75.8,0.083
27245.1,16785.1,16172.3,16.45,81.8,0.067
29255.4,21964.5,10577.3,17.41,71.1,4.915
26114.4,15953.8,11641.4,9.16,76.8,0.083
25098.1,15470.3,11449.4,22.02,76.3,4.916
37339.2,21241.5,16731.4,20.87,63.39,4.922
36256.3,23566,17528.9,14.2,75,0.075
38692.5,23684.4,24859.6,17.99,68.45,0.083
25686.8,20401.2,13107.4,18.02,71,0.087
38977.5,25926.1,28053.7,21.77,72.7,4.91
24087.8,13443.2,15761.5,15.64,86.8,0.074
34262.4,20181.3,18152.7,14.11,78.6,0.072
35102,21536.5,13031.5,27.25,41.75,4.92
33569.1,21352.9,24550.7,25.01,90.9,4.923
32205.6,20221.7,16119.8,25.24,24.19,4.923
30031.1,20111.4,25401.8,23.4,57.85,4.911
31323.1,25843.4,11022.7,21.44,59.97,0.073
35806.4,21737.5,18766.6,30.87,31.73,0.072
42756.5,26914.3,25075.7,13.95,75.9,0.087
21498.1,11421.2,8990.07,20.61,75.5,4.917
38734.6,24348.5,19663.4,25.75,83.9,4.924
45425.3,27039,26059.9,19.41,49.88,0.082
40020.2,28321.5,32505.4,34.82,33.05,4.908
36797.9,21053.6,17262.3,26.9,50.1,0.08
29461.8,16251.2,15497.4,14.09,59.7,0.082
47991.5,29518.5,28788,25.54,79,4.925
32078.7,21132.9,24510.1,20.79,72,4.914
35051,21670.6,18224.5,27.41,49.5,0.067
25730.9,16285.9,11706.7,20.02,68,0.108
42193.1,29012.9,27072.6,30.03,44.38,4.904
33376.5,21629.7,17728.9,26.95,42.5,4.923
23103.6,14811.6,16943.3,20.62,82.1,4.918
30942.7,23698.8,10061,17.61,84.4,4.919
37912.6,22537.3,16824.8,23.43,43.65,4.917
31236.2,19441.5,18166.2,17.97,83.1,0.066
45105.1,27063.6,20145.3,23.04,82.2,4.917
39124.5,26948.7,26904.1,28.55,47.05,4.907
35823,25245.6,34493.7,30.6,32.52,4.917
41918.2,28286.8,32272.9,25.37,85.5,4.922
22594.7,17998.2,10061,9.81,85.7,0.08
29058.5,21644.6,11080.5,21.27,69.45,0.071
43788.6,25058.8,25657.7,19.78,60.18,0.072
34763.9,19968.4,16032.7,20.87,79.2,4.914
28215.1,15545.1,17622.6,19.89,86,0.067
35476.9,26635.5,10872.3,19.79,56.48,4.921
22021,13258.4,14038.2,10.63,45.81,0.084
32369.2,26561.2,14076.1,13.19,79.1,0.08
34928.7,22595.4,18319.8,22.48,78.8,0.068
36954.7,22529.9,13971.1,24.22,36.38,4.92
29562.9,18449.1,17085,19.6,89.5,0.069
24504.6,18442.6,12196.6,12.54,87.8,4.922
39290.7,29115.5,26404.5,30.09,46.19,4.906
41626.3,24886.3,26024.1,13.34,59.47,0.086
34194.9,20322,17087.6,22.42,47.95,0.081
27955.5,18728.2,9261.52,19.12,79.1,0.108
31165,17741.8,21297.2,25.1,67.85,4.93
34152.9,20731.9,16030.8,14.61,67.79,0.085
25835,15689.2,15257,18.45,85.3,4.915
38819,25772.6,25957.6,12.23,88,0.077
37128.5,29773.6,16370.7,15.94,61.15,0.081
39493.5,24024.9,22549.7,29.07,27.48,4.923
37684.9,20364.6,23831.3,19.66,43.48,0.084
39773.2,25345.9,24676.6,12.2,64.87,0.089
34675.9,20655.3,16718.5,17.44,54.44,0.082
21905.4,11305.9,12596.4,14.03,88.3,0.084
34204.6,19928,17779.4,19.2,59.71,0.087
44810.6,29081,36759.2,28.35,42.86,4.92
34138.4,21292.1,18833.5,24.79,36.8,0.073
28456.9,16624.4,13116.8,10.67,84.1,0.086
31948.5,19418.8,20174.5,13.6,76.4,0.074
34849.9,24176.8,12891.4,20.91,85.1,0.077
31292.3,26386.4,10583.1,19.44,62.36,4.921
32870.9,20629.8,14943.6,7.44,67.45,4.917
23945.3,15738.6,13787,11.52,52.92,4.923
32042.6,26120.9,10095.6,13.03,77.6,0.087
48963.2,33175.5,35462.8,25.82,58.93,4.906
36484.2,22973.4,14079.3,21.68,91.8,4.921
29096.2,15759.3,10452,16.28,86.1,0.085
36449.6,15238.9,17441.9,12.68,65.14,0.084
24358,14392.7,14298.7,12.96,62.87,0.084
24738.5,18777.3,11722.4,15.47,85.1,0.071
29656.6,20569.8,22323.8,23.06,53.88,4.904
31149.9,17879,20462.5,16.4,79.1,0.086
24078.6,12401.7,12396.6,14.96,71.8,4.914
35038,19503.7,15532.3,24.48,42.61,4.916
38867.7,32939.3,16059.8,14.85,80.4,0.07
39147.8,30260.2,17315,19.86,77.4,4.917
45412.7,27351.1,26794.5,24.78,55.37,4.922
29348,17947.6,11861.2,20.12,72.7,0.289
32321.7,19627.7,17652.4,13.67,87,0.07
24012.2,14535,15325.3,14.9,85.4,0.074
35642.8,21763.5,18504.3,22.13,68.74,4.923
47049.4,28978.3,26194,18.99,71.8,4.922
38561.4,23676.9,13944,24.11,65.76,4.932
25428.4,17940.2,7925.11,17.16,89.7,4.998
26130.3,14310.2,11731.8,20.09,75.4,4.915
32347.5,19085.2,18875.1,24.36,47.54,0.079
31220,17940.2,12360.4,21.51,73.4,4.921
38325.4,24873.1,22311.7,25.81,58.35,4.912
32493.8,22045.3,21114.1,25.74,62.94,4.921
29026.9,20700,10125.2,20.07,89.7,0.066
38299.8,26081.9,28571.3,27.85,41.71,4.91
25098.5,14436.7,16477.1,16.24,76.8,0.082
34273.3,23022,15120.7,24.79,73.4,0.35
28948.8,13718.1,15959.3,14.62,88.9,0.071
36579.8,25566.7,11131.7,22.33,68.92,4.919
36963.2,22868.6,20233.8,22.62,69.67,0.074
25482.9,14993.9,12264.7,14.05,89.7,0.082
37001.3,22696.5,19903,24.89,56.21,0.073
39976.7,21323.1,24280.6,21.83,68.38,0.079
40569.3,25583.9,23834.5,24.73,86.7,4.912
25573.4,16401.7,11549.2,18.94,92.5,0.066
33738.9,20301.2,16867.7,17.37,59.17,0.083
39963.5,33650.8,15454.5,19.46,30.47,0.086
25638.1,14572,15480,11.24,87.5,0.066
29988.9,19792.5,22998.6,22.53,76.6,4.923
42169.8,30011.4,27094.9,28.58,40.09,4.905
29539.9,19538,23389.5,23.63,54.26,4.923
39651,25372.1,15067.8,26.03,45.35,0.308
24242.8,13912.4,15470.5,14.33,86.6,0.072
24606.3,16308.3,16509.6,25.06,93.1,4.911
27991.9,17405.5,12682.4,8.05,84.7,0.085
23824.3,14469.5,14249,13.27,86.5,0.084
29996.6,15785.7,18885.8,20.14,59.41,0.075
42866,27661,17828.6,20.06,88.1,4.915
37307.7,24815.4,16626.4,21.07,65.2,4.917
25017.9,12585.3,16599.3,13.43,90.5,0.066
27213.5,16465.7,10537.4,20.29,69.42,0.277
24827.8,14875.5,15204.5,17.23,88,4.913
36257.4,21764.6,21019.4,9.68,82,0.074
35981.6,19862.2,19010.3,15,70.6,0.072
35228,24475.5,12512.1,19.77,90,0.072
35058.6,21828.1,21108,26.5,75,4.918
29527.2,20221.5,20834.8,23.63,47.25,4.91
24206,13187.5,10572.7,20.45,78.7,4.922
28904.6,25493.8,12318.1,17.26,74.6,0.068
31061.9,18654.9,16338.6,25.47,49.58,0.314
32953.8,27606.2,14330.6,12.49,54.15,0.086
33010.6,20618.8,16100.2,16.6,73.4,0.072
33419.2,20888.8,18176,21,43.18,0.085
24882.1,20019.6,7272.03,16.06,68.29,0.075
22255.7,13335.4,13592.9,10.45,86,0.085
39313.3,23647,15591.4,22.85,76.5,4.917
48004.3,32772.5,38219.4,27.48,77.5,4.904
32190.8,26750.8,13069.9,21.65,63.64,0.074
30030.8,25036.4,13370.6,17.24,52.65,0.076
22486,12620.4,11444.2,21.61,68.39,0.082
38833.8,26719,32704.3,30.73,57.49,4.903
24480,22131.8,9698.31,8.73,89.8,0.08
34859,19717.9,17141.1,13.96,75.3,0.072
35626.2,24358.5,21617.4,14.98,75.5,0.076
25999,16993.3,17945.1,5.641,77.7,0.08
28736.2,18436.7,21244.5,24.13,85.7,4.913
24095.4,15833.3,11732.7,20.19,86.3,0.072
20763.5,15332.3,9767.11,13.24,81.5,0.082
31018.2,17473.2,16554.2,13.28,68.71,0.076
35105.4,20674.4,15718.1,14.75,64.49,0.075
36866.5,23306.4,14720.7,26.94,36.25,0.273
35386.5,22269.9,18751,25.35,53.28,0.07
27646.7,15455.3,11567.1,21.92,79.1,4.918
34310.7,23652.8,24821.6,21.7,54.58,4.917
36901.8,21900.9,21745.7,18.15,87.3,0.07
22226.2,11769.2,12134.4,20,81.6,0.068
28800,19377.1,8284.04,19.65,83.5,4.912
28073.9,15133.1,18507.3,14.45,52.5,0.084
35013.2,22748,17396.6,21.16,67.57,4.921
31184.8,26327.1,9605.76,14.14,42.42,0.077
26557.2,15829.5,14655.9,21.02,58.89,4.921
45037.4,27808.3,28392.4,21.52,83,0.068
31517.3,20901.3,24082.3,20.82,72,4.921
38527.2,23313.9,21368.1,29.99,26.12,4.921
35351,23119,27817.9,24.37,87.2,4.916
31778,18391.5,17251,19.87,58.95,4.921
35033.8,28617.8,16852,20.74,75,0.074
21733.7,13798.2,13868,9.16,60,0.083
31355.1,25605.4,9772.87,16.87,56.98,0.087
40123.9,23330.5,24631,14.51,54.17,4.797
32036.9,25743,9808.19,18.52,61.28,4.925
38306.2,26534.3,26266.1,28.24,37.79,4.91
36229.4,22906,13508.6,32.69,26.51,4.921
23607.7,15357,16285.9,21.54,69.51,4.916
33284.1,21063.8,20645.8,10.78,78.2,0.088
30289.5,19246.9,17141.6,19.05,78.2,4.911
21885.6,13918.5,14186,9.06,60.67,0.088
32464.3,18296.9,21358.5,13.78,66.37,0.083
24230.4,13410.2,15930.2,15.75,86.3,0.083
28167.3,24117.8,12227.6,13.23,55.51,0.077
31059.9,21050.2,14691.5,19.38,73.1,4.92
36599.6,23290.4,18650,21.5,67.6,4.921
21840,17297.1,9195.18,16.9,68.29,4.92
20937.7,12696.7,14035.7,12.45,66.28,0.083
33520.9,28197.6,14284.8,12.52,78.9,0.074
32851.5,20378.1,15965.9,11.29,75.6,4.914
39113.8,33017.4,17592.3,19.33,64.88,0.081
30279.9,19503.8,24239,22.15,78,4.922
21363,13375.1,13948.9,7.44,81.1,0.076
24657.7,14484.1,14823.9,10.94,83.1,0.073
34941.5,29450.8,14851.1,13.07,85.1,0.071
36443.5,22417,19020.7,14.52,56.79,0.083
37467.9,18718.5,24960,18.94,63.36,0.082
25354.2,15496.5,15690.8,20.68,89.6,0.066
33233.2,22450.6,21702.4,25.23,77.4,4.917
20979.7,12508.9,14544.6,20.43,82.9,4.916
21025.1,17073.9,9421.37,12.12,48.83,0.077
28314.1,17239.7,16840.6,24.29,89.3,4.916
27162.5,18011.2,9966.74,19.64,85,4.918
37756.4,26393.7,27457.8,31.54,18.07,4.903
32035.4,19595.1,19242.6,12.34,79.8,0.075
25446.1,15745.9,14625.5,9.53,76.6,0.075
34811.8,21481.1,18346.9,20.88,71.1,4.925
43723.9,23326.7,27531.6,18.63,72.3,0.072
39185.1,24083.9,24035.7,13.61,64.44,4.917
32208.8,20350.1,13038,19.58,74.5,0.288
21990.5,12981.2,14177.1,11.44,65.58,4.915
40808.1,24255.3,24701.4,13.8,71.1,0.074
25735.4,21075.6,11375.4,17.3,65.65,4.92
24298.8,13468.2,13363.2,21.88,72.9,0.067
28952.6,18654.9,13351.4,20.78,85.3,0.074
32684.1,19255.7,18376,25.04,40.84,0.074
29651.7,25425,13120.8,10.23,73.1,0.085
28529.2,23362.8,12572.5,16.1,55.7,0.082
31540.3,19969.6,17841,13.81,45.68,0.081
25831.2,20133.8,7629.29,5.565,86,4.913
29234.7,20235.3,18724.5,25.58,42.11,4.904
30333.1,26489.1,13351.3,13.25,54.21,0.076
29259.5,19378.3,13508,19.08,63.39,0.082
18088.9,9969.51,9847.74,15.25,61.95,0.081
29551.9,17595.8,14455.9,21.63,88.8,4.912
26882.1,18733.5,7695.69,16.89,85.7,4.917
35877.1,23142.3,13177.4,25.6,43.59,0.092
36977.5,23908.9,26287.5,25.87,75.1,4.919
24540.8,16500.9,16279.5,8.9,77.8,0.083
25185.3,13824.4,16110.5,12.75,71.5,0.084
31796.9,24274,10317.1,14.57,57.32,4.927
31282.1,25701.1,9686.43,11.94,69.85,0.084
19783.3,13272.9,14070.4,16.54,56.94,0.081
38459,24269.9,24145.7,11.71,88.9,0.068
41400.8,26543.5,31287.1,23.88,74.2,4.926
27631.9,22766.5,8994.96,12.5,44.83,0.073
38042.8,25712.7,31366.7,32.74,37.52,4.92
33775.7,19569.5,17489,25.57,43.19,0.084
25417.7,14123.1,17475,20.54,88.7,4.914
27511.5,18732.9,19659.9,25.33,82.7,4.912
21335.4,16238.1,7969.27,11.36,86,0.08
27931.1,17069.9,13318.6,12.01,76.4,0.082
37594.2,23687.9,23045.8,19.02,86.7,0.07
32660.4,16942.7,19010.3,17.78,74.3,4.913
25907.7,12812.2,15880.6,14.74,75.8,4.912
45033.9,26342.7,19865.3,20.83,72.1,0.067
19746.8,13265.7,13665.5,6.091,84.9,0.083
19772.3,13686,7286.75,15.39,87.1,0.074
35831.6,20756.7,17950.4,21.51,61.03,4.921
39495.1,34133.2,16756.8,15.56,60.31,0.079
32538.7,18168.6,18658.9,16.57,64.99,0.074
37022.2,26039.2,24443.8,34.23,37.35,0.069
30400,25907.3,12815.4,13.23,85,0.082
23453.2,13816.4,14828,14.87,85.7,0.076
39669.4,27459.5,28239.7,36.65,21.71,4.917
38993.2,26962,28077,30.63,34.88,4.919
40587.9,25401.3,29396.5,33.08,28.55,4.918
38900.8,26663.6,27072.6,28.78,45.52,0.072
37580.2,22269.9,17091.7,22.39,85,4.915
32726.2,27502.1,15712.8,16.35,85.3,0.082
33568.2,20608.3,20629.7,19.64,85.4,0.067
43835.5,24914.1,27333.8,21.17,52.09,0.064
47636.4,31135.4,45170.2,26.05,56.92,4.906
34772.7,21377.5,21351.3,17.18,70.3,4.915
34509,19755.1,18050.7,21.66,58.82,4.924
39154.4,32995.4,16313.1,13.49,82.5,0.074
34363.9,21347.6,16664.5,14.12,78.4,0.076
22073.8,16787.6,10010.6,13.28,71,0.081
27568.9,18057,21557.8,24.04,84.1,4.915
42762.1,29556.5,34842.9,28.11,73.5,4.904
28793.8,18113.6,14219.6,20.45,51.32,0.084
28187.2,16492.7,16780.6,10.91,80.4,0.072
36543.8,23889.9,32457.2,25.84,83.7,4.914
28942.6,14773.9,18164.4,19.96,61.64,0.073
37154.4,22665,23282.9,15.97,57.81,4.922
27640.7,17000.6,17187.4,10.36,90.6,0.077
21775.2,12816.3,11386.2,12.83,75.4,0.081
26422.5,13920.7,14969,15.85,78.8,4.908
38856,23892.3,21631.6,25.31,86.8,4.922
30939.1,18909.2,15522.9,13.92,70.1,0.102
28315.2,18410.1,22063.9,25.9,39.88,4.914
34717.5,21532.8,13200.7,24.69,63.09,4.925
31114.2,17483.6,14851.9,20.2,52.85,0.079
40613.4,28758.2,29697.7,29.35,63.01,4.909
22304.8,15735,16383.6,16.22,57.94,0.081
27022.8,15943.4,15077.1,22.49,69.39,4.92
24824.1,13531.8,12702.6,19.85,76.7,0.339
47313.8,32035.1,37190.2,26.48,82.3,4.904
34836.9,28476.4,16614.9,16.28,67.11,0.079
41372.5,28283.5,32077.7,29.04,55.92,0.064
34267.5,22288.6,22449.2,19.62,86,0.076
34471.9,22075.5,18650,21.87,70.1,4.92
35074.7,19379.3,15509,24.54,43.58,4.92
32678.3,20020.3,25618.7,27.3,79.5,4.916
43947.6,25906.1,25827.1,15.18,77.2,0.072
26479,17241.3,12428,11.88,82.1,0.078
44793.2,26689,25484.5,14.02,71.2,0.081
34522.2,22402.9,13025.7,22.63,73.2,0.066
35439.3,24833.3,11219.9,22.71,65.76,4.922
28428.2,19124.1,9127.29,19.09,79.7,0.101
21111.9,13382.4,10917.9,12.06,82.2,4.921
22516.9,17821.5,10617.8,14.99,86.6,0.081
27842.1,16274.7,12640.5,18.46,80.3,0.083
25253.2,21017.5,11484.3,7.56,79.6,0.081
31187.7,26386.4,8264.1,15,75.7,0.083
35847.5,23358.1,17864.7,13.47,83.5,0.074
24452.8,14643.3,12296.4,24.36,91,4.916
24400.7,14808.5,11294.2,11.98,65.51,0.086
44630.5,27224.5,27139.9,20.91,75.5,0.067
23235.3,14071.7,14327.6,15.6,59.95,0.081
39621.2,24334.4,23302.3,22.68,60.44,0.08
31003.1,25783.9,11254,22.42,50.07,0.084
24534.7,16034,14342.2,10.15,80.8,0.08
23629.4,15720.4,15643.4,10.94,78.1,0.074
27427.1,17401.8,12272.6,14.36,59.95,0.079
33126.1,20586.6,16403.2,15.23,74.5,0.073
31135.5,18951.1,18865.7,19.72,67.28,0.081
38812.3,31920.2,18344.1,19.35,74.5,0.073
31714.1,25730.6,10723.6,14.54,64.5,0.083
34865.2,18842,22845,27.63,55.14,0.069
28934.3,16928,17562.9,22.3,90.4,4.916
43590.5,25721.6,25251.4,14.9,67.42,0.082
31440.3,25513.3,11294.1,16.47,67.58,0.076
35744.8,22121.6,16788.4,14.34,57.5,0.083
29627.4,24942.6,12458.1,16.03,71.1,0.075
32986.2,20178,15497.3,21.81,87.4,4.915
45082.7,30860.4,34674.4,21.49,51.45,4.905
34400.7,20217.1,17100,15.28,64.22,4.915
38414.9,25485.1,27313.4,28.75,34.55,4.903
46418.8,31164.5,36209.2,26.39,82.6,4.905
32902.6,21342.3,12313.7,22.1,73.4,4.923
24356.9,19580.6,11138.3,17.32,54.52,0.078
28541.9,16305.9,15175.4,22.66,67.07,0.067
37506.8,23923.4,19257.8,13.99,49.72,0.082
23138,13840.2,13877.4,11.45,84.4,0.079
27355.2,19543.4,20831.1,21.06,81.7,4.911
29542.2,25089.9,9467.47,17.03,45.73,0.085
42901,25615.8,25743.4,12.57,74.9,4.915
40418,22953.7,24120,17.29,86.5,0.067
24966.3,15165.3,14324.2,15.75,89.3,4.913
45199.6,24210.2,28125.1,17.81,50.22,0.089
30047.8,19475.1,14397.1,17.97,92.4,0.075
34209.6,21757.2,12337.8,26.94,50.65,0.261
48899.3,32947.4,34951.2,25.72,59.83,4.904
35166,22522.8,26805.7,28.4,63.33,4.908
24613.8,14990.7,14796.4,15.84,71.2,0.081
28331.6,23226.8,9726.77,17.3,61.45,0.083
47258.8,28257.4,21622.1,22.37,54.65,0.269
32135.7,17494.1,18664.7,16.69,82.9,0.075
23869.2,15501.3,18075.3,23.99,85.5,4.917
23014.8,18278.6,12522.8,19.33,53.69,0.082
40900.5,26905.1,34819.1,24.06,85.9,4.914
24336.8,14816.1,14236.8,21.13,42.2,0.079
38342.6,27220.3,30143.6,39.41,13.34,0.071
30994.3,22598.7,25082.5,21.54,61.46,4.908
24853,14983.3,14948,15.32,69.31,0.073
29959.4,17761.7,15604.4,14.2,91.4,0.07
25710.8,22775.2,13220.2,17.88,82.8,0.072
38862.4,33105.9,15448.7,15.95,72.8,0.073
23922.4,11820.7,14916.8,15.05,78.2,4.91
30606.1,19148.9,18501.5,13.93,71.4,0.073
24629.4,14317.7,12683.8,17.14,67,0.081
33224.2,19737.8,16275.5,19.06,63.04,4.92
43200,25891.5,24543.9,22.02,49.45,4.915
32448.8,21887.6,10230.3,18.9,86.4,4.921
28276.9,19254.8,8549.54,16.97,89.2,4.952
37022.2,22716.5,31077.5,28,70.2,4.917
30772.5,25341.9,12342.9,20.84,81.7,0.08
32997.5,20437.9,16482.9,18.31,54.89,0.083
22789.8,11989.1,14455,14.6,57.18,0.081
22188.3,12515.9,13836.8,14.36,88.2,4.91
30114,19724.1,23570.2,23.12,89.4,4.913
39033.2,20202.4,22372.3,14.38,79.4,0.084
29648.4,30451.9,26462.3,26.61,72.5,4.922
24406.8,14819.5,14947.1,12.96,56.94,0.081
34287.2,20379.2,18728.7,16.25,85,0.072
38776,22343.2,12430.4,23.04,85.3,0.076
34408.8,21103.3,12424.6,20.68,55.49,4.917
22783.3,18609.4,9173.59,9.09,91.7,0.08
43673.9,27381.2,25636.6,10.95,70.5,0.077
41727.4,22534.8,26955.6,16.27,84,0.066
26079.3,15290.6,13573.4,20.88,73.9,4.914
31504.6,21106.3,26221.3,27.3,56.02,4.909
28696.3,22672.3,15769.1,16.16,58.19,0.079
39511.9,24671.1,23919,11.24,61.5,0.087
45546,25622.9,27659.8,23.74,58.37,0.081
22572.2,13386,14284.3,8.29,80.6,0.081
39141.3,24900.9,25607.7,11.49,73.1,0.077
43509.9,26604.3,25596.1,14.42,68.86,0.084
35380.3,22103.3,16557.1,18.11,42.47,0.089
36765.6,22862,18529.2,14.24,48.45,0.081
35509.4,24968,11314.1,24.24,58.43,4.92
29425.1,19549.4,23148.5,23.87,85.9,4.918
42829.4,26509.4,25613.5,12.45,64.84,0.086
33468.8,20958.5,18123.6,17.64,77.4,0.074
23796.6,14498.5,13349.3,11.48,78.5,0.081
28519.3,18857.1,17870.5,13.95,71.7,0.076
21347.5,17081.3,8816.33,11.96,63.15,0.085
39682,24926.4,24156.1,15.09,77.2,0.072
44378.5,28415.4,19299.2,18.38,91.3,0.093
34591.9,23916.5,23540.1,27.3,45.08,4.909
31598.1,20599.2,14146.1,20.13,78.8,4.918
33016.3,20502.1,15346.5,15.52,60.45,0.084
40944.4,23366.3,19027.4,21.33,76.3,4.914
32042.6,26595.9,13535.7,14.11,79.4,0.082
31683.1,16500.6,18635.6,21.77,54.89,0.089
36994,22872.3,13685.1,23.94,76.6,4.916
31953.8,22012.4,15939.1,20.17,74.5,0.068
24425.9,19489.4,10602.6,9.37,86.4,0.084
35638.8,20632.2,18507.6,15.28,90.3,0.072
28739.2,22792.3,9507.8,16.84,62.55,0.084
36398.5,30215.4,14780.3,16.07,73.1,0.076
41106.3,28993.9,27620.3,33.11,40.68,4.906
38903.6,24115.2,22241.3,19.99,75.3,4.919
30596.1,18993.4,13486.7,18.33,84.2,0.172
42327.4,28564.3,27343.4,28.97,41.41,4.907
29490.4,19478.8,20746.8,21.93,65.56,4.912
49468.2,32236.5,35204,24.04,62.12,4.902
43626.9,24979.2,19121.6,21.54,79.8,4.922
44943.8,27330.1,26469.4,12.13,71.4,0.084
27570.3,18733.5,9966.74,19.81,85,4.914
35772,22025.3,28914.5,28.45,70.9,4.917
38824.6,32455.8,20327.7,19.61,66.48,0.072
33818.7,14961.7,16828.9,13.89,55.69,0.086
38424.3,31032.8,16180.6,13.08,78.1,0.084
35980.9,22015.4,14144.1,19.27,77.7,0.284
27887.8,21953.2,27516.7,25.01,84,4.918
24714.5,14660.1,15023.8,15.31,69.15,0.073
31462.8,18497.8,18067,19.59,79.1,0.082
39824.1,30109.8,26637.8,23.06,68.72,0.067
25470.4,15446.8,14989.9,3.582,79.2,0.087
32986.3,20564.1,15429.4,16.48,73.2,0.071
31917,17675.4,16788.4,16.87,48.45,4.918
27814.2,14729.9,17349.8,15.86,81.7,0.07
33570.6,21656,10988.9,22.11,52.69,0.09
26202.1,14301,17629.1,16.41,83.2,0.076
19514.8,11439,10319,16.43,63.4,0.077
31190.9,22698.6,23028,24.3,84.3,4.909
21241.5,13823.7,13948.9,8.03,88.8,0.085
29992.8,20229.1,21997.7,22.97,56.19,4.906
22466.4,13568.4,13777.7,13.26,58.04,0.082
19827.7,15326,10912.8,11.62,79.4,0.087
43046.8,25690.2,25049,18.34,60.8,4.919
21627.4,16193.9,9415.61,17.41,69.56,0.079
25993.5,17106.7,17707.3,20.2,53.96,4.905
35595.6,25492.7,23948.8,25.16,87.7,4.911
23337.6,13820.8,15127.3,13.73,81.3,0.077
23356.2,11848.5,15674.2,14.24,89.5,0.067
38044.1,26279.6,27632.4,31.85,16.01,4.903
36592.6,23504.8,13243.9,32.69,26.51,4.921
28449.2,23255,12508.9,17.38,67.22,4.923
26178.9,16772.1,14968.8,19.86,62.65,4.926
35995.3,23119.5,17338.3,17.96,76.2,4.919
31823.6,25936.8,10037.9,15.52,44.21,0.091
44780.9,22196.3,25670.3,15.91,72.8,0.081
27108.9,17652,12695.6,20.36,87.2,0.072
32566.2,24664.5,12057.8,15.45,49.35,4.92
21655.4,17724.8,10588.9,11.95,64.83,4.919
42955.1,22512.8,28189.1,17.06,77.4,0.079
32967.5,21592.7,16730.1,16.43,56.76,0.082
25833.7,16905.2,16028.1,20.84,75.7,0.071
46882.8,27980.5,20257.1,23.09,82.6,4.919
37695,22127.6,22870.9,20.88,60.23,0.076
45180.8,29416.4,27527.7,14.07,59.23,0.082
36011.2,25614.4,28469,22.56,66.29,4.913
23176.4,13608.1,11607.3,14.5,88.4,0.071
30692,26953.1,8966.15,16.32,54.79,0.088
33543.2,20093.3,18525.1,17.55,77.9,0.076
22673.8,18329.5,10233.9,12.13,78.1,0.077
22924.1,13707,14385.5,13.28,66.66,0.084
36855,23325.9,22745.1,26.44,71.4,4.921
32646.1,20465.7,18448.2,15.2,30.85,0.088
22745.9,13295.1,15503.2,12.23,81.3,0.084
24510.5,15038.3,10848.5,11.76,65.94,0.09
23259.7,12744.1,13997.7,10.51,85.7,0.071
24179.7,13990.2,14527.7,10.64,87.6,0.08
36174.8,20204.2,17634.5,25.75,56.71,0.071
37845.9,23443.7,17912,25.85,86.2,4.922
30862.4,18995.7,14414.5,10.83,51.79,0.086
39766.2,33433.9,17609.6,19.56,46.06,0.088
42820.5,30911.4,29535.1,29.15,45.39,4.904
30286.2,19978.5,20967.4,25.62,41.18,4.907
43420.6,26282.9,25263.9,15.29,68.96,0.083
22807.1,12358.5,14429,11.61,73.7,4.92
38926.3,27864.8,26031.3,34.37,24.17,4.903
33772.6,21130.8,18356.4,15.64,84.9,0.076
33344.8,19914.9,16175.4,17.32,71,4.917
34952.2,20206.1,18098.7,21.02,46.56,4.92
34578.9,19568.5,13212.4,22.68,71,0.067
29707.8,22082.8,20945.5,26.92,70.8,4.903
28358.9,16760.7,16130.4,23.27,88.5,4.92
32237.3,26861,9721.01,14.01,71,0.081
34352,19396.7,13726,21.53,57.03,4.92
43327.1,23568.6,28544,17.95,77.9,0.08
22869.2,13433.4,15004.9,13.8,72.1,0.073
50555,34692.3,40590.8,25.36,49.42,4.904
26620.9,15410.4,12837.9,21.09,79.2,4.911
33263,17240.3,19719.9,24.19,66.74,4.923
43397.1,23845.3,29225.4,21.49,79.9,4.919
21809.9,16746.2,9496.28,16.14,78,0.076
23138,13273.2,14318.7,9.12,68.98,0.081
24766.7,15994.2,10555.1,18.99,89.6,0.336
38050.5,23732.6,22895.5,24.55,87.5,4.915
32958.9,22211.4,29324.2,25.35,85.2,4.916
20990.8,15274,11196.1,12.49,87.2,4.926
28583.1,19021.5,22371.2,23.88,86.5,4.916
40975.4,33628.6,19573.5,21.7,67.27,0.083
28241,18459.6,12977.3,11.89,51.55,0.08
45977.9,28902.5,35518,31.3,36.15,4.92
41422.8,24815.4,17799.4,21.11,70.5,0.08
37475.2,26971.5,26849.9,35.61,19.04,4.908
22427.2,13269.5,13825.2,9.78,87.6,0.084
24880,19108.3,9374.46,18.5,84.1,0.07
28569.9,18235.7,16311,18.91,78.2,4.908
43842.5,30955.4,30088,28.79,72.9,4.903
35980.9,21689.8,13691,28.39,34.21,4.918
43401.5,25540.9,26304,18.41,45.21,0.084
28751.2,18838.9,12967.2,11.35,71.1,0.086
43587.1,26299.7,24923.1,19.03,48.25,4.92
38997.6,21820.8,24788.7,19.49,65.52,0.077
43437,26637.1,25168.2,12.62,53.14,0.079
30291,18217,15097.2,21.36,59.72,0.271
26203.6,15886.3,11689.2,16.8,64.13,4.915
32316.3,25973.6,10205,16.3,51.3,0.089
22856.9,13980.5,14310.3,6.742,89.8,0.073
42059.5,26333.9,19862.9,21.92,76.8,4.924
39130,33293.6,16272.7,13.42,59.68,0.077
30577.2,22234.8,24791.5,28.13,30.74,4.903
36526.2,30384.8,15610.1,13.24,70.8,4.913
31174.7,16372.3,19077.8,21.02,53.87,0.076
37921.6,25481,31161.8,32.67,37.32,4.921
45024.6,24990.4,27139.9,21.74,78.3,0.077
26071.2,15957.3,11846.8,19.05,89,0.268
33864.7,21129.1,27034.6,27.92,75.7,4.915
44894.9,26678.2,20062.9,27,49.75,4.932
32558.2,20340.6,19711.1,18.58,87.9,4.916
33542.8,19017.1,14411.6,18.01,58.3,4.921
34400.7,22404.9,16107.1,16.26,72.7,0.073
28177,18048.6,14367.5,21.78,76.8,0.067
34617.4,23965.8,25450,26.78,53.52,4.917
20303.5,13439.2,13658.9,19.74,75.4,4.916
36174.8,23291.5,18638.8,20.96,66.5,0.076
28824.6,20938,17812,21.01,63.04,0.07
41527.9,23209.1,23116.8,27.88,32.22,4.918
34923.2,21435.3,13532.2,26.73,66.22,4.919
33969.2,27747.5,14712.3,17.12,55.26,4.925
41965.7,26692.4,32589.8,24.36,82.8,4.924
32435.9,22705.1,24781.3,26.05,45.68,4.909
46880.4,29771,19585.2,18.64,88.9,0.106
36850.6,22862,22854.9,13.15,86.3,0.084
21463.1,17029.8,9346.46,10.52,85.8,0.078
38042.8,24865.8,29300.1,25.27,77.2,4.919
24974.5,14180,15511.3,16.6,86.8,0.066
44045.6,24268.2,26561,22.91,62.04,0.083
37477.8,23194.6,12809.7,27.79,40.31,4.925
36624.9,25641,24502.6,25.08,47.66,4.909
48121.2,30558.2,39434.3,31.34,23.68,4.913
27461.6,21046.9,9651.86,10.07,94.5,0.084
50778.8,35152.3,39501.4,27.25,81.4,4.903
34616.7,22283.4,14128.6,21.63,75.9,4.922
24676.9,19126.9,10750.8,13.83,70.6,4.915
21088.5,13025.4,10802.9,16.46,90.5,4.921
30099.7,16814.6,16938.5,9.75,46.94,0.09
31178.7,26003.1,9703.72,15.09,54.62,0.084
34770.5,23943,24467.9,34.84,31.28,0.072
36047.3,23336.5,13159.9,22.72,70.8,0.067
34854.1,20451.2,21675.5,14.65,67.96,0.081
22456.7,13871.1,14238.1,9.81,76,0.092
44757.6,25353.4,25420.8,20.5,85.7,0.066
28617.7,19878.4,18517.6,15.55,55.99,0.074
39415.4,32333.1,18072.3,19.56,70.7,0.078
46984.8,27396.7,20686.6,21.94,69.59,4.926
26701.4,15736.9,12529.6,19.71,72.6,0.211
40613.4,25294.9,32553.6,24.35,63.51,4.915
31606.8,19834.7,15549.1,14.56,65.01,4.916
35503.7,21197.6,16380,17.73,49.6,0.075
33589.5,21450.6,12640.5,22.24,71.2,4.921
23087.5,18491.6,7070.35,11.19,87.1,0.079
27814.2,16749.9,14504.7,15.63,86,0.071
44973.8,27123.5,28717.3,22.12,74.8,0.068
38412.8,26855.7,30655.7,36.57,20.61,4.931
21299.7,13225.6,12971.6,13.13,83.9,0.071
33245.6,20056.6,17704.7,22.67,45.68,0.084
38819.8,33823.9,15788.7,13.04,73,0.083
42176.2,27300,32782.6,24.4,82.6,0.055
43352.5,26199.4,25587.1,13,73.1,4.916
38187.3,23343.5,24011.6,13.2,78,0.084
29371.9,24110.5,9467.47,12.99,45.16,0.077
35893.5,29854.6,14359.7,15.55,59.05,0.086
29664.6,19437,18437.9,20.61,87.5,0.068
34218.3,21268.1,16764.8,13.39,53.49,4.922
48618.7,31982.3,46748.8,28.49,69.72,4.907
25151.4,16500,18671.8,23.13,49.22,4.908
45135.7,26210.5,25733.4,18.96,83.1,0.067
43123.5,25615.4,23251.8,23.13,66.62,0.286
36793.8,29376.4,16684.3,17.29,74.5,0.069
25167.7,15484.8,14843.1,16.56,85.3,4.916
26292.2,13553.8,17384.2,13.49,59.68,0.086
40452.3,32803.3,17886.9,20.75,55.3,4.927
36538.4,31371.6,15316.2,14.78,58.06,0.079
21250.2,15420.7,9236.97,16.22,65.14,0.084
41190.1,28573.2,25234.8,13.58,80.6,0.073
23228.4,14677.2,14249.6,7,87.6,0.087
22555.8,11256.5,11902.4,20.19,56.19,4.927
29140.3,19550.2,13486.3,12.07,51.25,4.913
35601.5,29666.8,13414.6,13.9,43.12,0.082
21365.9,11694.5,14818.9,14.79,85.7,0.08
22205.3,18841.4,7185.59,10.9,54.01,0.076
33602.1,26940.2,11228.2,20.71,67.98,0.07
39076.1,27079.7,30083.3,36.27,22.31,0.08
18701.5,12138.8,7720.48,9.87,87.4,4.926
27137,18370.5,9843.19,19.79,84.4,4.916
22389,15639.1,16320,15.78,91.3,0.066
42037.5,21988.6,27520,15.47,82.4,0.073
37001.3,22483.2,21840.7,18.77,59.35,0.08
36658,21296.9,22083,22.84,72.8,0.069
36656.3,23594.6,16285.7,25.94,66.56,0.258
35133.5,21038.7,17127,21.9,67.12,0.293
39956.9,33787.2,17014,17.89,61.78,4.923
35229,20657,16120.9,20.05,84.2,4.916
25147.9,14743.9,14649.7,10.92,83.9,0.071
43457.4,25569.5,25072.3,19.27,56.4,4.916
40065.7,23257.8,25137.2,20.09,87.1,0.066
35824.8,21589,19444.4,19.44,60.14,0.076
32130.1,18326.9,17110.9,34.31,21.65,0.078
36252.3,28703.3,20125.3,20.04,68.05,0.073
32476.6,19061,17523.9,26.01,37.21,0.084
39472.6,24504,15238.4,25.54,52.42,0.295
39390,28954,28881.5,16.01,87,0.065
31251.1,21534.1,15259.4,17.88,45.83,0.076
26466.8,17595.1,12861.7,8.48,85.7,0.082
34535.2,19374.7,19677.1,15.94,79.9,0.067
32321.1,21508.9,26215.2,24.09,86,4.918
45411,27696,23463.6,24.55,71.9,0.261
32341.8,18629.3,16676.1,15.56,61.38,4.918
23546.4,13141.6,14350.8,10.38,90.1,0.071
22599.9,14775.9,14598.8,22.81,72.4,0.059
21536.1,17353.8,9571.19,8.96,69.71,0.082
35668.7,23074.4,14361.8,29.09,35.11,0.317
21378.5,16843.4,9877.59,19,83,0.067
22593.5,14384.8,17768,22.12,57.02,4.907
23984.1,15379.7,15984.6,23.97,86.2,4.919
28051.7,21949.1,8286.19,5.375,85.6,4.916
25888.1,16652.8,9866.72,21.42,88.2,4.91
32008.1,19779.9,16435.7,17.21,52.05,4.917
47006.4,29278,19812.8,19.78,82.2,0.083
30711.5,21098.2,20674.6,25.8,90.5,4.909
29420,20441.5,17553.5,15.53,83.5,0.071
24676.7,14593.2,14289.2,18.32,84.5,4.915
37968.6,23248.6,22270.8,16.03,77.6,0.072
26152.5,14172.7,18106.2,13.77,83.7,0.081
25489.2,22143,11583.6,11.99,54.78,0.088
24887.5,15871.2,15456.3,22.38,75.9,4.908
32629.8,18391.5,16554.2,15.83,59.25,4.921
27964.1,17208.5,17175.8,13.19,70.3,4.912
18128.1,10617.6,10599.6,6.61,56.19,0.091
33903.8,21906.4,17106.5,16.33,59.37,0.082
39890.5,33706,15806,16.79,72.7,0.073
32172.3,24813.2,10571.6,14.67,56.89,4.921
42035.7,23531.7,24851.6,12.67,70.5,0.081
40273.8,33927,15045.4,12.96,61.62,0.078
31399.9,20333.1,18078.7,21.13,59.75,0.072
38578.6,26179.7,32029.5,31.05,57.72,4.909
37146.8,32373.1,16941.2,9.02,63.38,0.075
33110.5,17120.6,18502.9,24.25,47.58,0.078
40172.3,33809.5,15909.4,17.08,73.4,0.072
41851.5,25185.4,24967.7,13.39,62.74,4.923
33084.3,22061.9,17704.7,23.48,43.71,0.085
39395.1,28446.8,27366,34.99,25.41,4.911
25526.8,16654.3,15456.3,20.64,76.8,0.071
26792.5,16362.3,16614.3,10.8,76.6,0.085
31157.5,17562.2,14167.6,24.48,38.78,4.922
31233.5,25023.6,9035.29,16.74,65.95,0.075
43254.7,27946.5,26666,10.31,71.7,0.088
28902.3,17684.5,18080.5,24.52,89.3,4.92
24840.4,15336.2,14376.7,14.93,89.4,0.072
23944.8,13786.3,12537.9,18.97,68.26,0.232
27994,16005.7,18885.8,13.29,86.3,0.085
32035.4,19057.3,19126.5,13.25,84.9,0.075
29829.4,17857.3,18209,11.38,86,0.075
24577.7,13901.4,16238.5,16.04,81.7,0.07
36344.1,22539.3,13997,23.89,67.5,4.922
33099.5,21986.4,15117.1,18.27,87.7,0.07
30682.2,17268.1,17361.6,20.62,56.96,0.073
38600.3,26272,28944.5,27.81,40.95,4.906
39518,24463.2,25619.3,14.29,63.94,0.078
27408.8,17117.3,11907.9,10.63,74.9,0.081
23390.8,17806.6,10542.7,13.45,61.11,0.084
25352.8,17342.7,12838.9,20.33,70.1,4.919
43282.6,22782.5,25290.8,22.18,65.08,0.079
29626.5,16645.3,14083.9,21.8,73,0.069
26245,15852,12667.3,18.27,89.8,0.278
38921.3,24702.3,24434.2,19.13,57.71,0.078
33830.9,21147.7,16724.8,15.05,77.3,4.923
33327.5,18962.9,16087.5,13.69,76.2,0.071
31227.4,26319.7,13310.9,17.98,63.32,4.921
31261.4,18297.2,17548.2,23.87,44.98,0.083
34856.2,28038.2,17233.3,18.32,69.58,0.083
24280.2,14415.2,12236.2,24.38,90.9,4.918
29903.5,20548.1,25311.5,26.95,44.41,0.073
27270.3,13597.5,15840,17.75,82,0.069
31484.6,20270.5,14665.5,19.3,82.2,4.918
20245.8,10770.7,9603.87,10.06,60.36,0.086
34547.8,20545.9,17517.1,16.44,58.88,0.084
32101,20728.3,15485.4,13.95,57.66,4.918
35214.7,21666.9,18113.7,21.59,66.72,0.068
20970.3,16812.5,8631.93,12.19,64.05,0.083
32547.7,25947.5,10745.1,19.97,42.8,0.086
29760,17263.2,16748,18.41,51.77,0.084
20909.5,16367,9277.31,12.88,75.8,4.919
42552.1,22784.1,28008.7,15.28,85.2,0.072
35669.1,23314.1,12517.9,22.74,64.96,0.07
33100.9,18639.9,16120.9,25.58,35.85,4.925
29599.8,16060.7,20561.5,14.36,81.9,0.083
24103.4,18263.3,8096.04,10.2,82.6,0.085
44703.7,30338,16509.3,20.13,81.9,4.919
42575,25485.4,25124.5,12.44,63.18,0.073
21606.1,13480.9,12098.9,7.4,59.8,0.089
22473,17107.1,9421.37,17.48,60.21,0.082
22171.1,13272.9,14492.5,15.67,64.69,4.923
26500.4,20991.7,10977.2,13.9,80.2,0.084
35605,22528.8,20743,17.31,67.7,4.924
34511.4,20575.1,16262.2,16.97,64.89,4.914
23759.2,14323,12229.8,14.1,89,0.069
46245.8,28955.7,35192.6,24.98,79.7,4.92
31189.8,17685.4,16496.1,25.93,40.61,0.083
43776,26550,25217.4,14.08,79.2,0.083
39449.9,22858.5,23643.9,13.6,61.11,4.917
32174.4,22017.7,21624.1,26.89,42.12,4.907
31216.3,19528.3,19271.4,15.06,65.65,0.081
43143.3,25551,18820.7,24.94,60.19,4.926
39587.7,33419,17349.4,12.19,63.86,4.916
34829.6,19972,17210.3,11.58,86.6,0.088
32688.6,20122.8,20507,11.56,72.4,4.917
21545.3,12507,14134,13.49,62.08,4.919
30319.7,18804.9,13343.2,13.72,72,0.075
26703.8,18047.4,17916.1,11.01,75.8,0.076
33148.4,18750.6,12862.2,22.51,69.87,0.071
36690.1,23056.4,12908.9,27.53,41.31,4.919
41911.8,28750.6,26910.1,29.75,44.78,4.908
24168.4,13600.8,15429.8,14.37,89.3,0.077
40447.2,22950.9,21763.9,22.21,69.15,0.069
27237.1,18642.3,8386.14,18.05,91.1,4.924
31683.2,20810.1,27311.8,29.83,52.76,4.91
37962.5,23493,22623.6,11.13,84.6,0.084
34584.5,20882.9,16774.8,17.18,61.01,0.075
20964.3,16529,9444.42,9.98,66.23,0.082
24714.5,15574,11718.2,16.89,81.5,0.065
31049.8,25229.9,11444.1,21.09,74.4,4.919
31606.2,26769.4,11676.1,20.64,41.76,0.084
32830.1,18399.6,17675.6,15.69,85.8,0.066
40747.4,27467.1,35403.5,32.96,27.21,4.922
45404.6,27123.5,19668.7,20.11,75.7,4.923
41467,33934.9,19561.8,21.87,66.2,0.084
40889.9,23414.6,24874.8,14.11,55.11,0.076
29348.6,19773.4,24745.1,27.13,44.41,0.078
35191.9,23401.8,22768.2,12.96,68.62,0.075
30980,21915.5,24815.5,26.09,85,4.91
35063.6,18613,20119.2,18.2,80.2,0.068
31727.2,20125.1,19728.6,16.6,62.79,4.925
38298.3,24122.2,24339.7,17.48,66.43,0.076
27939.8,16989.6,13543.9,20.92,54.95,0.28
34461.5,27219.4,16129.2,17.01,77.1,0.078
20469.4,13143,13610.7,19.8,74.2,4.92
42957.6,24973.4,25914.2,18.35,66.63,0.073
33131.2,22196.2,24606.5,30.1,42.93,4.92
26393.9,16059.6,14671.8,5.996,69.85,4.93
26012.5,17103.8,19997.3,24.11,57.25,4.907
36541.6,23089.4,14155.8,21.74,91.6,4.919
23784,16082.7,11380.4,12.9,79,0.082
31629,15810.8,17980.1,23.71,53.38,4.923
40988.4,24003.6,25428.4,15.18,72.6,0.068
23228.9,14641.5,10721.3,19.17,90.6,4.916
39079.9,23732.5,22573.6,16.87,87,4.923
36884.7,23102.7,18426.2,12.8,83.9,0.07
22775.4,17899.6,9970.12,13.36,56.97,0.083
34396.3,21722.6,21477.6,20.32,58.95,0.068
27562.5,17962,20280.5,22.17,64.73,4.908
35567.2,23205,17355.8,18.55,75.6,0.083
30929.2,26062.8,10814.5,22.01,51.3,0.087
23222.3,15578.1,15498.8,12.39,71,0.078
26682.3,17213.9,19503.3,20.57,72.8,4.918
32658.9,21533.1,15402.8,19.67,71.5,4.919
27173.4,18782.3,21913.3,19.9,62.13,4.907
26014.5,16868.5,11811.8,18.76,84.4,4.916
21572.6,16035.6,9473.23,17.84,64.91,0.078
41685,27588.6,36331.4,26.53,42.75,4.92
32581.2,18253.9,12103.6,21.36,75.5,0.071
32245.8,19387.5,17984.2,21.77,78,4.914
27646.7,15672.3,13897,26.58,48.32,4.921
26263.1,16027.2,15816.7,17.17,86.9,4.922
22918,14403.6,10674.8,7.09,63.91,0.088
21244.1,16834.6,9807.44,7.45,76.7,0.082
29208.2,18915.2,22726.7,24.32,85.8,4.913
29858.6,23495.6,9167.83,8.37,75.2,4.912
30275,22891.1,19595.8,21.81,78,0.068
21252.2,12828.5,10074.2,19.35,70.2,0.076
35193.9,28230.7,14912.8,15.65,73.5,0.084
24753.4,22927.7,16233.3,15.87,73.6,0.085
42421.9,24906.7,27170.9,20.12,61.76,0.065
32039.2,17510.8,12979,25.84,49.35,4.917
22696.9,13745.1,13993.5,10.24,84.6,0.073
33406.8,15672.1,18048,16.44,78.3,0.071
26926.2,20951.2,9006.48,18.82,61.01,0.085
32856.2,17768,18573.8,23.83,48.81,0.08
45293.7,26382.3,23960.9,24.05,67.08,4.919
37628.2,24835.4,29619.4,27.77,66.87,4.911
25462.4,15173.3,16290.1,13.67,75.2,0.07
20134.6,12431.6,13629,20.14,76.2,4.915
28647.4,16177.5,19566.3,23.76,71.3,4.919
42993.4,27279,25700.2,13.86,73,0.074
28063.9,22781.2,8787.52,7.4,84.3,0.085
31030.5,18826.8,14556.8,12.56,85.3,0.078
22977,17973.9,11059,20.67,64.5,0.084
21770.8,12780.5,14003.5,8.49,75.2,0.092
45200.7,26622,20345.3,21.27,80.8,4.922
30515.6,25093.6,9513.57,9.52,78.9,0.085
37060.5,25519,24299.2,33.84,37.02,0.07
37922.7,25462.3,24502.6,26.22,40.15,4.925
23440,17669,11786,12.27,87.4,4.922
33754,19994.3,18088.7,22.97,33.17,0.085
23467.1,14177.5,14281.3,10.61,48.45,0.083
27780.5,15474,12802.6,18.64,88.5,4.916
37615.8,25519.3,26892,27.57,54.98,0.067
24412.9,14079,15635.9,10.97,89.3,0.065
40824.2,25256,17892.8,18.26,91.7,0.081
28232.5,17204.9,17054.2,15.99,54.04,0.081
37411.2,26469.7,29708.8,22.63,65.32,4.909
41441.8,34050.6,19421.8,21.99,65.37,0.086
34152.9,19754.4,22669.9,16.31,55.51,4.916
27773.2,17489.4,17170.1,10.42,71.3,0.084
30311.8,20738,26829.8,25.52,49.32,4.907
41592.2,30130.5,26657.3,26.75,75,4.905
41450.1,25765.3,24364.3,10.76,62.64,0.086
38665.5,23345.1,22796.1,14.66,63.18,0.071
19686.2,14448.3,8559.04,15.01,86.4,0.072
28513.3,17734.3,11684.7,20.03,72.3,0.291
28189.7,16200,20298.8,25.44,65.71,4.919
35180,21072.1,18129.5,18.96,57.84,0.077
46500.5,27759.7,23763.7,24.06,81.4,0.296
30760.9,17926.8,14731,16.29,71,4.919
23241.4,11558.7,13320.4,12.9,72.3,0.084
35158.9,18834.5,14908.9,23.06,50.29,4.922
45506.5,28221.2,19486,21.04,49.42,4.919
23187.7,18189.7,10386.5,7.68,79.3,4.921
23851.5,13838.3,14848.6,10.83,74.3,0.083
33636.5,20969,16823.1,15.46,74.6,4.92
42158.3,25708.5,23992.3,13.97,79.5,0.079
28307.7,20037.6,13819.2,20.87,54.99,4.906
35253.2,23538.2,13883.5,26,44.89,4.916
31008.4,25804.2,9185.11,16.69,58.21,0.081
22130.8,14367.2,10900.6,12.79,66.96,0.084
23366.2,18598.8,10745.1,19.5,84.2,0.07
38547.7,32396.3,20304.6,19.57,66.61,0.072
31172.9,19598.7,26498.4,25.48,86.2,4.92
32795.2,20473.2,15125.8,15.91,71.1,0.081
41936.9,25210.9,25326.6,13.57,63.37,4.916
36809.8,22447.7,14023.6,24.33,35.58,4.922
26632.1,16457.7,11689.2,20.63,64.93,0.115
31925.1,21215.9,14446.5,16.28,44.91,0.086
40294.6,24653.6,25054.5,19.12,68.32,0.082
22268.4,13663.2,15036.1,15.01,69.57,0.074
24953.7,15681.7,11146.9,17.77,89.5,0.069
38129.2,31381,21889.2,17.84,74.3,0.072
34547.2,23567.1,25148.8,34.96,31.18,4.918
26474.6,17828.2,9500.79,18.55,93,0.087
25129.5,15400.8,12258.9,15.12,79.3,0.075
23223.8,13467.1,14098.1,16.09,83.6,0.079
21192.3,11973.1,11246.5,16.36,71.3,0.084
38145.7,23415,23229,19.97,85.7,0.074
22645.8,14351.4,10551.1,20.37,85.4,0.069
35908.6,24606.2,12663.8,26.59,50.12,4.931
33590.4,23631.6,23287,27.6,32.19,4.911
24876,20579.3,10764,13.34,71.3,0.084
22460.9,13850.2,11683.2,18.58,89.1,4.917
30820.2,22223.4,22456.2,24.12,84.8,4.908
36880.6,25203.8,25363.3,25.61,35.21,4.925
22308.7,18447.4,9657.62,13.31,85.2,0.082
35700.8,21482.7,19008,24.7,37.84,0.085
21030.1,12991.5,11996.1,13.28,83.7,0.072
35154.5,25496.5,27590.2,26.5,83,4.904
25119.5,16526.6,17484.9,24.03,80.9,4.923
33948.7,20875.5,11362.4,19.29,74.9,0.081
21931.6,17990.8,7047.3,12.38,79,4.922
25762.5,16468.9,8928.88,19.88,88.7,0.072
34790.9,21020.1,16603.4,16.88,73.3,0.075
32293.8,20255.1,16452.1,25.23,24.49,4.921
21813,14310.2,13664.5,20.18,84.5,4.914
24815.2,15165.3,14883.9,18.37,88.1,4.921
34486.8,20239.5,20255.5,13.83,69.81,0.075
45935.1,26163.5,19661,21.2,75.5,0.068
37700.4,31430.5,15846.3,12.08,77.3,0.075
24324.2,14104.4,12223,16.97,67.4,0.079
36033,20169.7,19786.9,26.96,51.07,0.067
36869.1,24763.3,27131,29.36,54.96,4.914
38721.4,22679.6,24452.5,12.73,73.9,0.075
27236.5,21599.3,9726.77,14,75.1,0.081
25138,16308.5,12518.4,20.36,84,0.065
25245.7,15934.9,11333.3,18.53,82.3,4.915
24986.9,14770.3,12980.4,15.11,69.26,0.072
31783.7,19499.1,15387,17.55,59.31,0.082
24844.6,14545.9,14567.7,14.5,66.76,0.08
26652.7,15170.9,13838.1,19.87,80.7,0.26
39354.7,27788.8,24087.3,26.83,57.13,4.905
34711.2,22936.9,13154,22.57,73.4,0.067
24941.1,15027.9,15175.4,17.44,69.32,0.081
26410.6,14216.6,13508.6,16.29,67.76,4.914
30705.1,23094,24087.3,26.37,47.75,4.902
24949,20711.9,10815.8,13.25,85.5,0.082
23268.9,14942.6,12264.4,19.64,89.2,0.069
33250.6,20474.3,17006,20.99,75.1,4.919
39124.8,24466.5,22171.6,24.64,44.1,0.07
31862.8,19643.2,10621.3,19.73,69.12,4.92
43141.1,21732,28567.3,17.11,68.95,0.085
22521.7,18985,7335.41,10.97,53.87,0.077
31125.1,17926.7,20340.4,26.59,36.84,0.069
32424.4,20002.4,15855.9,13.26,67.68,4.922
33680.7,21555.1,13208.6,23.05,47.88,0.308
37292.9,19767.1,16618.1,15.74,66.25,0.075
29630.8,21384.3,11988.4,20.52,61.45,4.918
23828.3,14501,17599,21.48,72.6,4.916
24419.8,19379,10614.2,18.71,60.94,0.078
20392.8,13401.3,13875.8,19.66,75.7,4.915
39799.2,34019,16439.9,16.35,75,0.073
41183,27553.1,27367.5,26.13,91,4.91
36604.1,22646.8,17222.1,14.15,68.78,0.072
32943.1,21286.3,16625.8,16.69,56.26,0.082
33770.3,27575.3,12002.9,16.45,55.05,0.075
25074.4,14231.7,13476.8,12.45,68.49,0.089
35642.8,23442.7,17839.7,18.3,72.9,4.924
44666.4,24536.5,28497.5,16.96,64.1,0.083
45747.6,26560.9,21998.7,23.47,66.89,4.919
40073,34726,15120.3,13.82,68.51,0.085
28296.1,21520.3,20467.3,24.11,80.5,4.913
43618.5,22597.1,27735.3,15.92,79.1,0.073
26403,20612.5,7635.05,13.16,55.24,0.083
23722,14044.4,11944.7,10.31,80.5,0.083
24874.9,14961.7,15602.9,16.61,76,4.914
31139.6,18789.6,22608.7,27.17,54.24,4.92
38717.9,21884.4,19755.3,23.87,67.48,0.067
36179.6,23030.3,12751.4,27.44,41.25,4.92
43602.7,25750.8,24799.8,12.99,54.97,0.083
36561.8,22959.8,19034.8,21.43,68.03,4.932
33037.2,22153.8,16574,26.32,65.72,0.303
21797.7,16948.8,9882.35,6.198,90.9,0.084
29769.6,19815.2,20587.8,25.43,54,4.917
21557.5,14148.3,14440.5,7.03,76,0.083
31348.3,18824.8,16256,14.34,91.6,0.067
24714.5,15436.5,15647.6,18.71,86,0.077
30616.7,18916.5,20869.8,16.09,69.6,0.068
33192.5,20378.8,12208.6,18.88,59.39,4.92
43637.1,23488,27357.1,19.08,69.85,0.074
34198.5,23396.3,16229,17.85,68.06,4.91
32810,21811.8,14901.4,19.67,69.96,4.919
25497.8,16050.6,11677.6,17.67,86.2,4.913
41149.8,34678.1,16042.3,14.62,59.29,0.085
30153.8,24898.8,10195.7,19.72,48.64,0.079
44566.9,27610,27204.9,21.79,66.35,0.066
27669.9,17865,12641.9,6.957,85.4,0.086
29858.5,22020.2,11641.4,21.43,66.18,0.07
35614,20085.9,19653.8,14.89,65.95,0.075
36023.3,19631.4,25070.5,13.45,83.4,0.072
36248.5,22816.2,13596.9,32.53,26.74,4.93
24375.8,12614.6,13807.7,14.88,61.59,4.922
21716.9,17081.4,11288.7,19.41,85,0.067
45162.4,23473.3,28602.2,17.1,49.52,0.084
30417.8,20024.8,14067.7,18.7,75.1,4.922
45638.9,27029.9,19334.2,24.96,61.09,4.924
22067.7,17490.5,9750.36,12.51,88.5,0.075
42726.1,25634,25463.1,16.6,76.5,4.913
36356.8,22726.4,14861.9,29.4,34.04,0.264
34067.8,21180.5,17950.8,16.21,75.8,0.073
46647.1,27928.1,23557.8,24.13,73.1,0.269
35946,22906,18668.3,20.74,64.03,0.079
36308.5,20166.6,23808,15.11,84.8,0.074
31374.2,20874,14102.9,23.01,71.5,4.917
27558.5,17693.8,13218.2,18.39,84.7,4.918
39064.6,33158.7,20194.7,19.9,64.54,0.073
23107.7,18669.4,9975.9,17.19,68.69,4.918
37021.3,26294.8,28162,34.63,20.17,4.905
23827.7,19201.2,12468.4,15.09,89.5,0.07
26796.3,16434.1,11630.3,12.26,76.6,0.086
32047.7,18153.7,16449.7,15.68,59.91,4.92
44290.2,27265.1,18995.7,19.68,83.9,0.073
25621,15711.5,15181.2,17.1,86.2,4.915
39452.5,26449.4,31035.3,28.41,66.83,4.912
38565.3,21469,18981.4,22.87,70.2,0.07
33818.7,20801.2,16372,16.75,57.84,0.078
28669.8,16812.2,13888,14.04,89.7,0.18
23215.2,19084.4,10193.5,7.36,82.3,0.082
32457.4,19337.5,18043.7,24.77,43.08,0.076
24866,17187.8,16577.4,18.08,51.79,4.918
37475.2,28617.5,29492.2,28.85,71.6,4.906
45084.3,28923.2,20133.7,22.72,58.82,0.085
30784.1,15276.2,18327.3,16.1,79.9,0.07
28270.6,19740.2,11893.5,17.09,76.8,0.087
32323.5,21981.7,12767.3,23.1,71,4.924
39293.9,24371.5,23623,17.09,64.8,0.079
26543.9,17921.6,9500.79,18.05,92.5,0.066
29426.5,18688.1,19476.9,20.18,77.1,4.911
24255.2,13410.2,15941.8,13.74,87.9,0.076
47978.8,28657.8,20745.4,22.1,79.3,4.921
36469.5,22466.4,13854.3,25.04,33.42,4.923
22185.8,13572,14177.1,10.6,46.74,0.087
31410.3,16203.7,19089.5,15.48,86.5,0.071
36656.3,21607.5,14903,25.38,57.89,4.922
22073.8,16936.4,11976.9,17.99,70.6,0.07
24006.1,19250.1,7070.35,13.4,79.7,0.076
29571.8,19997.5,24974.1,24.95,85.2,4.917
36760.7,24816.5,24883.7,26.5,70.8,4.917
31230.3,20582.3,22793,22.2,67.86,4.906
34343.8,20499.8,19495.4,19.65,86.8,0.071
29029.4,16460.3,19636.4,14.2,86.4,0.084
28311.9,21140.4,15334.9,16.05,63.55,0.077
35480.6,24067.2,25477.6,21.71,54.08,4.923
30552.5,14418.3,15073.5,12.92,71,0.08
29014.5,15504.9,14899.4,14.4,48.66,4.919
34450.2,21169.6,21118.1,11.55,72.2,4.915
35829.4,25507.6,26185.1,28.5,39.29,4.922
24351.3,14132.9,15445.2,10.34,88.2,0.078
27139.2,21223.7,9173.59,18.91,59.21,0.083
47237.1,32829.6,36209.2,22.91,62.34,0.07
29906,20832.1,19669.5,25.76,41.95,4.905
42207.3,25620.7,25008.4,17.54,56.38,0.078
28895.6,16473.2,13561.6,20.79,81.2,4.914
42886.9,23649.3,27549.1,17.91,69.04,0.082
28880,21555.4,10270.8,20.18,73.3,0.075
23921,14370.8,14608.2,16.06,67.09,4.92
37687.9,23055.7,20765.5,30.41,27.42,3.688
32991.6,28031.9,13506.8,13.13,83.1,0.081
27558.5,16894.6,11800.1,18.05,86.5,0.183
24206,14388.8,9949.09,21.73,90,0.3
24342,11518.5,16436.4,15.56,83,0.077
36652.3,29305.8,16667,18.16,72.3,0.078
40313.6,31046.7,26645.3,29.59,57.39,4.903
40435.9,24528.9,24857.7,8.48,86.7,0.081
31555.9,26334.5,10101.3,16.76,56.25,0.075
23524.8,17153.2,16575.1,23.89,86.9,4.913
25521.3,17012.7,19913,21.94,61.03,4.905
40033,27197.5,32957.3,26.99,32.18,4.913
25306.3,17157.4,12144.6,8.62,83.6,0.087
42559.3,25225.5,25216.6,10.49,81.1,0.077
34388.4,19551.2,17715.5,25.56,44.95,0.082
27297.3,21794.4,7951.98,10.78,87,0.085
31762.6,20133.1,15052.8,22.87,76.4,0.082
35957.1,22046.3,17477.4,12.8,76.7,0.086
40030.8,33843,17910.4,20.01,61.81,0.084
41900.9,24032.9,24416.1,13.44,58.41,4.919
34341.3,22621.3,21923.9,10.66,54.82,0.086
27384.3,18040.1,12965.8,10.06,73.4,0.086
34721.2,22875.8,16890.2,21.21,45.51,0.083
33344.8,18828.5,22778.2,16.44,83.3,0.069
27587.7,20398.8,15151.8,20.79,65.64,0.07
24412.3,14760.4,15286.2,15.32,79.7,0.082
34750.7,19496.9,19779,23.74,66.64,4.922
24676.7,14935,14271.7,21.4,40.77,0.081
27042.7,16530.1,16932.7,7.39,90,0.073
27011.4,22133.2,11680.2,18.99,56.7,0.08
32289.2,22545.6,21618.1,25.8,56.23,4.914
32907.3,21184.2,16285.3,12.02,59,0.086
23628.3,13126.8,14150.3,14.52,86.1,4.91
32109.5,27144.5,9657.62,14.22,40.02,0.078
25419.5,19162.8,13642.1,19.46,54.49,0.083
28468.7,15979.2,12996.8,18.92,87.7,4.915
32272.6,17869,16356.3,26.5,42.88,4.935
44330.1,26826.7,25521,15.45,80.9,0.074
33865.5,24043.7,14767.7,24.03,59.89,4.998
24117.6,18306.2,7709.18,15.93,86.6,4.915
34348.3,27947.2,14676.6,11.01,73.7,0.085
46558.9,29337.8,19089.1,20.59,87.7,0.071
38544.4,22533.7,25124,9.46,52.82,0.088
29946.9,16836.2,13579.2,24.44,37.81,4.921
45729.2,31557,36018.1,26.85,47.32,4.909
38497.2,24240.7,24728.7,13.24,77.2,0.078
21431.5,13509.4,14408.9,20.49,82.8,4.913
42227.3,26382.5,23849.4,22.18,48.98,0.08
26614.5,13662.8,13443.9,15.07,70.7,4.916
40418.5,33649.6,17418.8,19.54,62.28,0.081
22410.5,9748.61,10371.5,17.75,79.9,0.068
22423.1,14831,11374.3,17.62,84.7,4.918
34163,22922,12453.7,23.01,64.06,0.073
42263.4,30119.1,26506.8,30.67,50.43,4.904
23764.7,16711.6,8812.16,15.71,86.9,4.913
36670.7,22834.9,22195.2,16.54,76.3,0.071
40536.6,23736.8,21333.8,22.46,74,0.274
25869.6,15994.6,11776.8,19.41,82.3,4.916
33126.4,19452,15420.8,20.66,81.5,4.918
27965.3,16963.4,13826.4,21.15,61.32,0.277
20581,12857.1,11178.5,10.1,51.72,0.086
26888.5,14991.3,12990.9,20.87,64.69,4.923
27364.8,16936.7,21015.6,20.76,81.9,4.921
22387.7,15880.2,12774.9,11.86,86.6,0.78
34852.9,21355.6,15937,13.99,69.95,0.074
36891.7,23840.7,12156.1,20.92,74.8,4.916
24823.6,14757.3,13638.6,24.5,90.3,4.918
22963.3,13575.1,12663.6,21.38,73.8,4.92
34092.3,24121.5,13174,23.92,46.3,0.084
31376.3,23960.7,25254.9,28.03,77.9,4.907
35750.9,23544.1,23034.2,8.98,83.6,0.073
23959.1,14297.6,14521.9,12.14,84.6,0.078
37732.7,24334.4,16965.2,21.23,62,0.072
39508.1,26808,26771.7,28.61,46.65,4.908
30047.1,24718,12821.1,10.58,84.2,0.082
42743.6,24523.8,26147.4,19.5,60.06,0.071
18671.2,10725.7,10645.5,16.37,65.33,0.078
36444.3,23851.9,13702.6,23.2,64.36,0.081
38775.4,32987.6,17551.8,19.78,45.6,0.085
26906.6,17282.9,11734.8,12.57,87.7,4.909
22039.3,13586.6,13771.9,14.35,64.62,0.079
31013.4,18892.4,25920,25.25,85.9,4.917
33596.8,24721.5,30155.6,26.96,72.1,4.914
33247.1,27903,12567.6,16.76,74.1,0.072
17383.3,18269.9,14486.7,10.25,86.8,0.08
25980.8,17248.6,12636.1,8.44,85.9,0.08
42148.7,24144.7,21475,20.14,65.62,0.187
24966.1,14874.2,15550.8,9.83,84.7,0.087
20998.5,13557.4,12375.9,11.8,50.28,0.089
36439.5,24618.4,27048.5,23.28,59.19,4.917
39732.3,33915.9,16163.3,14.58,68.86,0.089
45148.3,26994.4,26497.2,19.65,83.9,0.068
29767.3,22899,9617.29,17.65,58.64,0.082
32835.1,20987,15705.9,19.73,65.03,0.071
22910.8,17732.2,9935.42,19.09,80.7,0.07
42149.1,21475.4,27182.5,18.02,66.3,0.086
21950.8,17873.6,10120.5,11.8,62.45,0.086
31600,25218.6,10999.5,21.6,64.21,0.073
40479.5,26377.2,32276.5,28.48,63.93,4.92
32989.7,21996.7,25798.9,22.39,77.3,4.924
34496.4,21850.7,16807.4,21.99,51.45,0.08
36469.5,23769.7,15896.9,20.22,85,4.923
39936,24434.7,21361,21.38,74,4.919
30301.3,18472,13151.6,13.43,69.59,0.08
31555.9,25693.8,11029.1,14.05,67.75,0.083
25264.3,16587.8,11566.5,10.46,88.2,0.085
25662.6,14151.2,17175.5,16.26,81.1,0.083
22382.8,11679.8,11816.7,13.72,89.8,0.07
33121.6,19539.7,18100.4,13.68,86.7,0.072
34068.8,23369.6,30493.1,24.72,53.49,4.913
30520.7,19772.6,13540.3,12.56,60.25,0.08
40931.3,24214.1,17735.2,20.31,76.3,0.086
45200.7,27078.6,20427.7,22.4,85.1,4.919
26054.2,17248.6,13100.4,9.71,65.44,4.916
29686.2,25735.5,16302.7,21.14,64.04,0.072
34311.5,20881.5,13814.6,30.46,24.64,4.92
33840,20178,15479.6,18.45,80.4,4.919
33480,20615.2,15983.3,14.24,57.83,4.917
38125.7,27478.5,30077.3,39.55,14.14,0.068
41876.6,24628.6,18015.3,20.29,76.4,0.081
43788.3,26465.9,25043.2,14.04,79.7,0.085
32927,22086.1,22991.8,28.31,44.73,4.924
18883.7,13123,6932.05,12.84,74.7,0.081
33439.5,20871.8,17373.3,21.11,71.6,4.921
44341.1,27792.6,28047.6,25.62,80.2,4.922
38135.4,30399.2,16753.7,19.58,76.5,0.068
38612.9,32568.3,16537.8,12.43,84.7,0.071
27879.9,19023.2,9780.91,18.2,91.9,0.068
48114.8,31374.7,40271.8,25.86,80.4,4.91
47559.9,31070.9,44808.7,25.91,57.75,4.907
37035.6,22434.1,17843.2,18.39,47,0.078
46557.9,28459.5,19821.7,22.77,64.19,4.925
27225.8,16555.6,16585.3,8.18,66.31,4.92
18098.9,12788,6736.13,13.04,75.4,0.084
29480.5,20611.6,16181.2,15.23,61.12,0.075
38892.3,33512,16273.7,16.82,54.49,4.918
36583.3,21826.1,17008.2,14.57,60.47,0.087
23684.8,12699,15435.6,15.1,79.4,0.083
39811.4,34066.9,15909.7,15.04,66.59,0.089
32416.7,22682.3,29908.6,27.06,30.98,4.904
30020.3,18069.3,18993.5,11.35,86.5,0.074
39329.2,33132.6,19558.6,17.98,82.1,0.076
22722.1,13026.6,16175.3,21.61,85.4,4.915
30343.9,17706.7,15767.3,15.89,84.4,0.072
35277.6,21414.2,19168.9,20.72,68.89,4.917
30126.2,25796.9,12763.5,14.41,84.7,0.077
31651.3,21265.8,24504.1,25.7,65.43,4.903
36054.7,21311.9,16950.4,16.67,30.98,0.086
23434.2,18565.2,8505.16,6.1,92.4,0.082
32680.7,18612.8,15734.4,13.71,74.5,0.073
40428.4,29194.9,32005.4,35.98,23.71,4.906
28104.7,18793.7,22244.7,22.13,45.59,4.913
33628.6,21106.1,16832.9,16.65,69.66,0.074
45653.1,25566.7,20121.8,21.93,77.8,4.924
22692.2,13090.6,14188.7,11.43,66.61,4.92
34437.4,21325.6,16490.3,17.61,58.28,0.076
33776.3,23231.6,13385.1,31.6,28.04,4.922
33304.6,27420.2,15094,19.68,73.4,0.068
44883,27151.4,26689.2,12.05,70.4,0.083
28506.6,18835.4,18310.3,21.23,50.76,4.915
31702,20712.1,14983,18.23,77.5,4.92
44681,30245.2,19806.9,24.83,54.62,4.927
23407.7,13756.1,14127.1,8.69,86.8,0.075
30835.5,22556,11852.6,21.3,71.4,4.923
23956.9,19390.9,10970.6,20.13,45.63,0.082
31052.3,25055,10935.9,21.8,62.84,0.07
27905,20166.8,20807,20.69,75.7,0.069
23027.8,13652.3,13220.2,16.13,73.7,4.917
30545.8,17936.4,14291.2,20.75,80.9,4.918
43289.9,22476.2,27566.5,15.81,79.3,0.075
36083.4,23401.9,18335.2,27.36,36.13,4.917
41296.3,23985.4,25598.7,15.67,64.15,0.082
28405,20043.2,7742.76,17.27,85.6,4.916
29792.7,18113.4,18214.8,10.66,89.8,0.076
20858.7,13203.6,14538.8,4.382,76.9,0.081
29907.2,25355,10176.2,16.22,69.96,0.073
27094.9,15144.2,17949.1,13.91,86.9,0.083
29182.7,20962,22558,24.41,60.03,4.906
30789.4,25653.3,10182,16.48,69.06,0.076
38248.7,25888.1,25513.7,25.46,93.5,4.911
41796.8,29647.7,28156,33.25,31.88,4.906
32192.5,19856.5,15699.6,11.91,73,4.916
23993.6,14912.7,12347.1,15.84,68.44,0.075
24943.7,15031,15375.4,15.75,58.88,0.079
36152.5,21527.1,16469.5,13.55,61.77,0.083
30809.9,18219.5,16751.6,26.32,32.54,0.081
28666.2,17000.8,14049.9,20.66,56.25,0.275
37548.3,26289,11331.7,23.65,58.29,4.921
28512,17162.2,17465.8,13.76,86.2,4.915
30200,21413.7,21824.2,24.97,84.6,4.911
36382.9,24213.8,17879.3,21.68,42.68,0.083
44859.3,27598.8,27972.9,21.41,47.91,0.081
27180.4,17156,10417,18.93,62.66,0.103
22268.4,14706.4,14550.4,8.66,88.6,0.083
26920.5,18961.8,20319.5,25.9,86.7,4.91
22250.1,14148.3,15007.2,9.2,74.2,0.079
30477.6,21527.8,26257.4,23.52,55.43,4.912
26476,21540.3,8170.95,11.59,51.1,0.08
35461.6,30152.8,15137.6,11.62,65.19,0.085
20986.3,13823.7,14191.8,11.1,75.6,0.077
43897.5,23447.7,28840.7,15.67,72.4,0.069
38849.5,19743.5,16539,17.5,53.24,0.082
21901.1,17162.3,9490.52,16.32,69.06,0.073
36052.6,23111.4,25407.9,26.07,73.7,4.922
32135.7,20009.7,15296.4,16.5,71,0.073
38156.7,33672.9,15817.5,12.36,87,0.073
34426,22963.3,25781.4,26.96,58.63,4.906
28781.7,17540.4,17436.3,13.26,69.22,4.912
28556.7,21949.1,9127.49,18.88,59.75,0.082
44897.3,28495.9,30003.8,22.81,61.92,4.906
44569.9,25652.8,22063.3,23.89,63.89,0.276
35417.9,18651.2,20932.3,24.04,48.86,0.081
25867.3,12853,14888.7,16.14,84.6,0.076
34975.9,21603.7,13761,25.23,34.58,4.918
41857.3,28317.7,28113.1,32.85,34.31,4.907
38844.1,33201.6,16053.8,15.35,75.9,0.07
36098.5,22965.9,18414.3,21.34,63.73,0.078
32997.4,19807.3,15828.4,20.17,57.27,4.919
41197.4,25196.3,25320.4,16.65,68.53,0.081
31323.5,17497.8,17448.7,18.18,68.93,0.074
25369.2,14905.3,15775.9,17.63,90.3,0.067
34604.6,19777.5,16850.5,20.46,86.7,4.917
26228.8,16308.3,11893.5,20.55,64.87,0.112
46388.8,28841.1,19439.3,20.73,75.8,4.92
29284.8,18934.2,23419.6,24.88,79.5,4.926
21454.2,14144.7,14301.7,11.22,80,0.076
23417.7,18007.4,12050.5,18.17,87.2,4.915
47271.5,32377.5,16932.9,21.23,76.8,4.92
37468.8,23865.7,22913.6,26.61,70.3,4.936
42084.4,28666.9,27776.8,28.41,67.17,4.908
35173.8,18945.8,21143.3,17.32,78.8,0.077
24182.3,15352,13370.6,10.19,76.6,0.08
22073.8,17252.5,9386.02,16.85,68.02,4.916
38230.5,22434.1,22778.7,12.87,65.05,0.075
20633.8,14303.3,6881.93,12.27,69.83,4.926
37238.3,25005.8,15739.3,25.81,45.22,4.917
40648.1,26764.7,24734.5,14.81,61.79,0.078
26702,14123.1,15974.4,16.88,71.2,4.919
28824.8,16500.6,19758.5,13.82,86,0.086
29113.3,22060,18682.4,26.36,64.15,4.907
39171.8,26639.2,31137.7,28.67,65,4.914
31075.5,20815.5,14656,18.29,57.26,0.084
37944.2,31272.2,18546.4,16.64,88,0.083
26102.8,14549.4,12482.9,15.84,87.4,0.08
43390,25939,24770.3,17.81,66.58,0.08
39752.3,27444.3,28836.2,29.44,62.63,4.907
27691.3,23130.6,10966.9,20.61,87,4.914
43356.3,27945.6,37765.4,25.84,85.1,4.922
32129.7,22317.7,28625.3,31.57,30.92,4.916
24990.4,16216.4,11884.3,5.099,87.4,0.084
32553.6,26791,12970.9,16.13,60.08,0.082
34584.4,20111.9,17002.1,13.97,76.4,0.071
35990.5,22163.9,13848.5,25.3,33.22,4.921
44281.9,23696.9,28928,16.02,71.3,0.074
26544.4,17139.3,11084.6,20.51,87.1,0.361
36874.9,23748.3,22883.9,9.94,71.4,0.088
32713.8,24411.6,10427,14.73,57.02,4.929
25860.2,17691.6,11933.9,18.43,87.3,4.911
39507.9,24605.6,23238.2,20.6,80.6,4.927
39633.4,24773.4,21817.1,22.64,68.57,0.071
36209.3,22651.4,18574.3,18.74,77.8,0.07
30509.5,20658.2,19256.2,23.86,87.2,4.917
26731.5,16340.4,17117.9,11.38,68.12,4.92
38183.8,23321.4,19442.2,28.04,38.59,4.919
29525.4,18414.3,19851.6,16.33,69.04,0.08
31528.1,21348.3,15782.2,15.32,67.01,0.085
28024.4,17880.2,14202.1,23.53,51.77,4.918
43016.9,25710.6,25396.1,12.81,74.3,4.917
34964.4,21311,16124.5,25,41.72,0.081
22604.9,13580.5,13964.5,14.31,82.7,0.086
42382.4,25904,25535,13.89,64.73,0.076
47349.4,31541.8,37385.8,25.32,60.12,4.908
37925.5,32605.1,16653.1,13.65,50.9,0.077
43066.3,25947.7,25353.3,13.65,83.3,0.073
30516.6,17311.4,21173.2,25.02,67.31,4.92
26620.9,15829.5,12949.7,21.2,90.4,4.913
43413.9,23407.3,27357.1,16.8,64.26,0.083
23441.4,13883.6,12520.2,20.92,55.12,4.92
22243.4,12289,13691.6,12.14,63.42,4.921
27132.1,17996.3,13812.4,17.24,64.77,0.08
25189,16394.2,11911,17.57,93.4,0.101
29636.9,23690.1,15747.5,18.27,69.01,0.073
32377.5,20833.8,17565.1,22.39,47.91,0.085
37175.3,23530.7,13440,26.24,54.25,4.92
22997.3,12941,14437.6,12.92,70.5,0.078
38459.7,25416.7,27277.2,29.19,69.46,4.906
29597.3,21330.4,22274.8,27.62,38.82,0.076
24229.8,14564.1,13308.8,8.7,88.9,0.081
26152.9,15823.2,12298.1,11.95,59.73,0.082
36571.1,23168.4,22693,10.63,72.5,0.086
29984.8,22152.7,11566.7,20.8,71,4.92
31664,21569.6,19832,23.73,56.02,4.924
34875.9,18817,18332.5,13.68,49.38,0.084
28583,16343,16709.8,26.68,32.17,0.068
39111.8,32767.1,16226.7,14.76,78.9,0.074
22181,18219.1,7237.45,4.581,86.8,0.085
35149.4,20808.5,17499.8,17.49,66.29,4.916
41400.4,29438.6,25477.6,26.68,81.6,4.91
45512.3,28522.8,39434.3,26.22,82.5,4.916
32936.9,25472.8,9559.66,14.61,66.69,0.098
22147.2,12929.9,14929.5,15.9,74.8,0.078
32627.7,26382.6,17216.4,18.38,69.11,0.072
26423.4,14104.4,13261.5,16.25,67.83,4.916
26270.4,16241.2,11078.7,18.36,85.6,4.914
29753.8,22027.7,16042.4,20.36,56.7,0.074
21031.2,16709.4,7076.11,6.08,87,0.082
31707.9,17365.8,17314.9,13.79,87,0.069
37293.8,21027.4,18402.5,22.53,41.47,0.082
22157.6,12193.9,13273.5,14.33,87.4,4.911
41932,25143.9,20192.4,21.53,60.12,0.271
31094.2,17613.4,16504.3,11.39,52.35,0.083
26490.9,17521.5,18828.5,25.35,82.3,4.914
27873.6,17342.7,8170.21,19.7,58.29,0.1
26684.6,15223.3,12108.4,18.88,87.6,4.917
23750.8,13650,14707.7,12.82,62.65,4.916
30477.6,20882.3,22823.1,25.68,43.95,4.905
39616.8,25952.7,25549.8,26.36,76.3,4.92
30847.6,20768.4,20136.9,8.6,84.4,0.074
24510.4,15757.1,15618.8,21.89,68.49,4.913
33444,19272.1,18327.3,16.34,82.3,0.069
26915.7,17297.9,11601.7,17.2,80.1,4.909
31268.6,21573.4,22883.3,24.02,47.92,4.92
34489.8,23738,24636.7,34.92,31.08,0.075
34628.2,19935.6,22999.3,16.93,76.1,0.082
23799.8,13653.7,14150.3,10.93,67.88,0.082
32064.4,19021.3,19624.5,13.41,65.82,0.082
31475.4,21596.3,14953.8,16.99,83,0.081
40271,22847.6,23905.2,15.26,60.38,0.081
22875.3,13386,14171.3,12.09,79.9,4.916
26789.7,16155.2,11671.7,18.69,62.49,0.093
38004.6,31434.2,15529.4,15.16,76.9,0.078
21526.2,16910.3,10953.3,15.25,88.9,0.07
41640.4,22454.4,24702.9,29.3,58.94,4.925
44027.9,30662.7,27295.3,33.45,34.88,4.903
41012.7,25141.6,24665.1,13.09,84.9,0.07
33840.8,19763.3,20229.8,20.9,51.03,0.088
34144.6,20866.8,17838.5,18.62,72.6,0.077
29682.2,19973,21342.7,24.18,81.6,4.92
23129,15253.2,11484.6,18.28,64.62,0.078
32961.8,25857.7,27903.2,27.07,76.8,4.908
49813.5,32517.8,35589.2,25.14,56.29,4.902
25808.1,18745.1,12868.2,20.07,53.35,4.906
22006.2,17163.2,10241.9,19.76,76.5,0.069
30320.9,24331.4,9357.98,9.43,69.74,4.655
45639.3,27154.2,26403.9,19.04,80.2,4.922
22772.1,15375.9,17719.8,24.75,39.45,4.907
22600.7,13542.9,14408.7,14.89,56.81,0.081
23172.6,18476.8,7006.96,15.15,63.75,0.079
38593.9,27260.4,26518.9,27.58,80.1,4.909
36952.1,22417.3,21419.3,18.97,88.8,4.92
21002,12718.5,11537.4,11.17,79.8,4.919
34194.5,23385.1,12278.7,25.41,60.05,4.918
32961.8,23417.1,23106.2,23.86,47.66,4.907
39898.1,28598.5,31996,23.49,60.29,4.904
37726.1,24129.7,20074.3,28.97,33.79,4.917
19556.9,15724,8692.05,12.7,86.1,0.083
26685.6,16869.3,11971.1,8.96,82.6,0.08
39418.8,24535.3,16784,20.25,77.3,4.919
20933.8,15461.2,9150.54,15.79,67.01,0.086
34937.7,19824.1,16912.7,20.82,70.5,4.921
36398.2,20151.1,20171.7,21.79,64.4,4.919
30340.7,21166.6,22853.4,20.87,76,0.067
37192.1,23145.5,20765.5,23.63,70.5,0.067
39636,27017.1,27307.3,29.07,70.1,4.904
22030.8,15861.6,12497.3,12.97,85,0.071
38135.4,32864.9,16823.1,14.34,71.9,0.072
36747.9,24535.4,36578.4,29.62,35.95,4.904
27464,17451,12290.3,20.93,63.63,0.101
23444.4,14279.3,10585.2,11.55,55.21,0.08
35496.6,23089.4,14820.7,20.38,67.82,4.924
34365.6,21104,21125.8,13.12,86.7,0.084
28787.2,20045.2,20548.2,20.62,75.8,0.069
36971.2,24808.9,28613.2,28.7,59.13,4.913
21454.2,12240.7,14105.1,12.18,69.76,4.915
24738.9,14114.1,16186.2,16.33,76.4,0.079
32973.6,20881.5,14796.5,13.2,57.68,0.085
35505.3,27597.5,16889,19.07,73.1,4.926
41296.8,33408.3,17250.8,20.71,76.4,0.066
41375.6,24842.6,24684.1,14.18,63.08,0.082
24453.6,13267.2,16570.2,13.05,81.3,0.082
31025.9,16544.6,18920.7,15.41,87.2,0.074
25148.1,15202.9,12264.7,11.07,86,0.08
38568.3,27739.4,29227.3,34.56,25.81,4.904
41774.2,25281.7,23733.8,18.54,88.2,4.924
47908.4,29396.8,28824.1,25.54,79.9,4.924
18835.9,10872.9,10136.4,13.77,72.2,0.073
27846.2,21808.3,9125.78,6.358,78.9,4.918
31011.9,22158.8,22901.6,27.22,37.48,4.905
42263.4,28731.6,26928.2,29.95,44.41,4.909
21536.3,11013.3,10090.3,14.53,74.1,4.917
22923.2,18145.4,9565.43,8.81,86.1,0.082
31373.1,17453.8,21061.8,15.95,86.6,0.074
36939.5,22725.7,22480.3,18.36,85.9,4.921
22053.4,13774.4,13621.9,13.7,84.4,0.085
34051.4,19231.2,19412.7,23.89,65.54,4.918
23407.7,13745.1,14028.4,10.66,87.8,0.084
41711.2,25386,25025.6,13.81,65.16,0.075
34426.3,21235.3,21449.6,11.98,71,4.921
37660.6,25055.5,27096.7,29.57,67.29,4.906
22736.2,13991.5,15128.7,13.06,72.3,0.09
20553.8,13715.7,6743.13,12.2,69.36,4.919
36929.5,23541.9,12687.2,21.48,71.9,4.922
26580.2,17525.3,17292.1,24.41,55.35,4.908
24701.9,15287.9,15268.7,18.27,88.2,0.069
27129.1,16639.5,16626.5,14.27,82.3,0.085
23957.6,13644.8,15744,11.69,83.3,0.081
23657.6,17327.8,10632.9,19.34,80.6,4.915
34008.5,19485.4,17053.5,18.1,61.38,0.083
37389.6,29027.8,17449.2,18.69,74.5,4.92
36898,23620.3,12278.7,22.92,71,0.073
22819.8,17361.2,6983.91,8.37,86.5,0.087
31947.3,18240.7,17546,18.35,57.45,0.084
25378,19288.4,12021.9,16.44,82.1,4.921
25604.1,16340.4,16458.8,5.053,76.1,0.087
27735.4,22869.6,9744.06,18.75,56.91,0.082
22632.9,13685.1,14035.7,10.55,65.68,0.083
48777.8,31951.4,33831.7,22.5,49.78,4.92
23950.8,18970.7,7604.82,16.87,60.23,0.078
34157.1,21614.9,17851.3,22,56.99,0.072
37929.5,23849.1,21196.8,25.1,40.73,0.067
37187.9,23250.6,13014,27.68,42.05,4.924
41394,29161.1,27493.9,25.65,70.4,0.064
40625.1,24291.8,24481.4,13.94,69.03,0.085
39712.7,28123.3,31538.6,24.79,88.9,4.922
42248.3,22806.1,27322.2,16.28,83.2,0.069
38320,31875.6,18182.2,19.15,75.5,0.074
27588,19101.3,19985.3,25.35,82.1,4.913
34795.8,21252,15644.4,25.56,64.92,0.264
21618.3,13480.9,14154,13.77,69.01,0.076
33709.2,28482.6,16970.7,21.69,78.4,0.08
32518.2,26320.3,10457.9,20.84,77.2,4.921
23603.7,11751.2,14643.9,14.97,77.1,4.912
42456.4,26469.7,17997.8,21.4,71.9,4.923
38135.6,23832.8,22305.4,17.75,82.5,4.919
26319.6,15586.1,14812.3,23.19,89.3,4.919
43611.4,27505.1,32987.4,25.03,83.8,4.92
37124.3,26119,29263.9,39.11,14.04,0.07
30097,20372.6,18018.5,23.44,68.72,0.072
35126.6,23123.2,17344.1,21.75,69.87,4.927
21158.9,15324.9,9208.16,15.89,69.48,0.084
42010.2,23912.5,25743.4,10.29,54.14,0.082
28396.7,15961,12634.7,22.2,60.55,4.919
26174.9,15522.7,14350,20.75,59.12,4.927
37452.6,29968.9,18645.6,18.93,67.81,0.083
32219.2,20528,14870.3,12.73,88.4,0.077
43837.3,26480.5,25420.6,15.18,72.2,0.083
40899.7,25546.5,27943.2,12.91,67.12,0.085
34030.6,20838.2,12337,19.59,58.06,4.921
44069.7,27436.9,18855.7,21.71,63.09,0.084
22414.2,14472.9,14775.9,9.25,83.6,0.087
25618.5,20227.7,11624.1,16.11,80.8,0.083
32385.8,18451.9,15447.5,16.79,61.86,4.923
38679.7,24036.2,24056.1,20.66,87.9,0.067
30010.6,18610,13238,22.28,88.7,0.279
41006.6,25787.2,25330.1,14.45,68.81,0.073
24083.4,14772,14738.7,15.37,62.15,0.078
35996.8,22899.6,11572.5,22.63,74.1,0.084
23256.2,12383,15879.9,19.35,89.9,4.917
28895.4,20713.1,20676.9,26.93,58.54,4.923
38606.7,25986.9,25321.1,29.55,45.12,4.924
43984.3,23968.2,28782.5,17.2,80.9,0.092
34578.9,23142.3,11379.9,24.15,67.6,4.917
21532.6,11740.2,10672.3,16.51,56.78,0.081
34450.6,19017.6,17042.9,12.66,58.3,0.083
31393.9,15769.6,18130.7,23.54,66.91,4.925
24366.8,13410.2,16925.1,13.13,83.5,0.07
27521.4,16494.6,15540.6,23.04,88.9,4.917
36607.6,25477.2,30306.3,23.84,67.86,4.905
29026.9,17275.5,13784.3,21.5,64.42,0.168
23027.4,13356,15035.5,17.09,69.96,0.082
44119.1,25796.3,25327.7,15.95,69.83,0.073
29795.1,19838,23992,23.47,69.63,4.908
33964.8,20921.8,18018.9,19.38,62.87,0.073
31893.9,18575.6,18903.3,24.79,43.04,4.92
22309.8,14006.2,13263.2,17.51,80.6,0.072
23961.4,14578.7,10952.7,5.381,90.5,4.918
25585.8,16851.1,17141.2,14.37,77.9,0.089
33840,21238.9,15855.9,14.28,66.1,4.916
22843.9,13873.2,13436.1,9.78,89.7,0.08
30841.2,20635.4,24076.3,23.9,86.8,4.91
31594.9,20276,20507,13.02,70.9,0.084
30852.3,17919.3,15738.2,14.17,77.2,0.072
41625.8,25984.2,28145.8,12.97,67.72,0.085
34547.7,21556.1,16443.9,15.04,74.7,0.072
39165.4,28397.5,30703.9,28.13,50.96,4.906
28435.6,18593,19392.6,20.74,77.1,4.914
17709.5,12368.2,6707.32,12.82,71.4,0.083
26405.3,15972.2,11625,17.31,79.5,0.101
26386.3,17171,10749.7,16.38,86.9,4.915
36234.5,22829.7,18154.5,20.91,74.7,4.923
40326.2,34025.2,17690.6,20.65,59.21,0.084
24500.5,14686.1,15379.4,16.98,68.77,0.075
24277.5,15239.2,16322,23.05,66.29,4.904
26685.7,30017.1,19618.9,16.22,83.2,0.071
28532.3,23178.9,9882.35,18.14,57.14,0.097
35851.9,23758.5,12494.6,21.74,66.38,4.925
32991.9,18769.6,15815.4,13.75,75.3,0.073
22808.1,13553.8,14298.7,12.81,69.53,4.913
43273.5,24618.4,21011.7,22.81,69.69,4.921
43157.3,25378.7,26009.7,13.3,53.04,4.924
21911.6,12515.7,10996.4,15.91,83.8,0.081
34336.8,22138.9,17757.1,23.5,41.31,0.087
27987.8,18469.2,14481.5,17.43,63.7,0.079
44249,24822,25627.6,18.96,56.39,0.083
44528.7,27262,26360.1,20.62,88.5,0.066
20209.9,14606.9,7266.27,7.92,94.1,0.077
36423.3,22253.9,18037.9,21.68,64.43,4.92
23772.2,14359.9,14489.7,10.15,60.58,4.922
31549.8,25285.1,9363.75,18.01,66.56,0.075
25907.3,14894,13314.5,20.9,69.56,0.315
36358.1,19327.1,19293.1,15.5,86,0.068
32233.8,25802.5,9987.47,18.96,56.09,4.917
31955.9,18630.5,18298.2,22.97,47.98,4.919
26543.9,14183.4,9600,17.5,86.1,4.916
32745,26443.6,11169.8,20.98,65.98,0.083
40130.9,24890,17805.2,20.35,79.8,4.916
27986.2,20353.8,20103.9,26.06,61.77,4.921
43689.5,26812.9,25751.6,20.36,85.5,0.065
27028.7,15893.1,13079.1,18.51,90.2,4.914
47531.2,31164.5,35980.4,25.65,84.2,4.918
48407,29742.8,31562.6,24.51,80.6,4.924
43566.1,26451.1,25633.4,10.67,82.1,0.072
33787.9,21007.3,16635.5,16.16,69.89,0.074
32609.6,20454.7,17372.5,13.21,48.88,0.085
43132.9,26866.9,25812.9,12.28,70.8,0.083
37745.1,22898.5,22860.5,13.52,66.68,4.91
26473.1,13475.7,14013,23.39,45.21,0.084
27897.2,19800,14332.1,21.42,47.28,0.084
33628.6,19587.8,17802.6,21.34,47.86,4.925
45997.2,27845.7,19915.8,23.41,80.8,4.925
25920,15028.7,14002.9,18.98,69.06,0.176
24878.3,14568.3,14823.9,10.88,85.7,0.08
31360,25553.3,14145.5,20.47,65.14,0.07
32356.7,20485.4,15245.3,19.35,73.7,0.071
29501.5,23526.4,9409.16,13.19,58.86,4.922
22989.6,14923.8,11129.4,18.54,81.5,4.919
38069.4,19751.4,19908.9,22.72,54.98,0.08
21891.6,13466.3,14203.4,10.46,73.1,0.079
21214,11568.3,12907.7,10.03,61.05,0.09
31166.5,26614.3,12878.8,12.63,83.1,0.08
23619.8,18171.8,10592.1,20.17,76.6,0.07
48343.3,25503.1,28794.1,22.21,55.77,4.918
24652.3,20484.3,8061.69,9.05,60.09,4.921
26968.8,22818,11893.4,9.38,78.8,0.081
31282.1,26349.2,9006.48,11.39,65.88,0.09
33824.7,19752.4,21036.8,14.42,68.66,0.081
26752.8,17434.9,20222,21.3,78.9,4.918
41074.4,29050.9,25495.7,26.87,81.3,4.909
44577.7,31012.5,34662.3,24.85,88.8,4.923
35361.1,18834.5,18573.8,21.96,63.76,0.079
22133.5,12490.4,13350.6,16.96,90.4,0.069
22750.1,16752.7,10457.9,15.52,84.4,4.915
36916.9,24221.6,12617.1,24.48,48.42,0.085
21629.9,12958.5,10954.5,14.56,91.2,0.067
24559,16085.1,11381.2,6.054,81.1,0.085
27023,15969.5,16165.2,9.72,68.38,0.084
30058.6,15921.4,17547.6,15.33,85.4,0.072
26848.2,15784.6,19784.9,25.75,67.81,4.919
26223,15831.6,19491.2,24.64,73.5,4.916
33137.5,20381,25504.3,27.42,64.54,4.919
23154.4,14998.8,15123.7,20.99,72.3,4.918
36301.4,25705.1,33089.9,28.02,33.01,4.906
36268.5,22577.5,22345.3,11.5,89.5,0.08
33362.6,26070.1,10352.8,20.87,65.81,0.083
42198.7,21611,28381.1,16.54,72.1,0.086
26494.3,21831.2,11490,13.86,66.69,4.921
26972.4,15748.1,12284.5,20.17,86,0.072
23598,11144.6,15522.9,15.6,82.9,0.073
39428.1,33010.1,16128.7,12.85,82.8,0.087
32537.1,20797.1,11018.1,21.91,50.63,4.922
37464.6,31057.4,17314.7,17.62,79.4,0.071
43053.6,25294.8,25482.9,10.57,55.18,4.914
24753.3,15205.9,15107.2,21.94,69.49,4.912
37305.2,19463.4,15723.9,22.59,46.45,4.919
29676,18713.3,13200.7,18.87,68.62,0.133
29513.8,21890.1,9692.53,20.87,70.8,0.068
32119.6,18325.6,16238.6,27.9,33.48,4.92
36063.9,29486.3,16399.5,15.52,66.59,0.082
30606.1,20308.8,19636.1,13.8,70.2,0.071
26269.7,17135.6,12199.4,21.5,65.42,0.075
28742.5,19410.3,19073.6,20.4,59.56,4.904
37790.4,25480.7,11249.4,22.89,65.36,4.924
36477.9,24949.3,10508,21.81,74.9,4.919
43028.3,24324.3,25249.5,18.96,54.85,0.083
22831.9,17976.1,9081.39,17.62,56.24,0.084
43479.5,25531.9,25405.3,16.06,64.55,0.083
22128.6,13448,14157.1,15.97,78.5,4.914
25649.2,21213.2,12410.6,15.89,84.7,0.081
33469.3,21867.1,16060.6,14.56,68.41,0.087
19816.9,11988.9,11275.1,15.37,76.2,0.077
39117,25710.6,24879,13.03,66.62,0.074
33617.6,18711.2,19141.8,21.29,34.93,0.086
25086.1,13633.8,16349.1,14.86,87.2,0.074
26340.5,15687.3,12037.8,22.35,71,4.914
21055.9,11595.5,12741.8,16.02,75.1,0.081
23777.5,13105.2,12790.2,21.6,75.3,0.069
40074.9,23198.8,24149,13.74,60.91,0.084
29444.3,30592.4,27378.1,35.78,27.88,4.921
19224.3,13699.7,14775.9,16.69,54.71,0.08
22023.5,16160.1,11947.3,24.04,93.1,4.932
35123.7,19335.4,15549.7,15.15,68.09,0.073
36373,21986.4,19617.8,27.93,46.86,4.925
35564.5,22333.5,19459.9,23.14,68.94,0.069
26304.4,15587.6,12541.3,16.84,63.23,4.919
43169.6,26731.9,25156.6,11.63,62.74,0.084
22289.2,17546.3,8356.63,17.26,87,0.073
23708.4,15793.3,14799,8.65,86.8,0.085
21529.2,13408,12324.5,16.85,75.2,0.079
30468.5,21029.8,20584.3,25.93,40.15,4.906
33036.6,21239.6,15402.8,16.56,75.6,0.07
33815.6,19207.3,18084.7,12.03,51.28,0.089
33285.4,20122,15961.9,18.47,60.15,0.075
21169.2,15326,11092,12.59,87.2,4.919
35554,22509.4,13214.5,21.61,90,4.914
25016.7,15410.5,14539.9,18.24,86.6,4.918
23156.9,15504.5,9154.7,10.02,84.1,4.699
39363.2,24072.2,28528.9,28.15,66.27,4.91
38463.8,25853.2,28360.2,29.56,58.5,4.908
29143.3,17779.2,22218.8,27.12,56.34,4.922
40850.8,24445,24684.1,13.95,69.26,0.086
27648,16061,16885.2,15.59,87.1,4.907
38652.1,14653,17373.1,17.91,79.4,0.075
35510.3,29836.1,15033.9,11.66,81.2,0.084
39366.4,22262.4,21675.3,25.14,64.58,0.07
22181,16952.4,9513.57,12.89,76.4,4.916
34616.7,22783.8,13136.5,25.34,51.26,0.077
27342.4,17730.1,20114.9,24.47,93.4,4.917
21043.3,16783.1,9548.14,7.27,85.8,0.085
27398.2,16574.2,13232.1,22.51,66.29,0.271
29913.3,23403.5,8747.18,15.55,70.1,0.073
38825.9,33150,16607,11.47,76.1,0.081
35680.5,22733.1,18556.8,19.9,58.66,4.925
42314.6,28077.7,27481.9,29.2,45.62,4.908
27103.7,16978.7,17031.1,15.54,62.65,0.078
44111.2,24163.4,21716.2,19.87,51.86,4.917
24787.7,19740.5,10901.2,12.4,85.4,0.074
29520,26572.3,11086.3,21.16,65.51,0.072
32259.8,20799.2,12243.7,21.85,83.4,4.913
31272.9,20538.6,14989.9,13.64,73.2,0.079
22533.6,14024.3,14379.7,8.25,87.8,0.082
32251.1,20567.8,20067.5,14.86,76.1,0.073
22626.8,13349.5,14752.8,15.41,65.19,4.919
25226.8,19792.5,12873.9,18.23,69.88,0.08
34163.4,20527.7,17036.9,15.46,64.64,0.076
25155.9,20163.2,7323.89,5.915,88.7,0.083
32797.4,17728.8,18119.5,24.7,41.57,0.076
26518.7,15247.7,9564.98,17.4,88.6,4.916
39513.8,31169,17430.4,20.25,71,0.073
43402.2,24515.9,25298.7,14.24,53.5,4.924
27323.2,20109.8,17629.1,25.6,62.92,4.903
43499,25495.4,25263,11.16,58.02,4.92
37464.6,31972.3,16938.8,19.44,47.83,0.088
21606.2,17211.6,11658.8,18.22,74.3,0.07
32231.2,25973.6,9427.13,13.52,55.94,0.081
35957.5,22146.1,16288.9,19.82,78.5,4.92
43097.7,21376.4,28706.9,14.35,90.2,0.067
40124.7,24353.8,24053.1,16.13,56.78,0.082
37883.5,23500.3,23820.7,11.77,74.2,4.92
32712.3,17842.4,18781.1,16.51,66.52,0.076
27659.5,19152.6,8207.56,19.81,84.7,4.912
33888.8,20480.2,16782.2,11.92,49.42,0.085
39126.2,32905.8,17256.9,21.31,54.84,0.084
22225.8,13655.9,14411.6,16.23,76.8,4.915
32500.1,20338.9,19300.4,19.85,73.5,0.082
31598.5,25292.4,10124.4,16.86,69.06,0.076
25358.6,15505.2,11647.4,5.562,90.4,4.92
26767.4,13868.6,13255.6,15.6,69.4,4.914
23677.3,13236.6,14347.7,11.78,60.21,4.92
28204.8,16163.3,15924.4,15.72,86.8,0.073
30917.1,18782.1,22709.2,27.01,57.24,4.918
24344.2,14388.6,13084.9,21.9,86.8,4.916
44363.4,25731.4,28882.7,21.21,81.7,0.068
35244,24238.2,23280.8,25.27,93.5,4.909
24602.5,13659.5,15848.7,15.91,85.3,0.082
29523,17963.5,16256.4,11.06,53.52,0.082
39613.2,21611,27293.1,15.24,83.8,0.072
36520.2,29810.4,15454.5,16.65,58.48,0.084
45589,26764.1,25441.9,25.4,38.86,0.081
34286.6,15308.2,17170.1,13.99,56.36,0.089
29661.8,17996.3,14743.3,13.4,83.2,0.087
40406.8,16167,19054.5,17.26,86.8,0.07
24450.1,15432.8,11269.3,17.84,89.7,0.069
22128.6,13911.2,14666,9.31,69.22,0.079
26147.7,21570.2,8443.37,17.33,57.52,0.082
26162.1,15837,13073.3,21.58,86.8,4.91
38867.8,19663.2,16990.6,17.75,53,0.08
28978.5,21852.9,8773.01,10.13,76.2,4.923
41456.2,27001.8,25879.5,12.82,69.5,0.086
37861,23675.4,17957.3,12.46,82.7,0.075
39035,27891.4,26061.4,34.59,24.51,4.905
45359.2,29115.2,36819.4,27.93,43.76,4.918
37126.2,31667.4,16794.2,19.38,47.87,0.087
45463.1,27347.4,26887.8,25.27,51.57,0.077
37379,21811.6,22959,13.93,59.31,0.082
42794,25998.8,25057.2,17.8,80.7,4.92
21976.7,13229.2,14342.2,16.15,63.12,4.918
43806.6,26111,25188.4,17.18,68.22,0.084
42589.8,25108.8,25355.6,10.56,46.98,0.085
30569.5,21578.1,16313.2,11.72,87.5,4.917
23869.8,14742.9,11618.4,14.9,65.09,0.08
42818.7,24859.1,26257.5,18.16,43.51,0.081
24164.1,14035.3,13972,9.33,76.5,0.086
34832.8,22439.5,18426.2,22.74,43.94,0.084
37803.1,30875.2,20871.3,19.13,69.91,0.072
35531.7,23747.8,28150,24.76,82.8,4.923
34362.3,24197.5,30770.2,27.53,58.02,4.908
30558.2,26238.7,12907.6,16.35,75.1,0.072
40001.1,28754.4,32571.7,30.69,51.22,4.906
27504.2,14788.6,16261.8,14.86,82,0.087
42731.9,22586.2,27397.8,16.47,51.05,0.085
35982.7,23316.4,16609.6,21.48,70.9,4.919
35805.6,22289.4,16719,17.71,44.57,0.088
42260.7,16907.5,18845.1,17.65,87.6,0.073
45901.6,27785.9,23434.2,23.67,82.4,0.279
40538.7,26206.7,25197.1,12.59,76.6,0.087
29842,21041.2,23316.9,25.99,87.4,4.912
29272.1,18074.3,14440.8,17.53,90.5,0.087
31784.2,18303.7,16472.9,15.53,59.85,4.92
34270.4,21730,15519.4,23,52.65,0.085
41924.1,26571.4,25370.6,10.85,78.6,0.077
34686,19669.3,13183.2,22.83,69.87,0.067
33272.9,18842,15844.4,20.69,86.3,4.922
35846.8,21446.3,20107.7,23.23,51.65,4.919
28455.4,22399.6,13445.8,19.46,71.4,0.073
26468,14317.7,13408.6,20.79,71.5,0.314
31814.8,18245.1,16548.4,14.15,73.9,0.074
40831.4,26522.9,24081.3,27.2,47.92,4.905
25671.3,16045.8,14778.9,16.63,78.4,4.924
40112,25636.9,17881.1,22.11,71.4,0.104
23409.9,18616.8,8695.32,15.41,62.86,0.08
24215.4,19216.1,7570.12,10.4,68.06,3.202
28046.6,18612.8,13457.3,9.92,79,0.087
41833.1,23980,25007.3,18.65,59.73,0.082
21006.8,16761,9478.99,8.9,85.1,0.084
30423.1,21443.2,16475.3,11.66,87,4.92
20830.8,16040.1,9646.27,18.72,63.71,0.072
41251.3,28446.8,29649.5,32.59,30.22,4.924
36279.5,22406.1,17459.3,13.83,48.95,0.08
32961,20953.6,19477.9,17.59,84.2,4.917
26083.9,16424.1,9127.29,23.29,65.86,4.917
44136.6,25476.9,19409.8,21.63,79.5,4.923
30467.7,24895,10560,18.03,72.8,0.083
23285.1,13514.6,13981.9,10.66,70.6,0.083
24185.9,14674.4,14585.8,10.28,88.9,0.09
21496.7,13929.5,13891.1,7.93,87.7,0.084
40270.4,22179.2,26722.9,14.88,84.1,0.073
38868.8,27408.7,32898.8,29.33,19.41,4.905
25894.5,14751.8,12926.2,20.14,72.3,0.346
24267.6,12691.6,16215.3,12.67,82.2,0.082
41174.8,29096.2,37578.6,28.51,48.15,4.908
39216.5,26897.5,30095.4,31.64,42.32,4.922
39536.2,24890,23369.6,12.87,51.54,0.084
23264.8,14607.9,15394.7,13.18,64.94,0.081
31271.2,19692.4,15387,7.66,87.8,4.916
23280,20450.8,7518.07,9.52,74.2,4.92
46194.4,27490.2,28469.2,23.58,45.7,4.917
33229.4,20334.3,16082.9,16.51,74.8,0.07
33211.9,23140.2,16803.9,20.33,64.35,0.08
40556.5,32114.9,25080.4,29.89,55.25,4.905
22185.2,12964.6,15641.2,22.19,80.2,4.909
21901.1,16462.7,9052.58,16.61,66.46,0.082
35150.8,29618.2,15441,10.75,70.8,4.926
36687.7,22673.7,19926.8,27.72,47.7,4.926
22762.7,17667.6,11035.6,17.76,69.85,0.083
32461.5,26122.3,10189.9,19.28,54.38,4.923
26375.4,21767.4,12283.4,17.7,51.8,0.083
22209,13709,13181.5,15.71,89.9,4.915
31507.2,25410.2,9208.16,18.17,66.02,0.075
32520.4,17543,17280,23.38,45.57,4.917
26640,14778,11331.7,21.7,45.72,4.92
39026.4,23693.6,23856.2,13.6,65.64,4.908
35886.8,21314.1,18746.2,18.56,63.28,0.076
36662.3,20775.7,17632.8,14.55,60.83,0.084
30602.4,16405.4,10983.1,19.47,80.3,4.917
34660.8,21312.4,13084,26.58,44.21,4.922
41836.5,24560.1,18233.1,26.09,53.68,4.922
33236.4,17765.9,18841.9,24.23,49.76,0.082
35021.8,22096,22883.9,12.88,78.7,0.079
41155.6,28913.9,31872.8,29.44,55.59,0.065
35529.6,25070.9,29065.1,29.01,50.76,4.908
35815.2,21615,15938.5,25.41,68.82,0.271
41607.5,25130.7,24747.7,13.19,72.6,0.081
24182.3,14881.5,11456.4,14.12,77.5,0.08
35078.6,21406.7,16759,13.5,74.6,0.081
38331.8,23462.7,18170.8,25.97,84.8,4.922
26463.1,16409.7,16654.8,15.48,62.72,0.084
31292.2,20062,14710.2,22.37,74.1,0.069
34661.9,21218.3,13749.9,23.32,82.5,4.916
38916.9,30971.9,16973.5,20.76,69.28,0.073
45997.2,28481.9,22263.4,22.45,65.46,0.278
30609.6,18194.6,14220.6,20.93,80.7,4.914
23991.9,11788.4,13592.4,13.34,67.63,0.082
49468.2,32571.1,35005.4,22.7,50.12,4.929
44340.5,26618.3,21269.1,21.59,58.59,0.269
30739.1,20232.9,25534.4,22.96,60.22,4.911
36203.1,30771.1,16458.8,21.46,53.47,0.085
39569.8,24743.5,26011.6,20.13,85.1,0.066
33370.2,20305.2,20272.9,8.74,63.3,4.917
24531,16566.7,8337,20.86,79.6,0.323
22831.7,13598.8,14725.2,14.61,81.6,0.068
43079.1,23220.4,27874.9,16.33,86.7,0.075
41431.9,25688.8,24422.2,7.99,61.4,0.087
40822.2,21167.4,27520,16.04,75.2,0.083
20758.3,10426.1,13568,14.43,89.7,0.069
33991,24588,17990.2,22.87,57.35,4.91
33008.7,17741.8,19495.4,17.52,68.11,4.916
31391.7,16731.6,18536.7,14.32,88.8,0.071
28400,20882.2,17794.7,20.69,65.78,0.072
44609.4,26601.2,25141.9,15.77,71.8,0.084
42033.4,27005.5,25989.4,9.71,84.2,0.075
44869.4,25574.2,22787,23.04,77.9,0.301
38935.8,26388.6,32644,33.91,25.98,4.924
32568.6,20304.1,10837.2,20.1,68.29,4.919
41308.7,27903.8,28432.5,27.38,63.97,4.909
23150.3,12036.6,13354.8,11.85,86.1,0.091
31236.9,25259.5,9657.83,18.47,60.52,4.922
23178.7,17629.9,9444.42,12.89,56.24,0.082
35742.5,19826.2,17108.7,23.18,67.46,0.07
38977.5,28389.4,26934.2,30.4,45.36,4.904
27970.8,17232.9,21961.5,23.84,68.27,4.911
39582.5,22228.7,22744.6,19.95,88.3,0.067
35180,20195.9,18525.1,16.27,79,0.074
21432.7,17022.4,9179.35,14.25,68.56,0.082
22576.3,12477.8,14426.1,11.02,90.4,0.083
36180.2,25162,32409,22.66,75.7,4.908
24087.8,13569.5,14823.9,15.04,87.5,4.91
41761.6,24141.2,24841.5,19.65,86.3,0.066
28410.6,23086.8,12780.8,14.85,60.48,0.079
36267.6,20308.9,15997.4,25.55,58.72,0.308
39035.8,23744.3,21817.1,26.55,36.02,4.919
22693.7,14294.2,14706.5,8.02,86.4,0.089
23260.6,13876.8,14161.9,10.62,84.8,0.079
36378.3,24791.5,21083.3,16.49,57.44,0.084
25907.4,16412.9,10206.9,23.77,54.65,4.921
27677.8,15004.9,19293.1,14.19,82.9,0.084
29408.4,22471.9,8217.05,15.63,63.99,0.083
33886,20542.7,16159.4,15.9,72.8,0.073
24690.3,12532.6,13755.8,21.54,50.25,4.924
35266.8,19213.4,17396.4,14.66,89.1,0.073
44106.9,26648.8,25066.5,14.06,79.5,0.083
28295.7,15891.8,14729.6,15.5,51.72,4.916
41193.9,29946.8,32282.5,35.92,28.21,4.908
31385.9,21900,15143.2,12.83,89.2,0.083
21964.6,13995.1,13995.2,8.92,62.5,0.086
35374.2,20885.1,16869.4,16.22,64.15,0.075
33201.3,20639.2,27299.7,30.21,52.16,4.912
32978.1,20236.7,25938.1,27.45,77.8,4.916
44206.9,31510.5,36197.1,26.92,80.1,4.902
46753.9,26101.9,27659.8,20.82,80.1,0.066
34596.6,20669.9,16515.9,16.24,55.86,0.083
22996.2,18973.9,7531.33,6.429,86.9,0.079
42621.5,26045.7,25355.8,21.61,68.05,0.083
25283.5,16073,10913.1,16.69,86.6,4.913
22523.1,18186,9790.84,14.49,64.3,0.076
35347.7,29179.3,16713.3,16.87,82,0.069
23051,18609.4,9600,15.31,63.86,0.079
22874.5,18973.9,6995.44,11.18,70.3,0.08
26092,16735.1,11049.3,19.22,89.2,0.312
26955.5,16235.3,17967.9,19.24,61.12,0.081
33489.6,20189.2,15491.4,26.58,58.52,0.264
38563.7,23227.2,20906.2,21.35,44.64,0.082
35459.2,22252.9,17222.2,17.25,45.94,0.079
28939.7,20757.4,16742.2,15.21,55.69,0.077
41592.2,29792.2,25381.3,29.37,49.9,4.906
29003.4,22337.2,17587.2,23.43,71.3,0.071
25743.5,16734,11391.6,19.05,92.1,0.076
31533.5,17584.6,16038.6,25.33,48.48,4.926
20429.6,11217.1,11514.2,11.59,72.3,4.918
25272.1,13883.1,17035.6,16.38,83.5,0.077
35069.7,21585,13696.9,26.54,66.72,4.921
27003.2,17079.4,14055.8,20.12,87.6,0.289
27477.6,15926.8,19826.2,25.8,67.28,4.918
38543,22704.9,23405.8,13.55,61.68,4.919
34981.6,20082.3,18082.9,19.23,66.21,0.088
29613,24374.7,10294.5,21.57,57.5,4.922
21751.9,13386,13943.1,10.28,73.5,0.081
31058.1,20031.6,25215.1,22.35,75.9,4.918
28939.9,21746.5,8026.89,15.79,61.62,0.082
39777.8,26331.6,30475,28.07,66.97,4.913
30506.9,22884.9,23449.3,26.16,48.42,4.904
23374.8,12776,16075.6,15.23,73.5,0.074
45062.8,27479,27269.9,19.35,60.52,0.077
29593.6,17611.4,14912,15.86,88.3,0.072
33565.4,18839.6,18032.1,32.62,18.85,0.078
39031.5,27953.2,30420.8,26.37,65.9,4.91
40040.3,23617,26844.6,23.65,71.2,4.922
33046.9,17060.7,18260.7,24.19,47.98,0.08
36815,22485.4,17593.5,16.25,64.79,0.073
28149.4,18486.1,22226.6,24.15,85.5,4.919
45009.8,27243.3,26164.9,19.12,85.4,4.918
26691.1,16008.7,16574.6,18.38,70.9,0.076
24123.1,18810.7,10652.5,11.66,83.3,0.081
42544.7,27252.8,28908.3,22.55,63.55,4.908
35013.2,22183.3,18772.5,21.63,70.3,4.926
35985.6,25287.4,24370.2,26.49,57.32,4.903
45337.2,27852.6,26153.2,18.18,78.9,4.919
43410.9,24453.3,25657.7,22.43,51.31,0.08
29265.7,17162.2,18121.9,13.55,71.4,0.082
28892.3,23507.9,9160.48,18.31,51.52,0.081
33671.4,21525.3,10965.6,20.89,83.4,0.093
42182.8,24406.1,25223.2,13.62,59.41,0.074
22777.2,18410.6,9697.96,11.65,87.7,0.084
28876.5,18677.3,10372.7,18.71,85,4.916
39507.8,17937.7,25437.1,15.72,84.4,0.074
41585.3,25066.3,24934.7,19.64,62.65,0.079
28748.9,17631.3,18965.3,23.13,79.4,0.062
25611.2,21178,9068.94,18.03,67.04,0.083
36898.5,28956.2,20183.1,18.74,65.01,0.075
32233.1,21409.1,15241.8,22.09,68.66,0.071
25447.4,17712.4,9121.46,19.8,71,4.916
27857,21974.8,9876.59,14.99,72.8,0.084
37732.9,22555.6,17575.2,15.86,54.52,0.081
32285.9,25174.6,8989.2,13.57,50,0.083
31466.1,18692.9,18693.8,18.99,70.9,0.073
24572.3,19517.4,11884.3,18.91,70.4,0.073
43053.8,23018.3,26549.2,18.46,65.78,4.922
35819,22848.3,18294.4,21.07,67,4.925
20860.8,16606.3,9721.01,9.62,83.5,0.09
29838.7,18115.2,17309.1,19.6,79.2,0.079
30311.8,19674.7,23503.9,23.8,86.7,4.912
24831.9,14114.1,16517.8,15.03,88.2,0.068
26780.3,16358.7,16307.5,15.76,55.71,0.081
41485.4,24846.2,24550.9,10.35,81.5,4.919
31248.5,21980.1,22040.9,22.7,51.96,4.908
35286.4,20739.3,15197.2,29.09,24.81,4.92
21201.5,15958.3,9928.45,8.37,89.4,0.081
30388.3,18672.2,23612.4,25,61.83,4.909
33383.7,23763,22010.8,25.73,92,4.908
47704.8,31760.1,19056.8,22.13,52.62,0.292
26237.9,16361.6,15431.9,16.24,90.9,4.917
37193.9,22900.1,19651.4,24.9,87.6,4.924
44405.5,26466.9,25960.8,18.92,80.9,4.917
26877.9,16091.7,12908.9,20.01,71.5,0.19
44157.9,23968.2,28334.5,15,86.9,0.071
36425.4,23045.2,11770.9,23.09,71.3,0.071
32569.8,22420.3,26149,23.35,63.22,4.905
27771.9,21588.2,9127.49,18.91,60.58,0.083
36438.7,18267.6,18030.5,13.31,88.5,0.07
32193,20500.3,15705.9,25.32,24.59,4.922
25230.7,14656.3,15519.4,18.66,87.2,0.069
24057.2,14231.7,14911,12.2,84.5,0.082
28362.5,17434.7,18349.9,11.5,74,4.915
25365.7,14849.1,13973.4,21.24,73.5,4.916
26741.5,15815.1,14464,15.7,86.5,0.079
39911.8,32077.2,30444.9,31.55,37.32,4.907
40666.3,27636.5,25758.1,14.88,52.09,0.081
45302.3,27476,26342.2,13.63,60.81,0.075
44599,30028.6,20209.6,23.74,60.35,4.916
29621.3,24898.4,12994,10.48,70.3,0.091
27991.9,17405.5,13295.4,15.8,72.9,4.912
30325.4,18569,14345,9.48,54.42,0.093
33290.8,18758.7,18513,13.34,85.1,0.073
26777.9,16434.1,16014.2,11.6,81.9,0.084
39994.7,27482.3,29065.1,28.82,59.9,4.909
28516.7,17569,17437.4,19.6,69.59,0.071
35231.3,22721.4,26302.2,26.86,76.8,4.92
37870.6,25310.1,28763.8,29.39,50.36,4.908
37675.2,22883.6,20564.7,28.96,32.99,4.919
41027.3,22614.1,21363.2,22.27,60.45,4.922
22813.3,12603.7,10660.6,14.73,76.3,4.915
42132.2,26721,25338.2,12.25,72.1,0.083
36581.7,23946.4,18993.2,25.78,37.4,0.071
33172.7,26165.6,22040.9,26.02,68.59,4.904
41511.1,25752.7,18178.7,18.31,91.5,0.074
24329.6,15822.4,14900.4,14.49,75.6,0.079
28447.1,22799.6,9842.02,18.88,56.04,0.084
30950.9,18908.2,15244.3,10.9,65.4,0.082
28982.6,17732.5,16510.4,20.58,63.78,0.076
39258.8,25538.3,23762.3,26.25,62.42,4.907
35165.3,21974.2,15679.7,26.03,67.19,0.259
24221.5,19219.8,7760.96,15.57,76.1,4.915
31138,17596.7,14152,20.47,61.15,4.922
45891.1,27514.6,26100.7,20.3,68.75,4.919
38484.7,20049.3,26641.5,14.31,82.2,0.071
32470,19240.9,17845.5,25.01,57.32,0.071
29208.2,19063.3,22889.4,23.27,56.43,4.921
25551.3,20030.7,10579.6,13.77,80.1,0.081
26518.7,18201.7,9500.79,17.95,90.9,4.92
26535.4,20841.3,7581.69,9.3,83.1,0.082
38824.6,33073.1,16742.2,12.97,79.4,0.071
46779.3,28373.4,29627.1,24.59,44.83,4.918
38115.4,22711.4,19651.1,21.72,81.2,0.294
43432.9,25500,25269.7,16.36,68.31,4.92
34242.1,21248.2,16328.9,25.56,46.2,4.92
31458.5,26126,17378.3,21.1,57.4,0.07
30771.1,24957.3,9058.34,16.36,64.89,0.077
34854.1,22957.3,16925.8,13.94,73.1,0.074
23583.1,15501.5,11085.8,11.57,65.35,0.084
33665.4,20714.6,16995.5,11.66,59.23,0.08
31654.5,17797.9,15161.9,24.27,39.15,4.937
44593.8,27600,34288.9,24.58,83.3,4.924
31184.8,27067.2,13650.9,10.48,74.4,0.082
34108.5,23620.7,17766.3,14.04,75.8,0.086
37418,20478,20422.3,21.8,64.73,4.922
39067,26530.5,25682.3,28.47,51.46,4.925
32552.5,21406.7,16458,15.94,58.96,0.081
29386.2,17517.3,14844.2,22.55,66.72,0.294
35891.7,22483.2,13855.8,22.97,73.1,4.921
44420.3,26017,25488.7,13.85,68.71,0.084
44544.4,25042.8,19715.8,21.65,74.6,4.917
31896.6,26091.4,8810.56,17.17,70.2,0.082
29055.5,23657.6,10383.7,18.36,60.75,0.078
35248.1,24620,11096.4,22.83,65.89,4.918
27258.1,16027.9,12990.9,21.25,59.95,0.273
24412.6,14187.8,16130.3,12.14,83.1,0.085
40524.6,21189.4,27031.3,13.59,85.8,0.07
32360.8,22732.8,24370.2,20.93,75.7,0.066
44290.7,26476.8,26134.8,14.92,75.2,0.074
32033.9,19852.9,14958.6,15.24,55.94,0.082
22982.6,13545.6,16755.8,22.46,83.3,4.914
33724.1,20144.7,16822.7,15.55,58.06,3.982
28252.3,18226.6,16842.8,17.11,84.6,4.923
22844.6,12775.5,8771.31,13.51,75.5,4.92
40709.1,27246.8,27986.6,27.44,63.6,4.908
34067.8,21198.8,16979.3,14.08,69.95,0.088
31765,18988.2,16941.9,21.83,57.32,0.073
20584.9,13107.1,11106.1,16.38,91.1,4.915
22843.1,18260.3,9837.11,12.42,75.3,0.071
37014,21753.4,21326.8,25.06,62.61,0.068
42533.5,22740.1,27397.8,18.42,70.7,0.08
29062.1,19319.1,18989.3,20.53,75.4,0.072
36146.4,22157.3,21215.2,16.56,87.7,4.922
35273.9,23044.4,17841.5,16.87,51.31,0.081
21481.4,16506.9,9381.03,7.3,90.2,0.083
31459.4,20915.9,14562.6,16.2,43.77,0.086
20794.7,13025.3,13893.9,19.92,73.8,4.914
32470.1,22355.9,12985,23.39,69.16,4.924
25175.6,13874.8,13355.1,11.14,92.5,0.078
36771.6,22697.9,22282.4,15.2,83.1,0.08
39731.7,23454.9,23475.5,12.89,63.68,0.076
32743.3,17259.6,17765.8,15.98,56.39,0.079
26073.8,20402.5,7402.41,9.31,83.1,0.082
31013.5,19110.8,16913.5,18.61,59.08,0.085
34407.1,20825.4,12873.2,24.72,54.28,4.919
28264.8,16761.3,14426.5,22.58,87.2,0.292
23695.8,19301.6,10176.2,11.01,85.6,0.079
34694.8,20389,17309,13.92,76,0.083
22600.4,16005.4,11655.3,20.09,84.7,0.296
28156.5,17236.6,12814.4,20.58,77.8,4.913
36129.2,24850.6,25094.6,36.59,31.89,4.925
21183.3,17066.6,9795.92,5.098,86.5,0.081
35700.8,20313.2,18589.1,15.63,89.3,0.071
27159.7,14819.1,12353,21.24,74.2,0.066
37037.3,31077,15967.3,13.63,70.6,0.077
36925,21113.5,23961.6,24.32,67.14,4.922
24686.6,16511.9,11901.7,8.65,82.5,0.084
21397.8,12735.4,11543.2,9.63,88.2,0.075
35806.4,22885.4,18061.2,22.56,55.89,0.072
22135.4,17033.1,11971.1,12.03,78.6,0.088
23076.8,13964.6,13941.3,11.46,85.7,0.072
42967.1,22496.3,27319.4,20.24,64.57,0.081
34165.8,22269.9,18821.9,23.93,60.93,0.072
28867.7,21607.4,10831.8,21.29,68.15,0.068
39931.3,22483.2,20110,19.95,66.79,0.164
27293.3,18678.2,12817.5,14.53,72.2,0.08
46130.9,27853.2,27547.6,21.34,79.2,0.07
25227,13801.2,12223,20.52,78,0.076
43048.1,27162.3,25723.4,11.51,73.6,0.088
22365.6,14994.5,14972.5,12.4,71.5,0.075
24212.2,17917.8,11117.3,16.06,85.8,4.918
26669.9,17846.9,9862.61,18.67,92.9,0.065
28329.5,18209.6,12920.1,22.33,69.88,0.07
38555.6,27256.6,30984.8,20.5,52.25,4.903
43330.8,30603.8,29667.6,30.81,30.05,4.906
38013.5,23894,15226.6,26.29,42.01,0.271
31140.8,18376.8,14957.4,16.82,70.3,4.919
33913.2,22453.5,17581,17.14,58.51,0.082
34119.9,22921.5,32625.9,30.87,31.01,4.91
20635.3,12089.2,12814.3,20.07,54.94,0.078
22116.9,17014.5,10189.9,13.52,69.71,0.082
26898.5,21451.2,11890.1,12.07,81.5,0.076
21876.8,18274.3,9536.61,14.46,80.8,0.075
43072.6,27987.9,18256.7,24.37,77,0.26
23659.7,14239.5,14851.1,16.65,75.1,4.912
24002.1,13546.8,10843.4,18.34,70.6,0.184
43528.5,30375.9,29288,30.65,32.08,4.906
24073,19824.5,10902.3,10.76,69.3,0.08
28290.3,18415.4,11855.4,21.11,87.4,0.289
36475.9,21906.4,17957.3,13.97,73.6,4.913
29169.6,16862.4,13685.1,20.49,84.5,4.913
31390.8,25330.2,17083.4,22.39,56.84,0.071
44876.3,26619.1,19474.3,19.81,74.3,0.072
35070.5,23265.6,12611.3,20.91,84.1,0.066
32837.7,22511.4,27341.9,26.27,34.05,4.914
32231.5,19456.1,19440,12.15,82.1,0.08
33988.9,21778.7,16748,15.81,31.62,0.085
31667.7,19536.6,15462.6,15.93,57.6,0.083
30886.7,25892.6,9323.41,13.74,57.58,0.083
23455.5,14028.5,15274.5,17.58,67.82,0.084
26581.7,15173,12418.7,19.9,68.39,4.924
37853.2,23467.4,23642.6,20.48,71.3,0.082
43707.1,27729.1,31384.8,32.69,39.92,4.909
22129.2,17419.8,10536.9,14.97,82.8,0.081
30316.5,17977.5,14650.1,23.64,55.02,0.303
44439.7,26760.5,27789.8,22.21,60.37,4.924
34260.5,19463.2,14603,23.77,64.15,4.927
38806.9,23441.2,20399.3,26.55,56.5,0.065
27585,18115.2,12167.1,16.87,88.7,4.914
45418.8,28062.8,28723.2,22.25,65.15,0.07
42658,26339,18318.8,19.49,81.4,4.914
41809.5,25895.7,26759.6,25.34,82.7,4.92
32719,19043.2,16233.3,11.02,78.7,0.08
33162.5,20177.1,16772.8,29.67,27.22,0.081
23199.3,13675.6,13941.3,9.92,86.7,0.079
23211.6,13342.7,13958.7,11.62,66.79,0.082
23125.8,13152.4,13540.6,12.74,72.9,0.079
45689.7,27035.3,26112.4,21.48,57.84,0.08
24475.3,14838.4,14831.4,15.23,79.1,4.917
37672.9,21885.4,16803.9,15.55,70.2,0.075
31310.4,17711.9,14079.3,21.26,61.46,0.216
34780.2,28422.2,14958.9,11.62,71.2,0.083
31085.1,15956.7,17758.1,18.01,81.9,0.068
23052.4,12240.7,14836.4,14.55,88.3,0.079
31223.6,18457,17956.3,24.06,44.14,0.078
29213.7,23815.9,11449.7,15.86,60.49,0.077
24230.4,12973.9,15365.8,15.88,87.6,0.065
34878.6,21508.5,17175.5,16.68,65.09,0.076
39020.3,23551.4,23561,8.64,87.7,0.083
26357.1,14480.7,17832.7,14.69,89.7,0.073
32373,20439.9,19991.6,18.6,60.85,0.08
25344,15455.1,15332.8,18.57,70.5,0.08
22513,13419.5,13656.8,10.54,85.5,0.084
34763.4,20047,16624.2,21.3,47.91,0.083
43522.1,30497.5,41157.5,25.65,77.3,4.913
22043.1,17475.6,9652.05,19.72,70.8,0.071
23380.3,16857.3,10679.6,14.92,86,4.914
28713.8,21997.9,11097.8,13.94,87.8,0.083
32330.1,16858.4,16493.5,15.42,61.1,0.08
44035.9,27286.3,25390.3,15.03,61.83,0.08
22728.5,17199.1,10758.2,14.47,70.1,0.081
42103.1,23992.7,24747.1,13.46,59.91,0.074
22344.6,17769.4,10907,14.83,83.6,0.081
49768.7,33890.2,36546.2,26.35,57.3,4.906
32769.6,18617.5,16191.5,27.89,29.51,4.924
28380.2,22081.6,9444.42,16.93,62.48,0.078
31692.3,25940.1,17361,21.35,66.21,0.07
44397,27935.6,26735.4,11.7,66.64,0.085
30453,18254.5,22212.9,26.61,55.94,4.928
27320.7,17702.8,12143.8,14.33,82,0.085
24553.1,16095.2,12004.4,20.69,89.5,0.061
22940.8,12995.9,11805.1,11.11,76.5,0.079
33359,21556.1,15967.7,11.15,63.07,0.082
41243.8,16625.3,18501.8,17.52,89,0.073
37344.6,22965.9,20611.9,23.59,70.2,0.068
38824.1,26732,26103.6,28.32,38.59,4.91
33666.1,20574.6,20224.1,19.78,67.68,0.081
41575.4,35631.8,16684.3,17.88,68.15,0.071
42136.7,25725.2,24572.5,15.33,70.2,0.075
47406.8,30326.6,36253.1,27.4,70.4,4.926
22077.6,16705.7,9623.05,6.154,87.8,0.088
42265.4,24144.7,25928.9,20.94,77.7,0.07
43675.3,26548.6,26339.8,25.57,52.8,4.922
23889.2,19673.6,7980.72,19.71,55.47,0.082
34182.8,23987.3,23792.4,25.8,60.65,4.902
45159.9,30585.1,20116.2,24.51,55.25,4.924
26342.2,15666,11975.2,18.11,80.6,0.08
33282.8,20184.9,16989.1,21.88,50.78,0.086
40799.5,31172.1,27782.8,27.05,73.8,4.904
34076.4,19869.7,19595.6,18.1,74.1,0.075
36573.5,23385,13826.4,23.62,69.76,4.946
37827.8,23197.9,21947.1,23.85,64.62,0.069
28136.9,23094.2,9928.45,5.06,93.5,0.082
26615.6,17011.8,12044.7,17.37,89.3,4.926
29950.8,21525.6,14816.4,15.19,79.6,0.082
35013.2,21574,17315,21.36,69.72,0.071
33534.9,21731.3,17644.7,14.54,72.7,0.08
27473.2,18019,20069.6,24.29,83.8,4.917
35462.8,22337.2,17782.2,27.22,39.76,4.929
44804.1,27224.3,25810.1,11.52,63.64,0.083
45952.1,30525.9,31869.6,21.79,56.49,4.92
31966.4,19051.4,17647.3,24.77,41.84,0.07
23424.4,14706.4,11109,8.36,72.1,4.911
42158.3,22789,27069.7,12.7,82.4,0.073
29719.1,16745.1,15776.1,15.65,50.3,4.915
25669.8,15020.1,16527.4,11.02,88.7,0.071
31212.2,17307,16528.2,17.38,50.48,4.915
42761.3,25697.7,26673.2,20.59,85,0.066
40143.5,24849,17665.2,18.28,91.8,0.074
33673.4,23449.4,26606.9,30.29,28.61,4.911
31289.3,20644,13626.7,19.76,86.4,4.918
34609,18757.3,23191,18.72,72.4,0.083
22692,18381.1,10084,7.79,69.83,0.083
39661.5,24812.2,25483.6,25.17,83.8,4.918
27874.6,16952.3,16615.4,20.08,59.04,0.082
24035.1,15975.9,18304.3,20.6,67.67,4.909
35167.3,22592.2,26242,26.93,76.8,4.924
33454.2,22329.5,16169.6,11.46,66.54,0.083
28147.9,19338.1,18158.7,24.15,89.4,4.91
48049,35011.6,36359.6,29.91,48.82,4.903
40651,34247.3,16192.1,16.32,75.8,0.068
28723.7,16476.9,20281.1,25.99,63.48,4.919
31462.8,17966.6,17454.9,20.89,60.79,0.069
28435,22107.4,7519.81,11.82,69.44,0.086
37058.5,31180.2,24480,20.48,75,0.071
41772.2,25086.9,24927.2,14.19,63.65,0.082
44499.1,26619.5,24776.1,14.54,73.4,0.074
26861.5,23043,14961,19.08,81,0.075
37286.2,30462.4,16713.3,19.86,68.01,0.071
47614.3,34688.5,36293.4,29.71,49.68,4.905
23076.5,14994.5,15371.6,8.33,82.2,0.075
23309.6,13781.7,14121.3,12.34,65.85,0.082
33943.1,21180.2,16667.9,24.15,48.18,0.07
35050.2,21998.8,16461.3,16.04,70.6,0.099
38750.8,26517.7,30667.8,27.97,70.9,4.914
40895.4,26914.5,27415.7,27.69,67.29,4.922
34907.2,17208.1,17600,16.29,84.1,0.071
26805.7,15391.7,12855.6,21.1,79,4.916
35466.5,21510.8,18527.6,22.02,69.1,4.92
24881,16738,12248.7,8.71,83.9,0.081
35239.9,22744.3,18574.3,19.76,58.96,4.919
37641.5,19451.7,24709.8,16.22,79.5,0.07
45490.6,28712.5,26619.8,12.01,54.49,0.088
34994,20203.3,19136,15.87,84,0.071
36778.3,23441.1,14397.1,22.48,75.6,0.077
39261.5,33281.4,20298.8,19.62,76.2,0.069
30244.8,21197,22197.4,21.54,54.93,4.905
31497.2,21409.5,12430.4,20.32,68.64,0.082
28494.8,15556.3,12855.1,21.4,74.8,0.069
21396.2,16595.3,9329.17,9.31,85.1,0.082
29559.8,18043.9,17268.4,12.37,80.3,0.084
18011.6,9436.25,10618.2,13.74,86.1,0.08
24059.5,15290.6,8937.12,15.96,76.4,4.915
30665.4,20778.4,9483.28,18.31,91.5,5.375
27468.3,16559.3,13249.8,22.7,61.75,0.275
28857.5,19231.7,21071.8,22.19,64.72,4.914
32172.9,17963.3,18269.1,15.8,86.8,0.077
33840,18987.9,14508.8,23.41,56.29,4.931
32942.3,21614.6,14986.5,16.19,47.28,0.087
30240,23749.6,11063.1,21.4,67.54,0.068
22460.3,13645,13731.4,14.34,64.22,0.079
26911.9,16310.1,21033.6,22.7,79.5,4.91
38311.9,23821.7,23844.5,19.64,84,0.068
32631.6,26966.4,12307.8,19.94,65.81,4.925
42583.7,25579.3,26582.8,13.88,62.7,0.078
27844.9,21882.8,8620.41,5.937,83.1,4.912
22310.9,13090.6,13706,9.59,80.7,0.085
33934.9,23054.4,29517,23.63,86.8,4.915
43370.8,25641.3,25326.6,15.1,66.26,0.082
36747.9,22781,30535.2,27.86,74.1,4.915
41219,22377.2,26088.7,17.53,75.3,0.073
35441.3,22729.4,17489.9,19.66,70.9,0.068
28245.4,21488,11333.3,21.71,67.58,4.918
40968.4,25356,24322.6,17.71,81.3,4.925
25770.1,16860.8,21503.6,22.77,50.36,4.919
22918.5,13185.4,14168.7,10.99,69.61,4.914
37334.8,23669.6,26311.6,26.99,73.5,4.919
24034.6,13969.6,14981.8,10.89,73.9,0.085
26443.1,16073,11590,16.46,81.2,0.109
27404.6,15099.8,13532.2,20.98,64.02,4.918
27640.4,15789.2,12307.8,21.14,63.59,4.92
27901.5,22466.5,12665.1,20.1,78.2,0.064
36810.6,22696.5,19814.4,24.99,55.54,0.072
39866.2,33562.4,15149.1,13.42,55.81,0.081
32196.8,20042.7,14332.9,20.09,80.2,4.913
39551.2,32549.4,17005.7,18.83,51.4,0.085
37499.6,32443.1,16140.2,15.15,64.75,0.082
31850.8,18218.8,18229.4,16.7,58.68,0.083
20621.8,12853.5,14105.1,4.718,75.8,0.08
26354.8,18171.8,9372.4,17.12,89.6,4.925
23589.2,15344.7,10825.3,11.45,65.72,0.085
22807.6,17832.5,9311.88,17.86,57.91,0.082
25332.3,20770.8,11259.5,10.14,84.8,0.086
25333.9,20707.5,8969.73,18.06,66.24,0.083
45614.2,26920.1,26398.1,21.3,59.82,0.08
39712.7,27077.9,24412.3,26.79,46.85,4.906
43865.1,26075.4,25147.2,14.18,68.51,0.082
30858.1,20997.5,13626.3,23.38,70.9,4.92
33354.4,23153.2,27414.2,23.69,64.39,4.906
38942.2,26684.8,28763.8,28.43,63.03,4.908
25200,14969,15537.5,9.84,91.1,0.082
24455.7,15286.3,16192.8,15.1,71.1,0.076
30179,17091.8,17164.2,9.84,45.98,0.09
46654.1,30227.8,39928.4,27.98,43.98,4.925
41681.7,31575.1,29191.2,30.19,65.56,4.906
40722.8,27218.6,25646.1,26.72,46.25,4.905
43816.9,24004.9,28741.8,17.28,80.7,0.083
35157.6,21843.2,17817.6,28.22,35.22,4.917
26205.6,17741,17389.9,9.04,80.1,0.087
32141.5,25021.5,15712.8,13.27,87.8,4.925
39207.6,28385.6,25417.4,32.41,18.14,4.903
23926.2,18855.4,11462.2,15.39,86.1,0.072
43385.7,26247.7,25844.2,19.23,72.1,4.924
39159.1,27987.3,34294.9,28.71,62.32,4.906
31980.7,16606.9,19025.5,15.9,81.8,0.068
43437,26910.6,25665.5,14.96,61.82,0.084
29265.1,17741.8,14503,20.77,55.59,0.283
31507.2,25918.4,13852.6,10.64,75.1,0.075
24849.2,18851.5,17942.1,26.4,75.1,4.905
38261.9,19388.4,21669.1,20.22,58.75,4.924
26739.3,15565.1,12745.5,15.76,81.6,0.081
32378.5,22575.9,29041,31.27,31.42,4.917
26869.4,16102.7,11267,20.65,84.1,0.285
35957.3,22107,22808.4,13.32,56.78,4.921
37141.2,20593.3,22189.3,24.39,70.4,4.922
37815.1,23826.6,23831.6,20.59,87,0.067
48303.7,28403.3,21298.5,22.26,68.32,4.937
24915.9,15154.2,14370.9,18.24,86.7,4.914
45740.1,27518.3,25529.4,19.5,82.5,4.927
31928.5,22217.5,13802.8,23.73,65.23,4.922
38374.5,26946.8,30372.6,30,59.89,4.908
48157.4,28933.7,26823.6,19.8,83.3,4.923
43529.2,26732,24731.3,24.68,86.4,4.919
24137.4,13215.9,15924.4,15.94,82.6,0.073
23129,14987.5,11295.5,19.74,52.71,0.08
31351.5,26157,21919.3,26.09,75,4.92
25741.5,19331.4,9148.92,19.96,75.1,0.07
27336,17924,17081.4,25.48,92.9,4.906
23003.1,18316.1,6951.33,9.7,83.3,0.082
22083.1,14177.1,12913.4,14.82,70.4,0.081
49550,32730.4,39910.3,26.31,55.69,4.91
30057.7,20341.6,12283.4,13.95,85.1,0.077
26764.6,17409.1,16748,9.61,58.43,0.091
32255.5,25207.7,9179.35,12.08,82,0.086
30075.7,20460.8,24763.2,23.87,48.32,4.908
32723.4,20472.9,15346.5,14.59,66.2,4.913
30296.6,27332.3,8672.27,16.61,53.32,0.084
27390.5,16683.3,17129.5,12.31,74.9,4.918
22504.6,17122.3,11149.9,13.44,77.9,0.086
31945.2,25796.9,9968.79,16.28,68.09,0.075
34669.8,20622.5,16081.7,17.97,48.6,0.082
35806.6,26735.8,28800,27.04,49.38,4.903
39344.1,28800,30101.4,29.2,47.19,4.907
35051,21198.8,18084.5,21.89,45.38,0.081
28988.4,17788.4,18772,11.66,74.9,4.916
31018.2,17645.1,17442.6,19.34,41.69,0.084
26658.4,17057.2,15522.5,20.27,76.5,0.069
23636.9,19193.8,9779.28,10.28,82,0.08
35637.6,23381.3,14111.1,24.3,53.35,0.09
22327.9,11539.4,8292.77,17.81,85.1,4.916
33884.6,20877.8,13332.1,21.65,65.86,0.27
41013.2,26884.2,17805.2,22.81,64.72,4.924
27337.9,15905,12932.3,23.44,61.55,4.921
38881.6,28674.6,27867.1,35.21,24.04,4.905
31858.4,17794.2,14079.3,24.1,46.36,4.927
30535.4,26051.7,14267,20.65,41.86,0.082
23885.6,14820.7,14754.2,17.53,50.82,4.923
32017,20301.2,15857.4,21.25,59.91,2.764
34491.8,18802.9,18321.5,19.25,70.9,0.079
27061.1,18760.3,19434.7,26.05,42.91,4.906
34824.7,21928.6,12833.1,27.76,44.78,4.919
46936.6,32392.4,35793.9,29.93,25.44,4.905
36171.5,23691.6,17437.4,17.57,79.7,4.922
36375.9,24934.3,10790.4,21.69,74.9,4.916
27488.7,16086.6,11293.5,14.14,66.81,4.917
30276.8,19212.7,21661.7,23.61,72.2,0.063
33166.3,21113.4,22727,23.6,85.4,4.924
23909.7,17805.8,10942.2,19.45,79.2,4.917
37476.8,21567.1,22947.1,15.35,66.38,0.084
20527.7,11041.5,11909,10.31,59.61,0.084
31209.1,25668,9329.17,20.46,26.74,0.087
32936.2,25914.7,30268.6,28.84,73.6,4.908
22765,18171.2,9496.28,8.79,85.9,0.083
23139.2,12633,15342.5,14.87,86.8,0.083
23586.8,21997.6,15689.6,14.05,80,0.081
23103,14775.2,10493.9,19.33,91.9,4.922
35767.9,20099.4,21344.5,24.6,69.05,4.92
33126.4,18808.3,16279.8,27.05,31.31,4.926
21612.2,12674.8,14423.1,13.87,63.49,4.916
31484.6,26193.4,11234,17.12,77.7,0.083
36260.5,23318.3,29444,26.15,80.8,4.918
32489.1,18084.3,17716.4,15.76,85.7,0.068
24699.3,15350.5,19247.3,20.36,90.2,4.917
22350.8,17944.2,10664.1,14.15,87.9,0.082
34768.3,20615.9,16786.5,13.22,78.5,0.089
35260.8,30329.5,13633.6,13.9,68.28,0.085
23870.8,13630.1,15418.2,15.08,89.4,0.069
21122.4,16812.5,9553.9,8.93,71.9,0.081
19704.9,13668,7127.97,12.87,73.5,0.086
27835.8,18597.5,13428.3,17.76,92.6,0.071
27449.4,21890.2,9916.93,18.11,56.17,0.089
32936.9,20221.3,15763.3,14.16,58.9,4.915
44857.4,28000.8,19036.6,20.48,78.6,4.918
37398.5,27360.8,33192.3,24.43,57.4,4.918
43011.6,26804.9,26249.6,11.63,70.5,0.087
32591.4,21578.1,16453,17.23,59.17,0.075
42871.5,28591.1,39337.9,24.85,59.29,4.903
46231.2,27463.1,20110.4,21.84,45.75,4.925
26304.4,17006.6,11298.2,19.64,89,4.919
36809.8,23288,12949.8,27.34,40.81,4.919
30471.2,18824.1,24775.2,26.85,83.5,4.915
36055.1,22328,17146.5,18.75,47.7,0.077
41396.5,24668.7,25208.7,23.3,58.34,0.076
25239.2,16950.8,14884.5,24.28,88.6,4.908
32327.9,19506.7,16180.4,16.74,58.73,0.09
23040,13575.7,14634.5,7.03,63.11,0.087
22160,17929.3,7205.78,18.18,84.8,0.063
30058.6,16658.2,13911.3,11.83,77.6,0.094
28749.6,19437.8,14344.6,21.51,65.29,4.918
30807.4,19980.6,23058.1,24.64,92.9,4.923
29192.2,17550,17941.9,9.77,69.45,0.082
21776.9,13466.3,12700.9,11.29,66.81,4.914
29827,20643,25883.8,23.2,59.02,4.909
38654.3,21491.5,18993.2,23.41,68.25,0.069
20471.2,11438.3,10599.6,11.69,65.39,0.088
47008.2,27452.8,33148.1,22.26,81.3,4.918
46212.3,27373.4,20682.3,20.61,47.75,4.916
38547.7,33021.1,19847.7,22.15,49.23,0.087
44452.5,27969.2,25887.5,22.53,41.53,0.082
23421.5,13363.4,12831.5,19.93,86,0.067
21867.3,13966,13960.5,8.19,87,0.088
51571.5,34715.1,39778.3,25.41,57.71,0.07
34278.7,21474.6,21402.9,25.04,84.6,4.919
38730.6,23721.8,21356.3,26.12,33.1,0.072
23750.6,19032.8,6955.1,13.15,81.4,0.075
27052.2,17772.2,20539.6,24.14,83.2,4.916
35579.5,23231.6,15550.2,25.21,69.46,0.262
20579.2,10081.5,11843.9,12.32,65.41,0.081
41583.1,23879.6,25928.7,10.32,53.67,0.081
39628.9,33013.8,16330.4,14.36,79.6,0.073
48777.8,33148.9,36185.1,23.8,43.34,4.928
35266.8,19345.4,19083.6,15.91,84.1,0.071
40447.2,22737.6,23175.9,19.96,88.3,0.068
41795,26068.2,24883.2,20.33,89,0.067
47148.1,27535.1,33360.7,22.14,81.7,4.92
21735.4,15419,10612,12.24,86.5,4.922
33409.3,22370.9,22449.2,27.16,53.84,4.921
25321.7,14220.4,16157.1,11.66,73.2,0.087
30966.2,26189.3,10895.4,23.02,53.5,0.074
22333.1,16853,9807.44,6.202,87.7,0.086
36060.4,22958.4,22159.8,20.09,87.6,0.066
22911,19386.3,10233.9,15.18,55.64,0.08
42615,28773.4,26970.3,28.49,65.53,4.909
23904.6,11144.3,11136,21.52,62.47,0.081
22882,14363.5,14949.4,8.29,86.6,0.088
42012.7,21281.1,28410.2,14.4,90.1,0.069
23762.7,18823,9703.72,13.07,78.5,0.087
34232.3,22989.2,11671.7,24.22,67.87,4.923
35127.1,21753.4,15491.4,22.78,86.7,0.28
23570.6,17532.4,17412.4,25.95,88.2,4.909
28682.2,13102.2,15546.2,14.57,89.3,0.068
43126.8,26866.9,25841.8,12.23,70.8,0.082
31917,21136.8,20755.7,12.75,70.4,0.071
35958.7,19107.7,16512,23.38,69,0.069
20891.3,16429.6,8804.8,10.4,88.7,0.084
35874,24216.5,25148.8,26.69,70.9,4.917
48662.7,33722.9,36112.9,27.95,49.89,4.903
34457.7,26766.2,24797.5,27.38,59.05,4.902
35395.6,24501.3,32228.3,25.36,48.42,4.915
39887.7,24960.5,22472.9,22.98,74.3,0.069
29112.2,17756.8,15673.8,23.32,68.56,0.268
32991.3,23352.4,17012.9,14.87,75.6,0.074
25999.3,15658.4,16926.9,8.18,50.65,0.092
20894.7,10840.3,11822.5,10.96,88.6,0.084
35548.5,22085.1,24545.1,12.49,67.62,0.084
37080.8,24830.3,12161.9,19.27,89,0.073
33096.7,20118.9,22254.5,16.22,68.73,0.072
26257.7,17487.3,10531.6,20.34,81.4,4.917
20836.5,15509.1,9801.68,13.23,80.8,0.082
33507.6,19927,15290,24.08,52.88,4.917
34560,21424.4,16583.2,22.56,53.35,0.073
33873.7,17831.7,15793.5,24.22,46.28,4.924
28635.3,20713.7,14593.9,11.76,85.5,4.917
38472.5,24937.7,26681.4,27.24,74.3,4.922
30758.1,15765.9,17965.3,23.61,67.18,4.918
38972.3,30923.6,17025.5,19.7,75.4,0.069
36650.5,22257.7,21144.1,27.02,64.12,4.922
33489.8,20901.5,17221.7,25.41,23.79,4.919
31093.5,25310.8,9732.53,17.21,57.51,0.078
37886,23078.2,15650.3,23.83,53.95,0.278
19594.9,12828,13856.4,14.98,71.3,0.075
42392.6,26446.2,25113.6,20.84,85.7,0.067
41867.1,31841.2,27469.8,27.38,73.5,4.906
33034.7,19422.4,18240,17.35,78.8,0.077
22721.4,13039,13436.1,14.59,83.1,0.083
24743.5,14242.7,15061.9,10.91,63.25,0.083
25070.7,20126.4,7393.04,13.52,76.7,0.076
23093.5,19209.6,9208.16,14.58,61.35,0.082
32012.2,25436,9392.56,16.48,63.89,0.104
22820.3,13097.9,13841.4,11.02,72.6,0.083
24676.7,15451.4,15035.5,17.52,84.8,4.919
34919.2,22757.7,11508.3,23.24,73.7,0.082
22765.4,13185.4,14483.9,12.37,77.1,4.916
40129.2,33958.3,17881.4,19.35,47.4,0.087
40633.3,26503.9,27162.9,27.61,67.46,4.923
35617.6,21822.9,18061.2,27.45,50,0.069
23290.2,11587.8,13424.6,12.72,72.4,0.084
34100,23037.8,11514.2,23.69,71.2,4.923
31026.2,20635.4,25257.2,26.46,58.62,4.907
28621.4,18596.2,21949.5,24.23,85.8,4.916
33980.2,20311.6,15348.3,20.56,81.3,0.09
34018.6,21551.7,21232.7,22.03,60.81,0.076
32802,23409.5,26097.6,21.12,63.47,4.91
48279.7,25521.8,28941.8,22.43,54.47,4.914
33687.1,23317.7,11714.2,22.86,69.29,0.273
25025.4,14992.7,15091,14.27,80.8,0.084
37076.9,29763.2,17083.4,16.78,75.2,0.072
40892.2,25798.8,23347.2,25.81,32.76,0.07
33743.5,20145.6,25197,27.22,55.9,4.929
41830.1,21049.9,23451.8,20.2,58.55,4.923
26193.4,16668.7,16678.6,5.138,75.8,0.083
23714.3,19381.7,8485.35,20.7,61.51,0.082
23472.3,12442.8,13457.7,22.37,72.1,4.916
33853.2,19107.1,18199.3,22.18,46.92,0.091
26888.5,15975.5,14632.4,21.08,58.92,4.92
34950.3,22595.7,18154.5,18.98,67.8,4.921
21627.4,16124,9018.01,12.41,82.7,0.081
45314.6,29335.4,36921.8,28.07,43.8,4.919
32317.3,19445.1,15381.3,25.34,53.24,0.078
34713.1,23270.9,31830.6,32.28,35.41,4.908
38302.8,23941.6,19477.6,14.77,46.94,0.082
23407.7,14751.2,11438.7,13.98,81.5,0.084
20949.9,12415.8,11433.3,9.4,80.5,0.086
23493.2,13749.8,11275.1,18.53,86.3,0.067
34374,18333.6,18158.5,16.04,80.7,0.074
34693.7,21352,17528.7,14.77,54.62,0.085
25630.1,13787.6,11356.6,15.86,87.2,0.08
24559,15147.7,15365.8,8.03,78,0.083
32905.5,19328,16606.5,11.79,88.7,0.08
33861.4,20004.9,20467.7,12.91,55.44,0.087
42149.1,22593.5,27653.8,16.47,81.1,0.076
35032.6,24849,13510,22.71,68.5,0.079
37493.5,22707.1,21804,19.08,88.8,4.917
36604.1,22373.3,18634.6,13.91,73.3,4.921
35948.8,21515.7,19281.5,21.35,42.58,0.087
32488.9,20462.2,19585.2,18.36,53.19,4.916
22711.9,13874.8,13914.2,11.83,56.53,0.093
36124,21772.1,21374,17.75,65.55,0.081
29743.7,17348.8,17001.3,18.96,44.89,0.088
35713.3,22176.3,14820.7,26,41.75,0.274
25932.3,21559.1,12641.9,16.06,84.4,0.081
29861.2,22238.6,21439,27.89,65.56,4.903
23573.2,12842,16331.6,15.38,67.59,0.074
24746.9,18315.5,16557.7,23.12,60.85,4.902
37570.8,25283.5,28998.8,28.11,64.4,4.912
25960.3,14759.3,16896,16.32,77.2,0.083
43142.7,25592.9,21728,23.57,82.1,0.276
28116.9,24195.9,10669.9,10.73,89.7,0.08
30466.9,26386,10055.2,16.98,53.29,0.09
27764.6,12765,15767.3,14.54,90.6,0.074
31543.7,26271.9,9646.1,14.29,74.6,0.086
27414,18209.6,14550.6,22.5,60.81,4.925
32352.7,19972.3,17652.4,21.09,41.88,0.083
25603.6,15224.9,14643.8,24.53,90.2,4.918
32753.9,20064.4,15728.6,9.39,87,4.92
27054.2,15747.2,12761.4,22.12,70.8,4.912
22947.5,17876.6,9144.78,12.26,80.6,4.918
22807.6,19032.8,8049.94,11.44,87.4,0.081
24400.3,14107.3,15311.6,10.55,88.1,0.086
29273.9,17927.1,13972,15.66,61.55,4.922
28007.3,17182.7,15305.8,24.32,93.4,4.934
25850.7,16663.1,10066.9,18.55,63.32,4.923
41540.3,24178.7,25645,14.62,69.26,0.08
21081.4,12948.3,10402.7,5.532,90.4,0.082
25394.4,15124.5,11893.1,18.69,86.3,0.068
41515.5,28792.4,26573,29.41,41.35,0.069
30394.4,25528.6,12389.5,20.78,58.57,4.921
38037.7,25564.9,29829.2,25.41,85.4,4.922
47182.3,27688.6,19798.2,27.99,33.88,4.919
26245,15111,13579.2,21.34,70.3,0.333
27559.8,17152.3,15185.5,22.72,84.7,4.916
29800.7,18149.5,18142.6,8.42,64.9,4.917
49666.4,36437.2,38496.3,29.27,49.52,4.906
42061.4,22575.9,26034.5,30.18,53.13,4.926
36784.7,21999.2,17406.4,28.5,70,4.922
27162.5,16723.9,14073.5,22.26,89.2,0.31
30929.2,26148.3,10270.8,20.09,48.98,0.085
30646.2,23872.3,11710.8,21.17,69.95,0.072
25860.2,14340.6,13659.6,21.49,69.66,0.079
23683.7,19007.1,7450.66,5.581,84.3,4.913
21715.9,12682.1,14466.6,13.73,73,0.073
31116.3,20787.8,15038.7,16.44,60.11,0.076
33228.9,27199.8,10297.2,16.42,59.18,0.08
35116.2,25264.6,23070.1,23.72,63.12,0.075
37379.3,22983.7,19880.1,25.35,86.6,4.929
32835.1,21243.3,16061.5,20.9,71.8,0.072
22276.9,17732.2,7066.99,5.455,82.4,0.083
39649.2,33504.5,15342.7,17.61,70.8,0.071
29221.8,17873.7,17985.4,18.83,89.9,0.069
37012.9,30712.5,15610.1,14.8,65.52,0.079
28885.8,17162.2,16856.1,19.29,44.93,0.087
31552.4,20739.2,15227,8.82,65.24,0.084
33142.3,20986.3,25639.4,21.4,81.5,4.921
33384.6,26583.5,15388.9,16.24,83.3,0.067
24437.5,14544.9,14429.1,18.41,81.7,0.075
42982.8,25304,25750.9,19.53,85.2,0.071
23361.2,19036.5,8850.9,12.95,75.7,0.085
35969.6,23011.6,21975.9,10.14,71,0.085
38548.7,25682.7,15832.6,21.57,86.9,0.277
24608.7,12398.8,13140,14.55,76.6,4.916
42846,34689.9,30908.8,32.74,34.92,4.907
43283.7,22527.5,27822.5,15.7,79.6,0.069
25929.3,14235,17134.5,15.02,88,0.069
33046.9,20975.1,15188.7,23.06,69.16,0.069
47448.1,30457.4,32423.3,25.43,77.2,4.933
24364.1,15067.5,14698.1,14.03,67.09,0.079
45702.3,27767.2,25995.8,19.49,83.2,4.921
26189.7,15389.8,13608.7,14.65,73.6,0.072
39819.7,24040.1,24765.1,11.64,80.1,0.074
35982.5,24406.3,25166.9,26.71,70.4,4.918
34870,20346.2,18711.3,16.16,87.6,0.066
33162.5,20097.3,16401,13.49,57.29,0.086
42364.1,28285.7,25251.4,14.46,63.55,0.086
27071.4,16541.8,20666.1,20.78,81.8,4.919
41340.6,27774.7,32041.5,33.96,30.88,4.915
37497.2,21237,20363.8,25.37,62.58,0.07
30911.4,21269.6,26305.6,22.74,63.16,4.906
29699.4,19272.2,24739.1,24.78,83.6,4.928
22179.7,13422.5,13986.1,7.41,89.6,0.072
28761.8,18961.7,10831.6,19.72,85.6,4.917
44961.1,28190,25668.9,21.66,83.7,0.066
44872.1,26408.7,27193.1,20.67,69.81,4.917
37366.5,22124.6,17364.3,28.19,69.62,4.926
30980,21698.8,21589.5,24.62,66.19,4.903
32229.2,20308.8,14860.2,14.18,67.77,4.911
26520.5,15706.1,15921.3,9.67,68.35,0.082
23530.2,12475.6,11903.2,12.74,59.01,4.921
42919.6,25600.4,22622.3,23.24,64.95,0.297
30789.4,26846.3,8931.57,15.96,55.06,0.084
39518.9,23665.7,25131.3,17.97,68.62,0.08
21837,14243.2,14463.6,8.01,87.4,0.083
25488.6,16362.3,16048.2,7.91,79.8,0.091
33999.3,20376.3,15473.7,22.4,84.9,4.915
31612.9,19517.3,14819.7,14.84,63.35,0.079
45323.8,25913.3,19433.4,20.57,77.8,0.071
38381.7,32354.7,15846.3,15.1,72.8,0.087
33034.6,20276,16689.5,12.13,49.18,0.088
42219.6,25350,24032.9,14.91,48.1,0.082
26468.3,15509.1,12249.5,16.98,62.99,4.927
29489.5,19455.3,14171.3,13.15,77.1,0.073
27066.2,21702.4,8072.99,9.4,82.7,4.915
26791.9,14990.7,14137.7,21.82,67.43,0.078
41506.4,27186.1,29263.9,28.16,60.66,4.91
32877.4,26727.4,11140.7,19.84,74.3,0.082
34510.4,18476.6,19752.7,13.9,90,0.069
21405.6,14279.6,14342.2,11.37,86.1,0.081
39612,26483.5,30854.6,28.62,65.5,4.915
19898.7,12820.7,13948.9,14.9,70.8,0.073
23399.6,12589,15668.4,16.16,85.7,0.069
26018.9,17540.5,17930.7,24.89,50.52,4.907
26263.1,15903.7,16339.4,10.77,90.5,0.078
25532.9,15763.5,15793.4,18.76,85.1,0.074
33609.6,23312.7,27281.7,22.36,67.7,4.906
29064.7,19747.7,9033.92,18.12,91.3,6.325
25215.1,16420.3,19388.8,24.18,83,4.916
35529.6,24057,32487.4,32.61,28.65,4.909
33729,21265.6,16702.8,21.83,51.35,0.083
22411.5,13232.8,13899.3,6.879,63.07,0.084
23228.4,15450.5,15232.8,13.85,74.4,0.078
26012.5,17673.4,23907.6,24.5,50.55,4.908
38680.7,27603.8,30926.9,25.55,50.62,4.913
46728.5,26143,27778,22.78,75.7,0.07
23452.3,16378.5,7963.37,13.15,69.9,4.916
46003.5,27703.5,23304.8,23.69,78.3,0.27
21134.9,11826.4,10009.3,22.37,67.59,4.919
34535.4,29190.5,17985.5,16.92,74.6,0.079
27079.6,14882.7,13102.7,21.68,83.7,4.917
20187.9,11547.9,11013.8,12.82,74.4,0.078
43382.3,25455.3,25399.5,16.03,65.96,0.083
25470.5,14451.3,15720.7,16.62,86.8,0.065
25749.9,16759.9,11884.3,11.8,82.5,0.083
29092.9,17876,17968.9,13.88,65.09,0.075
36284.9,21098.5,17624,22.11,60.66,4.92
23378.5,17788,11479.5,18.65,62.14,0.073
21806.2,9521.98,10225.7,17.7,79.5,0.065
35146.8,23536.7,32276.5,32.87,36.45,4.911
25281,15258.2,14907.2,16.06,85.9,4.917
28959.5,18751.9,22118.2,23.79,74.6,0.063
27892.5,16465.1,12004.4,25.08,50.62,4.923
41588,25439.5,20039.4,20.7,80.5,4.927
34084.1,21359.3,16266.9,11.75,62.97,0.086
26871.6,17634,10907.2,18.43,82,4.916
44342.3,26947.1,26186,11.98,71.6,0.089
25507.7,15655.7,14872.2,14.66,73.6,0.079
25176.4,15796.7,10848.9,18.3,81.2,4.914
36901.8,22343,22859.3,18.65,69.86,0.081
28602.3,19017.7,22353.1,24.24,85.7,4.916
40702.7,25932.9,35831.3,26.14,82.6,4.919
23821.2,13366.2,15307.6,16.87,69.6,0.081
21766.2,15322.3,13474.7,11.1,87.5,4.915
21463.3,12858.2,13451.8,20.65,80.6,4.918
44071,27662.4,33408,24.79,64.4,4.922
34181.7,20203,16429,11.06,74.8,4.92
20894.7,10330.8,12096,14.49,91,0.07
24953.7,15001.9,14913,17.75,81,0.079
42288.6,26855.9,25821.7,10.93,81.3,0.079
34986.9,21547.6,14650.1,23.08,81.3,4.915
34522.2,21143,17519,22.57,53.78,0.072
30262.3,19466.9,18656.5,19.03,61.05,0.08
28157.2,15845.2,10965.6,14.45,73.7,4.916
23746.8,13025.3,14266.2,16.67,80.4,0.07
36241.3,24903.5,28926.4,25.34,39.48,4.904
29649.2,26025.6,11734,21.01,59.91,0.072
35507.3,20136.8,23471.3,29.93,50.67,0.069
35814.1,21155.6,16690.6,18.51,76.3,0.075
29556.4,13905.1,16448,14.73,88.2,0.07
43370.1,26250.5,25312.8,11.73,83,0.071
37980.2,24694.4,28715.7,26.41,79.5,4.924
38574.4,30241.5,17338.4,20.31,73.4,4.92
22547.7,17940.5,7483.37,17.81,73.5,0.071
23513.9,14885.1,15423.6,8.97,67.21,0.079
22716.3,18023.9,9830.49,13.87,84.4,0.078
39567.3,27303.8,32860.9,29.02,47.59,4.911
34994,20819.1,17879.3,18.7,55.94,0.075
29711.4,18289.6,14784,13.87,65.61,0.087
26115.4,15109.5,11642.6,21.37,68.53,0.259
24701.7,15694.1,15330.9,15.32,76.4,0.078
33220.8,20459.9,17489.5,16.45,78.9,0.072
27998,18470.5,13353.3,8.51,85.5,0.083
31130.8,18711.2,19479.8,11.92,61.98,0.089
38677,23650.8,23378.1,19.96,85.7,0.074
39468.1,19923.5,20411.1,25.15,61.97,0.069
26841.4,14261.4,12643.1,15.28,57.88,0.079
45509.6,19404.1,27915.6,15.73,83.5,0.067
47652.7,31392.6,37009.7,25.65,84,4.923
22905.2,12482.9,12391,12.17,71.2,0.084
37929.5,22954.7,20157,28.53,27.52,4.924
38750.8,22010.8,16550.5,23.36,64.15,4.924
42869.1,25686.6,25072.3,13.66,49.93,0.085
28720.7,18291.8,12556.2,12.17,63.05,0.082
32839.6,26447.3,14537.1,17.35,61.14,0.084
31964.5,22675.8,24219.7,25.71,89.4,4.911
38110.4,23071.2,22083.9,16.8,87.4,4.919
32821.3,26212.9,9905.4,17.32,66.19,0.075
30914.3,16104.7,19648,20.5,53.91,0.076
22231.1,12940.2,13836.8,10.19,65.12,0.085
30072.2,20809.3,22594.6,23.93,49.05,4.904
28056.4,21290,11572.5,22.08,65.48,4.916
28334.3,16906.1,11984.5,10.94,89.4,0.067
32335.4,26884.2,11928.5,19.94,69.25,4.918
39595.2,21005,18703.8,25.88,37.67,0.072
21918.6,12420.7,13894.8,11.73,64.12,4.921
48254.3,25076.5,28362.8,21.19,60.27,4.914
29880.8,19017.9,17864.9,20,87.2,0.075
32451.9,19569,16919.3,14.44,91.5,0.064
33674.3,18871.9,16344.5,24.13,70.4,0.303
35589.2,21240.7,18519.3,22.07,40.38,0.085
22265.1,13061.4,14420.3,8.26,90.7,0.082
50800.3,34651.9,47441.7,33.58,29.78,4.907
43071,26325.7,25809.2,20.91,80.4,4.921
36280.4,22000.4,19468.7,24.28,79.9,0.322
36435.3,24846.8,33276.7,30.32,60.02,4.912
30124.6,19276.6,18835.7,12.1,71.7,0.085
22657.2,13783.6,14602.4,13.37,70.2,0.088
39784.2,27603.8,31179.9,30.93,50.52,0.065
33729,22079.3,15251.2,18.47,86.9,0.07
23230.8,17431,10207.2,10.6,84.6,0.081
24252,15816.5,16490.7,22.04,78.3,4.913
35944.9,19543.9,15456.8,21.46,51.03,4.917
32073.7,16515.3,19066.2,15.88,83.1,0.073
23295.1,15482.3,18135.6,24.96,37.38,4.906
22449.2,17271.1,10265.1,19.8,76.8,0.071
27807.3,17432.9,12420,14.46,82.4,0.096
27543.1,17077.2,17447.9,9.44,50.25,0.089
29440,24761.2,16695.9,20.04,66.61,0.073
37067.7,31824.5,15241.3,16.43,70.2,0.074
27812.4,15492.7,14155.8,28.58,42.51,4.927
45449.8,27892.5,18855.7,20.68,77.4,0.079
31702,18921.4,19017.3,18.17,88.1,0.073
28327.9,17126.9,12691.8,21.14,83.5,4.925
34566.4,23631.6,24841.5,34.92,31.12,0.069
26257.7,17146.8,11414.1,20.81,86.4,0.335
24110.2,14292.3,11216.8,16.25,91.9,0.074
29413.8,20852.1,15371.6,17.83,67.11,0.083
21487.5,16967.2,9444.42,14.18,83.3,0.078
41055.3,24980.5,23876.1,16.21,68.96,0.08
35921.2,24001.2,11473.3,21.84,76.8,4.92
19790.8,13157.9,7998.07,9.85,86.2,4.935
39137.3,28427.5,27150.8,30.18,45.62,4.904
35944.2,26692.4,29227.8,27.49,67.24,4.911
46420.3,28714.1,19474.3,20.62,77.2,4.917
34043.8,21143,17274.2,21.26,73.7,4.922
24913.3,15339.3,12802.6,19.88,88.2,0.33
28348.6,20690.6,20369.7,26.66,60.67,4.919
30325.1,19779.9,19373.5,12.55,73.8,0.083
31827.1,21819.5,17018.7,16.92,53.97,0.075
24972.2,15826.1,14839.5,5.364,87.7,0.087
22763.1,18130.2,9368.67,8.41,68.57,4.914
39532.3,32153.5,16708.1,21.06,74.3,4.92
23334.1,16582,12844.1,19.69,45.19,4.91
42277.8,25634.7,25272.9,19.48,86.2,0.069
27237.1,17380.1,11776.8,19.61,82.8,4.914
41448.8,24652.9,25193.5,14.34,59.91,0.084
24205.6,12948.3,15488,15.84,87.3,0.065
35738.8,22030.4,13785.2,23.24,73.8,4.96
21895.4,15697.9,10340.2,16.09,75.3,0.075
39539,24477.8,24232.5,13.63,63.97,4.919
28818.2,21020.1,16655.4,15.28,56.49,0.075
36346.3,22953.2,22490.6,10.88,69.48,0.09
35969.6,23434.7,22750.8,10.43,81.7,0.087
43451.1,22828.1,28992,14.18,83.1,0.07
38025,27142.6,30154.2,22.81,64.22,4.916
28958.6,18674.8,13731.4,12.84,62.14,4.916
22918,12594.5,13725.6,10.13,85.4,0.069
41079.5,24780.5,25474.7,15.25,73.6,0.075
22172.5,15022.8,14406,24.09,82.8,4.917
39829.7,33742.9,16163.3,14.42,53.97,0.083
35628.1,22389.6,20269.3,23.92,62.79,0.057
44793.2,26293.9,25223.2,17.52,75.3,4.915
30490.2,18463.2,14159.8,10.55,51.82,0.089
31916.1,20218,14709,19.22,74.2,2.121
33408,20184.1,17640,26.43,38.74,4.918
28940.6,18498,18393.5,23.2,86.6,4.918
22451.7,13269.5,14011,8.4,87.3,0.074
40262.6,29821.5,36295.2,25.06,54.63,4.917
34659.2,23198.4,16989.1,21.53,44.28,0.085
30095.8,24832.2,12654,11.71,81.5,0.08
41454.9,24707.6,24788.3,9.7,51.79,0.092
23008.5,16819.9,11076.5,16.82,83.6,4.914
27873,19406.5,18225,25.61,41.08,4.906
31600,26360.3,13948.9,17.44,69.46,4.923
29337,19068.2,19699.6,23.41,55.92,4.923
36297.4,22610.5,21197.7,18.09,81.3,0.067
37426.6,31846.6,15201,13.94,48.73,0.075
35564.4,16643.6,19328,16.43,80.4,0.073
40824.2,25229.9,18190.4,20.54,65.92,0.076
23342.5,16924.5,11111.5,18.03,82.4,4.914
37243.1,30380.6,17233.7,18.47,74.5,0.07
21944.6,16467.8,9686.75,12.19,74.4,4.923
28744.2,15345.8,18589.1,19.97,62.01,0.073
28398.1,19705.1,24425.8,22.24,64.57,4.908
33948.3,21929.3,13208.6,21.57,87.9,4.911
23653.8,13663.1,11298.9,15.59,83.8,0.084
39106.7,23546.3,22981.9,10.02,70.1,0.085
49225.3,32582.5,35511,25.12,55.85,4.922
25457.3,15291.6,15758.4,17.99,72.8,0.079
34540.9,21124.7,14738.3,29.81,38.38,0.267
49078.3,32247.9,34331.3,22.59,50.05,4.925
18609.2,12856.6,7171.08,15.08,87.2,0.074
25816.7,16417,16129.2,9.26,60.4,0.086
20937.7,12977.5,14168.7,12.69,64.57,0.083
35484.9,25450.6,32607.9,26.24,46.18,4.909
18987.3,11347.1,10837.6,4.807,73.1,0.082
43996.6,26454.9,26012.9,14.73,75.5,0.079
37955,23239.1,21291.3,23.31,71,0.067
25573.4,20110,8987.23,20.81,60.67,0.088
34412.9,21318.3,16072.3,16.39,76.2,0.07
29187.7,24422.7,10594.7,15.64,51.08,4.915
25444.1,15877.2,11560.5,15.39,62.28,0.081
26952.5,15624.1,14992.9,22.26,70.8,4.918
28052.4,16181.7,17146.5,11.19,87,0.077
35666.2,20286.5,17368.6,23.85,67.36,0.069
34361.6,21248.1,18216.7,22.16,48.15,0.089
36769.6,31095.4,15327.7,15.93,56.51,0.082
32536.7,20487.5,15938.3,10.58,62.27,1.437
24168.4,13428.5,15778.9,13.61,85.1,0.084
27289.9,16102.7,12873.2,15.93,86.1,4.923
28150.5,17648.8,12681.3,10.88,88.3,0.089
26323.3,14754.8,12459.6,15.85,87.5,0.078
37569.2,31786.4,16198.6,13.86,46.27,0.083
25520.1,16181.7,12532.4,11.02,78,0.081
39829.7,33654.5,15598.6,13.45,54.44,0.082
29271.5,19440.7,12532,20.91,87.2,0.287
22021,14790.3,14125,11.47,79.3,0.072
26544.4,15417.9,12714.4,18.32,90.1,4.915
30896.3,17699.1,17390.8,20.81,60.26,0.071
25365.4,16595.9,12191.1,17.38,93,0.08
31329.2,25590.5,17187.5,21.99,61.54,0.069
22289.5,13024.9,14426.1,8.24,90.4,0.082
29030.1,21109.6,20722.8,24.38,57.25,4.903
20056.7,13418.8,13659.8,9.97,82.8,0.077
35182.4,21767.8,16243.8,14.07,69.32,0.074
36582.1,21380.5,22383.9,16.33,84.8,4.909
25098.5,14158,16302.5,16.25,87.1,0.065
34349.2,20694.5,18088.7,16.24,84.8,0.071
37105.8,20768.4,19038.1,14.19,62.84,0.083
39993.8,33980.6,17014,13.7,46.67,0.082
20227.7,13373.6,8339.28,9.69,86,4.936
38916.5,25407.9,24294.9,9.11,83.8,0.073
26430.5,17017.8,11164,16.4,87.1,4.912
34018.4,18864.4,14220.6,23.54,69.22,4.924
25276.6,15431.7,15451,14.74,79.2,0.084
39031.5,26384.8,28649.4,31.46,30.12,4.917
24516.6,13586.6,12145.2,15.24,57.58,0.08
34897.7,20941.4,16768.1,21.38,61.02,0.267
25998.7,17468.7,11496.7,17.93,88.3,4.914
41873.5,28944.5,27903.2,28.25,70.8,4.904
34238.6,19411.6,12663.8,21.96,69.27,4.92
18561.2,12916.8,6211.76,15.49,77.7,0.081
32246.2,26170.7,10392.3,19.29,55.32,4.922
30290.5,22726,9669.15,10.94,82.3,0.086
30710.3,27107.7,8925.81,16.3,53.72,0.084
42273.1,22802.4,26874.2,15.45,57.36,0.083
39312.2,27983.5,33620.1,29.09,61.72,4.91
31174.7,15914.1,18810.2,20.76,54.17,0.079
28089.1,18244.4,18303.6,12.99,69.45,0.082
34723.9,19643.2,15453.4,21.72,66.89,4.914
40537.4,28571.9,31177.4,25.73,86.6,4.913
46806.4,27407.9,19668.7,27.51,35.55,4.926
37099.7,20939.8,18558.1,14.09,63.47,0.085
33022.8,21902.7,16724.8,15.38,66.11,4.708
38738.9,15481.5,18001.5,17.37,87,0.077
46622.2,29457,40121.2,25.89,85.6,4.914
29000.8,22365.1,10366.4,14.67,75.2,0.085
26346.9,14459.9,12667.3,21.57,84.4,4.915
43244.1,27366,18902.4,18.41,91.6,0.076
42955.9,25451.7,25309.3,10.59,80.8,0.075
35157.4,30417.9,15097.2,10.67,74.3,0.079
20500.3,11226.7,11005.3,11.47,67.94,4.919
44436.1,26846.6,19704,22.99,82.5,4.916
34962.7,20611.6,16741.6,17.45,55.87,0.086
20879.1,16646.8,9778.63,6.241,84.1,0.083
33411.8,22226.6,26191.1,21.09,70.8,4.918
35398.2,21338.6,15873.6,23.88,62.65,4.923
36423.3,23015.5,18230.3,20.77,67.47,4.927
30821.7,17464.9,21450.8,25.15,67.18,4.925
29569.2,23347.9,10710.4,15.79,51.79,4.921
28420.1,17828,12112.3,10.02,90.6,0.083
41362.6,25959.7,25219.9,21.01,86.5,0.067
37153.9,20660.7,22165.7,24.47,70.1,4.917
29611.9,18068.4,18315.2,24.54,89,4.917
30331.5,17974.5,18640.4,12.98,71.1,0.077
34119.8,20357.2,17669.8,18.3,74.7,0.076
23619.8,16084,12231.9,20.3,82.8,0.33
28849.2,24054.5,13052.5,20.41,43.66,0.082
33156.8,20853.7,15822.6,15.32,58.38,0.075
45851.1,26726.8,27937.5,20.57,47.15,0.082
49722.3,33057,45236.5,27.39,61.62,4.909
40012.3,33526.9,16505.1,18.35,61.12,4.923
31023.7,19126.4,10608,19.99,89.1,4.91
33843,18955.6,16649.6,8.74,76.9,0.085
24422.6,13971.1,11671.3,15.04,80.3,0.073
35068.6,22326,17238.6,22.72,52.45,0.081
27457.7,22175.1,9745.9,12.74,87.4,4.913
24420.9,15236.3,14150.2,21.13,58.12,4.917
51297.8,34674.7,47435.6,27.74,61.55,4.907
22813.4,13998.8,11065.3,17.2,80,0.066
40993.9,25342.2,25645.3,18.42,77.3,0.072
42756.5,26024.3,24803.9,16.71,51.84,0.082
28275.3,15749.5,14727.1,12.23,90.8,0.088
36067.4,21523.2,16414.8,15.16,68.06,0.089
25796.9,20454.5,11797.6,14.17,70.8,0.08
21686.2,16564.5,10132,13.4,69.52,0.085
44427,26491.1,26885.9,21.26,83.6,0.067
30923.2,25609.1,9651.86,17.33,65.19,0.075
32469.5,22691,24376.2,23.95,68.5,4.909
44096.4,27067.4,26691,19.59,54.45,0.082
32430.8,25136.8,17650.1,20.92,59.84,0.072
28616.2,18259.8,13912.3,12.42,84.5,0.087
29711.4,18142.2,16354.7,12.4,53.26,0.08
33794.4,20279.6,17627,16.84,75.7,4.912
33527.1,20746.5,16302.7,18.73,30.65,0.086
27005.9,13233.4,15350.3,17.63,81.1,0.065
32425.5,18920.6,18262.6,20.85,78.1,0.286
31610.7,18351,12617.1,21.49,72.4,4.921
38925,23869.2,24308.4,20.6,40.34,0.084
35562,22880.9,13002.3,21.02,75.3,4.925
34596.5,20531.3,17494,16.02,60.98,0.084
26888.5,13763.8,15061.9,22.14,49.29,4.922
29768.2,17301.2,13941.3,15.51,74.5,4.917
38638.7,27716.6,28577.3,34.91,25.01,4.904
35676,19396.7,18036.4,14.93,88.2,0.07
24792.2,13887.3,11861.2,20.45,66.72,4.916
36171,22907.7,18574,25.69,85.2,4.926
31562,25178.3,10130.1,16.78,67.59,0.076
32064.4,18186,17743.1,12.8,86.1,0.074
39480.8,22494.4,19926.6,26.04,58.84,0.066
35007.4,21387.1,13568.4,25.09,36.28,4.92
36708.9,23497.3,18372.9,24.9,51.65,0.071
32961,21886.1,15146.2,19.93,69.89,4.922
31095.4,27267.8,8478.07,18.35,66.62,0.072
36230,21827.8,13177.4,25.5,46.29,0.079
31107.7,23329.3,16834.7,20.16,76.4,0.072
25113.1,17175.9,20846.9,24.21,60.82,4.908
33679.6,20646.8,18664.7,16.79,83.5,0.072
37403.2,22013.4,22639.4,13.48,61.88,4.923
34499,20440.1,17245.3,14.93,63.87,0.076
29822.9,21383.3,20807,22.32,47.49,4.908
37238.6,23291.7,20656.6,26.59,67.72,4.922
44769.2,28684.2,18423.8,24.51,51.99,4.923
38300.2,25447,11537.7,23.69,60.29,4.925
35273,30462.1,14861,13.46,58.38,0.077
35704.9,28429.6,15195.2,15.36,74.8,0.081
32342.7,18273.2,15426.7,24.63,37.81,4.978
46526.5,28974.7,35656.6,32.07,34.38,4.918
43437.3,31117.5,16267,12.73,47.6,0.082
35759.7,30657.3,15322,11.69,65.12,0.083
22210.8,12816.5,15430.3,20.63,82,4.914
31249.1,16174.3,18472.7,14.32,89.4,0.069
20220.8,12273.6,10704.6,13.02,67.81,0.087
43040.7,21629.9,24634.4,20.44,58.49,4.926
30009,13938.1,19392,15.62,85.5,0.07
36793.9,31934.9,14158,12.49,63.58,0.081
32463.8,21238.9,15157.6,13.23,48.45,4.915
26984.6,21960.7,11468,11.91,83.3,0.074
22221.5,17468.2,10288.2,16.67,85.9,0.071
30730.7,18452.4,15119.2,25.15,57.45,4.92
44292.2,25029.1,25570.2,20.14,59.54,0.073
38910.6,19873.2,20281.9,22.26,55.32,4.92
33995.8,19055.8,18327.3,20.59,56.39,0.085
29855.4,15219.5,16187.1,24.16,45.01,0.077
22098.5,17059.1,10045.3,7.17,84,4.92
26013.7,20332.6,7537.09,12.39,80.9,4.919
31273.9,16819.6,18746.2,18.66,65.52,0.073
29568.8,18071,13054.8,18.62,69.79,0.108
28242,15375.2,14912,14.05,89.9,0.069
22637.3,12536.2,14229.2,11.41,69.63,0.086
22365.6,14804.9,12214,7.03,86.8,0.088
24221.5,19026.4,11288.7,13.68,69.45,0.081
29004.6,16057,19194.2,14.97,83.9,0.069
23883.2,13109.6,15453.1,15.86,86.4,0.071
25822.4,15540.6,14983,17.17,80.8,0.07
26920.4,16128.9,13073.3,21.29,90.1,4.913
20921.7,16436.9,9565.43,6.121,83.9,0.086
31692.3,20297.6,17181.3,17.9,50.28,0.081
32188.6,25940.5,9623.05,14.49,85.8,0.086
28621.5,20525.2,17615.4,15.96,81.8,4.916
35980.9,19459.5,15414.9,25.65,43.05,0.278
24109.4,14622.5,15255.9,10.49,69.56,0.089
22017,15877.4,16558.5,15.84,89.7,0.068
40067.9,25666.8,17215.8,20.72,83.1,0.079
35283,20538.6,16730.6,17.05,71.6,0.072
25443.7,16251.3,15811.4,24.48,86.5,4.911
35883.4,23108.7,13229.9,20.68,86.4,0.073
46303,27684.8,23404.8,23.38,74.9,0.265
30266.2,25366.1,9594.24,17.81,63.08,0.076
25451.2,16135.4,18298.2,25.17,82.1,4.912
31349,22788.6,9853.54,13.49,53.3,0.082
22715.8,13939.7,16476.6,21.34,72.7,4.916
50465.5,35045.8,38911.6,27.16,82.1,4.909
35023.6,28201.3,15005,15.62,73.5,0.083
28579.4,17970.1,10382,16.37,68.13,4.92
32419.1,19882.3,17338.8,22.68,84.6,0.282
22114.7,14103.7,11281.9,10.18,88.9,0.097
43918.4,23822.9,29408.5,21.54,80.4,4.916
43016.9,25528.3,25546.6,13.58,73.9,0.073
31893.7,21835.4,26890,27.8,53.55,4.908
32158,17872,17581.9,19.14,41.39,0.086
21428,11705.6,9478.41,18.81,69.32,0.18
38999.6,27410.1,30191.8,36.49,21.18,4.934
36339.7,24524.1,24727,26.59,70.2,4.919
24180.8,13542.2,16354.9,14.95,88.2,0.072
27378.5,20800.4,14764.3,20.51,65.94,0.072
37484.1,23302.9,13294.1,28.76,41.88,4.935
43876.7,26923.8,25867.5,23.57,60.34,4.92
46545.6,28594.9,35036,24.7,82.7,4.926
22290.5,16400.1,10458.6,14.78,67.19,0.082
21006.8,15523.8,9784.39,13.66,76.2,0.083
22584.3,13798.2,14232.3,3.541,80.8,0.085
29660.3,17281.5,18507.3,10.88,43.11,0.087
39278,25717,24695.2,25.03,67.26,4.924
32623,19511.9,15856.2,21.42,60.19,0.271
36100.7,24371.3,22293.7,25.11,48.35,4.926
32935.9,17632.2,18381.9,28.37,31.93,0.08
38997.6,24582.5,23908.4,20.76,86.5,0.069
32749.4,21155,15388.9,14.54,69.24,0.084
44630.5,27702.1,19217.5,21.33,66.43,0.081
38875.3,21490,25792,15.77,83.5,0.074
29081.3,20117.4,21649.7,22.82,49.95,4.903
24131.2,12563.3,16704,12.88,85.2,0.079
39842.6,23642,26461.1,23.42,44.6,0.083
32336.3,19077.8,16285.7,26.04,47.55,0.322
30385.4,21295.9,21709.8,25.72,89.5,4.91
40605.2,21827.3,27520,15.63,82.4,0.072
22740.7,18642.5,6816.81,13.28,81.5,0.077
42392.6,24511.4,26336.5,20.57,86.1,0.067
44006.7,24404.6,18604.7,23.78,49.85,4.924
32854,20842.1,15344.5,20.37,72.5,4.913
39168,19950,22372.3,17.6,72.7,4.914
21739.7,13265.7,13937.3,10.06,76.1,0.086
46169.3,29100,35493.9,31.69,35.85,4.915
26404.1,16792.7,11491,7.03,88.3,0.089
27109.8,16599.4,11971.5,8.65,86.6,0.082
33046.9,21442.8,16222.5,23.28,69.59,0.068
34031.2,22075.5,16702.8,21.36,70.9,4.922
31042.7,18153.7,19085.8,16.89,86.7,0.073
31044.9,26529.6,9000.72,17.95,64.42,0.084
24871,13565.5,12465.2,19.86,85,0.069
28315.8,14429.9,16726.9,20.03,58.15,4.924
32104.9,20377.7,16253.9,22.03,69.76,0.068
30908.4,19787.2,14440.5,10.16,72.6,0.08
21481.4,16915.6,8977.67,16.21,67.22,0.072
21645.6,17213.9,9427.13,12.44,47.4,0.078
36419.1,23937.8,12979,23.62,66.66,0.068
40194.7,34151.6,15581.3,13.57,68.48,0.084
33628.3,20619.2,15210.4,25.69,53.18,0.071
32261.6,26702.7,14221.4,10.78,88,0.084
39335.4,33270.2,17083.4,20.26,40.03,0.084
39887.7,22980.9,23364.9,20.48,82,0.066
40754.7,28298.2,27548.1,29.74,59.55,4.901
32868.9,18314.3,14875.6,22.64,66.79,0.071
22393.8,17981.4,8304.58,16.02,86.2,0.073
36572.3,28703.3,20368.2,19.52,65.81,0.076
32216.3,19796.3,17576.7,21,43.58,0.083
34888.6,20918.1,17681.5,21.51,52.95,0.084
39243.2,24795.8,18486.1,23.02,82.3,4.915
27996.3,17893.7,21118,24.84,50.16,4.916
35576.8,19924.6,20410.2,17.88,72.9,0.071
32492.8,25601.7,9490.52,12.26,81.2,0.086
26417.9,14676.3,12984.8,14.88,69.46,4.919
30616.7,16548.3,20421.8,15.2,88,0.068
46982.8,27819.5,27116.3,21.07,44.94,0.082
36599.6,23152.9,18720,21.18,68.27,4.92
22750.8,17713.6,8356.63,13.65,86.6,0.078
30103.1,17933.1,17478.2,26.24,41.47,0.083
30916.9,25449.2,10652.5,19.6,49.11,0.083
43279.1,31150.7,16278.5,12.76,48.26,0.079
42489.2,23868.3,26082.6,15.46,62.62,0.083
31901.5,26460.7,17551.8,21.46,66.04,0.072
35814.1,22410.4,11415,22.25,78,0.125
33052.6,20220.7,15514.8,15.34,60.85,0.074
24267.6,16464,11351.3,12.74,79.5,0.079
31521.9,16258.7,18676.4,15.53,82.4,0.072
23848.9,15043.9,11049.7,10.92,81.1,0.077
31362.7,19386,15086,11.26,65.43,0.085
26257.7,14459.9,12967.4,20.93,70.7,4.92
25663.7,16187.2,11543.2,13.82,65.3,4.912
21561.8,10770.1,9960.86,14.33,75,4.913
34846.7,19702.7,14503,24.63,62.99,4.93
41602.1,27281,32246.4,24.31,83.7,4.922
38567.5,22576.8,24828.4,17.16,53.77,0.085
46143.7,25948.4,21592.6,24.75,42.31,4.925
22873.8,17821.5,9542.17,5.481,85.4,4.916
37099.7,22272.2,14286.2,25.75,45.55,0.084
26780.2,15369.2,12473.1,20.69,59.35,4.917
22092.3,16899.2,10074.2,13.32,70.5,0.081
40143.8,24477.8,25012,12.97,75.9,0.076
31765,19088.5,18609.2,18.47,88.4,0.069
33747.7,25947.5,10710.4,20.01,42.39,0.087
44579.6,23938.9,26401.5,22.59,63.58,0.078
28946.4,17890.6,18125.2,7.76,89.8,0.075
42882.7,25316.7,26727.6,12.62,86.7,0.07
34847,23027.8,25251.2,31.66,32.19,4.927
38436.5,33404.1,15587,14.18,81.9,0.083
27659.5,16705.2,14344.1,19.96,88.3,0.353
35384.6,16856.2,23621.8,15.9,81,0.072
36589.2,21719.5,16614.7,22.95,56.79,4.923
31270,25583.3,9363.75,16.65,56.84,0.089
39166.5,33205.3,16462.9,13.39,58.44,0.078
23124,18451.1,9306.12,14.28,74,0.076
23979.8,13457.2,12717.7,22.82,88.1,4.917
44732.9,26760.4,25710.1,20.6,64.35,4.917
20730.9,16158.2,17033,24.04,81.7,4.914
34978.5,27847.9,16134.9,16.68,82.7,0.073
22229.7,17243.3,9225.45,12.11,82.2,0.085
34063,19246.2,14514.7,23.06,57.73,4.933
29623.7,18900.9,18333.6,14.1,64.02,0.086
29093.4,19803.8,24552.3,27.31,43.31,0.078
31998.6,19518.3,16298.7,17.43,42.93,0.086
34925.5,23392.5,12453.7,21.54,64.27,4.923
39572,25815.8,25808.7,27.46,56.43,4.923
27186.7,15546.5,12179.5,21.58,56.95,4.92
31935.2,19411.6,16794.2,18.04,62.38,0.087
43114.6,25754.4,25697.1,13.12,75.9,0.074
42562.7,25884.1,25409,11.72,79.2,0.089
37367.6,24037.2,16253.9,20.51,60.96,0.07
38677.8,21929.3,23318.7,17.16,86.9,0.067
38836.9,33013.6,16695.9,12.72,78.9,0.073
27534.7,16302.2,16732,16.74,63.54,0.082
30745.2,20106.5,17431.6,33.63,13.81,4.567
46819.9,31021.5,40338.1,26.65,75.2,4.911
28366.8,18496,13679.3,15.64,57.74,0.084
34906.6,22354.4,13364.1,23.36,63.83,0.083
37694.9,25113.9,15320.8,21.35,87.2,0.3
38817.7,28921.6,26404.5,30.15,46.12,4.905
25484.4,20049.1,7393.04,10.82,87.3,0.079
43905.8,25991.7,19089.1,25.03,59.69,4.921
38695.4,30216.9,16458.8,17.45,64.05,4.923
44426.4,26458.4,25511.9,14.33,67.71,0.085
25024.1,13864.8,15988.4,12.04,78.8,0.082
33187.7,17806.8,17728.9,23.96,43.47,0.078
25416.6,14852.8,11208.2,20.25,84.9,0.246
44455.9,26507.7,25628.5,18.33,76.9,0.069
32775.9,19104,14920.7,21.23,79.2,4.919
31389.1,20938.5,22997.9,24.34,81.6,4.921
46880.4,29121.2,19480.1,20.36,88.9,0.069
38459.7,27043.7,30003.8,25.57,87.9,4.909
24329.6,11984.1,11525.8,15.97,84.4,0.074
28710.8,16476.9,13138,18.72,85.9,4.919
35428,21200.4,18565.8,21.02,57.66,0.081
31002.3,25281.4,9381.03,16.69,58.28,0.076
47799.7,32806.8,36811,23.27,60.19,4.908
28178.5,23180.6,14833.7,15.52,88.6,0.072
30258.5,24318.6,17534.5,19.62,68.61,0.069
39469.2,24624.9,16731.4,25.06,48.85,0.082
22460.9,12531.3,11327.6,21.43,69.56,0.079
43860.2,30186.1,39645.2,28.91,37.62,4.92
28189.4,18490.4,12767.6,16.57,84.2,4.917
39996.6,24824.3,23908.3,14.57,64.56,0.078
29624.6,24314.9,13682.9,16.98,79.6,0.08
47818.9,32544.5,37268.5,32.94,14.5,4.904
30306.2,24427,13580.1,19.22,87.8,0.072
27727.4,14887.6,18164.4,14.96,87.1,0.072
30923.8,20035.3,13971.1,20.14,79.2,4.918
35921.2,25237.3,13591.7,27.74,45.82,4.924
27793.3,16911,13120.3,21.53,71.7,0.274
31625.1,19871.1,15537.5,14.29,65.07,0.083
40057.9,27530.3,26037.4,29.21,43.08,0.072
27429.8,16493.3,14103.3,15.56,86,0.072
26012.3,20030.6,12300.7,19.18,74.5,0.069
32795.4,22100.4,11228.2,26.11,45.12,4.924
19451.8,11717.6,13099.9,15.59,76.7,0.078
29372.2,17741.8,22195.2,27.1,56.2,4.921
33575.7,27682.1,13939,14.38,78.5,0.083
22713.8,16780.2,10427,18.95,78,0.07
25586,16267.2,11876,17.82,84.3,4.913
29501.7,15290,11508.4,14.06,64.57,0.083
22191.9,13283.9,13754.5,15.28,67.16,0.08
32052.2,19535.6,15659.1,12.22,62.16,0.088
26397.9,14879,11890.7,18.63,87.8,4.919
21156.5,12390.3,10039.5,10.4,74.1,0.082
35869.7,22569.2,20210.2,24.06,61.85,0.057
25028.1,20568.3,11057.9,9.27,80.6,0.082
22588.5,13236.5,14304.5,10.36,73.8,0.087
43511.5,24242,26377.8,20.72,78.7,0.075
42135,24778,17986.1,18.98,82.4,0.074
31617,20711.2,9471.61,19.07,93.2,0.069
37788.4,23945.5,22709,26.76,69.66,4.932
42450.5,33930.4,29113.3,30.47,44.16,4.908
30538.9,21486,23918.7,24.65,90.1,4.915
23586.8,13955,14804.8,16.83,72.2,4.911
31114.2,17708.1,21108.2,25.21,67.55,4.926
33332.6,20786.5,20391.7,24.35,89,4.916
42434.3,21721,28462.5,17.56,73.7,0.079
41375.4,25229.9,25964.3,20.33,60.31,4.917
28615,19215.2,23919.7,27.42,44.85,0.074
34981,29044.5,15206.7,11.51,87.6,0.081
41608.1,26874.2,25538.3,13.43,69.86,0.076
37928.1,22872.9,18055.7,15.74,66.24,0.085
32721.8,20247.7,14778.9,26.34,49.77,0.081
23269.4,13652.1,10984.7,15.7,83.6,0.085
40817.3,24553.6,24497.5,18.29,82.5,4.922
24280,14554,15435.6,14.5,64.43,0.081
33935,21011,16287.1,16.41,57.03,0.081
37511.3,20613.8,24820.4,16.1,86.4,0.072
37456,25105,27373.5,29.65,67.06,4.908
43102.4,26104.6,25506.1,14.15,75.2,0.081
28739.2,21846,9110.2,18.62,60.81,0.084
30892.8,24950,9536.61,17.63,60.78,0.087
28455.5,19891.1,22750.8,19.71,62.63,4.909
32503.7,19944.1,19699.8,13.55,66.05,0.082
43461.3,26607.9,25486.3,15.12,82.9,0.077
26445.6,21488.8,11461.2,18.88,58.11,0.078
18500.4,13598,6569.03,5.936,88,0.082
34854.1,20418.3,18191.6,20.57,49.77,4.92
35477.5,21253.5,20651.6,16.16,57.18,4.915
34676.8,29449.5,14492.2,13.66,87.1,0.075
44560.7,26735.6,25755,14.13,76.3,0.08
42748.5,25086.9,26577,13.68,69.01,0.074
22146.8,13699.7,13856.4,10.5,58.7,0.084
32058.1,19060.6,14659.7,20.76,82.3,0.077
39563.6,21365.4,25972.4,16.71,71.4,0.083
25861.6,21514.6,11709,7.9,78.4,0.083
18414.6,10264.8,10560,13.2,83.1,0.08
22731.2,17749.8,11239.9,17.88,69.11,0.086
33417.7,20735.6,15938.3,11.88,73.8,0.088
37024.1,22556,13031.5,28.33,29.35,4.921
42522.7,25342.2,25674,11.94,77.1,4.913
40346.8,34519.8,15517.9,13.54,69.11,0.085
27927.1,16503.1,13820.5,20.73,73.6,4.917
40381.5,33586.4,19367.7,19.77,77.3,0.073
25381.8,15339.9,15356.1,15.97,66.01,0.082
24012.2,18270.6,7346.94,11.77,80.4,0.083
23556.7,15645.6,16653.4,24.04,85.9,4.915
29233.8,19921.5,27022.6,27.25,40.25,4.905
37328.1,21983.9,17424.5,28.44,69.56,4.925
31181.8,20421.9,20038.6,12.57,74.9,0.089
21791.6,16724.1,9369.51,8.07,87.9,0.082
45670.4,25689.2,19328.4,24.15,49.42,4.923
34732,23684.4,11873,23.71,66.79,0.272
21390.1,15962,9000.72,15.73,74.5,0.073
37078,22172.1,22439.5,19.39,87.9,4.916
23775.2,14826.7,15047.7,9.9,76.1,0.083
44731.9,23315.9,27673.5,22.08,57.6,0.086
36159,23977.7,17938.8,22.17,65.93,4.918
44455.5,26996.3,26082.9,18.25,61.29,0.089
28942.6,16995.5,17768.7,14.85,89.3,0.067
29921.8,24602.5,10685.5,21.43,58.61,4.92
31484.7,18956.8,17815.3,19.01,69.83,0.074
32226.6,19820.9,15642.9,24.55,92.4,4.916
19005.6,13397,14076.1,17.09,50.23,0.081
45315.4,25671.5,19798.2,26.63,36.18,4.92
39559.2,26640.8,28824.1,28.29,48.18,0.068
38293.5,23265,18074.5,24.53,92.6,4.924
32675.3,26978.8,10210.8,13.95,68.98,0.081
25044,15916.2,11549.2,17.32,85.7,4.916
44783.2,26407.4,25803.4,23.59,42.43,0.083
33413,20111.6,17937.5,15.72,86.9,0.07
29045.1,17411,17431,11.37,80,0.083
26313.4,16592,11572.5,13.72,83.4,0.084
34840.4,21296.9,15903.2,25.74,64.82,0.267
35891.7,23265.3,14020.5,21.93,91.5,4.919
28886.2,23734.7,13087.2,9.43,75.1,4.922
42782.2,30440.5,32740.4,36.96,19.61,4.908
23138,12497.6,14469.7,12.54,71.3,4.918
42544.7,28891.2,26976.3,29.18,42.38,0.072
23184.8,18281.7,9893.88,7.14,89.5,0.082
33791.2,20524,15688,17.42,51.03,0.086
34048.6,19368.5,16991.1,28.6,45.82,4.924
39695,23323.2,23481.3,13.41,52.04,0.087
39809.7,28500,30137.6,33.1,33.31,4.911
38247.4,21772.1,22821.4,20.06,86.6,0.068
37538,19803.7,24503.2,11.55,85.8,0.068
44242.9,29240.5,41109.3,28.16,31.11,4.908
21698.5,16609.1,10166.7,12.91,68.22,0.087
32513.4,21113.4,16200,13.01,56.59,0.082
35465.8,23878.5,24642.7,26.34,71,4.926
44111,28925.4,36720.8,25.92,82.4,4.921
23027.3,16798.8,16151.6,21.98,78.6,4.915
26503.3,17263.2,12451.1,10.1,74.3,0.081
44561.2,27168,18750.6,20.42,80.5,4.915
37115.8,23658.2,17769.7,17.39,81.9,4.921
35286.1,23015.2,17395.8,15.9,54.69,0.079
36140.3,27786,24568.3,15.32,63.25,0.078
30649.8,20502.5,24425.8,23.85,86.2,4.914
36620.3,24360.8,26896.1,29.38,55.83,4.91
29292.2,19728.9,19072.8,15.33,59.16,0.076
45349,28019.5,19223.3,20.13,89.8,0.073
29995.2,23302.7,16352.5,22.76,75.5,0.07
44563.5,25435.8,22545.8,23.08,77.8,0.279
37590.2,24523.3,26031.3,29.26,67.99,4.906
44210.9,27157.2,26820.9,19.61,53.71,0.081
34598.3,23213.9,31842.7,32.09,35.45,4.909
29054.2,20679.8,15127.3,17.6,67.37,0.085
32039.2,25024.5,10259.5,20.25,73.1,0.073
30916.9,25605.4,10016.4,19.06,52.12,0.08
21011.9,11810.4,14172.6,20.53,89.6,4.917
24768,14030.5,12019.4,10.16,78.4,4.92
40383.7,23676.9,19704,21.91,60.35,0.27
34789.4,21453.4,18746.2,15.85,83.1,0.076
24855.4,19855.8,11074.7,14.65,55.3,0.086
26477.1,15715.2,16306.4,18.25,71.5,0.079
29284.8,20624.1,20611.9,23.22,52.86,4.924
21691.1,13812.8,13839,9.17,59.77,0.082
37239.1,24854.4,28908.5,28.54,57.93,4.91
32366.9,18324.9,11730.1,21.37,70,4.917
23436.8,16046,11136,12.62,80,0.077
22084.2,12659.9,10308,18.48,70.7,0.199
21329.3,15660,9248.5,16.18,63.94,0.087
34541.7,21184.2,16573.7,12,53.16,4.915
21152.9,16735.2,9081.39,10.29,86.9,0.083
31399.9,21886.1,14977.2,21.48,63.53,4.923
36513.6,23724.9,12237.8,24.04,47.96,0.086
22948.5,13240.1,14264,11.23,66.84,4.919
23644.3,14726.9,14277.6,16.54,89.8,4.919
27032.9,16628.9,13300.4,16.51,76.6,0.07
37067.8,23204.9,22542.2,13.36,68.56,0.086
39329.2,32444.6,17974,22.11,58.14,0.074
40053,25016.6,24298.3,20.3,89.2,0.066
24109.4,15366.6,15348.4,9.08,67.28,0.079
32595.9,19660.7,19437.1,18.17,88,0.072
27401,17690,11304.1,16.93,78.7,4.911
35193.8,29205.4,15678.1,16.9,63.84,0.079
34182.3,22302.2,17309.1,21.88,68.94,4.919
32378.6,15922,16531,19.85,53.1,0.084
21541.8,13500.9,11864,17.77,89.8,0.072
34808,21343.4,17198.5,19.22,61.2,0.088
24108.1,14807.9,13475.4,18.32,89.6,0.07
24676.9,15089.2,11659.6,15.38,87.7,0.069
28199.1,18623.4,19290.3,19.71,46.88,4.904
40863.1,23412.8,25164.5,10.99,56.05,0.085
23166,17951.5,10988.9,18,69.05,0.082
26270.4,14968.8,13338,19.89,72.9,0.35
42856.9,25664.4,25517.7,19.9,61.15,0.08
33817.2,22837.2,16755.3,24.7,34.67,4.92
32309.4,20073.2,19666.7,28.57,43.6,4.921
39152.7,28424.1,30661.8,26.6,63.8,4.911
41347,29206.3,38199.2,28.19,61.82,4.908
37980.4,23029.5,20830.5,28.61,34.29,4.918
45026,23986.6,28782.5,17.53,74.6,0.076
33593.6,20802.9,15761.7,22.65,71.8,4.922
34061.8,20958.1,16620.7,15.78,69.93,0.077
38825.9,33168.5,16249.7,14.03,70.1,0.085
41668.9,25433.4,24908,12.58,48.85,0.086
23841.8,18664.6,9461.7,7.33,88.6,0.085
30872.6,19032.8,17805.8,19.58,87,0.073
31058.5,25233.5,11045.8,19.99,64.08,0.087
38651.8,23747.4,23553,18.46,85.7,4.92
44897.5,25723.9,27961.1,20.77,84.9,0.068
26996.8,15990.4,13061.5,20.57,69.56,0.274
24358.9,18999.7,7127.97,12.22,80.5,4.928
31898.7,20768.4,16227.5,16.5,66.69,0.072
23059.1,12195.8,9725.52,20.34,77.7,4.917
23201.2,14429.3,11915.6,11.12,79.6,0.083
24880,19710.7,11352.3,19.78,81.7,0.068
26153.2,14478.4,12908.9,14.27,71.4,4.918
36209.3,22287.3,17320.8,28.17,30.66,0.077
43800.5,22536.6,24404.5,11.44,84.1,0.075
37166.2,20266.3,19571.2,20.79,68.3,4.922
45940.1,27404.2,27707.1,20.98,85.3,0.068
43260.7,34350.2,37292.5,28.11,73.9,4.904
24266.4,12645.6,15902.2,14.43,56.04,0.083
31649.4,17015.9,16397.4,15.05,50.2,4.918
30845.3,18157.2,16362.2,21.87,75.7,4.918
34750.7,22453.2,18573.8,23.57,66.13,0.068
36662.3,20615.2,18506,13.62,69.08,0.081
19556.9,12652.1,7818.8,9.92,86.6,4.938
30484,19541.8,24763.2,24.18,73.4,4.91
24449.5,15224.3,11496.8,9.96,53.09,0.082
45803,27343.7,26141.5,19.3,84.2,0.07
30198.7,17090.6,16447,22.63,70.4,0.07
25847.6,15945.5,15321.1,17.72,77.3,0.067
43807.6,26451.1,25364.8,12.07,81.8,0.072
28567.1,16227.9,14983,19.42,70.8,0.071
22370.4,16057,11706.2,15.78,92.4,0.076
33690.3,26346.5,10609.6,20.15,70.5,0.082
21886.8,12711.2,14182.9,8.71,75,0.084
20611.4,16425.9,9444.42,9.56,84.6,0.088
24664.5,13311.2,16209.5,15.23,87.2,0.069
18683.8,10933.7,10330.7,15.48,75.7,0.08
30870.8,17060.7,14838.3,23.07,44.68,4.92
36252.3,29837.6,16863.6,19.15,68.88,0.076
28946.2,17509.8,21970.7,27.02,56.84,4.918
36197.5,23478.6,14044,22.3,88.4,4.916
22315.2,12147.2,11679.5,20.82,79.5,0.071
39591.2,27747,26085.5,26.8,86.1,4.909
23932.8,12845.6,15872,15.02,79.3,0.081
28077,17460.2,17574.9,16.48,56.68,0.081
33591.8,20323.2,17268.4,17.8,56.39,0.083
24662.3,15454.1,15250.1,10.7,68.16,0.075
43661.9,23645.6,28736,17.82,77.8,0.08
33146.4,17728.7,18123.6,22.09,42.94,0.087
34920.2,29445.8,16053.8,8.09,68.49,0.079
32731.1,20633.4,16441.4,13.98,46.81,0.085
36356.9,30592.6,19009.2,16.36,87.4,0.073
33552.8,21005.6,16557.1,24.32,47.45,0.068
28416,17829.1,17338.3,17.94,85.4,4.919
36696.4,22485.1,12786.4,28.08,29.58,4.921
23385.6,18955.5,10418.2,8.75,79.9,0.079
38159.2,26363.3,29305.6,25.84,39.02,4.909
32731.3,19957.2,17927.2,21.41,86.8,0.348
21987.7,17074,11612.5,12.56,77,0.082
36344.6,29346.7,15944.1,15.6,75.3,0.08
23455.4,11463.5,15005.1,13.55,90.2,0.07
45920.7,27276.9,23169.4,23.43,82.1,0.282
42666.2,28784.8,29726.9,22.5,70.7,4.911
22220.7,17888,8876.35,12.77,86.5,4.912
40275.2,28746.8,27518,33.68,24.97,4.905
34094.3,21497.6,16687.7,24.56,46.09,0.084
28168.1,19192.7,11624.1,13.28,82.8,0.073
23374.8,16665.6,17541.8,15.89,89.2,0.066
37844.4,19639,16722.6,24.34,37.78,4.923
43549.7,25738.9,26885.9,19.92,71.8,4.915
23230.8,17944.2,12011.6,13.68,86.2,0.083
28946,24736.4,12826.9,12.8,74.3,0.073
32881,20604.9,17384.5,18.03,56.56,0.079
31208.5,18946.8,15291.4,21.65,65.46,0.29
35675.2,21285.4,22772.9,13.7,80.8,0.086
19754,11851.4,12581.1,16.86,68.4,0.08
48330.6,25331,28492.8,21.56,59.04,4.923
44147.3,25686.5,28303.8,21.67,56.85,0.082
26209.9,15329.9,12243.6,17.13,63.42,4.918
40332.3,33995.5,19298.3,19.93,76.1,0.071
22527.5,13634,14316.1,15.47,62.98,0.079
34828.5,19856.5,17199,13.77,76.2,0.074
24937.6,15472.3,15410.2,14.39,62.02,0.083
20246.2,16066.1,8697.83,18.81,86.9,0.069
30834.4,17565.9,18467.4,20.35,80.8,0.075
27210.6,13206.2,12559.8,21.13,79.4,0.068
26565.2,17275.5,12406.2,17.08,83.2,4.917
32721.7,21153.7,19155.5,16.68,68.02,0.072
22541.5,17747.1,9576.87,19.2,79.6,0.069
34805.1,21014.6,15967.7,14.85,75.6,0.089
40479.3,23673.2,20668.9,22.6,80.5,0.257
28832,19398.9,19621.3,25.08,93.4,4.908
27059.7,17114.6,12367.7,11.39,81.5,0.089
30859.9,19897.3,14940.6,21.79,44.31,0.08
25309.3,12314.1,14423.3,16.05,84.7,0.072
22024.6,17765.7,7581.69,19.84,75,0.069
43749.2,25564.7,24718.8,12.97,54.57,0.082
24060.6,15957,18322.3,23.85,40.55,4.905
25527.7,14403.8,18695.9,25.42,89.5,4.914
26301.3,16093.7,17437.1,15.45,71.4,0.082
42799,25790.9,25249.2,13.65,83.6,0.071
24290,13719.5,15085.2,10.42,88.8,0.08
36070,31301.6,15431.5,12.03,80,0.085
46359.7,29050.7,27388.1,25.54,33.8,0.071
41157.2,25081.1,24427.5,19.37,84.3,4.921
21162.5,12638.3,14070.4,14.96,69.44,0.076
48095.7,31819,43314.5,26.94,66.59,4.907
27225.8,16570.2,17117.9,9.53,50.45,0.09
39446.1,25629.1,25920,28.1,64.94,4.923
22060.4,15378.8,15458.9,15.8,91.5,0.067
29661.1,19986.1,24522.2,27.38,27.68,4.906
38032.4,24016.2,13615.1,25.98,42.39,0.082
39169.2,32790.5,17598.1,19.1,66.51,0.085
26977.2,16110.6,16771.1,16.29,59.45,4.922
21158.9,15973,9818.97,12.94,63.05,0.078
23598,12831,15214.5,14.33,87.1,0.07
32271.9,21049.2,16290.1,16.05,59.7,0.079
36708.9,20963.8,23660.3,20.12,85.9,0.067
27857,23223.1,11443.9,17.4,55.01,0.086
36042.9,21870.7,16798.1,18.13,48.13,0.076
38406.1,23281.5,20663.1,16.81,49.87,0.08
28398.6,17023.3,14879.5,19.51,67.42,0.16
37944.3,22756.2,24375.9,13.98,53.99,0.087
31286.6,20255.1,18002.9,21.18,58.88,0.072
32194.7,23722,17105.8,14.93,74.8,0.072
31453.1,17772.2,12261.2,17.72,65.8,4.914
32768.1,18461.9,23092.4,14.98,87,0.083
26871.6,17716.2,10656.3,17.29,89.7,4.937
23076.6,13243.8,14015,11.77,69.81,0.084
37726.8,23449.2,26160.2,13.03,65.19,0.086
22170.3,12036.1,7446.57,16.57,89.7,4.915
43704.3,26928.9,25613.5,14.75,62.99,0.085
42250.6,24765.9,21233.7,22.94,79.8,0.257
32356.7,22157.3,15682.6,25.05,31.33,4.921
32105.3,17288.8,16828.9,17.54,50.01,4.917
41426,28754.4,27951.3,26.25,89.4,4.908
39469.7,25017.5,22769.2,27.1,65.59,4.92
45697.7,25944.7,22045.7,24.07,63.59,0.263
33123.2,20289.2,14811.4,18.74,60.39,4.923
23507.2,19095.4,7571.67,6.094,87.8,0.086
22918,11533.1,13395.6,12.91,73.2,0.085
34370.8,21122.2,16996.3,13.29,40.1,4.922
45189.9,27089.8,27394,21,85.7,0.068
21541.8,13240.9,9992.55,19.12,91.4,4.92
28990.7,16106.4,15767.6,22.12,72.7,0.068
26905.2,16031,16236.4,16.26,65.61,0.081
26840.1,16577.2,9401.58,15.8,69.1,4.921
23750.9,15129.5,15163.4,9.65,58.43,0.083
22322.4,13467.5,10324.9,18.35,89.5,4.918
25478.9,14653.9,11327.4,16.85,90.3,4.913
41994.9,29932.8,25658.2,29.68,48.86,4.907
24343.3,14991.3,18520.6,20.84,89,4.918
37967.4,24006.3,24346.1,25.37,75.7,4.927
38308.7,32807.6,16555.1,14.16,81.6,0.074
28385.8,16675.3,13449.8,21.07,88.7,4.911
33956,21899.4,22390.2,28,49.17,4.927
37497.2,22625.4,20718.3,27.33,30.09,4.924
34050.3,20634.5,12985,24.57,55.85,4.918
38649.4,33466.7,16704.9,12.43,68.46,0.08
33593.9,21913.7,16985.1,15.34,60.2,0.085
35246.3,18270.7,20322.6,13.91,81.6,0.08
26257.7,15638.7,14479.4,20.95,58.69,4.922
31264.1,18948.5,13766.8,18.04,88.1,4.919
26632.1,17932.8,11525.8,20.09,69.72,4.922
27439.7,16620.7,16507.7,12.85,78.5,0.078
23150.3,13503.7,14289.7,9.83,82.5,0.074
31998.6,17577.1,16450.4,26.3,43.78,4.936
25569.2,20971.5,11745.5,17.36,53.92,0.075
19415.6,10125.2,9870.15,10.74,92.5,0.081
38395.7,23565.4,17942.1,25.8,87.8,4.922
40936.9,34556.6,16290,13.46,63.89,0.074
43180.9,26131.8,26407.4,21.7,78.2,0.066
33788.4,20535,19489.2,18.01,62.15,0.089
24870,20229.5,6909,10.83,72.9,0.08
42481.6,25390.9,26862.3,21.01,81.7,0.065
23249.2,17371.5,10698.8,18.97,77.7,0.071
24644.7,16836.5,11699.5,13.87,58.53,0.082
31793.2,25958.9,9623.05,13.5,45.06,0.077
34064,20181.3,18333.1,22.12,48.92,0.089
24138.3,15268.1,11803.7,8.52,89,0.082
30488.5,17367.6,13685.1,21.65,67.32,0.284
22320,18130.2,7315.66,10.08,68.16,0.082
22990.1,18800.9,6759.18,10.92,71.8,0.085
29532.7,19339.7,11455.3,21.45,88.3,4.912
20299.9,11103.1,13428.2,19.85,90.3,4.915
25521.3,17434.2,19310.5,26.44,44.42,0.075
46861.4,28721.6,19976.2,21.29,62.36,0.09
37498.9,19994.3,25925.8,14.47,89.7,0.071
29031.9,15479.6,13621.4,15.5,57.51,0.076
25837.4,18467.8,13493.2,19.58,54.25,0.08
22754.8,12874.9,12084.4,10.52,80.7,0.086
26195.9,16189,13207.3,13.21,89.4,4.922
34657.2,21530.7,17690.6,13.04,58.2,0.086
33593.9,21665.7,17158.6,16.7,59.2,0.082
32819.7,21161,15352.3,15.39,74.3,0.081
33766.4,18201.6,22743.3,14.86,87.8,0.071
25354.2,16424.5,14905.1,15.9,78.2,0.074
36237.6,20119,28390.3,29.32,54.6,4.908
42284.7,27945.6,28077,33.53,33.52,4.908
21818.8,14009.9,10855.4,16.45,89.5,4.92
44262.1,29145.6,36241,28.19,29.88,4.915
27237.5,12306.7,14504.7,14.4,90,0.069
29016.2,21319.3,18780.6,22.09,74.8,0.069
34425.2,21230.5,15932.9,16.06,77.8,0.093
25878.5,17548.1,16376.2,23.71,87.3,4.911
22070.6,13415.5,10826.2,19.07,69.82,0.075
29107.7,21451.2,18870.4,19.34,71.7,4.917
38868.4,33105.9,16272.7,14.97,78.3,0.072
38357.4,23496.9,19404.6,25.25,86.6,4.923
26353.3,14407.5,12802.6,21.64,84,4.916
32243.7,19913.4,15421.9,21.33,55.91,0.08
36209.4,25777.8,24273.9,25.38,87.1,4.907
44405.5,26805,25593.5,19.16,85.3,0.068
42149.1,22839.1,27549.1,14.96,87.3,0.065
40055.4,33017.4,17355.2,20.87,69.47,0.07
26499.7,19048.5,13707.6,15.84,77.7,0.082
25039,15337.4,11138.3,15.69,71.5,4.915
29000.8,22678.1,10412.5,16.53,63.65,0.083
23076.6,13225.5,14101.9,13.4,62.45,4.918
39009.2,23127.4,17367.5,23.27,57.65,4.924
23878.5,14936.2,15579.8,9.11,79.2,0.093
30783,17401.9,17326.6,25.57,32.72,4.917
39937.3,25602.5,31631.8,33.46,33.05,4.913
36114.7,22434.5,12755.5,22.48,75.8,4.917
28189.7,16061.5,16145.7,22.67,70.2,0.068
21776.2,13626.7,14625.5,4.769,75.6,0.082
36809.2,21218.3,20015.9,20.53,76.5,0.291
22022.8,18679.3,7012.73,10.86,53.5,0.076
29126.2,21362,17898.8,21.24,63.58,0.07
24190.7,16167.7,16768.4,25.05,93,4.909
27457.7,16046.9,12517.9,16.91,63.49,4.92
34200.8,22488.8,12302,21.41,65.74,4.921
29760,24032.2,13035.2,13.13,78.9,0.076
39944.6,32827.7,17187.5,20.99,69.28,0.072
42516.6,24572.6,25575.6,13.78,47.5,0.085
29283.2,15058.6,17197.3,23.68,67.44,4.919
21770.8,13097.9,13934,7.85,88.3,0.082
22903.6,10785.3,15133.1,15.17,86.5,0.073
39086.2,23011.4,23982.5,17.37,50.38,0.084
35904.4,22453.2,13261.5,32.23,26.98,4.923
36276.6,21895.6,19678.5,21.85,77.4,0.068
49556.4,31875.9,42615.6,30.05,31.11,4.918
36511.5,23747.4,17658.9,20.61,66.03,0.072
44096.9,26841.3,24846.2,15.1,61.23,0.082
35757.4,22746.5,12576.3,27.3,41.55,4.921
34401.4,21698.5,16585.3,13.32,77.6,4.922
33650.8,22340.4,17534.7,15.47,77.4,0.082
23448.2,15421.5,18099.4,25.96,47.88,0.077
26996.8,18224.5,9296.02,20.73,79.7,0.31
29925.5,23421.9,9150.54,14.38,75.9,0.082
22802,12485.1,13905,11.06,70.1,0.089
43102,24354.9,26309,17.35,66.82,4.924
20129.6,13615.8,13596.1,11.17,77.8,0.076
23653.7,15264.4,15238.6,8.39,86.7,0.085
23875.9,14593.3,14483.9,12.2,79.5,4.92
33741.6,19902.6,16727.3,17.98,57.87,0.087
31402.7,26241.9,11420.8,17.33,74.7,0.084
46914.7,28223.7,20298.3,23.18,82.3,4.92
39126.2,33300,17135.4,17.77,64.25,4.922
43789.4,25980.5,25023.6,15.29,77.9,0.065
21049.4,16775.7,9651.86,6.793,80.7,0.083
44778,24719.8,28288,16.8,65.1,0.08
34584.3,19086.9,18344.1,13.78,47.35,0.085
23738.6,13532.9,11131,10.31,84.6,0.085
32326.8,20520.4,20226.6,9.3,86.3,0.086
23646,15216.5,16147.3,24.27,82.8,4.916
34317.1,20102.2,16329,29.04,43.88,4.92
37225.8,30354.8,32628,27.48,76.4,4.909
36880.6,22748,21547.3,27.06,64.32,4.926
26620,17361.4,17821.7,23.52,83,4.917
46596.8,28266,19427.6,23.69,53.62,0.092
35087,21163.7,18763.6,20.84,57.39,0.085
36382.9,22256.2,19211.6,25.6,36.64,0.071
48637.2,34137.3,40259.8,25.5,55.95,4.906
39760,33329.8,20252.5,20.37,76.2,0.067
23491.5,13316.7,14837.1,11.88,80.8,0.083
30746.4,17686.3,15919.6,16.1,41.69,0.086
30753.1,18179.6,15034.2,13.48,72.3,0.086
29418.1,16447,12073.1,22.09,78.1,4.917
31434.2,25196.7,9974.55,16.05,62.15,0.085
34972.3,29566.1,16574.5,16.64,84.3,0.07
21745.8,14680.9,15105.5,8.04,80.4,0.087
36949.8,19302.4,22883.2,23.94,48.92,0.082
22813.7,18325.9,6857.14,12.21,79.7,4.923
37089.6,23759.3,14202.9,24.1,53.65,0.278
47296.3,27866.4,19450.9,24.89,61.32,4.925
33873.7,20762.2,17773.5,14.79,62.58,0.077
30291,20335.1,11590.6,19.86,84.6,4.915
25257.3,14313.9,12714.4,22.56,46.09,4.933
37113.8,30797.1,17071.8,19.24,70.9,0.07
32905.5,17590.2,18348.4,24.28,50,0.084
26652.7,15298.1,12390.8,21.58,52.68,4.918
21679,13980.5,14116.6,8.47,86.9,0.089
33653.5,21614.9,15636,19.62,78.1,4.919
44081,27698.5,26914.7,11.85,67.08,0.085
29846.1,22784.8,21907.3,24.43,78.2,4.913
24218.5,18373.4,10854.7,14.58,84.5,4.915
32870.9,19907.6,15718.6,14.27,56.96,4.917
32451.9,20016.3,17629.1,21.22,41.81,0.085
29739.8,21204.6,21625.6,27.22,36.05,4.905
29813.5,20760.4,14161,20.49,67.9,4.918
28269.4,17920.2,18273.1,20.38,78.9,4.91
48051,31291.1,39711.5,26.89,62.99,4.91
35302.8,21351.1,19757.7,20.38,71.7,4.922
31587.3,21421.3,22245.5,21.39,74.4,4.911
29366.2,21209.5,17939.3,20.92,63.51,0.073
41396.8,25327.2,23322.4,23.27,66.42,0.314
31416,24346.1,8689.56,9.68,94.1,0.086
42583.1,22817.1,27828.4,16.09,86.3,0.072
39150.2,22834.9,23949.8,20.24,88.4,0.067
28107.3,18838.9,13642.4,8.8,85,0.084
43842.1,25480.7,28705.5,21.77,80,0.065
33640.9,21499.7,17793,26.54,47.4,4.914
40991.3,26686.4,27403.6,27.82,66.92,4.925
29672.9,15410.4,18097.8,19.93,59.15,4.924
26802.3,17309.1,12453.7,19.28,82,4.918
27761.3,17866.3,16522.1,17.11,84.5,4.921
25646,14617,12637.9,20.26,71.3,0.348
30366.3,18501.8,17809.7,24.47,91.7,4.915
27996.3,19674.7,20419.1,27.51,40.65,0.075
35704.4,20252.8,23311.8,24.65,67.41,4.919
23126.2,18048.3,10386.5,16.96,56.14,0.087
36059,23878.5,25215.1,26.84,71.1,4.921
32170.6,20802.9,15403.1,24.61,75.1,0.298
42060.3,23480.5,25083.9,12.55,71.7,0.082
38332.3,32392.6,20032.8,17.05,85.3,0.068
22693.7,13269.3,13943.1,9.79,83,0.084
30260.7,19648.1,24980.1,22.5,52.66,4.919
40351.5,24281.3,18511.4,23.3,43.82,4.926
25898,16331.9,15793.4,17.79,84.6,4.917
30641.5,15844.4,18053.8,21.17,51.72,0.087
39277.4,23751.8,24794.6,19.18,87.8,0.069
35385.6,23780.9,16731.4,22.12,67.42,4.917
24626.4,14655.3,13650.3,8.63,88.9,0.086
24135.4,16575.6,11508.4,11.83,83.5,0.076
31856.9,19962.3,14958.6,15.18,56.21,0.079
35705.7,20764.1,20900.4,18.98,89.4,4.92
31230.8,25668.6,17465.1,20.44,58.71,0.072
34498,20148.3,18955.6,15.44,85.8,0.065
24155.2,11820.7,14667.1,14.91,78.5,4.913
24240,18974.4,9085.3,13.87,85.6,0.083
32108.5,21570.1,12570.5,21.42,68.83,0.08
23701.8,13701.2,14173.5,10.7,87.7,0.079
29625.6,23960.2,13288.3,17.39,57.81,0.078
28915.6,23053.7,8689.56,15.59,67.29,0.073
27070.1,14616.3,18711.3,16.4,83.2,0.07
44168.2,22189,25031.6,15.13,76.1,0.078
24431.9,19518.9,7698.44,6.205,88,0.083
31270,25542.8,11011.8,14.25,66.68,0.086
34191.3,21850.7,16098.5,25.59,57.34,0.073
33086.5,22629.1,30348.5,24.43,60.19,4.905
34686,21995.9,12908.9,22.64,70.3,0.088
33323.9,21899.4,15585.5,22.93,71.6,4.917
38485.2,27526.5,26187.8,34.81,22.14,4.908
25920,19937.6,11086.3,18.88,81.3,0.068
19357.1,10059.5,10688,13.31,88.1,0.079
36283.7,20390.2,23453.1,15.7,67.33,0.079
20025.2,11114.6,10776.8,11.8,71.7,0.082
33961.1,19126.4,14550,23.29,57.33,4.931
24645.7,14456.1,12761.4,20.54,73.9,4.917
21063.3,13482.4,10989.5,18.11,79.3,0.078
22500.8,13869.5,13807.7,11.4,85.2,0.075
25550.4,15930.6,9749.05,19.23,66.86,0.296
31243.1,24314.9,15180.7,13.18,87.8,4.918
28774.5,20294,8337,19.95,81.5,4.913
23040,12267.1,13912.3,12.25,85.3,0.081
41900.3,24817,25095.1,8.92,56.03,0.086
36567.4,22839.3,17833.7,27.33,77.1,4.925
42661,27660.8,35795.1,24.8,85.6,4.914
29526.2,22578.1,8298.8,16.28,67.72,4.923
44972.1,25448.9,26036.6,19.72,84.5,0.068
22631.2,12948.3,13806.6,10.69,72.7,0.084
24273.4,15795.8,12258.5,20.26,85.9,0.068
32892.3,27066.9,17025.5,20.18,66.24,0.072
22637.1,14095.4,13257.3,14.54,90.2,0.072
43712.5,26210.3,25326.6,15.66,58.01,0.083
30398.2,18205.3,18032.4,25.66,92.7,4.908
32174.2,20958.1,16232.2,16.21,59.33,0.08
22460.9,12754.2,10598.9,16.7,91.1,0.072
49621.7,35809.9,39934.8,30.77,61.22,4.903
26631.2,17255.7,17310.1,20.81,50.76,4.91
25308,19677.2,7110.68,7.8,93.9,0.08
31513.2,20303.4,14726.5,18.08,77.7,4.921
31272.9,21570.8,15701.2,15.32,66.84,0.083
39410.8,23234,18067.3,16.45,60.17,0.082
30926.7,18586.6,15412.4,15.04,80.9,0.086
37864.6,32376.8,16146,14.8,53.58,0.079
24375.8,11926.8,14701.9,14.8,76.9,4.91
21932.3,17397.5,9449.64,12.09,77.4,0.073
25356.6,16016.1,15408.6,18.08,87.2,4.916
42542.2,25047.7,25832.6,21.51,53.11,0.077
47099.5,31341,18721.5,21.72,53.48,0.295
23168.1,13564.7,14611.3,8.33,89.7,0.079
39661.5,33274,17204.8,11.96,64.2,4.921
40371,27000,27739.6,33.82,31.14,4.907
23917.4,14886.5,14267.1,20.14,88,0.067
34528.1,22473.4,27215.4,29.82,41.63,4.919
43376.5,25480.1,18558.1,20.86,78.3,4.921
33876.6,20338,18680.9,13.98,70.9,0.073
30905,24896.2,21069.8,25.68,76.4,4.919
39091.1,24610,17151.6,22.21,71.6,0.072
33289,19514.1,18007.3,15.76,84.2,0.074
36085.1,22899.6,11152.3,21.86,82.5,4.917
26441,17821.3,17135.5,24.45,60.49,4.901
27545.9,16995.4,11450,16.67,81.9,0.098
21165,16676.3,9755.58,7.34,87.3,0.082
26447.4,17247.3,19103.7,23.78,77.5,4.911
31030.5,17652.4,16414.8,15.78,55.37,0.085
24179.7,14367.1,15120,11.61,90.4,0.082
30110.8,24534.3,11832.3,21.09,61.44,0.072
47326.1,27632.4,33248.5,22.05,82.2,4.92
32809.1,25550.2,9790.16,19.78,43.22,0.085
33806.3,19496.3,17018.7,17.84,62.15,0.086
22114.1,15170.3,9530.85,7.09,89.2,0.084
26915.7,16905.8,11817.6,19.5,91.7,0.066
26392.6,15505.4,12862.2,16.23,80.8,0.083
29015.4,25713.2,12237.1,17.83,72.6,0.069
38159.2,24941.5,26362.4,27.89,35.91,4.903
26489.7,16658.8,12458.6,18.68,74.1,0.069
37922.7,24770.4,28186.1,26.42,79.4,4.918
31667.7,26988.8,8373.98,17.84,65.13,0.071
23199.3,13265.9,14591.6,13.23,59.95,0.085
22149.2,12207.9,14235,10.84,91.5,0.083
31396.9,20019.4,10930.1,16.18,83.7,0.081
37635,24679.2,27867.1,27.15,75.6,4.919
27595.4,22170,12636.7,13.96,71.1,0.085
33677.7,25846.1,12348.7,20.76,83.7,0.082
45991,27965.5,27949.3,20,57.39,0.084
29984.8,19626.7,17424.6,13.19,50.22,0.082
25797.2,16201.9,12149.6,18.49,76.4,0.07
40332.8,27827.8,30426.8,32.48,31.38,4.905
37784.6,31652.5,16285.3,16.83,64.49,4.923
27005.9,16079.3,16527.9,16.55,64.51,0.078
32385.8,18433.2,13440,21.56,65.33,4.924
34878.6,20831.7,20676.8,13.47,84.3,0.079
44859.3,23545.9,25905.2,22.24,64.68,0.081
41769.5,24979.2,23884.8,21.47,45.18,0.083
37194.9,20154.9,16554.2,24.28,38.14,4.918
37243.9,22474.4,17663.2,16.2,65.05,0.075
42397.7,28743,27433.7,29.29,39.81,4.904
35708.2,25781,28384.3,25.5,62.5,4.908
30300.4,24410.4,16925.5,22.9,74.9,0.07
36381.3,23019.1,13247.4,20.5,80.1,4.917
23802.9,14617,11531.8,15.64,66.63,0.079
36933.2,22703.4,18259.4,21.64,70.5,4.923
32304.2,25697.5,10066.7,17.84,57.68,0.077
23973.6,14133.7,15155.5,11.89,67.81,4.919
34419.8,23553.4,14355.9,23.61,66.86,4.989
29855.4,17696.9,21888,26.47,58.51,4.922
34987.1,22438.9,17430.5,14.64,81.4,0.08
44668.4,24834,18931.6,24.05,49.22,4.921
19563.1,13031.4,9698.31,11.52,86,4.915
27214.2,17460.2,17765.8,13.06,67.81,0.08
39159.5,24328.3,23849.6,13.4,73.4,0.085
29232.3,16342.2,20133.4,24.3,68.58,4.918
33028.1,20509.8,15514.8,22.21,50.48,0.071
33024,20574.6,16271.4,21.43,70.4,0.066
35373.8,20054.5,20659.2,24.27,67.55,4.924
29526.1,18040.1,18420.4,12.53,61.85,0.083
21743,16322.8,9444.42,17.71,66.45,0.081
21481.4,17659.4,9236.97,16.18,68.19,0.072
36639.6,25237.3,13264.9,26.72,50.18,4.924
42730.1,29301.8,27168.9,31.39,33.68,0.077
31425,19839,19209.7,20.06,63.69,0.072
31919.2,22150.6,27890.2,27.03,45.08,0.075
34270.4,22413.6,17536.5,21.97,67.77,4.917
39923,23265.6,17513.4,25.24,52.95,4.924
22655.5,17935.6,8689.56,8.15,87.6,0.079
26818.2,20254.3,15739.2,21.05,41.52,4.91
44147.3,26958.8,26401.5,21.35,78.8,0.079
25520,20175.6,13717.6,18.45,67.18,0.072
40185.7,28857,31977.9,33.01,26.18,4.904
33716.5,21923.2,15589.3,21.66,63.33,0.077
27843.2,18539.2,18183.8,24.8,53.55,4.907
25824.6,12027.4,11886.3,21.9,63.71,0.081
23696.2,14830.4,11196.1,9.03,79.8,0.086
43133.9,24910.2,26024.9,18.29,67.07,0.073
40993.6,25032.8,23786.2,18.31,78.2,0.069
28038.3,17858.8,17414.1,18.09,84.9,4.913
26326,18189.5,12184.6,17.43,82.2,4.918
35966.5,30973.9,15408.4,15.03,53.34,0.085
36936.6,22142.6,16256.3,25.53,67.69,0.26
34076.8,22707.7,21905.7,29.12,44.36,4.92
34641.9,22522.4,12990.6,22.59,73.2,0.066
32204.7,19116.1,17280,12.03,50.98,0.084
34378.7,30274.3,14486.4,16.36,55.99,0.082
39789.4,24264.8,19175.9,24.37,91.9,4.918
37917.9,23025.8,13585.1,23.62,85.9,4.916
30588.6,26621.7,10401,14.45,35.95,0.077
42806.8,25466.1,22624.7,22.57,72.9,4.922
32070.5,21012.8,16903.7,12.08,86.3,4.917
42020.5,28727.8,26326.3,28.55,47.62,4.908
31673.8,26297.1,17199,21.08,67.41,0.07
21818.8,13783.3,10977.8,18.28,87.2,4.913
21736.9,17320.7,9692.2,7.48,73.3,0.084
46525,27546.4,28209.2,23.2,50.73,4.926
24453.6,14839.9,12433.5,15.03,86.8,0.072
22592.6,17518.3,11099.8,17.79,69.18,0.084
32953,22548.5,16007.8,21.79,67.89,4.92
22844.1,18377.4,9421.37,9.11,91.3,0.081
41747.7,24362.2,25409,13.81,57.74,0.073
29816.5,20702.9,23052,25.94,87.8,4.913
51085.6,35125.7,40314,26.77,84.7,4.91
35671.9,23044.4,22461.7,10.99,66.15,0.089
35027.8,22107,16626.5,17.95,43.87,0.088
23033.6,13924.7,9925.56,18.07,87.9,0.238
34396.3,21990.1,17134.3,21.1,67.73,4.919
24022.4,14545.9,13777.7,11.44,80.7,0.085
37507.1,24435.9,24960,28.86,47.62,4.924
24719,15014.6,14597.4,15.51,83,0.082
43899.5,28449,18540.5,22.37,65.93,4.919
49033.5,34464.2,38321.8,26.45,77.8,4.902
38402.1,25314,26633.2,27.97,39.18,4.904
44469.9,26680.9,25758.1,8.84,51.22,0.082
22721.4,13254.9,13941.3,10.6,87.3,0.081
23544.3,10942.2,12069.4,12.03,67.11,0.083
29778.2,17693.6,16979.3,15.64,63.57,0.075
36015.8,23172.2,13229.9,22.7,71.2,0.066
36612.2,25623.5,17775.5,23.23,39.01,4.923
29025.8,18481.5,12868.8,10.61,73,0.087
36720,21551.4,14591.2,24.43,58.85,4.925
41479.3,24787.8,25286.1,9.5,86.3,4.912
36853.9,22556,13632.6,23.28,39.92,4.918
32116.9,26981.4,10820.2,18.85,62.53,0.071
40033.2,24900.9,24915.6,11.63,88.7,0.071
33192.5,17798.3,13194.9,25.93,52.05,4.924
35808.8,22202.5,13726.3,23.14,71.9,4.928
25201.6,16110.4,10784.7,18.03,81.7,4.914
39530.1,24609.1,24786.5,16.21,56.64,0.083
44914.1,28445.2,19100.8,21.9,72.5,0.105
36619.9,22906,23175.9,20.92,87.5,0.065
37083.2,22988.4,22181,24.07,61.72,0.306
39895.4,32965.3,17563.4,20.76,70.1,0.069
26361.1,16636.9,12471.2,19.98,79.9,4.914
41451.5,31677.7,27837,27.42,74.1,4.905
31817.5,27181.3,8908.52,12.26,62.7,0.092
39242.4,24333.6,17274.2,20.32,79.3,4.916
50219.8,34181,46604.2,27.92,33.31,4.906
25923.1,15462.5,16044,18.04,72.6,0.076
25495.3,16269.7,15976.7,15.27,78.4,0.08
41693.8,34002.1,19818.6,17.71,80.6,0.085
24317.2,13175.6,15470.5,16,80.9,0.073
34081.6,23175.9,33481.5,30.77,30.48,4.908
23759.2,12885.9,15598.5,15.27,77.5,0.084
20987.8,11847.7,10896.2,18.97,81.1,0.069
32997.2,22640.5,29324.2,24.29,51.92,4.916
22655.6,12612.8,14651.8,11.24,90.2,0.085
22876.1,12760.6,7843.4,16.54,89.2,4.916
24763.7,14696.9,11863.3,16.19,80.6,0.07
27988.1,17311.9,16636,24.37,89.8,4.918
45765.2,27354.8,25692.6,19.43,83.1,4.924
40817.5,22063.3,24052.2,28.96,60.3,4.917
25104.8,15117,15006.3,15.77,78.1,4.918
23467.8,13164.6,15348.4,13.79,89.3,0.072
34005.7,22004.2,12296.6,27.03,50.72,0.256
20921.7,15475.9,6678.51,15.61,76.1,0.083
39075.3,23212.2,24967.7,8.93,53.09,0.081
38284.5,30835.3,17793.6,18.57,66.88,4.911
33685.1,21370.2,16296.9,16.64,71.9,0.072
33747,21622.4,11263.2,19.39,87.1,4.914
22789.8,13641.3,13441.9,15.01,58.31,0.082
39505.8,22913.1,24694,15.66,58.24,4.916
22874.5,18395.8,9842.02,13.36,78.4,0.084
23357.3,14148.3,14721.3,11.23,63.75,0.083
23644.3,10974.6,11671.6,18.47,74.5,0.07
34145.1,20721,16967.4,13.73,48.45,4.916
34547.8,23172,21605.8,14.07,66.28,0.081
34016.9,21355.6,15664.9,11.24,66.11,0.083
28264.8,18677.3,10225.6,19.79,85.2,4.916
31957.4,26039.9,10262.7,15.29,49.72,0.089
24867.6,17701.2,7837.57,17.06,89.6,4.965
30174.9,25583.3,9726.77,13.7,41.89,0.076
27269.1,16769.6,21202.3,22.75,79.5,4.91
35208.5,20054.5,16730.6,21.25,48.52,0.081
43311.6,30486.1,29029,30.1,34.92,4.905
42316.5,26441.8,33734.6,25.11,58.81,4.924
25135.7,13952.7,16797.1,15.18,87.5,0.067
41417.1,26346.8,34939.6,31.08,41.38,4.91
34801.8,17402.4,17099.6,13.14,89.7,4.922
26966.1,17066.4,12039.4,20.93,63.87,0.109
42077.3,25535.6,25071.9,13.49,71.7,0.081
46863.7,28186.3,23716.6,24.88,68.59,0.265
31306.8,19815.2,25082.5,27.28,68.65,4.919
29746.1,20725.7,22937.7,19.33,60.42,4.902
36898,22922,12944,25.58,42.21,4.919
32432.3,18876.8,17699.8,24.64,56.92,0.067
29023.2,17563.7,14464,15.8,88.5,0.072
26695.1,20968.9,12868.1,20.82,66.7,0.083
48036.1,28414.6,21110.2,22.31,78.4,4.919
33180.8,19535.6,16337.3,16.68,76.7,4.912
34222.3,21139.7,16079.8,25.48,68.22,0.291
37031.2,21793.3,22507.4,10.62,82.9,0.075
31008.8,17204.9,17135.3,10.89,43.64,0.09
43328.1,25619.5,25963.4,13.44,74.7,0.076
34336.8,18483.9,22469.8,15.34,87.4,0.067
23714,13756.1,14423.2,11.71,90.8,0.074
