Date,Day_Name,Month_Name,Season,Day_of_Year,Start_Hour,End_Hour,Production
2022-12-18 00:00:00,Sunday,December,Winter,352,21,22,11400
2024-01-29 00:00:00,Monday,January,Winter,29,14,15,7917
2024-08-01 00:00:00,Thursday,August,Summer,214,15,16,8835
2020-11-10 00:00:00,Tuesday,November,Fall,315,1,2,989
2022-12-19 00:00:00,Monday,December,Winter,353,1,2,12526
2024-10-18 00:00:00,Friday,October,Fall,292,13,14,4855
2020-04-10 00:00:00,Friday,April,Spring,101,17,18,3692
2023-01-25 00:00:00,Wednesday,January,Winter,25,0,1,2156
2021-12-12 00:00:00,Sunday,December,Winter,346,12,13,5813
2020-10-11 00:00:00,Sunday,October,Fall,285,13,14,6106
2024-01-08 00:00:00,Monday,January,Winter,8,23,0,5515
2020-01-08 00:00:00,Wednesday,January,Winter,8,18,19,2785
2022-01-29 00:00:00,Saturday,January,Winter,29,20,21,8498
2021-06-02 00:00:00,Wednesday,June,Summer,153,15,16,5561
2024-06-11 00:00:00,Tuesday,June,Summer,163,7,8,2328
2020-06-05 00:00:00,Friday,June,Summer,157,21,22,6664
2021-05-02 00:00:00,Sunday,May,Spring,122,13,14,4993
2022-01-13 00:00:00,Thursday,January,Winter,13,0,1,3276
2020-07-24 00:00:00,Friday,July,Summer,206,3,4,1739
2024-08-29 00:00:00,Thursday,August,Summer,242,5,6,2083
2024-01-03 00:00:00,Wednesday,January,Winter,3,0,1,17272
2024-04-02 00:00:00,Tuesday,April,Spring,93,2,3,12285
2020-07-29 00:00:00,Wednesday,July,Summer,211,16,17,3480
2024-11-05 00:00:00,Tuesday,November,Fall,310,6,7,1690
2022-10-24 00:00:00,Monday,October,Fall,297,8,9,11508
2023-02-27 00:00:00,Monday,February,Winter,58,10,11,15692
2020-04-02 00:00:00,Thursday,April,Spring,93,15,16,4169
2020-05-13 00:00:00,Wednesday,May,Spring,134,3,4,3174
2023-11-22 00:00:00,Wednesday,November,Fall,326,14,15,7314
2021-09-11 00:00:00,Saturday,September,Fall,254,11,12,4969
2025-04-07 00:00:00,Monday,April,Spring,97,15,16,9862
2025-07-27 00:00:00,Sunday,July,Summer,208,22,23,3862
2021-03-11 00:00:00,Thursday,March,Spring,70,13,14,16144
2022-04-30 00:00:00,Saturday,April,Spring,120,16,17,8188
2023-01-19 00:00:00,Thursday,January,Winter,19,23,0,1710
2022-09-11 00:00:00,Sunday,September,Fall,254,4,5,472
2021-09-25 00:00:00,Saturday,September,Fall,268,16,17,3402
2020-08-08 00:00:00,Saturday,August,Summer,221,12,13,3996
2021-06-08 00:00:00,Tuesday,June,Summer,159,1,2,1148
2024-06-10 00:00:00,Monday,June,Summer,162,21,22,4062
2020-06-18 00:00:00,Thursday,June,Summer,170,0,1,1443
2023-05-30 00:00:00,Tuesday,May,Spring,150,17,18,13363
2022-02-17 00:00:00,Thursday,February,Winter,48,1,2,15609
2022-05-11 00:00:00,Wednesday,May,Spring,131,19,20,8878
2024-05-07 00:00:00,Tuesday,May,Spring,128,7,8,2974
2025-11-22 00:00:00,Saturday,November,Fall,326,12,13,12324
2021-04-09 00:00:00,Friday,April,Spring,99,21,22,5279
2021-12-24 00:00:00,Friday,December,Winter,358,11,12,3872
2023-03-11 00:00:00,Saturday,March,Spring,70,12,13,6406
2021-08-13 00:00:00,Friday,August,Summer,225,13,14,5323
2021-02-01 00:00:00,Monday,February,Winter,32,15,16,7166
2023-09-11 00:00:00,Monday,September,Fall,254,13,14,7117
2020-07-01 00:00:00,Wednesday,July,Summer,183,13,14,5874
2025-03-10 00:00:00,Monday,March,Spring,69,9,10,4807
2023-06-23 00:00:00,Friday,June,Summer,174,15,16,7976
2023-02-09 00:00:00,Thursday,February,Winter,40,13,14,5168
2020-05-24 00:00:00,Sunday,May,Spring,145,0,1,4384
2021-07-26 00:00:00,Monday,July,Summer,207,23,0,1465
2020-09-28 00:00:00,Monday,September,Fall,272,6,7,3962
2021-08-25 00:00:00,Wednesday,August,Summer,237,0,1,6786
2021-12-16 00:00:00,Thursday,December,Winter,350,14,15,5553
2022-03-11 00:00:00,Friday,March,Spring,70,22,23,10557
2020-04-13 00:00:00,Monday,April,Spring,104,17,18,10961
2022-10-04 00:00:00,Tuesday,October,Fall,277,23,0,2160
2025-06-12 00:00:00,Thursday,June,Summer,163,1,2,8382
2022-08-18 00:00:00,Thursday,August,Summer,230,10,11,3688
2025-10-25 00:00:00,Saturday,October,Fall,298,18,19,8209
2023-10-24 00:00:00,Tuesday,October,Fall,297,22,23,6448
2021-10-13 00:00:00,Wednesday,October,Fall,286,18,19,2194
2025-07-19 00:00:00,Saturday,July,Summer,200,11,12,10173
2021-06-01 00:00:00,Tuesday,June,Summer,152,5,6,5221
2022-06-30 00:00:00,Thursday,June,Summer,181,22,23,2181
2020-01-04 00:00:00,Saturday,January,Winter,4,5,6,3143
2020-04-23 00:00:00,Thursday,April,Spring,114,3,4,2541
2021-09-19 00:00:00,Sunday,September,Fall,262,9,10,4133
2021-02-01 00:00:00,Monday,February,Winter,32,5,6,5020
2022-07-08 00:00:00,Friday,July,Summer,189,8,9,3748
2025-07-08 00:00:00,Tuesday,July,Summer,189,13,14,13125
2021-07-07 00:00:00,Wednesday,July,Summer,188,14,15,5096
2020-01-22 00:00:00,Wednesday,January,Winter,22,15,16,4074
2025-06-28 00:00:00,Saturday,June,Summer,179,17,18,7681
2021-02-25 00:00:00,Thursday,February,Winter,56,3,4,4820
2021-05-22 00:00:00,Saturday,May,Spring,142,17,18,10961
2022-02-16 00:00:00,Wednesday,February,Winter,47,5,6,14822
2023-06-22 00:00:00,Thursday,June,Summer,173,4,5,3376
2022-06-18 00:00:00,Saturday,June,Summer,169,22,23,8199
2022-06-08 00:00:00,Wednesday,June,Summer,159,15,16,10512
2022-12-01 00:00:00,Thursday,December,Winter,335,3,4,3869
2023-04-17 00:00:00,Monday,April,Spring,107,16,17,10404
2020-12-09 00:00:00,Wednesday,December,Winter,344,9,10,3334
2023-02-07 00:00:00,Tuesday,February,Winter,38,18,19,5042
2020-09-28 00:00:00,Monday,September,Fall,272,20,21,4228
2023-02-12 00:00:00,Sunday,February,Winter,43,15,16,5718
2023-11-23 00:00:00,Thursday,November,Fall,327,2,3,2948
2024-12-12 00:00:00,Thursday,December,Winter,347,19,20,3528
2025-05-11 00:00:00,Sunday,May,Spring,131,1,2,7504
2024-05-30 00:00:00,Thursday,May,Spring,151,19,20,8561
2024-07-29 00:00:00,Monday,July,Summer,211,16,17,8215
2024-08-27 00:00:00,Tuesday,August,Summer,240,23,0,3000
2021-11-13 00:00:00,Saturday,November,Fall,317,9,10,5084
2021-09-20 00:00:00,Monday,September,Fall,263,19,20,3112
2023-02-13 00:00:00,Monday,February,Winter,44,12,13,6722
2020-11-14 00:00:00,Saturday,November,Fall,319,2,3,4362
2025-01-29 00:00:00,Wednesday,January,Winter,29,0,1,18199
2022-03-02 00:00:00,Wednesday,March,Spring,61,4,5,2961
2025-06-06 00:00:00,Friday,June,Summer,157,16,17,7448
2025-07-15 00:00:00,Tuesday,July,Summer,196,2,3,3144
2022-05-15 00:00:00,Sunday,May,Spring,135,15,16,9252
2024-06-06 00:00:00,Thursday,June,Summer,158,16,17,7935
2020-12-01 00:00:00,Tuesday,December,Winter,336,6,7,7577
2020-02-01 00:00:00,Saturday,February,Winter,32,20,21,10073
2022-12-05 00:00:00,Monday,December,Winter,339,7,8,723
2021-11-02 00:00:00,Tuesday,November,Fall,306,17,18,1723
2024-03-30 00:00:00,Saturday,March,Spring,90,15,16,7864
2020-05-07 00:00:00,Thursday,May,Spring,128,14,15,4403
2024-07-22 00:00:00,Monday,July,Summer,204,4,5,3323
2022-01-23 00:00:00,Sunday,January,Winter,23,23,0,3658
2024-04-16 00:00:00,Tuesday,April,Spring,107,8,9,14410
2021-02-02 00:00:00,Tuesday,February,Winter,33,17,18,9228
2025-04-06 00:00:00,Sunday,April,Spring,96,12,13,8484
2025-10-24 00:00:00,Friday,October,Fall,297,20,21,12993
2024-09-12 00:00:00,Thursday,September,Fall,256,19,20,4668
2021-06-01 00:00:00,Tuesday,June,Summer,152,20,21,3220
2022-06-10 00:00:00,Friday,June,Summer,161,4,5,2337
2024-05-12 00:00:00,Sunday,May,Spring,133,4,5,3727
2025-11-01 00:00:00,Saturday,November,Fall,305,1,2,13837
2022-05-29 00:00:00,Sunday,May,Spring,149,9,10,7338
2023-08-30 00:00:00,Wednesday,August,Summer,242,18,19,7641
2023-04-29 00:00:00,Saturday,April,Spring,119,20,21,2453
2022-05-22 00:00:00,Sunday,May,Spring,142,15,16,5188
2022-08-12 00:00:00,Friday,August,Summer,224,12,13,8910
2020-08-31 00:00:00,Monday,August,Summer,244,13,14,4731
2020-09-17 00:00:00,Thursday,September,Fall,261,1,2,5365
2023-05-13 00:00:00,Saturday,May,Spring,133,10,11,7155
2021-10-16 00:00:00,Saturday,October,Fall,289,15,16,4121
2022-01-04 00:00:00,Tuesday,January,Winter,4,8,9,6398
2024-11-10 00:00:00,Sunday,November,Fall,315,22,23,2532
2022-04-25 00:00:00,Monday,April,Spring,115,21,22,2493
2021-05-14 00:00:00,Friday,May,Spring,134,11,12,7152
2020-10-14 00:00:00,Wednesday,October,Fall,288,8,9,3082
2021-09-29 00:00:00,Wednesday,September,Fall,272,13,14,11398
2020-02-02 00:00:00,Sunday,February,Winter,33,2,3,6412
2021-07-10 00:00:00,Saturday,July,Summer,191,19,20,3038
2022-06-09 00:00:00,Thursday,June,Summer,160,0,1,6305
2021-12-04 00:00:00,Saturday,December,Winter,338,2,3,8913
2020-08-05 00:00:00,Wednesday,August,Summer,218,4,5,1018
2020-01-22 00:00:00,Wednesday,January,Winter,22,16,17,3930
2024-02-21 00:00:00,Wednesday,February,Winter,52,0,1,3618
2021-01-01 00:00:00,Friday,January,Winter,1,12,13,1994
2021-07-20 00:00:00,Tuesday,July,Summer,201,22,23,3054
2025-07-09 00:00:00,Wednesday,July,Summer,190,11,12,9719
2024-12-08 00:00:00,Sunday,December,Winter,343,6,7,16946
2024-10-21 00:00:00,Monday,October,Fall,295,20,21,4621
2025-07-03 00:00:00,Thursday,July,Summer,184,13,14,9835
2022-06-03 00:00:00,Friday,June,Summer,154,8,9,3026
2022-06-15 00:00:00,Wednesday,June,Summer,166,13,14,6208
2022-03-18 00:00:00,Friday,March,Spring,77,5,6,8159
2021-03-09 00:00:00,Tuesday,March,Spring,68,8,9,2948
2022-02-17 00:00:00,Thursday,February,Winter,48,19,20,8507
2021-11-11 00:00:00,Thursday,November,Fall,315,5,6,982
2020-06-06 00:00:00,Saturday,June,Summer,158,1,2,5766
2020-10-24 00:00:00,Saturday,October,Fall,298,8,9,8585
2023-09-18 00:00:00,Monday,September,Fall,261,9,10,8347
2025-11-24 00:00:00,Monday,November,Fall,328,7,8,8309
2021-09-09 00:00:00,Thursday,September,Fall,252,1,2,2685
2025-09-25 00:00:00,Thursday,September,Fall,268,18,19,3302
2021-05-12 00:00:00,Wednesday,May,Spring,132,17,18,4435
2022-06-02 00:00:00,Thursday,June,Summer,153,9,10,4378
2025-01-14 00:00:00,Tuesday,January,Winter,14,15,16,4353
2023-03-22 00:00:00,Wednesday,March,Spring,81,14,15,15456
2024-07-07 00:00:00,Sunday,July,Summer,189,19,20,4892
2021-01-28 00:00:00,Thursday,January,Winter,28,4,5,9675
2025-02-12 00:00:00,Wednesday,February,Winter,43,1,2,2685
2021-08-25 00:00:00,Wednesday,August,Summer,237,14,15,9454
2023-07-17 00:00:00,Monday,July,Summer,198,6,7,2269
2025-06-25 00:00:00,Wednesday,June,Summer,176,13,14,9397
2021-03-03 00:00:00,Wednesday,March,Spring,62,9,10,1845
2021-06-22 00:00:00,Tuesday,June,Summer,173,14,15,6749
2025-03-19 00:00:00,Wednesday,March,Spring,78,13,14,13786
2020-05-31 00:00:00,Sunday,May,Spring,152,19,20,5250
2020-02-21 00:00:00,Friday,February,Winter,52,16,17,7148
2023-06-04 00:00:00,Sunday,June,Summer,155,8,9,4706
2025-03-03 00:00:00,Monday,March,Spring,62,18,19,2282
2025-08-17 00:00:00,Sunday,August,Summer,229,12,13,11455
2020-01-03 00:00:00,Friday,January,Winter,3,21,22,4570
2023-05-19 00:00:00,Friday,May,Spring,139,18,19,8236
2021-04-03 00:00:00,Saturday,April,Spring,93,5,6,7508
2025-07-16 00:00:00,Wednesday,July,Summer,197,12,13,16160
2024-06-08 00:00:00,Saturday,June,Summer,160,5,6,2141
2022-09-29 00:00:00,Thursday,September,Fall,272,15,16,3999
2024-09-19 00:00:00,Thursday,September,Fall,263,8,9,8855
2021-05-23 00:00:00,Sunday,May,Spring,143,20,21,6519
2024-11-19 00:00:00,Tuesday,November,Fall,324,2,3,16568
2025-11-02 00:00:00,Sunday,November,Fall,306,12,13,17124
2020-03-06 00:00:00,Friday,March,Spring,66,19,20,4409
2025-09-24 00:00:00,Wednesday,September,Fall,267,14,15,10617
2021-03-06 00:00:00,Saturday,March,Spring,65,0,1,6907
2024-01-08 00:00:00,Monday,January,Winter,8,1,2,11458
2024-01-29 00:00:00,Monday,January,Winter,29,9,10,8026
2024-06-08 00:00:00,Saturday,June,Summer,160,21,22,2990
2020-09-05 00:00:00,Saturday,September,Fall,249,2,3,2313
2023-08-29 00:00:00,Tuesday,August,Summer,241,16,17,6026
2023-03-31 00:00:00,Friday,March,Spring,90,21,22,17308
2021-08-02 00:00:00,Monday,August,Summer,214,12,13,4915
2021-11-12 00:00:00,Friday,November,Fall,316,19,20,4622
2024-04-07 00:00:00,Sunday,April,Spring,98,13,14,6534
2022-08-23 00:00:00,Tuesday,August,Summer,235,20,21,692
2025-03-31 00:00:00,Monday,March,Spring,90,12,13,12441
2024-12-12 00:00:00,Thursday,December,Winter,347,23,0,3205
2023-10-30 00:00:00,Monday,October,Fall,303,14,15,6382
2025-07-13 00:00:00,Sunday,July,Summer,194,23,0,2819
2020-03-10 00:00:00,Tuesday,March,Spring,70,16,17,12787
2021-01-09 00:00:00,Saturday,January,Winter,9,3,4,2353
2021-04-02 00:00:00,Friday,April,Spring,92,2,3,7071
2022-11-24 00:00:00,Thursday,November,Fall,328,21,22,10233
2025-08-04 00:00:00,Monday,August,Summer,216,4,5,2819
2021-09-24 00:00:00,Friday,September,Fall,267,10,11,3708
2020-11-14 00:00:00,Saturday,November,Fall,319,14,15,9092
2025-02-12 00:00:00,Wednesday,February,Winter,43,11,12,3734
2024-11-18 00:00:00,Monday,November,Fall,323,17,18,7419
2025-08-25 00:00:00,Monday,August,Summer,237,11,12,7160
2025-11-11 00:00:00,Tuesday,November,Fall,315,13,14,13901
2021-09-15 00:00:00,Wednesday,September,Fall,258,9,10,2675
2022-08-21 00:00:00,Sunday,August,Summer,233,7,8,794
2025-11-14 00:00:00,Friday,November,Fall,318,3,4,10916
2022-04-30 00:00:00,Saturday,April,Spring,120,10,11,6810
2022-10-09 00:00:00,Sunday,October,Fall,282,3,4,4965
2024-04-26 00:00:00,Friday,April,Spring,117,0,1,2294
2022-03-12 00:00:00,Saturday,March,Spring,71,15,16,9696
2023-02-21 00:00:00,Tuesday,February,Winter,52,12,13,4252
2023-03-29 00:00:00,Wednesday,March,Spring,88,11,12,8491
2021-04-27 00:00:00,Tuesday,April,Spring,117,22,23,2003
2020-02-17 00:00:00,Monday,February,Winter,48,4,5,6453
2024-01-19 00:00:00,Friday,January,Winter,19,23,0,3521
2025-03-31 00:00:00,Monday,March,Spring,90,7,8,5090
2021-11-02 00:00:00,Tuesday,November,Fall,306,12,13,6192
2022-11-11 00:00:00,Friday,November,Fall,315,7,8,3461
2021-10-26 00:00:00,Tuesday,October,Fall,299,12,13,5605
2022-09-22 00:00:00,Thursday,September,Fall,265,19,20,399
2025-05-11 00:00:00,Sunday,May,Spring,131,13,14,4563
2022-01-28 00:00:00,Friday,January,Winter,28,1,2,2439
2022-11-20 00:00:00,Sunday,November,Fall,324,10,11,9228
2022-07-12 00:00:00,Tuesday,July,Summer,193,1,2,4082
2024-11-24 00:00:00,Sunday,November,Fall,329,12,13,22929
2020-02-01 00:00:00,Saturday,February,Winter,32,4,5,9131
2024-11-06 00:00:00,Wednesday,November,Fall,311,5,6,189
2021-10-28 00:00:00,Thursday,October,Fall,301,9,10,6796
2020-10-22 00:00:00,Thursday,October,Fall,296,12,13,5144
2022-03-10 00:00:00,Thursday,March,Spring,69,0,1,6808
2021-11-03 00:00:00,Wednesday,November,Fall,307,5,6,3819
2024-12-08 00:00:00,Sunday,December,Winter,343,2,3,16670
2020-06-03 00:00:00,Wednesday,June,Summer,155,5,6,631
2020-06-27 00:00:00,Saturday,June,Summer,179,11,12,9506
2021-06-04 00:00:00,Friday,June,Summer,155,3,4,1527
2020-11-17 00:00:00,Tuesday,November,Fall,322,22,23,2667
2021-10-21 00:00:00,Thursday,October,Fall,294,8,9,11321
2021-08-19 00:00:00,Thursday,August,Summer,231,23,0,940
2020-06-04 00:00:00,Thursday,June,Summer,156,23,0,2918
2023-08-14 00:00:00,Monday,August,Summer,226,11,12,7955
2024-05-13 00:00:00,Monday,May,Spring,134,3,4,2321
2024-08-11 00:00:00,Sunday,August,Summer,224,16,17,5870
2021-05-04 00:00:00,Tuesday,May,Spring,124,7,8,13322
2025-04-26 00:00:00,Saturday,April,Spring,116,11,12,4018
2020-01-21 00:00:00,Tuesday,January,Winter,21,18,19,3303
2021-11-02 00:00:00,Tuesday,November,Fall,306,19,20,2311
2023-07-29 00:00:00,Saturday,July,Summer,210,1,2,3618
2023-05-21 00:00:00,Sunday,May,Spring,141,8,9,4686
2025-02-07 00:00:00,Friday,February,Winter,38,18,19,9119
2022-07-25 00:00:00,Monday,July,Summer,206,11,12,10186
2024-10-16 00:00:00,Wednesday,October,Fall,290,16,17,11196
2022-01-11 00:00:00,Tuesday,January,Winter,11,18,19,2621
2024-04-19 00:00:00,Friday,April,Spring,110,2,3,6475
2024-07-28 00:00:00,Sunday,July,Summer,210,23,0,6281
2025-04-05 00:00:00,Saturday,April,Spring,95,18,19,8043
2022-01-04 00:00:00,Tuesday,January,Winter,4,20,21,9372
2023-07-06 00:00:00,Thursday,July,Summer,187,4,5,1028
2024-03-22 00:00:00,Friday,March,Spring,82,23,0,7326
2024-01-16 00:00:00,Tuesday,January,Winter,16,9,10,2207
2024-05-08 00:00:00,Wednesday,May,Spring,129,20,21,3372
2025-01-26 00:00:00,Sunday,January,Winter,26,19,20,19633
2020-07-20 00:00:00,Monday,July,Summer,202,7,8,3155
2024-03-02 00:00:00,Saturday,March,Spring,62,1,2,11147
2021-05-17 00:00:00,Monday,May,Spring,137,13,14,15419
2024-09-22 00:00:00,Sunday,September,Fall,266,4,5,3577
2021-07-18 00:00:00,Sunday,July,Summer,199,3,4,5140
2020-03-20 00:00:00,Friday,March,Spring,80,15,16,7700
2025-04-14 00:00:00,Monday,April,Spring,104,23,0,5469
2020-02-19 00:00:00,Wednesday,February,Winter,50,7,8,7659
2021-11-21 00:00:00,Sunday,November,Fall,325,4,5,556
2023-10-25 00:00:00,Wednesday,October,Fall,298,10,11,10951
2023-07-16 00:00:00,Sunday,July,Summer,197,19,20,5612
2020-07-22 00:00:00,Wednesday,July,Summer,204,12,13,3790
2024-03-08 00:00:00,Friday,March,Spring,68,1,2,10506
2020-12-10 00:00:00,Thursday,December,Winter,345,14,15,3341
2022-06-19 00:00:00,Sunday,June,Summer,170,8,9,7096
2024-10-23 00:00:00,Wednesday,October,Fall,297,20,21,5480
2024-06-11 00:00:00,Tuesday,June,Summer,163,23,0,2863
2021-09-09 00:00:00,Thursday,September,Fall,252,5,6,1689
2020-06-11 00:00:00,Thursday,June,Summer,163,15,16,5051
2024-06-07 00:00:00,Friday,June,Summer,159,4,5,1976
2024-03-26 00:00:00,Tuesday,March,Spring,86,23,0,8226
2022-02-09 00:00:00,Wednesday,February,Winter,40,9,10,4407
2025-02-15 00:00:00,Saturday,February,Winter,46,20,21,5334
2021-04-28 00:00:00,Wednesday,April,Spring,118,6,7,857
2020-08-27 00:00:00,Thursday,August,Summer,240,11,12,4553
2024-10-01 00:00:00,Tuesday,October,Fall,275,7,8,6398
2021-05-21 00:00:00,Friday,May,Spring,141,0,1,9704
2021-12-05 00:00:00,Sunday,December,Winter,339,22,23,4707
2022-08-01 00:00:00,Monday,August,Summer,213,14,15,6729
2022-09-18 00:00:00,Sunday,September,Fall,261,23,0,4648
2025-01-14 00:00:00,Tuesday,January,Winter,14,4,5,2738
2025-01-04 00:00:00,Saturday,January,Winter,4,9,10,4819
2020-08-23 00:00:00,Sunday,August,Summer,236,20,21,3074
2022-12-11 00:00:00,Sunday,December,Winter,345,11,12,4059
2024-07-05 00:00:00,Friday,July,Summer,187,2,3,3591
2021-07-12 00:00:00,Monday,July,Summer,193,10,11,3055
2022-12-04 00:00:00,Sunday,December,Winter,338,18,19,1267
2023-09-29 00:00:00,Friday,September,Fall,272,15,16,10069
2024-10-06 00:00:00,Sunday,October,Fall,280,10,11,7982
2023-02-27 00:00:00,Monday,February,Winter,58,20,21,11622
2021-06-06 00:00:00,Sunday,June,Summer,157,7,8,2047
2022-04-06 00:00:00,Wednesday,April,Spring,96,17,18,13616
2025-01-29 00:00:00,Wednesday,January,Winter,29,14,15,13601
2024-10-30 00:00:00,Wednesday,October,Fall,304,21,22,3374
2024-06-14 00:00:00,Friday,June,Summer,166,18,19,11508
2024-02-05 00:00:00,Monday,February,Winter,36,19,20,7217
2020-11-16 00:00:00,Monday,November,Fall,321,2,3,9712
2025-11-03 00:00:00,Monday,November,Fall,307,12,13,14275
2023-05-28 00:00:00,Sunday,May,Spring,148,22,23,9225
2020-01-24 00:00:00,Friday,January,Winter,24,22,23,628
2022-02-04 00:00:00,Friday,February,Winter,35,5,6,6025
2020-01-02 00:00:00,Thursday,January,Winter,2,18,19,5346
2022-08-30 00:00:00,Tuesday,August,Summer,242,0,1,5425
2025-11-29 00:00:00,Saturday,November,Fall,333,0,1,5241
2025-05-14 00:00:00,Wednesday,May,Spring,134,10,11,7025
2024-12-25 00:00:00,Wednesday,December,Winter,360,2,3,1698
2024-09-16 00:00:00,Monday,September,Fall,260,11,12,8063
2020-06-13 00:00:00,Saturday,June,Summer,165,2,3,3116
2025-05-26 00:00:00,Monday,May,Spring,146,10,11,10578
2022-01-29 00:00:00,Saturday,January,Winter,29,9,10,8062
2021-08-29 00:00:00,Sunday,August,Summer,241,7,8,3373
2023-08-17 00:00:00,Thursday,August,Summer,229,4,5,2138
2021-11-01 00:00:00,Monday,November,Fall,305,16,17,6650
2025-04-27 00:00:00,Sunday,April,Spring,117,13,14,4171
2020-03-25 00:00:00,Wednesday,March,Spring,85,20,21,7278
2025-11-13 00:00:00,Thursday,November,Fall,317,13,14,10055
2022-10-29 00:00:00,Saturday,October,Fall,302,9,10,8680
2025-05-12 00:00:00,Monday,May,Spring,132,3,4,2071
2021-12-26 00:00:00,Sunday,December,Winter,360,18,19,2979
2022-11-27 00:00:00,Sunday,November,Fall,331,5,6,6949
2025-06-10 00:00:00,Tuesday,June,Summer,161,19,20,4337
2020-01-14 00:00:00,Tuesday,January,Winter,14,11,12,13956
2025-04-19 00:00:00,Saturday,April,Spring,109,14,15,4692
2022-10-16 00:00:00,Sunday,October,Fall,289,4,5,3203
2025-11-08 00:00:00,Saturday,November,Fall,312,12,13,5483
2023-06-03 00:00:00,Saturday,June,Summer,154,0,1,7045
2022-12-21 00:00:00,Wednesday,December,Winter,355,4,5,5289
2022-08-15 00:00:00,Monday,August,Summer,227,6,7,2354
2025-06-14 00:00:00,Saturday,June,Summer,165,21,22,2617
2021-11-11 00:00:00,Thursday,November,Fall,315,19,20,904
2024-04-02 00:00:00,Tuesday,April,Spring,93,19,20,9355
2024-12-03 00:00:00,Tuesday,December,Winter,338,0,1,6322
2021-08-18 00:00:00,Wednesday,August,Summer,230,10,11,4153
2022-02-18 00:00:00,Friday,February,Winter,49,0,1,6361
2020-06-15 00:00:00,Monday,June,Summer,167,9,10,3227
2020-06-06 00:00:00,Saturday,June,Summer,158,3,4,5774
2022-10-31 00:00:00,Monday,October,Fall,304,6,7,3071
2023-08-02 00:00:00,Wednesday,August,Summer,214,18,19,18182
2023-06-08 00:00:00,Thursday,June,Summer,159,6,7,4578
2024-04-21 00:00:00,Sunday,April,Spring,112,15,16,10808
2025-11-02 00:00:00,Sunday,November,Fall,306,9,10,11230
2023-01-11 00:00:00,Wednesday,January,Winter,11,22,23,15390
2020-03-19 00:00:00,Thursday,March,Spring,79,11,12,3951
2025-08-17 00:00:00,Sunday,August,Summer,229,8,9,6183
2020-08-07 00:00:00,Friday,August,Summer,220,6,7,2021
2025-11-22 00:00:00,Saturday,November,Fall,326,9,10,8243
2025-09-04 00:00:00,Thursday,September,Fall,247,5,6,6876
2020-07-22 00:00:00,Wednesday,July,Summer,204,10,11,2606
2021-04-26 00:00:00,Monday,April,Spring,116,3,4,9366
2021-08-19 00:00:00,Thursday,August,Summer,231,4,5,1485
2022-10-25 00:00:00,Tuesday,October,Fall,298,14,15,5213
2020-04-06 00:00:00,Monday,April,Spring,97,9,10,6188
2023-07-08 00:00:00,Saturday,July,Summer,189,15,16,8194
2020-05-10 00:00:00,Sunday,May,Spring,131,10,11,2276
2020-01-17 00:00:00,Friday,January,Winter,17,1,2,9434
2024-01-10 00:00:00,Wednesday,January,Winter,10,9,10,2524
2022-03-29 00:00:00,Tuesday,March,Spring,88,14,15,4278
2022-12-07 00:00:00,Wednesday,December,Winter,341,14,15,3789
2024-06-06 00:00:00,Thursday,June,Summer,158,1,2,1268
2020-01-30 00:00:00,Thursday,January,Winter,30,6,7,6684
2020-08-18 00:00:00,Tuesday,August,Summer,231,9,10,1797
2024-12-12 00:00:00,Thursday,December,Winter,347,7,8,3380
2022-04-04 00:00:00,Monday,April,Spring,94,23,0,8520
2025-10-13 00:00:00,Monday,October,Fall,286,4,5,6073
2024-06-18 00:00:00,Tuesday,June,Summer,170,4,5,2793
2022-05-10 00:00:00,Tuesday,May,Spring,130,6,7,2478
2023-04-26 00:00:00,Wednesday,April,Spring,116,15,16,4624
2021-06-16 00:00:00,Wednesday,June,Summer,167,2,3,1499
2021-09-03 00:00:00,Friday,September,Fall,246,6,7,2094
2025-04-07 00:00:00,Monday,April,Spring,97,3,4,6184
2020-07-21 00:00:00,Tuesday,July,Summer,203,8,9,3014
2022-05-12 00:00:00,Thursday,May,Spring,132,10,11,4025
2022-12-22 00:00:00,Thursday,December,Winter,356,11,12,13135
2024-10-08 00:00:00,Tuesday,October,Fall,282,22,23,13096
2021-06-13 00:00:00,Sunday,June,Summer,164,5,6,2592
2021-03-09 00:00:00,Tuesday,March,Spring,68,22,23,2083
2022-01-03 00:00:00,Monday,January,Winter,3,17,18,8634
2025-02-15 00:00:00,Saturday,February,Winter,46,21,22,5507
2021-12-03 00:00:00,Friday,December,Winter,337,13,14,13277
2021-05-07 00:00:00,Friday,May,Spring,127,8,9,3061
2025-06-27 00:00:00,Friday,June,Summer,178,2,3,3511
2020-02-01 00:00:00,Saturday,February,Winter,32,11,12,11252
2020-07-01 00:00:00,Wednesday,July,Summer,183,20,21,4054
2023-05-01 00:00:00,Monday,May,Spring,121,20,21,3856
2025-07-08 00:00:00,Tuesday,July,Summer,189,18,19,8997
2021-02-18 00:00:00,Thursday,February,Winter,49,20,21,6214
2022-11-28 00:00:00,Monday,November,Fall,332,13,14,5047
2021-07-01 00:00:00,Thursday,July,Summer,182,17,18,3901
2023-11-15 00:00:00,Wednesday,November,Fall,319,20,21,4554
2021-01-14 00:00:00,Thursday,January,Winter,14,10,11,8411
2020-05-27 00:00:00,Wednesday,May,Spring,148,11,12,5832
2020-04-16 00:00:00,Thursday,April,Spring,107,21,22,1491
2020-06-29 00:00:00,Monday,June,Summer,181,16,17,10010
2024-04-02 00:00:00,Tuesday,April,Spring,93,6,7,13175
2022-05-08 00:00:00,Sunday,May,Spring,128,1,2,4285
2023-12-29 00:00:00,Friday,December,Winter,363,15,16,13922
2024-03-15 00:00:00,Friday,March,Spring,75,3,4,10445
2021-06-07 00:00:00,Monday,June,Summer,158,6,7,1268
2020-03-31 00:00:00,Tuesday,March,Spring,91,17,18,10262
2021-09-13 00:00:00,Monday,September,Fall,256,1,2,2586
2023-01-16 00:00:00,Monday,January,Winter,16,14,15,16385
2021-02-01 00:00:00,Monday,February,Winter,32,20,21,3405
2022-09-13 00:00:00,Tuesday,September,Fall,256,5,6,1654
2023-07-29 00:00:00,Saturday,July,Summer,210,15,16,11966
2020-08-09 00:00:00,Sunday,August,Summer,222,16,17,3364
2021-09-23 00:00:00,Thursday,September,Fall,266,1,2,1404
2021-03-18 00:00:00,Thursday,March,Spring,77,9,10,4597
2024-01-13 00:00:00,Saturday,January,Winter,13,0,1,2503
2023-06-27 00:00:00,Tuesday,June,Summer,178,6,7,2239
2023-12-15 00:00:00,Friday,December,Winter,349,0,1,2968
2023-06-12 00:00:00,Monday,June,Summer,163,19,20,3168
2020-12-14 00:00:00,Monday,December,Winter,349,6,7,8437
2023-05-04 00:00:00,Thursday,May,Spring,124,13,14,11275
2022-01-06 00:00:00,Thursday,January,Winter,6,11,12,5010
2023-05-05 00:00:00,Friday,May,Spring,125,6,7,2188
2021-03-24 00:00:00,Wednesday,March,Spring,83,19,20,2191
2020-11-06 00:00:00,Friday,November,Fall,311,5,6,6584
2025-10-13 00:00:00,Monday,October,Fall,286,0,1,7395
2025-04-09 00:00:00,Wednesday,April,Spring,99,22,23,11401
2022-06-13 00:00:00,Monday,June,Summer,164,3,4,3888
2020-12-06 00:00:00,Sunday,December,Winter,341,0,1,3896
2022-12-26 00:00:00,Monday,December,Winter,360,23,0,5200
2022-07-07 00:00:00,Thursday,July,Summer,188,18,19,8067
2021-09-27 00:00:00,Monday,September,Fall,270,16,17,10010
2024-01-29 00:00:00,Monday,January,Winter,29,18,19,7099
2024-03-25 00:00:00,Monday,March,Spring,85,21,22,8820
2022-12-27 00:00:00,Tuesday,December,Winter,361,9,10,4677
2021-12-03 00:00:00,Friday,December,Winter,337,18,19,11102
2023-04-04 00:00:00,Tuesday,April,Spring,94,15,16,10833
2024-03-28 00:00:00,Thursday,March,Spring,88,7,8,15504
2022-12-23 00:00:00,Friday,December,Winter,357,0,1,11216
2025-04-27 00:00:00,Sunday,April,Spring,117,22,23,3364
2020-04-20 00:00:00,Monday,April,Spring,111,0,1,5506
2022-10-17 00:00:00,Monday,October,Fall,290,12,13,6996
2025-01-02 00:00:00,Thursday,January,Winter,2,0,1,12035
2020-07-24 00:00:00,Friday,July,Summer,206,15,16,6901
2020-11-21 00:00:00,Saturday,November,Fall,326,10,11,4830
2022-08-22 00:00:00,Monday,August,Summer,234,19,20,2515
2022-12-29 00:00:00,Thursday,December,Winter,363,4,5,11261
2022-11-11 00:00:00,Friday,November,Fall,315,23,0,4623
2021-07-15 00:00:00,Thursday,July,Summer,196,23,0,5085
2020-06-29 00:00:00,Monday,June,Summer,181,18,19,8918
2020-11-02 00:00:00,Monday,November,Fall,307,17,18,8515
2022-06-08 00:00:00,Wednesday,June,Summer,159,14,15,10122
2020-11-27 00:00:00,Friday,November,Fall,332,1,2,1637
2022-03-01 00:00:00,Tuesday,March,Spring,60,18,19,1775
2025-08-19 00:00:00,Tuesday,August,Summer,231,16,17,6355
2022-11-13 00:00:00,Sunday,November,Fall,317,22,23,2673
2025-11-06 00:00:00,Thursday,November,Fall,310,21,22,2696
2022-07-13 00:00:00,Wednesday,July,Summer,194,12,13,6334
2021-12-27 00:00:00,Monday,December,Winter,361,9,10,8156
2021-10-25 00:00:00,Monday,October,Fall,298,20,21,3029
2023-09-12 00:00:00,Tuesday,September,Fall,255,4,5,705
2023-04-02 00:00:00,Sunday,April,Spring,92,4,5,8890
2021-09-28 00:00:00,Tuesday,September,Fall,271,2,3,2108
2024-05-17 00:00:00,Friday,May,Spring,138,14,15,7184
2025-11-13 00:00:00,Thursday,November,Fall,317,1,2,12913
2020-10-13 00:00:00,Tuesday,October,Fall,287,16,17,5579
2021-02-17 00:00:00,Wednesday,February,Winter,48,22,23,7964
2020-10-09 00:00:00,Friday,October,Fall,283,18,19,3322
2025-02-19 00:00:00,Wednesday,February,Winter,50,20,21,7629
2021-11-16 00:00:00,Tuesday,November,Fall,320,16,17,1087
2020-12-30 00:00:00,Wednesday,December,Winter,365,23,0,5476
2022-07-14 00:00:00,Thursday,July,Summer,195,14,15,8923
2023-03-19 00:00:00,Sunday,March,Spring,78,13,14,7895
2024-07-24 00:00:00,Wednesday,July,Summer,206,11,12,6845
2024-10-31 00:00:00,Thursday,October,Fall,305,20,21,1073
2023-05-09 00:00:00,Tuesday,May,Spring,129,19,20,7431
2021-03-09 00:00:00,Tuesday,March,Spring,68,6,7,2088
2024-05-06 00:00:00,Monday,May,Spring,127,20,21,3270
2022-10-26 00:00:00,Wednesday,October,Fall,299,17,18,3223
2021-12-07 00:00:00,Tuesday,December,Winter,341,12,13,11221
2024-05-05 00:00:00,Sunday,May,Spring,126,23,0,2081
2023-04-23 00:00:00,Sunday,April,Spring,113,18,19,14741
2022-11-02 00:00:00,Wednesday,November,Fall,306,19,20,7737
2021-03-14 00:00:00,Sunday,March,Spring,73,15,16,13538
2021-11-29 00:00:00,Monday,November,Fall,333,10,11,3702
2025-06-14 00:00:00,Saturday,June,Summer,165,14,15,4546
2024-04-28 00:00:00,Sunday,April,Spring,119,9,10,7916
2020-05-13 00:00:00,Wednesday,May,Spring,134,1,2,3264
2025-06-04 00:00:00,Wednesday,June,Summer,155,16,17,8625
2024-06-23 00:00:00,Sunday,June,Summer,175,12,13,4144
2024-01-24 00:00:00,Wednesday,January,Winter,24,10,11,15539
2021-10-14 00:00:00,Thursday,October,Fall,287,4,5,1720
2021-10-08 00:00:00,Friday,October,Fall,281,23,0,5380
2023-03-17 00:00:00,Friday,March,Spring,76,23,0,6418
2023-08-28 00:00:00,Monday,August,Summer,240,5,6,2801
2022-09-07 00:00:00,Wednesday,September,Fall,250,12,13,7186
2023-12-23 00:00:00,Saturday,December,Winter,357,11,12,15819
2023-08-05 00:00:00,Saturday,August,Summer,217,10,11,11382
2023-05-28 00:00:00,Sunday,May,Spring,148,23,0,9894
2022-07-20 00:00:00,Wednesday,July,Summer,201,1,2,3765
2023-01-18 00:00:00,Wednesday,January,Winter,18,2,3,4661
2024-09-29 00:00:00,Sunday,September,Fall,273,2,3,1731
2024-02-23 00:00:00,Friday,February,Winter,54,12,13,16403
2021-10-04 00:00:00,Monday,October,Fall,277,23,0,7024
2025-10-20 00:00:00,Monday,October,Fall,293,0,1,13425
2023-03-24 00:00:00,Friday,March,Spring,83,8,9,12405
2020-07-23 00:00:00,Thursday,July,Summer,205,18,19,1954
2020-05-13 00:00:00,Wednesday,May,Spring,134,23,0,7165
2022-09-06 00:00:00,Tuesday,September,Fall,249,23,0,2214
2021-02-17 00:00:00,Wednesday,February,Winter,48,7,8,7775
2021-05-29 00:00:00,Saturday,May,Spring,149,12,13,6169
2024-07-25 00:00:00,Thursday,July,Summer,207,21,22,2257
2022-04-16 00:00:00,Saturday,April,Spring,106,20,21,6001
2020-07-28 00:00:00,Tuesday,July,Summer,210,5,6,4107
2021-05-31 00:00:00,Monday,May,Spring,151,19,20,3587
2024-06-27 00:00:00,Thursday,June,Summer,179,21,22,4170
2021-10-23 00:00:00,Saturday,October,Fall,296,22,23,3701
2022-11-22 00:00:00,Tuesday,November,Fall,326,20,21,10307
2020-03-26 00:00:00,Thursday,March,Spring,86,20,21,4960
2020-08-09 00:00:00,Sunday,August,Summer,222,7,8,963
2025-11-23 00:00:00,Sunday,November,Fall,327,22,23,6568
2022-06-17 00:00:00,Friday,June,Summer,168,3,4,3147
2020-09-06 00:00:00,Sunday,September,Fall,250,6,7,1309
2023-01-08 00:00:00,Sunday,January,Winter,8,12,13,13363
2020-05-27 00:00:00,Wednesday,May,Spring,148,2,3,4422
2023-12-29 00:00:00,Friday,December,Winter,363,12,13,15941
2022-01-06 00:00:00,Thursday,January,Winter,6,3,4,2846
2025-03-08 00:00:00,Saturday,March,Spring,67,0,1,10805
2023-06-25 00:00:00,Sunday,June,Summer,176,16,17,8815
2023-10-31 00:00:00,Tuesday,October,Fall,304,12,13,11825
2021-04-18 00:00:00,Sunday,April,Spring,108,7,8,2893
2020-05-05 00:00:00,Tuesday,May,Spring,126,14,15,6849
2023-05-03 00:00:00,Wednesday,May,Spring,123,9,10,7624
2023-09-03 00:00:00,Sunday,September,Fall,246,19,20,5905
2024-10-25 00:00:00,Friday,October,Fall,299,21,22,1798
2022-05-11 00:00:00,Wednesday,May,Spring,131,6,7,3550
2025-01-30 00:00:00,Thursday,January,Winter,30,14,15,8803
2020-04-29 00:00:00,Wednesday,April,Spring,120,5,6,4808
2020-04-03 00:00:00,Friday,April,Spring,94,5,6,2053
2020-05-14 00:00:00,Thursday,May,Spring,135,1,2,7248
2020-08-22 00:00:00,Saturday,August,Summer,235,9,10,7218
2021-04-24 00:00:00,Saturday,April,Spring,114,19,20,6192
2025-06-26 00:00:00,Thursday,June,Summer,177,17,18,14166
2020-10-07 00:00:00,Wednesday,October,Fall,281,20,21,4044
2020-02-11 00:00:00,Tuesday,February,Winter,42,13,14,14541
2024-10-21 00:00:00,Monday,October,Fall,295,23,0,6386
2022-08-07 00:00:00,Sunday,August,Summer,219,8,9,5411
2021-01-08 00:00:00,Friday,January,Winter,8,7,8,1043
2020-03-27 00:00:00,Friday,March,Spring,87,12,13,5875
2022-09-14 00:00:00,Wednesday,September,Fall,257,13,14,6213
2021-02-09 00:00:00,Tuesday,February,Winter,40,17,18,5404
2021-04-25 00:00:00,Sunday,April,Spring,115,5,6,8275
2022-12-20 00:00:00,Tuesday,December,Winter,354,1,2,13886
2023-03-15 00:00:00,Wednesday,March,Spring,74,8,9,3420
2024-01-09 00:00:00,Tuesday,January,Winter,9,18,19,3646
2021-06-05 00:00:00,Saturday,June,Summer,156,15,16,5731
2024-11-28 00:00:00,Thursday,November,Fall,333,22,23,4321
2020-04-28 00:00:00,Tuesday,April,Spring,119,3,4,3006
2025-10-08 00:00:00,Wednesday,October,Fall,281,2,3,730
2025-07-24 00:00:00,Thursday,July,Summer,205,12,13,8701
2021-05-18 00:00:00,Tuesday,May,Spring,138,20,21,3351
2023-04-07 00:00:00,Friday,April,Spring,97,6,7,1998
2022-02-28 00:00:00,Monday,February,Winter,59,18,19,2179
2023-11-03 00:00:00,Friday,November,Fall,307,23,0,10599
2021-04-28 00:00:00,Wednesday,April,Spring,118,23,0,2245
2023-10-22 00:00:00,Sunday,October,Fall,295,19,20,1963
2023-12-04 00:00:00,Monday,December,Winter,338,16,17,14332
2023-03-12 00:00:00,Sunday,March,Spring,71,10,11,11363
2024-06-10 00:00:00,Monday,June,Summer,162,16,17,9028
2023-12-07 00:00:00,Thursday,December,Winter,341,7,8,7243
2020-01-11 00:00:00,Saturday,January,Winter,11,13,14,6243
2022-06-20 00:00:00,Monday,June,Summer,171,18,19,6057
2021-12-09 00:00:00,Thursday,December,Winter,343,12,13,6822
2021-10-22 00:00:00,Friday,October,Fall,295,4,5,2148
2023-08-18 00:00:00,Friday,August,Summer,230,12,13,7556
2020-08-26 00:00:00,Wednesday,August,Summer,239,15,16,10494
2023-05-17 00:00:00,Wednesday,May,Spring,137,1,2,7393
2024-12-10 00:00:00,Tuesday,December,Winter,345,14,15,9436
2023-09-04 00:00:00,Monday,September,Fall,247,16,17,10840
2023-06-15 00:00:00,Thursday,June,Summer,166,21,22,2306
2021-01-12 00:00:00,Tuesday,January,Winter,12,6,7,12614
2021-04-23 00:00:00,Friday,April,Spring,113,7,8,5325
2020-05-28 00:00:00,Thursday,May,Spring,149,21,22,4838
2023-04-17 00:00:00,Monday,April,Spring,107,0,1,3728
2020-01-12 00:00:00,Sunday,January,Winter,12,6,7,7023
2024-11-29 00:00:00,Friday,November,Fall,334,4,5,7114
2025-04-28 00:00:00,Monday,April,Spring,118,20,21,4319
2020-06-10 00:00:00,Wednesday,June,Summer,162,10,11,3435
2025-02-15 00:00:00,Saturday,February,Winter,46,17,18,3299
2023-03-25 00:00:00,Saturday,March,Spring,84,18,19,9938
2021-10-04 00:00:00,Monday,October,Fall,277,19,20,4512
2023-08-03 00:00:00,Thursday,August,Summer,215,6,7,11952
2022-08-27 00:00:00,Saturday,August,Summer,239,1,2,2886
2021-02-08 00:00:00,Monday,February,Winter,39,17,18,1809
2023-02-05 00:00:00,Sunday,February,Winter,36,16,17,10704
2021-04-27 00:00:00,Tuesday,April,Spring,117,21,22,1594
2021-12-08 00:00:00,Wednesday,December,Winter,342,1,2,10646
2022-09-29 00:00:00,Thursday,September,Fall,272,21,22,1181
2025-08-14 00:00:00,Thursday,August,Summer,226,0,1,3432
2023-08-12 00:00:00,Saturday,August,Summer,224,8,9,2514
2022-04-25 00:00:00,Monday,April,Spring,115,0,1,3834
2025-03-12 00:00:00,Wednesday,March,Spring,71,6,7,2812
2023-01-02 00:00:00,Monday,January,Winter,2,23,0,4165
2021-06-23 00:00:00,Wednesday,June,Summer,174,23,0,2524
2024-01-27 00:00:00,Saturday,January,Winter,27,14,15,5047
2022-04-19 00:00:00,Tuesday,April,Spring,109,12,13,5004
2020-11-02 00:00:00,Monday,November,Fall,307,6,7,11975
2025-02-25 00:00:00,Tuesday,February,Winter,56,22,23,11904
2025-09-30 00:00:00,Tuesday,September,Fall,273,4,5,1402
2023-03-18 00:00:00,Saturday,March,Spring,77,22,23,3908
2020-11-25 00:00:00,Wednesday,November,Fall,330,7,8,6287
2020-11-11 00:00:00,Wednesday,November,Fall,316,15,16,3805
2022-05-26 00:00:00,Thursday,May,Spring,146,5,6,3427
2020-04-27 00:00:00,Monday,April,Spring,118,20,21,2041
2021-07-26 00:00:00,Monday,July,Summer,207,6,7,1744
2024-07-01 00:00:00,Monday,July,Summer,183,7,8,2190
2022-10-13 00:00:00,Thursday,October,Fall,286,12,13,6261
2021-04-09 00:00:00,Friday,April,Spring,99,18,19,5113
2021-10-10 00:00:00,Sunday,October,Fall,283,0,1,2713
2023-04-22 00:00:00,Saturday,April,Spring,112,11,12,8274
2022-01-22 00:00:00,Saturday,January,Winter,22,23,0,1705
2024-10-06 00:00:00,Sunday,October,Fall,280,21,22,8155
2020-05-04 00:00:00,Monday,May,Spring,125,4,5,772
2022-11-06 00:00:00,Sunday,November,Fall,310,5,6,7347
2024-08-16 00:00:00,Friday,August,Summer,229,12,13,8933
2020-12-15 00:00:00,Tuesday,December,Winter,350,16,17,2633
2021-01-04 00:00:00,Monday,January,Winter,4,19,20,3018
2022-02-17 00:00:00,Thursday,February,Winter,48,15,16,14562
2020-02-22 00:00:00,Saturday,February,Winter,53,7,8,8585
2025-02-03 00:00:00,Monday,February,Winter,34,12,13,6618
2022-05-16 00:00:00,Monday,May,Spring,136,12,13,7824
2025-03-20 00:00:00,Thursday,March,Spring,79,15,16,8861
2021-10-08 00:00:00,Friday,October,Fall,281,17,18,6180
2025-01-11 00:00:00,Saturday,January,Winter,11,4,5,2047
2024-10-29 00:00:00,Tuesday,October,Fall,303,3,4,1443
2021-05-25 00:00:00,Tuesday,May,Spring,145,8,9,9963
2022-04-20 00:00:00,Wednesday,April,Spring,110,18,19,4079
2023-07-28 00:00:00,Friday,July,Summer,209,20,21,4401
2022-01-25 00:00:00,Tuesday,January,Winter,25,8,9,376
2024-11-12 00:00:00,Tuesday,November,Fall,317,0,1,8295
2021-07-02 00:00:00,Friday,July,Summer,183,4,5,524
2022-04-30 00:00:00,Saturday,April,Spring,120,22,23,4244
2024-03-18 00:00:00,Monday,March,Spring,78,6,7,2178
2023-12-28 00:00:00,Thursday,December,Winter,362,23,0,13532
2023-04-04 00:00:00,Tuesday,April,Spring,94,22,23,4225
2022-06-19 00:00:00,Sunday,June,Summer,170,19,20,7351
2021-10-27 00:00:00,Wednesday,October,Fall,300,12,13,5370
2025-01-24 00:00:00,Friday,January,Winter,24,16,17,14158
2021-06-22 00:00:00,Tuesday,June,Summer,173,21,22,3591
2021-07-25 00:00:00,Sunday,July,Summer,206,18,19,5105
2021-12-01 00:00:00,Wednesday,December,Winter,335,7,8,13835
2020-03-01 00:00:00,Sunday,March,Spring,61,20,21,8419
2024-03-28 00:00:00,Thursday,March,Spring,88,4,5,14967
2020-01-03 00:00:00,Friday,January,Winter,3,22,23,4207
2024-11-25 00:00:00,Monday,November,Fall,330,23,0,6573
2023-05-05 00:00:00,Friday,May,Spring,125,15,16,8449
2025-04-27 00:00:00,Sunday,April,Spring,117,5,6,4156
2024-05-21 00:00:00,Tuesday,May,Spring,142,17,18,6724
2023-10-17 00:00:00,Tuesday,October,Fall,290,18,19,7943
2023-05-15 00:00:00,Monday,May,Spring,135,15,16,12236
2024-04-20 00:00:00,Saturday,April,Spring,111,7,8,6623
2024-04-28 00:00:00,Sunday,April,Spring,119,21,22,3181
2022-06-17 00:00:00,Friday,June,Summer,168,8,9,3818
2021-03-26 00:00:00,Friday,March,Spring,85,16,17,10584
2023-10-07 00:00:00,Saturday,October,Fall,280,7,8,2231
2025-02-02 00:00:00,Sunday,February,Winter,33,13,14,5898
2025-07-28 00:00:00,Monday,July,Summer,209,6,7,3946
2025-10-25 00:00:00,Saturday,October,Fall,298,8,9,12427
2020-12-02 00:00:00,Wednesday,December,Winter,337,3,4,4378
2022-06-10 00:00:00,Friday,June,Summer,161,10,11,6486
2024-11-17 00:00:00,Sunday,November,Fall,322,19,20,5733
2022-11-13 00:00:00,Sunday,November,Fall,317,23,0,3184
2024-06-17 00:00:00,Monday,June,Summer,169,23,0,2344
2020-10-27 00:00:00,Tuesday,October,Fall,301,4,5,5881
2025-05-06 00:00:00,Tuesday,May,Spring,126,22,23,9412
2023-07-01 00:00:00,Saturday,July,Summer,182,6,7,7665
2023-11-10 00:00:00,Friday,November,Fall,314,0,1,12598
2024-07-04 00:00:00,Thursday,July,Summer,186,15,16,8892
2021-06-15 00:00:00,Tuesday,June,Summer,166,2,3,2314
2025-08-09 00:00:00,Saturday,August,Summer,221,2,3,1411
2023-10-18 00:00:00,Wednesday,October,Fall,291,8,9,11434
2022-05-23 00:00:00,Monday,May,Spring,143,15,16,11353
2020-09-27 00:00:00,Sunday,September,Fall,271,6,7,11628
2021-04-15 00:00:00,Thursday,April,Spring,105,0,1,5536
2023-11-05 00:00:00,Sunday,November,Fall,309,18,19,13494
2022-11-03 00:00:00,Thursday,November,Fall,307,23,0,10983
2021-05-02 00:00:00,Sunday,May,Spring,122,11,12,4597
2024-02-20 00:00:00,Tuesday,February,Winter,51,1,2,3775
2024-07-11 00:00:00,Thursday,July,Summer,193,15,16,6569
2025-10-23 00:00:00,Thursday,October,Fall,296,2,3,18020
2021-06-26 00:00:00,Saturday,June,Summer,177,10,11,3463
2023-01-26 00:00:00,Thursday,January,Winter,26,7,8,2785
2024-04-21 00:00:00,Sunday,April,Spring,112,5,6,5440
2024-02-07 00:00:00,Wednesday,February,Winter,38,20,21,10078
2023-11-19 00:00:00,Sunday,November,Fall,323,19,20,12727
2020-01-14 00:00:00,Tuesday,January,Winter,14,5,6,11947
2025-10-10 00:00:00,Friday,October,Fall,283,10,11,6209
2020-05-06 00:00:00,Wednesday,May,Spring,127,12,13,5389
2023-06-11 00:00:00,Sunday,June,Summer,162,17,18,5511
2020-07-10 00:00:00,Friday,July,Summer,192,11,12,5812
2023-08-06 00:00:00,Sunday,August,Summer,218,18,19,12828
2022-09-28 00:00:00,Wednesday,September,Fall,271,12,13,6478
2025-04-17 00:00:00,Thursday,April,Spring,107,21,22,2201
2023-02-28 00:00:00,Tuesday,February,Winter,59,22,23,7116
2020-08-17 00:00:00,Monday,August,Summer,230,16,17,6027
2021-05-13 00:00:00,Thursday,May,Spring,133,16,17,4826
2020-08-28 00:00:00,Friday,August,Summer,241,16,17,8440
2021-02-28 00:00:00,Sunday,February,Winter,59,1,2,8031
2024-03-22 00:00:00,Friday,March,Spring,82,10,11,7476
2022-05-04 00:00:00,Wednesday,May,Spring,124,20,21,1854
2022-09-27 00:00:00,Tuesday,September,Fall,270,12,13,12571
2025-08-08 00:00:00,Friday,August,Summer,220,2,3,1497
2021-07-20 00:00:00,Tuesday,July,Summer,201,20,21,2246
2023-11-06 00:00:00,Monday,November,Fall,310,16,17,9657
2022-10-09 00:00:00,Sunday,October,Fall,282,18,19,2019
2021-03-03 00:00:00,Wednesday,March,Spring,62,17,18,1043
2021-06-27 00:00:00,Sunday,June,Summer,178,0,1,3833
2024-05-27 00:00:00,Monday,May,Spring,148,12,13,6999
2021-10-26 00:00:00,Tuesday,October,Fall,299,18,19,2863
2020-07-31 00:00:00,Friday,July,Summer,213,15,16,5827
2023-03-27 00:00:00,Monday,March,Spring,86,16,17,7513
2023-10-08 00:00:00,Sunday,October,Fall,281,8,9,1493
2020-07-04 00:00:00,Saturday,July,Summer,186,14,15,12039
2025-01-29 00:00:00,Wednesday,January,Winter,29,23,0,6217
2025-04-20 00:00:00,Sunday,April,Spring,110,23,0,4459
2022-09-11 00:00:00,Sunday,September,Fall,254,7,8,587
2020-02-15 00:00:00,Saturday,February,Winter,46,15,16,10985
2025-05-14 00:00:00,Wednesday,May,Spring,134,23,0,6132
2021-03-05 00:00:00,Friday,March,Spring,64,10,11,7772
2023-10-26 00:00:00,Thursday,October,Fall,299,1,2,4909
2025-10-24 00:00:00,Friday,October,Fall,297,1,2,14684
2023-10-27 00:00:00,Friday,October,Fall,300,2,3,8268
2025-06-16 00:00:00,Monday,June,Summer,167,15,16,10527
2020-01-07 00:00:00,Tuesday,January,Winter,7,3,4,3967
2025-07-22 00:00:00,Tuesday,July,Summer,203,0,1,7645
2023-03-15 00:00:00,Wednesday,March,Spring,74,9,10,4554
2020-10-06 00:00:00,Tuesday,October,Fall,280,11,12,11671
2024-10-15 00:00:00,Tuesday,October,Fall,289,7,8,3772
2025-02-18 00:00:00,Tuesday,February,Winter,49,19,20,11327
2020-11-25 00:00:00,Wednesday,November,Fall,330,14,15,4090
2024-05-22 00:00:00,Wednesday,May,Spring,143,23,0,3024
2021-01-22 00:00:00,Friday,January,Winter,22,10,11,3354
2023-09-10 00:00:00,Sunday,September,Fall,253,16,17,6517
2020-02-14 00:00:00,Friday,February,Winter,45,19,20,4429
2022-01-11 00:00:00,Tuesday,January,Winter,11,12,13,5018
2022-04-06 00:00:00,Wednesday,April,Spring,96,10,11,7764
2020-12-19 00:00:00,Saturday,December,Winter,354,10,11,10892
2023-01-24 00:00:00,Tuesday,January,Winter,24,12,13,6696
2021-07-01 00:00:00,Thursday,July,Summer,182,18,19,3022
2024-10-25 00:00:00,Friday,October,Fall,299,12,13,6893
2021-11-14 00:00:00,Sunday,November,Fall,318,12,13,4665
2021-04-17 00:00:00,Saturday,April,Spring,107,4,5,4834
2024-08-06 00:00:00,Tuesday,August,Summer,219,22,23,2097
2024-08-23 00:00:00,Friday,August,Summer,236,2,3,9509
2023-02-26 00:00:00,Sunday,February,Winter,57,17,18,18051
2023-01-07 00:00:00,Saturday,January,Winter,7,5,6,10262
2020-06-03 00:00:00,Wednesday,June,Summer,155,23,0,3683
2024-10-11 00:00:00,Friday,October,Fall,285,17,18,3556
2020-09-26 00:00:00,Saturday,September,Fall,270,9,10,11246
2020-06-11 00:00:00,Thursday,June,Summer,163,22,23,3909
2020-01-28 00:00:00,Tuesday,January,Winter,28,10,11,12987
2025-01-21 00:00:00,Tuesday,January,Winter,21,0,1,1210
2023-02-07 00:00:00,Tuesday,February,Winter,38,11,12,9517
2024-08-17 00:00:00,Saturday,August,Summer,230,22,23,2408
2020-04-07 00:00:00,Tuesday,April,Spring,98,19,20,1971
2021-11-18 00:00:00,Thursday,November,Fall,322,8,9,1817
2020-10-19 00:00:00,Monday,October,Fall,293,18,19,6659
2025-10-13 00:00:00,Monday,October,Fall,286,17,18,9362
2024-01-18 00:00:00,Thursday,January,Winter,18,8,9,7755
2020-12-09 00:00:00,Wednesday,December,Winter,344,3,4,2518
2022-05-18 00:00:00,Wednesday,May,Spring,138,11,12,5814
2021-11-26 00:00:00,Friday,November,Fall,330,14,15,12653
2022-04-21 00:00:00,Thursday,April,Spring,111,4,5,3354
2021-11-16 00:00:00,Tuesday,November,Fall,320,17,18,997
2025-03-03 00:00:00,Monday,March,Spring,62,2,3,3177
2021-11-15 00:00:00,Monday,November,Fall,319,22,23,1190
2024-01-28 00:00:00,Sunday,January,Winter,28,22,23,9203
2020-11-24 00:00:00,Tuesday,November,Fall,329,15,16,3478
2020-12-28 00:00:00,Monday,December,Winter,363,10,11,8666
2021-05-26 00:00:00,Wednesday,May,Spring,146,17,18,8501
2023-03-20 00:00:00,Monday,March,Spring,79,12,13,8613
2023-09-29 00:00:00,Friday,September,Fall,272,0,1,6503
2024-05-28 00:00:00,Tuesday,May,Spring,149,12,13,12992
2023-05-07 00:00:00,Sunday,May,Spring,127,4,5,1644
2020-03-07 00:00:00,Saturday,March,Spring,67,13,14,5851
2025-08-21 00:00:00,Thursday,August,Summer,233,18,19,9974
2023-08-16 00:00:00,Wednesday,August,Summer,228,7,8,2047
2020-11-14 00:00:00,Saturday,November,Fall,319,17,18,9187
2024-06-09 00:00:00,Sunday,June,Summer,161,9,10,2265
2024-04-28 00:00:00,Sunday,April,Spring,119,14,15,7361
2025-10-20 00:00:00,Monday,October,Fall,293,1,2,13116
2025-06-10 00:00:00,Tuesday,June,Summer,161,22,23,1822
2022-08-25 00:00:00,Thursday,August,Summer,237,10,11,4870
2025-07-11 00:00:00,Friday,July,Summer,192,13,14,13057
2020-06-19 00:00:00,Friday,June,Summer,171,8,9,2120
2023-10-02 00:00:00,Monday,October,Fall,275,1,2,2511
2024-12-24 00:00:00,Tuesday,December,Winter,359,6,7,3087
2024-06-21 00:00:00,Friday,June,Summer,173,18,19,8537
2024-11-10 00:00:00,Sunday,November,Fall,315,3,4,699
2024-06-09 00:00:00,Sunday,June,Summer,161,16,17,4699
2020-09-16 00:00:00,Wednesday,September,Fall,260,10,11,2486
2020-04-19 00:00:00,Sunday,April,Spring,110,0,1,1476
2020-05-22 00:00:00,Friday,May,Spring,143,4,5,3981
2021-01-13 00:00:00,Wednesday,January,Winter,13,14,15,8363
2020-08-26 00:00:00,Wednesday,August,Summer,239,22,23,2102
2023-01-03 00:00:00,Tuesday,January,Winter,3,15,16,9035
2024-06-01 00:00:00,Saturday,June,Summer,153,0,1,6325
2021-12-27 00:00:00,Monday,December,Winter,361,4,5,4859
2020-03-10 00:00:00,Tuesday,March,Spring,70,19,20,11560
2024-01-12 00:00:00,Friday,January,Winter,12,10,11,7101
2025-05-13 00:00:00,Tuesday,May,Spring,133,3,4,778
2023-07-11 00:00:00,Tuesday,July,Summer,192,12,13,9090
2024-05-02 00:00:00,Thursday,May,Spring,123,22,23,10099
2024-04-11 00:00:00,Thursday,April,Spring,102,15,16,7830
2024-04-02 00:00:00,Tuesday,April,Spring,93,3,4,12881
2020-01-05 00:00:00,Sunday,January,Winter,5,20,21,1866
2025-05-06 00:00:00,Tuesday,May,Spring,126,2,3,10973
2024-11-01 00:00:00,Friday,November,Fall,306,11,12,5193
2021-11-05 00:00:00,Friday,November,Fall,309,11,12,4471
2022-01-23 00:00:00,Sunday,January,Winter,23,14,15,5443
2021-07-12 00:00:00,Monday,July,Summer,193,6,7,2449
2021-12-17 00:00:00,Friday,December,Winter,351,9,10,7522
2025-04-12 00:00:00,Saturday,April,Spring,102,10,11,9316
2022-12-02 00:00:00,Friday,December,Winter,336,22,23,6777
2023-12-26 00:00:00,Tuesday,December,Winter,360,15,16,4387
2024-01-11 00:00:00,Thursday,January,Winter,11,22,23,7264
2022-01-30 00:00:00,Sunday,January,Winter,30,8,9,1935
2021-05-09 00:00:00,Sunday,May,Spring,129,0,1,6909
2024-06-08 00:00:00,Saturday,June,Summer,160,8,9,3057
2022-01-03 00:00:00,Monday,January,Winter,3,3,4,9945
2021-03-23 00:00:00,Tuesday,March,Spring,82,2,3,2209
2020-12-24 00:00:00,Thursday,December,Winter,359,6,7,10656
2024-10-10 00:00:00,Thursday,October,Fall,284,19,20,3695
2023-05-06 00:00:00,Saturday,May,Spring,126,12,13,6882
2021-06-26 00:00:00,Saturday,June,Summer,177,4,5,185
2025-09-17 00:00:00,Wednesday,September,Fall,260,21,22,2855
2023-04-24 00:00:00,Monday,April,Spring,114,16,17,9691
2020-09-06 00:00:00,Sunday,September,Fall,250,10,11,3044
2023-09-06 00:00:00,Wednesday,September,Fall,249,5,6,2295
2020-04-17 00:00:00,Friday,April,Spring,108,2,3,2140
2025-03-20 00:00:00,Thursday,March,Spring,79,16,17,7679
2021-07-16 00:00:00,Friday,July,Summer,197,11,12,6977
2025-03-18 00:00:00,Tuesday,March,Spring,77,10,11,15177
2025-09-25 00:00:00,Thursday,September,Fall,268,17,18,4486
2024-02-22 00:00:00,Thursday,February,Winter,53,23,0,15643
2022-06-20 00:00:00,Monday,June,Summer,171,13,14,7456
2022-06-12 00:00:00,Sunday,June,Summer,163,8,9,3007
2023-03-09 00:00:00,Thursday,March,Spring,68,18,19,13804
2022-05-09 00:00:00,Monday,May,Spring,129,6,7,2226
2024-05-05 00:00:00,Sunday,May,Spring,126,7,8,2579
2023-12-04 00:00:00,Monday,December,Winter,338,7,8,13712
2023-08-04 00:00:00,Friday,August,Summer,216,14,15,9711
2020-04-06 00:00:00,Monday,April,Spring,97,3,4,8031
2024-09-15 00:00:00,Sunday,September,Fall,259,5,6,3382
2021-04-05 00:00:00,Monday,April,Spring,95,3,4,3346
2024-01-27 00:00:00,Saturday,January,Winter,27,3,4,2096
2023-03-12 00:00:00,Sunday,March,Spring,71,4,5,6830
2022-06-08 00:00:00,Wednesday,June,Summer,159,21,22,6976
2021-02-17 00:00:00,Wednesday,February,Winter,48,13,14,11476
2020-08-16 00:00:00,Sunday,August,Summer,229,1,2,2149
2020-07-07 00:00:00,Tuesday,July,Summer,189,12,13,5078
2023-10-31 00:00:00,Tuesday,October,Fall,304,13,14,12274
2024-02-11 00:00:00,Sunday,February,Winter,42,20,21,8630
2025-06-12 00:00:00,Thursday,June,Summer,163,10,11,9373
2024-10-28 00:00:00,Monday,October,Fall,302,4,5,1027
2022-07-11 00:00:00,Monday,July,Summer,192,23,0,4311
2023-12-25 00:00:00,Monday,December,Winter,359,19,20,12990
2022-03-27 00:00:00,Sunday,March,Spring,86,12,13,6255
2022-02-14 00:00:00,Monday,February,Winter,45,23,0,6512
2025-01-29 00:00:00,Wednesday,January,Winter,29,6,7,12896
2021-03-12 00:00:00,Friday,March,Spring,71,0,1,12379
2022-07-05 00:00:00,Tuesday,July,Summer,186,2,3,3640
2021-08-19 00:00:00,Thursday,August,Summer,231,13,14,4835
2025-08-05 00:00:00,Tuesday,August,Summer,217,12,13,7071
2024-08-28 00:00:00,Wednesday,August,Summer,241,22,23,2348
2021-12-27 00:00:00,Monday,December,Winter,361,16,17,9445
2021-09-18 00:00:00,Saturday,September,Fall,261,2,3,1168
2025-09-23 00:00:00,Tuesday,September,Fall,266,14,15,13351
2020-03-20 00:00:00,Friday,March,Spring,80,6,7,3577
2020-04-27 00:00:00,Monday,April,Spring,118,17,18,2626
2025-03-22 00:00:00,Saturday,March,Spring,81,16,17,7212
2020-06-12 00:00:00,Friday,June,Summer,164,4,5,4286
2020-09-12 00:00:00,Saturday,September,Fall,256,1,2,1147
2021-04-18 00:00:00,Sunday,April,Spring,108,11,12,5661
2024-07-10 00:00:00,Wednesday,July,Summer,192,13,14,10399
2023-10-07 00:00:00,Saturday,October,Fall,280,6,7,1898
2024-12-08 00:00:00,Sunday,December,Winter,343,8,9,17304
2024-03-17 00:00:00,Sunday,March,Spring,77,4,5,3960
2023-09-19 00:00:00,Tuesday,September,Fall,262,3,4,3900
2020-10-21 00:00:00,Wednesday,October,Fall,295,9,10,13322
2025-09-16 00:00:00,Tuesday,September,Fall,259,16,17,13968
2022-07-08 00:00:00,Friday,July,Summer,189,18,19,6914
2022-08-29 00:00:00,Monday,August,Summer,241,20,21,3839
2024-03-07 00:00:00,Thursday,March,Spring,67,9,10,9031
2021-06-16 00:00:00,Wednesday,June,Summer,167,19,20,1787
2020-10-21 00:00:00,Wednesday,October,Fall,295,10,11,14414
2025-01-10 00:00:00,Friday,January,Winter,10,6,7,3643
2024-03-27 00:00:00,Wednesday,March,Spring,87,23,0,13594
2022-01-20 00:00:00,Thursday,January,Winter,20,19,20,5272
2023-10-23 00:00:00,Monday,October,Fall,296,20,21,4431
2023-11-13 00:00:00,Monday,November,Fall,317,2,3,10550
2023-10-24 00:00:00,Tuesday,October,Fall,297,13,14,9197
2024-09-13 00:00:00,Friday,September,Fall,257,15,16,11435
2025-05-08 00:00:00,Thursday,May,Spring,128,3,4,5647
2023-06-26 00:00:00,Monday,June,Summer,177,12,13,9710
2024-08-17 00:00:00,Saturday,August,Summer,230,16,17,5446
2022-03-09 00:00:00,Wednesday,March,Spring,68,15,16,7922
2020-11-29 00:00:00,Sunday,November,Fall,334,4,5,4505
2020-05-23 00:00:00,Saturday,May,Spring,144,19,20,7295
2022-11-04 00:00:00,Friday,November,Fall,308,23,0,4294
2024-06-02 00:00:00,Sunday,June,Summer,154,23,0,3481
2024-12-16 00:00:00,Monday,December,Winter,351,10,11,7735
2021-02-06 00:00:00,Saturday,February,Winter,37,20,21,5019
2021-11-09 00:00:00,Tuesday,November,Fall,313,23,0,871
2022-05-12 00:00:00,Thursday,May,Spring,132,0,1,5274
2020-05-11 00:00:00,Monday,May,Spring,132,18,19,11450
2021-03-11 00:00:00,Thursday,March,Spring,70,10,11,15343
2021-07-19 00:00:00,Monday,July,Summer,200,17,18,7420
2020-07-11 00:00:00,Saturday,July,Summer,193,18,19,4848
2024-03-20 00:00:00,Wednesday,March,Spring,80,20,21,1807
2025-01-29 00:00:00,Wednesday,January,Winter,29,5,6,13127
2024-02-04 00:00:00,Sunday,February,Winter,35,3,4,6061
2025-03-02 00:00:00,Sunday,March,Spring,61,12,13,12731
2025-02-06 00:00:00,Thursday,February,Winter,37,2,3,3446
2024-09-12 00:00:00,Thursday,September,Fall,256,22,23,3733
2020-04-22 00:00:00,Wednesday,April,Spring,113,0,1,4913
2020-11-02 00:00:00,Monday,November,Fall,307,10,11,12708
2022-09-17 00:00:00,Saturday,September,Fall,260,17,18,8890
2025-04-20 00:00:00,Sunday,April,Spring,110,8,9,8177
2021-01-25 00:00:00,Monday,January,Winter,25,16,17,4070
2020-12-04 00:00:00,Friday,December,Winter,339,8,9,9046
2023-08-01 00:00:00,Tuesday,August,Summer,213,15,16,16234
2022-10-31 00:00:00,Monday,October,Fall,304,23,0,12858
2022-11-12 00:00:00,Saturday,November,Fall,316,12,13,5376
2023-08-20 00:00:00,Sunday,August,Summer,232,16,17,6206
2023-06-14 00:00:00,Wednesday,June,Summer,165,21,22,3516
2022-04-23 00:00:00,Saturday,April,Spring,113,11,12,7331
2023-10-02 00:00:00,Monday,October,Fall,275,18,19,4842
2024-01-03 00:00:00,Wednesday,January,Winter,3,18,19,18044
2021-10-14 00:00:00,Thursday,October,Fall,287,8,9,2391
2020-01-12 00:00:00,Sunday,January,Winter,12,7,8,7395
2023-07-08 00:00:00,Saturday,July,Summer,189,18,19,4324
2025-04-06 00:00:00,Sunday,April,Spring,96,18,19,10223
2021-11-01 00:00:00,Monday,November,Fall,305,4,5,8718
2023-04-20 00:00:00,Thursday,April,Spring,110,13,14,12448
2024-06-29 00:00:00,Saturday,June,Summer,181,23,0,3681
2022-11-28 00:00:00,Monday,November,Fall,332,19,20,3265
2024-03-10 00:00:00,Sunday,March,Spring,70,4,5,2756
2021-03-28 00:00:00,Sunday,March,Spring,87,3,4,3508
2023-08-25 00:00:00,Friday,August,Summer,237,1,2,2215
2021-10-19 00:00:00,Tuesday,October,Fall,292,22,23,10753
2024-09-02 00:00:00,Monday,September,Fall,246,9,10,4316
2023-05-23 00:00:00,Tuesday,May,Spring,143,7,8,6042
2020-05-03 00:00:00,Sunday,May,Spring,124,4,5,1977
2024-05-09 00:00:00,Thursday,May,Spring,130,4,5,3813
2024-05-17 00:00:00,Friday,May,Spring,138,8,9,3361
2023-02-12 00:00:00,Sunday,February,Winter,43,6,7,2940
2025-07-29 00:00:00,Tuesday,July,Summer,210,16,17,10808
2021-09-29 00:00:00,Wednesday,September,Fall,272,23,0,2764
2020-07-04 00:00:00,Saturday,July,Summer,186,20,21,7973
2022-12-27 00:00:00,Tuesday,December,Winter,361,20,21,9837
2024-11-12 00:00:00,Tuesday,November,Fall,317,5,6,9736
2022-09-06 00:00:00,Tuesday,September,Fall,249,22,23,2980
2025-11-26 00:00:00,Wednesday,November,Fall,330,11,12,6772
2020-05-20 00:00:00,Wednesday,May,Spring,141,13,14,5433
2025-08-30 00:00:00,Saturday,August,Summer,242,5,6,4447
2024-04-14 00:00:00,Sunday,April,Spring,105,17,18,5047
2021-09-30 00:00:00,Thursday,September,Fall,273,16,17,6986
2024-08-25 00:00:00,Sunday,August,Summer,238,2,3,6839
2024-03-23 00:00:00,Saturday,March,Spring,83,17,18,15588
2022-03-07 00:00:00,Monday,March,Spring,66,14,15,10522
2021-08-29 00:00:00,Sunday,August,Summer,241,13,14,7380
2020-05-03 00:00:00,Sunday,May,Spring,124,16,17,4316
2025-03-04 00:00:00,Tuesday,March,Spring,63,6,7,2904
2022-08-19 00:00:00,Friday,August,Summer,231,19,20,4511
2024-11-05 00:00:00,Tuesday,November,Fall,310,21,22,91
2020-11-26 00:00:00,Thursday,November,Fall,331,13,14,3501
2023-11-22 00:00:00,Wednesday,November,Fall,326,20,21,4282
2021-03-30 00:00:00,Tuesday,March,Spring,89,6,7,2984
2025-09-25 00:00:00,Thursday,September,Fall,268,7,8,3047
2022-08-31 00:00:00,Wednesday,August,Summer,243,10,11,4337
2024-01-15 00:00:00,Monday,January,Winter,15,8,9,3779
2022-08-19 00:00:00,Friday,August,Summer,231,6,7,2570
2022-07-17 00:00:00,Sunday,July,Summer,198,11,12,8145
2022-02-14 00:00:00,Monday,February,Winter,45,8,9,11199
2020-12-07 00:00:00,Monday,December,Winter,342,0,1,1051
2025-01-03 00:00:00,Friday,January,Winter,3,20,21,3705
2024-10-10 00:00:00,Thursday,October,Fall,284,6,7,8274
2024-07-13 00:00:00,Saturday,July,Summer,195,19,20,2289
2021-10-13 00:00:00,Wednesday,October,Fall,286,10,11,4051
2021-02-19 00:00:00,Friday,February,Winter,50,7,8,5554
2025-03-08 00:00:00,Saturday,March,Spring,67,20,21,12639
2020-11-03 00:00:00,Tuesday,November,Fall,308,22,23,3571
2024-06-06 00:00:00,Thursday,June,Summer,158,22,23,2561
2024-09-30 00:00:00,Monday,September,Fall,274,16,17,11102
2020-04-11 00:00:00,Saturday,April,Spring,102,2,3,3011
2022-06-29 00:00:00,Wednesday,June,Summer,180,8,9,2385
2021-06-15 00:00:00,Tuesday,June,Summer,166,8,9,2124
2022-08-14 00:00:00,Sunday,August,Summer,226,2,3,4666
2022-05-05 00:00:00,Thursday,May,Spring,125,3,4,2050
2022-08-07 00:00:00,Sunday,August,Summer,219,20,21,6195
2024-08-31 00:00:00,Saturday,August,Summer,244,16,17,7347
2022-06-23 00:00:00,Thursday,June,Summer,174,18,19,3896
2025-08-10 00:00:00,Sunday,August,Summer,222,7,8,3182
2020-06-07 00:00:00,Sunday,June,Summer,159,6,7,2147
2021-01-01 00:00:00,Friday,January,Winter,1,4,5,998
2021-01-25 00:00:00,Monday,January,Winter,25,2,3,6191
2022-08-20 00:00:00,Saturday,August,Summer,232,23,0,981
2021-03-08 00:00:00,Monday,March,Spring,67,22,23,2943
2023-10-11 00:00:00,Wednesday,October,Fall,284,23,0,7262
2020-12-31 00:00:00,Thursday,December,Winter,366,1,2,5746
2021-03-31 00:00:00,Wednesday,March,Spring,90,9,10,3600
2020-08-23 00:00:00,Sunday,August,Summer,236,13,14,8729
2021-12-01 00:00:00,Wednesday,December,Winter,335,21,22,5719
2024-01-11 00:00:00,Thursday,January,Winter,11,14,15,8407
2022-04-19 00:00:00,Tuesday,April,Spring,109,21,22,4160
2023-07-30 00:00:00,Sunday,July,Summer,211,22,23,5928
2025-05-20 00:00:00,Tuesday,May,Spring,140,18,19,8914
2025-06-13 00:00:00,Friday,June,Summer,164,17,18,8341
2025-04-30 00:00:00,Wednesday,April,Spring,120,12,13,5410
2022-07-06 00:00:00,Wednesday,July,Summer,187,14,15,7868
2020-06-07 00:00:00,Sunday,June,Summer,159,10,11,3437
2021-02-19 00:00:00,Friday,February,Winter,50,16,17,6776
2024-05-11 00:00:00,Saturday,May,Spring,132,0,1,6497
2021-07-07 00:00:00,Wednesday,July,Summer,188,12,13,5172
2020-07-20 00:00:00,Monday,July,Summer,202,14,15,5919
2025-02-24 00:00:00,Monday,February,Winter,55,16,17,9544
2020-04-15 00:00:00,Wednesday,April,Spring,106,20,21,3450
2023-06-02 00:00:00,Friday,June,Summer,153,6,7,7517
2023-01-19 00:00:00,Thursday,January,Winter,19,2,3,3478
2021-11-16 00:00:00,Tuesday,November,Fall,320,19,20,1157
2025-07-01 00:00:00,Tuesday,July,Summer,182,4,5,1055
2023-02-21 00:00:00,Tuesday,February,Winter,52,9,10,3045
2024-08-09 00:00:00,Friday,August,Summer,222,7,8,5677
2020-03-25 00:00:00,Wednesday,March,Spring,85,9,10,4738
2024-09-19 00:00:00,Thursday,September,Fall,263,15,16,15959
2025-08-24 00:00:00,Sunday,August,Summer,236,21,22,3236
2022-03-04 00:00:00,Friday,March,Spring,63,18,19,3151
2023-07-21 00:00:00,Friday,July,Summer,202,21,22,3094
2025-07-04 00:00:00,Friday,July,Summer,185,18,19,5949
2024-01-03 00:00:00,Wednesday,January,Winter,3,7,8,17121
2025-09-14 00:00:00,Sunday,September,Fall,257,18,19,13786
2024-06-30 00:00:00,Sunday,June,Summer,182,2,3,3727
2023-12-19 00:00:00,Tuesday,December,Winter,353,16,17,12111
2022-03-26 00:00:00,Saturday,March,Spring,85,13,14,13203
2021-02-09 00:00:00,Tuesday,February,Winter,40,5,6,1784
2025-02-05 00:00:00,Wednesday,February,Winter,36,3,4,2214
2025-05-31 00:00:00,Saturday,May,Spring,151,5,6,1059
2021-10-31 00:00:00,Sunday,October,Fall,304,7,8,10139
2025-04-27 00:00:00,Sunday,April,Spring,117,14,15,4067
2022-02-13 00:00:00,Sunday,February,Winter,44,21,22,15035
2024-06-23 00:00:00,Sunday,June,Summer,175,5,6,2326
2025-04-21 00:00:00,Monday,April,Spring,111,11,12,8025
2021-03-16 00:00:00,Tuesday,March,Spring,75,5,6,3210
2023-04-29 00:00:00,Saturday,April,Spring,119,2,3,1638
2022-12-23 00:00:00,Friday,December,Winter,357,20,21,12401
2021-01-30 00:00:00,Saturday,January,Winter,30,16,17,6987
2020-07-30 00:00:00,Thursday,July,Summer,212,1,2,2163
2021-05-05 00:00:00,Wednesday,May,Spring,125,18,19,8828
2021-02-04 00:00:00,Thursday,February,Winter,35,23,0,3467
2021-01-19 00:00:00,Tuesday,January,Winter,19,9,10,11722
2023-07-21 00:00:00,Friday,July,Summer,202,23,0,3035
2023-06-08 00:00:00,Thursday,June,Summer,159,4,5,4806
2023-05-14 00:00:00,Sunday,May,Spring,134,21,22,3817
2025-06-19 00:00:00,Thursday,June,Summer,170,6,7,4893
2023-05-18 00:00:00,Thursday,May,Spring,138,10,11,7144
2025-02-15 00:00:00,Saturday,February,Winter,46,7,8,5705
2024-11-20 00:00:00,Wednesday,November,Fall,325,12,13,9330
2020-09-22 00:00:00,Tuesday,September,Fall,266,15,16,2638
2024-12-15 00:00:00,Sunday,December,Winter,350,17,18,8504
2024-11-20 00:00:00,Wednesday,November,Fall,325,8,9,5746
2023-06-14 00:00:00,Wednesday,June,Summer,165,0,1,4779
2022-03-11 00:00:00,Friday,March,Spring,70,17,18,11304
2023-04-28 00:00:00,Friday,April,Spring,118,18,19,6113
2024-04-01 00:00:00,Monday,April,Spring,92,14,15,9631
2023-09-13 00:00:00,Wednesday,September,Fall,256,14,15,5717
2021-05-29 00:00:00,Saturday,May,Spring,149,10,11,4347
2024-04-01 00:00:00,Monday,April,Spring,92,19,20,9379
2021-12-03 00:00:00,Friday,December,Winter,337,2,3,2724
2023-11-09 00:00:00,Thursday,November,Fall,313,18,19,13237
2023-01-13 00:00:00,Friday,January,Winter,13,7,8,14510
2023-01-22 00:00:00,Sunday,January,Winter,22,8,9,5974
2020-04-13 00:00:00,Monday,April,Spring,104,7,8,5354
2022-06-29 00:00:00,Wednesday,June,Summer,180,3,4,1211
2020-04-29 00:00:00,Wednesday,April,Spring,120,20,21,6006
2021-10-05 00:00:00,Tuesday,October,Fall,278,14,15,12713
2025-08-27 00:00:00,Wednesday,August,Summer,239,8,9,3210
2023-06-23 00:00:00,Friday,June,Summer,174,4,5,1872
2021-05-04 00:00:00,Tuesday,May,Spring,124,4,5,13020
2021-05-03 00:00:00,Monday,May,Spring,123,3,4,632
2023-09-10 00:00:00,Sunday,September,Fall,253,2,3,3759
2024-07-22 00:00:00,Monday,July,Summer,204,10,11,7974
2020-06-20 00:00:00,Saturday,June,Summer,172,20,21,1472
2024-09-01 00:00:00,Sunday,September,Fall,245,1,2,4179
2023-08-07 00:00:00,Monday,August,Summer,219,15,16,9917
2022-08-09 00:00:00,Tuesday,August,Summer,221,19,20,7289
2021-05-11 00:00:00,Tuesday,May,Spring,131,0,1,2157
2021-02-05 00:00:00,Friday,February,Winter,36,23,0,2434
2024-11-23 00:00:00,Saturday,November,Fall,328,14,15,19392
2025-02-04 00:00:00,Tuesday,February,Winter,35,18,19,3899
2020-12-24 00:00:00,Thursday,December,Winter,359,0,1,11579
2023-06-19 00:00:00,Monday,June,Summer,170,11,12,5286
2024-02-24 00:00:00,Saturday,February,Winter,55,6,7,7785
2023-11-20 00:00:00,Monday,November,Fall,324,20,21,8192
2021-10-26 00:00:00,Tuesday,October,Fall,299,10,11,3866
2021-09-03 00:00:00,Friday,September,Fall,246,18,19,1713
2022-08-21 00:00:00,Sunday,August,Summer,233,2,3,603
2024-05-17 00:00:00,Friday,May,Spring,138,22,23,897
2024-03-05 00:00:00,Tuesday,March,Spring,65,20,21,3263
2023-05-24 00:00:00,Wednesday,May,Spring,144,7,8,5947
2020-09-13 00:00:00,Sunday,September,Fall,257,12,13,3974
2021-10-07 00:00:00,Thursday,October,Fall,280,2,3,1888
2025-10-26 00:00:00,Sunday,October,Fall,299,3,4,9730
2024-11-13 00:00:00,Wednesday,November,Fall,318,19,20,5232
2025-03-05 00:00:00,Wednesday,March,Spring,64,0,1,2433
2022-03-17 00:00:00,Thursday,March,Spring,76,0,1,5222
2022-11-03 00:00:00,Thursday,November,Fall,307,8,9,10595
2023-04-22 00:00:00,Saturday,April,Spring,112,18,19,6589
2024-09-06 00:00:00,Friday,September,Fall,250,15,16,6409
2021-08-23 00:00:00,Monday,August,Summer,235,17,18,7555
2020-02-06 00:00:00,Thursday,February,Winter,37,14,15,4784
2020-10-24 00:00:00,Saturday,October,Fall,298,21,22,11731
2021-04-06 00:00:00,Tuesday,April,Spring,96,9,10,4798
2020-11-12 00:00:00,Thursday,November,Fall,317,3,4,7385
2021-04-22 00:00:00,Thursday,April,Spring,112,5,6,5855
2021-06-18 00:00:00,Friday,June,Summer,169,22,23,3480
2022-12-06 00:00:00,Tuesday,December,Winter,340,21,22,2155
2021-11-17 00:00:00,Wednesday,November,Fall,321,4,5,1951
2025-10-18 00:00:00,Saturday,October,Fall,291,10,11,8416
2020-04-15 00:00:00,Wednesday,April,Spring,106,2,3,6207
2020-02-17 00:00:00,Monday,February,Winter,48,22,23,10239
2025-03-16 00:00:00,Sunday,March,Spring,75,4,5,8436
2021-05-09 00:00:00,Sunday,May,Spring,129,3,4,7771
2020-08-12 00:00:00,Wednesday,August,Summer,225,8,9,2236
2021-10-13 00:00:00,Wednesday,October,Fall,286,22,23,2205
2024-09-11 00:00:00,Wednesday,September,Fall,255,21,22,5700
2024-11-07 00:00:00,Thursday,November,Fall,312,8,9,2657
2020-03-31 00:00:00,Tuesday,March,Spring,91,23,0,7111
2023-10-18 00:00:00,Wednesday,October,Fall,291,9,10,11888
2021-12-30 00:00:00,Thursday,December,Winter,364,5,6,8676
2021-06-05 00:00:00,Saturday,June,Summer,156,9,10,4441
2024-02-18 00:00:00,Sunday,February,Winter,49,14,15,13623
2020-08-07 00:00:00,Friday,August,Summer,220,11,12,3922
2024-02-12 00:00:00,Monday,February,Winter,43,22,23,3745
2024-03-09 00:00:00,Saturday,March,Spring,69,4,5,11240
2022-09-05 00:00:00,Monday,September,Fall,248,8,9,3208
2020-10-14 00:00:00,Wednesday,October,Fall,288,3,4,1902
2023-10-12 00:00:00,Thursday,October,Fall,285,13,14,9093
2023-12-20 00:00:00,Wednesday,December,Winter,354,0,1,9136
2021-11-28 00:00:00,Sunday,November,Fall,332,22,23,5114
2024-08-29 00:00:00,Thursday,August,Summer,242,3,4,2495
2023-04-22 00:00:00,Saturday,April,Spring,112,9,10,6597
2024-10-02 00:00:00,Wednesday,October,Fall,276,14,15,5400
2023-05-25 00:00:00,Thursday,May,Spring,145,11,12,14511
2024-01-21 00:00:00,Sunday,January,Winter,21,17,18,14481
2020-05-21 00:00:00,Thursday,May,Spring,142,0,1,2748
2023-03-04 00:00:00,Saturday,March,Spring,63,18,19,3131
2022-03-21 00:00:00,Monday,March,Spring,80,9,10,5460
2023-01-02 00:00:00,Monday,January,Winter,2,10,11,5987
2023-01-20 00:00:00,Friday,January,Winter,20,20,21,5467
2023-07-22 00:00:00,Saturday,July,Summer,203,7,8,2381
2025-11-17 00:00:00,Monday,November,Fall,321,9,10,8893
2025-01-15 00:00:00,Wednesday,January,Winter,15,22,23,3441
2023-10-15 00:00:00,Sunday,October,Fall,288,18,19,3213
2024-07-05 00:00:00,Friday,July,Summer,187,15,16,11741
2024-08-15 00:00:00,Thursday,August,Summer,228,17,18,8514
2021-10-01 00:00:00,Friday,October,Fall,274,13,14,9911
2022-01-21 00:00:00,Friday,January,Winter,21,4,5,4963
2022-12-19 00:00:00,Monday,December,Winter,353,7,8,13202
2025-08-13 00:00:00,Wednesday,August,Summer,225,5,6,1029
2021-12-22 00:00:00,Wednesday,December,Winter,356,9,10,3623
2025-05-26 00:00:00,Monday,May,Spring,146,17,18,10107
2024-03-19 00:00:00,Tuesday,March,Spring,79,21,22,1227
2022-01-17 00:00:00,Monday,January,Winter,17,1,2,1358
2023-10-15 00:00:00,Sunday,October,Fall,288,19,20,3573
2025-02-16 00:00:00,Sunday,February,Winter,47,12,13,8762
2022-10-07 00:00:00,Friday,October,Fall,280,2,3,1154
2021-09-15 00:00:00,Wednesday,September,Fall,258,4,5,1977
2025-03-06 00:00:00,Thursday,March,Spring,65,22,23,10880
2021-12-09 00:00:00,Thursday,December,Winter,343,15,16,5400
2023-01-02 00:00:00,Monday,January,Winter,2,0,1,11969
2021-04-17 00:00:00,Saturday,April,Spring,107,23,0,5520
2021-07-30 00:00:00,Friday,July,Summer,211,2,3,1817
2020-08-24 00:00:00,Monday,August,Summer,237,19,20,1914
2020-05-15 00:00:00,Friday,May,Spring,136,3,4,7329
2023-11-24 00:00:00,Friday,November,Fall,328,16,17,11600
2023-09-06 00:00:00,Wednesday,September,Fall,249,22,23,3137
2025-11-03 00:00:00,Monday,November,Fall,307,16,17,8685
2025-10-27 00:00:00,Monday,October,Fall,300,16,17,15610
2025-06-28 00:00:00,Saturday,June,Summer,179,0,1,1627
2025-06-10 00:00:00,Tuesday,June,Summer,161,3,4,1674
2022-05-31 00:00:00,Tuesday,May,Spring,151,2,3,1818
2020-10-14 00:00:00,Wednesday,October,Fall,288,14,15,7046
2023-08-14 00:00:00,Monday,August,Summer,226,7,8,2587
2020-07-23 00:00:00,Thursday,July,Summer,205,4,5,1527
2022-04-16 00:00:00,Saturday,April,Spring,106,12,13,10869
2025-04-16 00:00:00,Wednesday,April,Spring,106,18,19,4853
2021-06-05 00:00:00,Saturday,June,Summer,156,0,1,2191
2020-04-24 00:00:00,Friday,April,Spring,115,22,23,2176
2023-11-23 00:00:00,Thursday,November,Fall,327,12,13,7931
2023-11-10 00:00:00,Friday,November,Fall,314,4,5,12591
2024-09-24 00:00:00,Tuesday,September,Fall,268,9,10,8855
2025-02-22 00:00:00,Saturday,February,Winter,53,15,16,10495
2025-05-05 00:00:00,Monday,May,Spring,125,5,6,9828
2025-03-05 00:00:00,Wednesday,March,Spring,64,10,11,8585
2024-06-28 00:00:00,Friday,June,Summer,180,4,5,3214
2020-10-16 00:00:00,Friday,October,Fall,290,11,12,4358
2023-01-06 00:00:00,Friday,January,Winter,6,5,6,7744
2022-09-05 00:00:00,Monday,September,Fall,248,5,6,2599
2022-11-25 00:00:00,Friday,November,Fall,329,12,13,6116
2020-12-14 00:00:00,Monday,December,Winter,349,0,1,9700
2023-12-23 00:00:00,Saturday,December,Winter,357,9,10,14222
2022-10-04 00:00:00,Tuesday,October,Fall,277,19,20,937
2020-08-26 00:00:00,Wednesday,August,Summer,239,7,8,8615
2023-10-07 00:00:00,Saturday,October,Fall,280,2,3,1790
2020-01-26 00:00:00,Sunday,January,Winter,26,9,10,3118
2022-01-05 00:00:00,Wednesday,January,Winter,5,20,21,4018
2025-11-26 00:00:00,Wednesday,November,Fall,330,20,21,2920
2022-06-15 00:00:00,Wednesday,June,Summer,166,22,23,2879
2021-09-26 00:00:00,Sunday,September,Fall,269,1,2,2233
2023-07-28 00:00:00,Friday,July,Summer,209,21,22,3768
2022-06-04 00:00:00,Saturday,June,Summer,155,8,9,3189
2020-01-10 00:00:00,Friday,January,Winter,10,10,11,6407
2024-09-30 00:00:00,Monday,September,Fall,274,4,5,12240
2024-10-01 00:00:00,Tuesday,October,Fall,275,5,6,7834
2025-11-18 00:00:00,Tuesday,November,Fall,322,21,22,8784
2024-04-03 00:00:00,Wednesday,April,Spring,94,23,0,11683
2025-10-31 00:00:00,Friday,October,Fall,304,2,3,10049
2025-02-22 00:00:00,Saturday,February,Winter,53,2,3,10894
2023-07-27 00:00:00,Thursday,July,Summer,208,14,15,16122
2024-09-17 00:00:00,Tuesday,September,Fall,261,18,19,13680
2021-12-06 00:00:00,Monday,December,Winter,340,10,11,3931
2023-11-25 00:00:00,Saturday,November,Fall,329,2,3,8586
2021-02-26 00:00:00,Friday,February,Winter,57,10,11,3948
2020-07-03 00:00:00,Friday,July,Summer,185,23,0,2522
2024-03-19 00:00:00,Tuesday,March,Spring,79,1,2,1178
2021-11-12 00:00:00,Friday,November,Fall,316,12,13,4637
2023-09-20 00:00:00,Wednesday,September,Fall,263,16,17,14551
2022-01-23 00:00:00,Sunday,January,Winter,23,16,17,3865
2024-09-30 00:00:00,Monday,September,Fall,274,12,13,20041
2020-11-11 00:00:00,Wednesday,November,Fall,316,22,23,7638
2021-01-17 00:00:00,Sunday,January,Winter,17,4,5,5008
2020-11-26 00:00:00,Thursday,November,Fall,331,6,7,2436
2023-09-14 00:00:00,Thursday,September,Fall,257,5,6,710
2020-12-17 00:00:00,Thursday,December,Winter,352,7,8,5368
2022-11-10 00:00:00,Thursday,November,Fall,314,17,18,3142
2022-07-02 00:00:00,Saturday,July,Summer,183,22,23,1832
2023-03-17 00:00:00,Friday,March,Spring,76,9,10,9108
2023-03-29 00:00:00,Wednesday,March,Spring,88,12,13,9902
2025-06-27 00:00:00,Friday,June,Summer,178,11,12,9500
2025-02-09 00:00:00,Sunday,February,Winter,40,5,6,3088
2020-09-18 00:00:00,Friday,September,Fall,262,14,15,6021
2024-11-18 00:00:00,Monday,November,Fall,323,7,8,9481
2022-04-19 00:00:00,Tuesday,April,Spring,109,11,12,4623
2020-11-27 00:00:00,Friday,November,Fall,332,10,11,2632
2020-11-16 00:00:00,Monday,November,Fall,321,11,12,9214
2020-02-12 00:00:00,Wednesday,February,Winter,43,2,3,9274
2021-07-15 00:00:00,Thursday,July,Summer,196,0,1,7907
2025-11-27 00:00:00,Thursday,November,Fall,331,4,5,6967
2024-08-05 00:00:00,Monday,August,Summer,218,14,15,8671
2021-05-16 00:00:00,Sunday,May,Spring,136,20,21,9142
2021-02-24 00:00:00,Wednesday,February,Winter,55,21,22,6699
2020-03-05 00:00:00,Thursday,March,Spring,65,6,7,5871
2024-06-03 00:00:00,Monday,June,Summer,155,1,2,3047
2025-02-06 00:00:00,Thursday,February,Winter,37,7,8,5595
2023-09-02 00:00:00,Saturday,September,Fall,245,2,3,2089
2022-11-14 00:00:00,Monday,November,Fall,318,16,17,4420
2020-01-31 00:00:00,Friday,January,Winter,31,9,10,6229
2021-06-13 00:00:00,Sunday,June,Summer,164,7,8,2420
2024-08-14 00:00:00,Wednesday,August,Summer,227,19,20,3688
2024-05-25 00:00:00,Saturday,May,Spring,146,18,19,3720
2020-12-27 00:00:00,Sunday,December,Winter,362,22,23,7389
2020-04-01 00:00:00,Wednesday,April,Spring,92,13,14,5326
2023-01-18 00:00:00,Wednesday,January,Winter,18,18,19,5216
2021-03-13 00:00:00,Saturday,March,Spring,72,23,0,11499
2024-07-25 00:00:00,Thursday,July,Summer,207,9,10,4811
2024-12-25 00:00:00,Wednesday,December,Winter,360,11,12,3467
2023-06-23 00:00:00,Friday,June,Summer,174,6,7,1435
2022-04-22 00:00:00,Friday,April,Spring,112,14,15,8327
2020-03-16 00:00:00,Monday,March,Spring,76,14,15,3423
2022-06-06 00:00:00,Monday,June,Summer,157,1,2,2710
2021-12-11 00:00:00,Saturday,December,Winter,345,0,1,10034
2021-10-12 00:00:00,Tuesday,October,Fall,285,8,9,2616
2025-04-08 00:00:00,Tuesday,April,Spring,98,11,12,9010
2025-07-30 00:00:00,Wednesday,July,Summer,211,11,12,7443
2020-12-19 00:00:00,Saturday,December,Winter,354,8,9,11340
2023-07-06 00:00:00,Thursday,July,Summer,187,13,14,7124
2021-06-13 00:00:00,Sunday,June,Summer,164,15,16,4905
2020-07-11 00:00:00,Saturday,July,Summer,193,10,11,4169
2020-09-04 00:00:00,Friday,September,Fall,248,18,19,2508
2020-08-18 00:00:00,Tuesday,August,Summer,231,21,22,697
2024-06-23 00:00:00,Sunday,June,Summer,175,19,20,3387
2020-12-18 00:00:00,Friday,December,Winter,353,5,6,5793
2025-10-04 00:00:00,Saturday,October,Fall,277,6,7,17093
2024-03-12 00:00:00,Tuesday,March,Spring,72,22,23,8894
2024-10-21 00:00:00,Monday,October,Fall,295,9,10,5133
2025-03-11 00:00:00,Tuesday,March,Spring,70,22,23,4647
2021-08-06 00:00:00,Friday,August,Summer,218,13,14,12722
2025-01-25 00:00:00,Saturday,January,Winter,25,15,16,5523
2020-03-12 00:00:00,Thursday,March,Spring,72,3,4,10434
2021-12-28 00:00:00,Tuesday,December,Winter,362,1,2,12227
2023-06-08 00:00:00,Thursday,June,Summer,159,7,8,4772
2024-10-03 00:00:00,Thursday,October,Fall,277,11,12,11198
2023-01-18 00:00:00,Wednesday,January,Winter,18,19,20,5226
2022-06-06 00:00:00,Monday,June,Summer,157,4,5,1864
2021-12-08 00:00:00,Wednesday,December,Winter,342,18,19,5364
2020-03-15 00:00:00,Sunday,March,Spring,75,1,2,3727
2022-03-18 00:00:00,Friday,March,Spring,77,12,13,14015
2022-03-11 00:00:00,Friday,March,Spring,70,20,21,10416
2025-02-06 00:00:00,Thursday,February,Winter,37,16,17,12071
2022-04-23 00:00:00,Saturday,April,Spring,113,0,1,5823
2023-02-13 00:00:00,Monday,February,Winter,44,14,15,6344
2023-12-26 00:00:00,Tuesday,December,Winter,360,20,21,2721
2020-08-24 00:00:00,Monday,August,Summer,237,0,1,2460
2020-10-29 00:00:00,Thursday,October,Fall,303,13,14,8549
2022-05-24 00:00:00,Tuesday,May,Spring,144,23,0,1737
2024-10-21 00:00:00,Monday,October,Fall,295,8,9,4204
2022-04-16 00:00:00,Saturday,April,Spring,106,18,19,8184
2022-05-16 00:00:00,Monday,May,Spring,136,19,20,1701
2024-05-19 00:00:00,Sunday,May,Spring,140,23,0,1146
2022-10-09 00:00:00,Sunday,October,Fall,282,17,18,3480
2022-05-19 00:00:00,Thursday,May,Spring,139,10,11,7130
2022-07-01 00:00:00,Friday,July,Summer,182,7,8,2336
2023-05-09 00:00:00,Tuesday,May,Spring,129,8,9,4052
2022-02-03 00:00:00,Thursday,February,Winter,34,16,17,2472
2021-06-06 00:00:00,Sunday,June,Summer,157,14,15,5111
2021-09-20 00:00:00,Monday,September,Fall,263,4,5,1552
2024-05-08 00:00:00,Wednesday,May,Spring,129,19,20,4590
2020-05-31 00:00:00,Sunday,May,Spring,152,17,18,6587
2022-03-27 00:00:00,Sunday,March,Spring,86,22,23,2412
2022-09-12 00:00:00,Monday,September,Fall,255,18,19,2581
2024-08-18 00:00:00,Sunday,August,Summer,231,11,12,8765
2020-05-04 00:00:00,Monday,May,Spring,125,15,16,5337
2024-10-23 00:00:00,Wednesday,October,Fall,297,6,7,1709
2022-02-10 00:00:00,Thursday,February,Winter,41,6,7,5360
2020-04-08 00:00:00,Wednesday,April,Spring,99,17,18,2595
2022-09-02 00:00:00,Friday,September,Fall,245,1,2,2750
2022-05-22 00:00:00,Sunday,May,Spring,142,2,3,2963
2022-01-28 00:00:00,Friday,January,Winter,28,8,9,1216
2021-07-12 00:00:00,Monday,July,Summer,193,5,6,2454
2023-11-05 00:00:00,Sunday,November,Fall,309,1,2,14785
2024-02-12 00:00:00,Monday,February,Winter,43,7,8,2207
2024-06-09 00:00:00,Sunday,June,Summer,161,4,5,3499
2023-05-03 00:00:00,Wednesday,May,Spring,123,18,19,8694
2025-02-22 00:00:00,Saturday,February,Winter,53,9,10,10315
2024-11-23 00:00:00,Saturday,November,Fall,328,3,4,9018
2024-04-20 00:00:00,Saturday,April,Spring,111,23,0,6161
2022-01-14 00:00:00,Friday,January,Winter,14,10,11,2655
2024-12-22 00:00:00,Sunday,December,Winter,357,14,15,18534
2023-01-01 00:00:00,Sunday,January,Winter,1,16,17,9041
2023-07-31 00:00:00,Monday,July,Summer,212,6,7,8004
2021-06-19 00:00:00,Saturday,June,Summer,170,15,16,4434
2025-06-15 00:00:00,Sunday,June,Summer,166,7,8,2381
2023-07-13 00:00:00,Thursday,July,Summer,194,11,12,8460
2022-11-20 00:00:00,Sunday,November,Fall,324,14,15,11679
2023-07-29 00:00:00,Saturday,July,Summer,210,16,17,11633
2024-06-26 00:00:00,Wednesday,June,Summer,178,17,18,5746
2025-05-27 00:00:00,Tuesday,May,Spring,147,2,3,6782
2023-05-17 00:00:00,Wednesday,May,Spring,137,11,12,12591
2021-11-05 00:00:00,Friday,November,Fall,309,8,9,3138
2024-09-20 00:00:00,Friday,September,Fall,264,9,10,6343
2023-08-02 00:00:00,Wednesday,August,Summer,214,15,16,20359
2024-05-13 00:00:00,Monday,May,Spring,134,23,0,6358
2024-12-25 00:00:00,Wednesday,December,Winter,360,16,17,1322
2020-09-29 00:00:00,Tuesday,September,Fall,273,18,19,1250
2021-02-04 00:00:00,Thursday,February,Winter,35,9,10,2756
2021-01-26 00:00:00,Tuesday,January,Winter,26,12,13,5374
2023-03-02 00:00:00,Thursday,March,Spring,61,11,12,5920
2020-08-29 00:00:00,Saturday,August,Summer,242,0,1,3168
2020-08-28 00:00:00,Friday,August,Summer,241,14,15,8716
2023-05-10 00:00:00,Wednesday,May,Spring,130,8,9,7126
2023-04-24 00:00:00,Monday,April,Spring,114,17,18,8130
2022-04-19 00:00:00,Tuesday,April,Spring,109,2,3,2920
2022-04-23 00:00:00,Saturday,April,Spring,113,13,14,8065
2025-09-25 00:00:00,Thursday,September,Fall,268,1,2,3175
2023-05-17 00:00:00,Wednesday,May,Spring,137,10,11,10667
2020-03-17 00:00:00,Tuesday,March,Spring,77,21,22,596
2023-07-06 00:00:00,Thursday,July,Summer,187,12,13,6939
2020-04-09 00:00:00,Thursday,April,Spring,100,9,10,2595
2023-05-01 00:00:00,Monday,May,Spring,121,12,13,7715
2023-04-21 00:00:00,Friday,April,Spring,111,18,19,4021
2023-05-05 00:00:00,Friday,May,Spring,125,22,23,1319
2020-04-24 00:00:00,Friday,April,Spring,115,1,2,1022
2023-07-17 00:00:00,Monday,July,Summer,198,12,13,9207
2020-11-06 00:00:00,Friday,November,Fall,311,18,19,6817
2020-03-17 00:00:00,Tuesday,March,Spring,77,9,10,1714
2020-07-28 00:00:00,Tuesday,July,Summer,210,7,8,3211
2022-07-19 00:00:00,Tuesday,July,Summer,200,6,7,5940
2020-07-09 00:00:00,Thursday,July,Summer,191,18,19,5677
2023-06-24 00:00:00,Saturday,June,Summer,175,7,8,3270
2021-11-27 00:00:00,Saturday,November,Fall,331,10,11,9185
2022-02-12 00:00:00,Saturday,February,Winter,43,14,15,7521
2021-11-06 00:00:00,Saturday,November,Fall,310,4,5,2796
2021-02-14 00:00:00,Sunday,February,Winter,45,15,16,9763
2024-06-24 00:00:00,Monday,June,Summer,176,18,19,5797
2020-04-04 00:00:00,Saturday,April,Spring,95,9,10,3591
2022-10-23 00:00:00,Sunday,October,Fall,296,0,1,6954
2023-12-10 00:00:00,Sunday,December,Winter,344,20,21,15601
2023-05-26 00:00:00,Friday,May,Spring,146,21,22,7754
2025-05-22 00:00:00,Thursday,May,Spring,142,20,21,5574
2021-12-27 00:00:00,Monday,December,Winter,361,1,2,3966
2022-06-27 00:00:00,Monday,June,Summer,178,6,7,1238
2022-03-24 00:00:00,Thursday,March,Spring,83,16,17,4803
2020-09-27 00:00:00,Sunday,September,Fall,271,18,19,8052
2022-05-02 00:00:00,Monday,May,Spring,122,6,7,2029
2020-01-05 00:00:00,Sunday,January,Winter,5,9,10,2245
2021-02-15 00:00:00,Monday,February,Winter,46,0,1,9792
2024-01-16 00:00:00,Tuesday,January,Winter,16,1,2,2010
2025-01-16 00:00:00,Thursday,January,Winter,16,16,17,3827
2025-06-20 00:00:00,Friday,June,Summer,171,14,15,11681
2023-05-14 00:00:00,Sunday,May,Spring,134,8,9,3884
2025-06-16 00:00:00,Monday,June,Summer,167,9,10,6557
2021-02-04 00:00:00,Thursday,February,Winter,35,17,18,2798
2023-10-22 00:00:00,Sunday,October,Fall,295,3,4,8628
2024-05-19 00:00:00,Sunday,May,Spring,140,10,11,2455
2022-05-17 00:00:00,Tuesday,May,Spring,137,9,10,4347
2022-06-04 00:00:00,Saturday,June,Summer,155,15,16,5828
2025-02-22 00:00:00,Saturday,February,Winter,53,5,6,10238
2021-12-07 00:00:00,Tuesday,December,Winter,341,14,15,12122
2024-09-06 00:00:00,Friday,September,Fall,250,17,18,4893
2022-07-12 00:00:00,Tuesday,July,Summer,193,6,7,2572
2024-11-15 00:00:00,Friday,November,Fall,320,14,15,4951
2020-03-22 00:00:00,Sunday,March,Spring,82,13,14,10827
2023-09-30 00:00:00,Saturday,September,Fall,273,7,8,889
2025-08-15 00:00:00,Friday,August,Summer,227,1,2,4242
2023-01-07 00:00:00,Saturday,January,Winter,7,14,15,15880
2024-02-28 00:00:00,Wednesday,February,Winter,59,2,3,3703
2023-04-15 00:00:00,Saturday,April,Spring,105,17,18,13143
2021-04-01 00:00:00,Thursday,April,Spring,91,15,16,6405
2025-09-22 00:00:00,Monday,September,Fall,265,12,13,15222
2023-03-29 00:00:00,Wednesday,March,Spring,88,2,3,4865
2021-02-07 00:00:00,Sunday,February,Winter,38,8,9,4598
2022-08-03 00:00:00,Wednesday,August,Summer,215,18,19,3379
2022-03-11 00:00:00,Friday,March,Spring,70,16,17,12628
2021-09-22 00:00:00,Wednesday,September,Fall,265,20,21,1945
2024-07-24 00:00:00,Wednesday,July,Summer,206,6,7,1089
2025-04-02 00:00:00,Wednesday,April,Spring,92,18,19,15030
2024-08-01 00:00:00,Thursday,August,Summer,214,0,1,1649
2020-02-15 00:00:00,Saturday,February,Winter,46,9,10,8611
2020-12-28 00:00:00,Monday,December,Winter,363,16,17,9395
2023-06-30 00:00:00,Friday,June,Summer,181,13,14,8565
2022-05-31 00:00:00,Tuesday,May,Spring,151,0,1,2131
2024-06-21 00:00:00,Friday,June,Summer,173,6,7,1717
2021-08-05 00:00:00,Thursday,August,Summer,217,17,18,9475
2022-05-13 00:00:00,Friday,May,Spring,133,16,17,6107
2022-12-19 00:00:00,Monday,December,Winter,353,11,12,14450
2024-04-21 00:00:00,Sunday,April,Spring,112,7,8,5871
2023-11-02 00:00:00,Thursday,November,Fall,306,0,1,17146
2023-11-04 00:00:00,Saturday,November,Fall,308,13,14,18105
2020-11-29 00:00:00,Sunday,November,Fall,334,16,17,2659
2021-01-04 00:00:00,Monday,January,Winter,4,7,8,1589
2020-12-23 00:00:00,Wednesday,December,Winter,358,22,23,12177
2024-12-28 00:00:00,Saturday,December,Winter,363,23,0,638
2020-05-28 00:00:00,Thursday,May,Spring,149,17,18,6840
2020-04-12 00:00:00,Sunday,April,Spring,103,0,1,978
2020-12-15 00:00:00,Tuesday,December,Winter,350,21,22,4427
2022-03-21 00:00:00,Monday,March,Spring,80,18,19,3512
2022-12-31 00:00:00,Saturday,December,Winter,365,19,20,16435
2021-05-31 00:00:00,Monday,May,Spring,151,15,16,7096
2024-11-13 00:00:00,Wednesday,November,Fall,318,4,5,6882
2023-04-09 00:00:00,Sunday,April,Spring,99,12,13,7478
2021-02-22 00:00:00,Monday,February,Winter,53,1,2,7591
2025-02-25 00:00:00,Tuesday,February,Winter,56,4,5,3644
2021-12-19 00:00:00,Sunday,December,Winter,353,18,19,3022
2020-11-24 00:00:00,Tuesday,November,Fall,329,23,0,6768
2021-09-10 00:00:00,Friday,September,Fall,253,22,23,1997
2021-04-13 00:00:00,Tuesday,April,Spring,103,1,2,1796
2022-08-04 00:00:00,Thursday,August,Summer,216,0,1,1586
2025-05-04 00:00:00,Sunday,May,Spring,124,18,19,12606
2020-08-29 00:00:00,Saturday,August,Summer,242,14,15,5103
2023-07-19 00:00:00,Wednesday,July,Summer,200,8,9,4118
2023-12-04 00:00:00,Monday,December,Winter,338,3,4,13158
2022-12-04 00:00:00,Sunday,December,Winter,338,4,5,3430
2024-06-13 00:00:00,Thursday,June,Summer,165,20,21,4639
2025-05-07 00:00:00,Wednesday,May,Spring,127,1,2,8947
2023-08-28 00:00:00,Monday,August,Summer,240,19,20,4554
2023-08-05 00:00:00,Saturday,August,Summer,217,20,21,14188
2025-01-18 00:00:00,Saturday,January,Winter,18,3,4,1157
2022-05-23 00:00:00,Monday,May,Spring,143,0,1,3636
2025-11-30 00:00:00,Sunday,November,Fall,334,6,7,4387
2021-10-07 00:00:00,Thursday,October,Fall,280,16,17,4917
2020-03-12 00:00:00,Thursday,March,Spring,72,6,7,9223
2021-01-20 00:00:00,Wednesday,January,Winter,20,15,16,14624
2024-08-05 00:00:00,Monday,August,Summer,218,22,23,1034
2025-10-23 00:00:00,Thursday,October,Fall,296,3,4,12997
2020-10-20 00:00:00,Tuesday,October,Fall,294,6,7,10003
2022-05-05 00:00:00,Thursday,May,Spring,125,12,13,5897
2020-01-23 00:00:00,Thursday,January,Winter,23,22,23,2779
2021-07-07 00:00:00,Wednesday,July,Summer,188,13,14,5429
2020-07-25 00:00:00,Saturday,July,Summer,207,1,2,1543
2020-07-18 00:00:00,Saturday,July,Summer,200,1,2,1515
2021-09-26 00:00:00,Sunday,September,Fall,269,6,7,2281
2024-04-29 00:00:00,Monday,April,Spring,120,1,2,2419
2021-09-19 00:00:00,Sunday,September,Fall,262,22,23,2332
2022-08-30 00:00:00,Tuesday,August,Summer,242,4,5,3592
2023-09-16 00:00:00,Saturday,September,Fall,259,13,14,8664
2022-06-22 00:00:00,Wednesday,June,Summer,173,1,2,3887
2020-04-19 00:00:00,Sunday,April,Spring,110,19,20,4931
2024-04-09 00:00:00,Tuesday,April,Spring,100,22,23,8756
2025-03-11 00:00:00,Tuesday,March,Spring,70,17,18,5580
2024-10-01 00:00:00,Tuesday,October,Fall,275,9,10,7164
2024-08-16 00:00:00,Friday,August,Summer,229,19,20,3335
2024-09-05 00:00:00,Thursday,September,Fall,249,1,2,3657
2025-09-29 00:00:00,Monday,September,Fall,272,11,12,7678
2020-05-24 00:00:00,Sunday,May,Spring,145,5,6,3046
2023-04-15 00:00:00,Saturday,April,Spring,105,10,11,10771
2023-06-07 00:00:00,Wednesday,June,Summer,158,3,4,4685
2021-09-02 00:00:00,Thursday,September,Fall,245,17,18,5612
2023-01-02 00:00:00,Monday,January,Winter,2,22,23,4218
2021-11-04 00:00:00,Thursday,November,Fall,308,16,17,3606
2024-12-06 00:00:00,Friday,December,Winter,341,11,12,12425
2023-12-13 00:00:00,Wednesday,December,Winter,347,4,5,9180
2024-11-30 00:00:00,Saturday,November,Fall,335,13,14,4668
2025-09-16 00:00:00,Tuesday,September,Fall,259,6,7,9715
2023-03-03 00:00:00,Friday,March,Spring,62,20,21,5832
2023-02-17 00:00:00,Friday,February,Winter,48,3,4,7265
2024-07-19 00:00:00,Friday,July,Summer,201,3,4,1551
2022-05-09 00:00:00,Monday,May,Spring,129,10,11,4782
2022-04-08 00:00:00,Friday,April,Spring,98,9,10,6382
2023-08-30 00:00:00,Wednesday,August,Summer,242,19,20,5549
2023-02-15 00:00:00,Wednesday,February,Winter,46,16,17,3695
2022-06-09 00:00:00,Thursday,June,Summer,160,16,17,8567
2020-02-13 00:00:00,Thursday,February,Winter,44,6,7,11612
2023-03-20 00:00:00,Monday,March,Spring,79,16,17,5436
2023-11-15 00:00:00,Wednesday,November,Fall,319,14,15,10772
2024-12-12 00:00:00,Thursday,December,Winter,347,22,23,3318
2021-05-14 00:00:00,Friday,May,Spring,134,21,22,3668
2024-05-18 00:00:00,Saturday,May,Spring,139,9,10,3617
2020-10-24 00:00:00,Saturday,October,Fall,298,0,1,5673
2020-11-19 00:00:00,Thursday,November,Fall,324,11,12,10362
2023-05-17 00:00:00,Wednesday,May,Spring,137,0,1,7939
2021-08-19 00:00:00,Thursday,August,Summer,231,14,15,5079
2024-08-07 00:00:00,Wednesday,August,Summer,220,9,10,3763
2022-08-10 00:00:00,Wednesday,August,Summer,222,7,8,5109
2020-05-30 00:00:00,Saturday,May,Spring,151,0,1,5257
2021-10-14 00:00:00,Thursday,October,Fall,287,19,20,884
2020-10-30 00:00:00,Friday,October,Fall,304,0,1,8074
2021-11-30 00:00:00,Tuesday,November,Fall,334,23,0,12923
2024-10-18 00:00:00,Friday,October,Fall,292,3,4,5240
2021-11-13 00:00:00,Saturday,November,Fall,317,10,11,5285
2023-06-17 00:00:00,Saturday,June,Summer,168,14,15,6725
2021-03-26 00:00:00,Friday,March,Spring,85,9,10,5822
2022-07-11 00:00:00,Monday,July,Summer,192,15,16,8839
2022-10-06 00:00:00,Thursday,October,Fall,279,8,9,1848
2020-11-21 00:00:00,Saturday,November,Fall,326,18,19,2645
2020-06-02 00:00:00,Tuesday,June,Summer,154,20,21,1623
2021-12-08 00:00:00,Wednesday,December,Winter,342,8,9,7536
2021-06-10 00:00:00,Thursday,June,Summer,161,5,6,1077
2021-08-31 00:00:00,Tuesday,August,Summer,243,15,16,8581
2022-01-14 00:00:00,Friday,January,Winter,14,8,9,891
2023-04-17 00:00:00,Monday,April,Spring,107,9,10,5631
2023-04-28 00:00:00,Friday,April,Spring,118,4,5,4743
2023-02-02 00:00:00,Thursday,February,Winter,33,16,17,7966
2024-05-26 00:00:00,Sunday,May,Spring,147,22,23,3079
2022-03-17 00:00:00,Thursday,March,Spring,76,18,19,5041
2021-06-12 00:00:00,Saturday,June,Summer,163,5,6,1612
2022-08-22 00:00:00,Monday,August,Summer,234,23,0,1343
2021-04-13 00:00:00,Tuesday,April,Spring,103,5,6,2747
2024-05-25 00:00:00,Saturday,May,Spring,146,22,23,1939
2024-07-23 00:00:00,Tuesday,July,Summer,205,4,5,5296
2024-10-22 00:00:00,Tuesday,October,Fall,296,14,15,5151
2025-09-08 00:00:00,Monday,September,Fall,251,1,2,3247
2024-02-05 00:00:00,Monday,February,Winter,36,0,1,7250
2025-11-02 00:00:00,Sunday,November,Fall,306,0,1,8891
2021-05-30 00:00:00,Sunday,May,Spring,150,20,21,3606
2021-07-18 00:00:00,Sunday,July,Summer,199,15,16,8491
2023-10-04 00:00:00,Wednesday,October,Fall,277,8,9,2909
2020-12-16 00:00:00,Wednesday,December,Winter,351,20,21,7854
2022-11-18 00:00:00,Friday,November,Fall,322,15,16,4771
2022-08-06 00:00:00,Saturday,August,Summer,218,19,20,7487
2022-08-10 00:00:00,Wednesday,August,Summer,222,5,6,5582
2024-04-08 00:00:00,Monday,April,Spring,99,4,5,3115
2021-12-30 00:00:00,Thursday,December,Winter,364,14,15,8402
2022-11-27 00:00:00,Sunday,November,Fall,331,16,17,6863
2024-04-25 00:00:00,Thursday,April,Spring,116,3,4,1051
2022-02-07 00:00:00,Monday,February,Winter,38,21,22,4624
2022-05-29 00:00:00,Sunday,May,Spring,149,7,8,4550
2021-11-26 00:00:00,Friday,November,Fall,330,9,10,5880
2022-03-06 00:00:00,Sunday,March,Spring,65,20,21,7259
2024-04-09 00:00:00,Tuesday,April,Spring,100,18,19,14993
2020-07-05 00:00:00,Sunday,July,Summer,187,19,20,9243
2020-11-08 00:00:00,Sunday,November,Fall,313,14,15,3198
2021-07-03 00:00:00,Saturday,July,Summer,184,4,5,2200
2024-08-18 00:00:00,Sunday,August,Summer,231,21,22,3802
2024-02-03 00:00:00,Saturday,February,Winter,34,15,16,7256
2020-02-22 00:00:00,Saturday,February,Winter,53,5,6,8212
2025-08-24 00:00:00,Sunday,August,Summer,236,17,18,7445
2025-01-31 00:00:00,Friday,January,Winter,31,7,8,4032
2022-01-29 00:00:00,Saturday,January,Winter,29,6,7,6295
2024-05-16 00:00:00,Thursday,May,Spring,137,4,5,1985
2025-09-09 00:00:00,Tuesday,September,Fall,252,5,6,1712
2025-05-07 00:00:00,Wednesday,May,Spring,127,22,23,5970
2021-11-04 00:00:00,Thursday,November,Fall,308,5,6,3125
2024-08-26 00:00:00,Monday,August,Summer,239,14,15,10162
2022-05-24 00:00:00,Tuesday,May,Spring,144,5,6,6008
2022-08-21 00:00:00,Sunday,August,Summer,233,17,18,4032
2021-11-03 00:00:00,Wednesday,November,Fall,307,8,9,3933
2020-04-08 00:00:00,Wednesday,April,Spring,99,16,17,3264
2024-08-30 00:00:00,Friday,August,Summer,243,8,9,4148
2022-06-30 00:00:00,Thursday,June,Summer,181,0,1,1528
2022-08-27 00:00:00,Saturday,August,Summer,239,12,13,7198
2021-11-05 00:00:00,Friday,November,Fall,309,12,13,4648
2022-05-03 00:00:00,Tuesday,May,Spring,123,2,3,4519
2020-06-14 00:00:00,Sunday,June,Summer,166,20,21,1888
2024-10-09 00:00:00,Wednesday,October,Fall,283,0,1,12523
2024-11-24 00:00:00,Sunday,November,Fall,329,20,21,19513
2024-12-17 00:00:00,Tuesday,December,Winter,352,20,21,9136
2024-04-02 00:00:00,Tuesday,April,Spring,93,4,5,13180
2021-09-02 00:00:00,Thursday,September,Fall,245,5,6,5765
2020-12-29 00:00:00,Tuesday,December,Winter,364,8,9,4269
2023-03-16 00:00:00,Thursday,March,Spring,75,20,21,10081
2024-02-04 00:00:00,Sunday,February,Winter,35,19,20,8459
2023-04-20 00:00:00,Thursday,April,Spring,110,18,19,6268
2022-03-23 00:00:00,Wednesday,March,Spring,82,9,10,5419
2024-03-05 00:00:00,Tuesday,March,Spring,65,19,20,3141
2020-01-17 00:00:00,Friday,January,Winter,17,2,3,9390
2023-09-07 00:00:00,Thursday,September,Fall,250,1,2,2893
2024-12-23 00:00:00,Monday,December,Winter,358,22,23,4916
2024-06-23 00:00:00,Sunday,June,Summer,175,14,15,4090
2021-09-27 00:00:00,Monday,September,Fall,270,11,12,10123
2025-07-18 00:00:00,Friday,July,Summer,199,2,3,1564
2022-12-10 00:00:00,Saturday,December,Winter,344,4,5,1533
2023-04-19 00:00:00,Wednesday,April,Spring,109,18,19,7115
2025-05-30 00:00:00,Friday,May,Spring,150,15,16,4444
2024-11-15 00:00:00,Friday,November,Fall,320,10,11,5039
2022-08-22 00:00:00,Monday,August,Summer,234,3,4,1609
2022-06-14 00:00:00,Tuesday,June,Summer,165,16,17,5556
2023-01-29 00:00:00,Sunday,January,Winter,29,20,21,4213
2022-12-01 00:00:00,Thursday,December,Winter,335,23,0,2895
2024-12-05 00:00:00,Thursday,December,Winter,340,18,19,16688
2022-10-16 00:00:00,Sunday,October,Fall,289,20,21,7022
2020-08-21 00:00:00,Friday,August,Summer,234,3,4,6690
2021-12-22 00:00:00,Wednesday,December,Winter,356,6,7,2824
2025-07-21 00:00:00,Monday,July,Summer,202,6,7,11030
2024-01-02 00:00:00,Tuesday,January,Winter,2,5,6,17248
2025-04-11 00:00:00,Friday,April,Spring,101,7,8,3644
2025-08-02 00:00:00,Saturday,August,Summer,214,15,16,12289
2021-04-02 00:00:00,Friday,April,Spring,92,19,20,11290
2023-03-13 00:00:00,Monday,March,Spring,72,8,9,15437
2024-11-02 00:00:00,Saturday,November,Fall,307,2,3,1771
2023-05-16 00:00:00,Tuesday,May,Spring,136,11,12,13805
2024-09-22 00:00:00,Sunday,September,Fall,266,18,19,4071
2021-10-28 00:00:00,Thursday,October,Fall,301,10,11,7333
2021-08-31 00:00:00,Tuesday,August,Summer,243,1,2,4199
2023-02-06 00:00:00,Monday,February,Winter,37,1,2,8096
2025-10-03 00:00:00,Friday,October,Fall,276,9,10,6874
2023-07-08 00:00:00,Saturday,July,Summer,189,20,21,1493
2024-11-07 00:00:00,Thursday,November,Fall,312,15,16,3966
2023-08-01 00:00:00,Tuesday,August,Summer,213,20,21,7412
2024-12-04 00:00:00,Wednesday,December,Winter,339,4,5,1527
2024-03-18 00:00:00,Monday,March,Spring,78,8,9,2921
2020-12-30 00:00:00,Wednesday,December,Winter,365,19,20,5298
2023-05-20 00:00:00,Saturday,May,Spring,140,13,14,11018
2022-02-23 00:00:00,Wednesday,February,Winter,54,6,7,915
2024-06-24 00:00:00,Monday,June,Summer,176,6,7,3013
2020-12-09 00:00:00,Wednesday,December,Winter,344,22,23,4120
2020-12-02 00:00:00,Wednesday,December,Winter,337,6,7,3538
2025-04-18 00:00:00,Friday,April,Spring,108,20,21,7067
2022-04-17 00:00:00,Sunday,April,Spring,107,22,23,5787
2020-10-06 00:00:00,Tuesday,October,Fall,280,21,22,11000
2024-07-28 00:00:00,Sunday,July,Summer,210,18,19,7133
2021-09-14 00:00:00,Tuesday,September,Fall,257,6,7,2764
2025-09-03 00:00:00,Wednesday,September,Fall,246,6,7,13678
2025-05-05 00:00:00,Monday,May,Spring,125,17,18,12722
2020-09-01 00:00:00,Tuesday,September,Fall,245,14,15,4740
2022-06-06 00:00:00,Monday,June,Summer,157,5,6,1806
2020-10-04 00:00:00,Sunday,October,Fall,278,2,3,8818
2021-06-26 00:00:00,Saturday,June,Summer,177,7,8,633
2023-06-02 00:00:00,Friday,June,Summer,153,2,3,7043
2025-02-15 00:00:00,Saturday,February,Winter,46,4,5,5875
2022-01-29 00:00:00,Saturday,January,Winter,29,10,11,9123
2025-02-13 00:00:00,Thursday,February,Winter,44,20,21,4432
2022-09-19 00:00:00,Monday,September,Fall,262,11,12,6983
2024-06-29 00:00:00,Saturday,June,Summer,181,3,4,4100
2025-07-11 00:00:00,Friday,July,Summer,192,12,13,12811
2021-03-07 00:00:00,Sunday,March,Spring,66,14,15,2799
2022-03-07 00:00:00,Monday,March,Spring,66,4,5,6613
2020-06-17 00:00:00,Wednesday,June,Summer,169,20,21,1500
2022-03-14 00:00:00,Monday,March,Spring,73,2,3,6130
2024-05-02 00:00:00,Thursday,May,Spring,123,2,3,5050
2025-03-08 00:00:00,Saturday,March,Spring,67,22,23,12431
2022-05-05 00:00:00,Thursday,May,Spring,125,6,7,1715
2024-06-23 00:00:00,Sunday,June,Summer,175,0,1,2581
2020-02-14 00:00:00,Friday,February,Winter,45,8,9,3683
2025-08-02 00:00:00,Saturday,August,Summer,214,1,2,4270
2024-05-05 00:00:00,Sunday,May,Spring,126,1,2,3256
2023-04-30 00:00:00,Sunday,April,Spring,120,9,10,4169
2025-02-09 00:00:00,Sunday,February,Winter,40,17,18,1709
2025-08-11 00:00:00,Monday,August,Summer,223,18,19,6420
2025-03-10 00:00:00,Monday,March,Spring,69,8,9,3471
2020-04-03 00:00:00,Friday,April,Spring,94,19,20,1256
2022-02-01 00:00:00,Tuesday,February,Winter,32,14,15,14323
2024-04-09 00:00:00,Tuesday,April,Spring,100,21,22,9329
2022-05-02 00:00:00,Monday,May,Spring,122,19,20,3754
2022-10-08 00:00:00,Saturday,October,Fall,281,0,1,3051
2022-11-11 00:00:00,Friday,November,Fall,315,6,7,3328
2022-10-05 00:00:00,Wednesday,October,Fall,278,11,12,11975
2025-05-26 00:00:00,Monday,May,Spring,146,14,15,6702
2023-02-16 00:00:00,Thursday,February,Winter,47,4,5,3973
2022-12-14 00:00:00,Wednesday,December,Winter,348,15,16,2542
2020-02-14 00:00:00,Friday,February,Winter,45,12,13,5860
2020-03-13 00:00:00,Friday,March,Spring,73,7,8,6097
2021-12-07 00:00:00,Tuesday,December,Winter,341,8,9,5489
2021-09-23 00:00:00,Thursday,September,Fall,266,19,20,1224
2024-09-05 00:00:00,Thursday,September,Fall,249,6,7,5710
2022-11-16 00:00:00,Wednesday,November,Fall,320,22,23,15448
2022-03-12 00:00:00,Saturday,March,Spring,71,6,7,6239
2024-02-19 00:00:00,Monday,February,Winter,50,17,18,7758
2022-03-08 00:00:00,Tuesday,March,Spring,67,10,11,7990
2020-09-07 00:00:00,Monday,September,Fall,251,9,10,3027
2020-09-06 00:00:00,Sunday,September,Fall,250,15,16,4473
2022-01-21 00:00:00,Friday,January,Winter,21,8,9,4551
2021-09-16 00:00:00,Thursday,September,Fall,259,10,11,1635
2024-04-06 00:00:00,Saturday,April,Spring,97,18,19,8976
2024-11-12 00:00:00,Tuesday,November,Fall,317,1,2,8188
2025-10-19 00:00:00,Sunday,October,Fall,292,2,3,6818
2023-05-13 00:00:00,Saturday,May,Spring,133,22,23,5777
2022-12-08 00:00:00,Thursday,December,Winter,342,21,22,2632
2022-03-22 00:00:00,Tuesday,March,Spring,81,11,12,8531
2023-12-25 00:00:00,Monday,December,Winter,359,15,16,12985
2025-02-06 00:00:00,Thursday,February,Winter,37,20,21,12160
2022-02-07 00:00:00,Monday,February,Winter,38,2,3,13497
2023-01-18 00:00:00,Wednesday,January,Winter,18,16,17,5234
2025-01-26 00:00:00,Sunday,January,Winter,26,1,2,10365
2024-05-04 00:00:00,Saturday,May,Spring,125,23,0,3298
2024-06-04 00:00:00,Tuesday,June,Summer,156,23,0,4473
2021-01-18 00:00:00,Monday,January,Winter,18,8,9,2915
2021-11-22 00:00:00,Monday,November,Fall,326,15,16,11582
2024-02-28 00:00:00,Wednesday,February,Winter,59,6,7,2370
2020-11-12 00:00:00,Thursday,November,Fall,317,9,10,5105
2022-08-24 00:00:00,Wednesday,August,Summer,236,12,13,6402
2021-11-08 00:00:00,Monday,November,Fall,312,14,15,4153
2022-01-14 00:00:00,Friday,January,Winter,14,5,6,1127
2025-06-03 00:00:00,Tuesday,June,Summer,154,13,14,6959
2020-01-01 00:00:00,Wednesday,January,Winter,1,15,16,1323
2023-05-19 00:00:00,Friday,May,Spring,139,5,6,5256
2022-07-03 00:00:00,Sunday,July,Summer,184,20,21,2890
2020-06-16 00:00:00,Tuesday,June,Summer,168,23,0,1468
2024-02-19 00:00:00,Monday,February,Winter,50,12,13,10225
2020-01-09 00:00:00,Thursday,January,Winter,9,21,22,10944
2022-06-12 00:00:00,Sunday,June,Summer,163,18,19,5222
2020-04-11 00:00:00,Saturday,April,Spring,102,20,21,725
2022-09-06 00:00:00,Tuesday,September,Fall,249,4,5,3166
2020-06-08 00:00:00,Monday,June,Summer,160,1,2,1496
2022-12-13 00:00:00,Tuesday,December,Winter,347,3,4,6816
2024-10-07 00:00:00,Monday,October,Fall,281,15,16,7138
2024-08-13 00:00:00,Tuesday,August,Summer,226,0,1,1600
2024-05-26 00:00:00,Sunday,May,Spring,147,8,9,5565
2024-08-19 00:00:00,Monday,August,Summer,232,15,16,9088
2023-11-04 00:00:00,Saturday,November,Fall,308,18,19,15770
2021-04-14 00:00:00,Wednesday,April,Spring,104,10,11,5528
2023-11-02 00:00:00,Thursday,November,Fall,306,7,8,15300
2023-07-31 00:00:00,Monday,July,Summer,212,22,23,10752
2022-08-01 00:00:00,Monday,August,Summer,213,18,19,3859
2025-02-13 00:00:00,Thursday,February,Winter,44,1,2,1112
2021-11-06 00:00:00,Saturday,November,Fall,310,7,8,2797
2025-10-11 00:00:00,Saturday,October,Fall,284,9,10,5515
2020-11-28 00:00:00,Saturday,November,Fall,333,4,5,3659
2025-09-17 00:00:00,Wednesday,September,Fall,260,19,20,3567
2024-02-01 00:00:00,Thursday,February,Winter,32,22,23,1902
2025-08-09 00:00:00,Saturday,August,Summer,221,5,6,1061
2021-10-22 00:00:00,Friday,October,Fall,295,22,23,2376
2022-12-16 00:00:00,Friday,December,Winter,350,2,3,6144
2022-02-22 00:00:00,Tuesday,February,Winter,53,12,13,14675
2023-09-15 00:00:00,Friday,September,Fall,258,21,22,4226
2021-08-06 00:00:00,Friday,August,Summer,218,21,22,2893
2024-09-06 00:00:00,Friday,September,Fall,250,3,4,1393
2025-07-28 00:00:00,Monday,July,Summer,209,12,13,11478
2024-07-26 00:00:00,Friday,July,Summer,208,16,17,6307
2021-09-15 00:00:00,Wednesday,September,Fall,258,8,9,2190
2025-03-26 00:00:00,Wednesday,March,Spring,85,15,16,7167
2025-07-22 00:00:00,Tuesday,July,Summer,203,21,22,1826
2020-06-09 00:00:00,Tuesday,June,Summer,161,12,13,4970
2022-12-31 00:00:00,Saturday,December,Winter,365,11,12,17264
2025-02-15 00:00:00,Saturday,February,Winter,46,15,16,7084
2020-08-09 00:00:00,Sunday,August,Summer,222,18,19,3103
2023-10-18 00:00:00,Wednesday,October,Fall,291,23,0,11879
2023-03-09 00:00:00,Thursday,March,Spring,68,21,22,15820
2023-09-17 00:00:00,Sunday,September,Fall,260,16,17,5366
2023-11-18 00:00:00,Saturday,November,Fall,322,18,19,12524
2020-11-22 00:00:00,Sunday,November,Fall,327,13,14,3338
2024-12-31 00:00:00,Tuesday,December,Winter,366,16,17,8495
2025-11-09 00:00:00,Sunday,November,Fall,313,14,15,7371
2021-06-29 00:00:00,Tuesday,June,Summer,180,16,17,5193
2025-10-20 00:00:00,Monday,October,Fall,293,18,19,16757
2024-05-03 00:00:00,Friday,May,Spring,124,19,20,2964
2025-09-16 00:00:00,Tuesday,September,Fall,259,20,21,3536
2025-04-12 00:00:00,Saturday,April,Spring,102,18,19,11549
2021-05-24 00:00:00,Monday,May,Spring,144,18,19,12791
2025-03-10 00:00:00,Monday,March,Spring,69,10,11,6063
2021-06-20 00:00:00,Sunday,June,Summer,171,9,10,3324
2020-08-16 00:00:00,Sunday,August,Summer,229,7,8,1272
2023-08-25 00:00:00,Friday,August,Summer,237,4,5,2460
2025-01-22 00:00:00,Wednesday,January,Winter,22,17,18,5102
2025-01-06 00:00:00,Monday,January,Winter,6,9,10,18975
2023-05-15 00:00:00,Monday,May,Spring,135,12,13,9340
2020-07-12 00:00:00,Sunday,July,Summer,194,10,11,4498
2024-06-13 00:00:00,Thursday,June,Summer,165,21,22,5123
2025-07-03 00:00:00,Thursday,July,Summer,184,14,15,9855
2024-08-26 00:00:00,Monday,August,Summer,239,16,17,8375
2025-09-29 00:00:00,Monday,September,Fall,272,15,16,8318
2020-04-19 00:00:00,Sunday,April,Spring,110,9,10,2105
2023-03-04 00:00:00,Saturday,March,Spring,63,4,5,4490
2021-07-13 00:00:00,Tuesday,July,Summer,194,15,16,7535
2025-10-09 00:00:00,Thursday,October,Fall,282,11,12,5069
2021-09-06 00:00:00,Monday,September,Fall,249,10,11,3616
2025-10-03 00:00:00,Friday,October,Fall,276,18,19,10465
2024-04-24 00:00:00,Wednesday,April,Spring,115,16,17,10914
2023-07-03 00:00:00,Monday,July,Summer,184,9,10,6964
2020-04-09 00:00:00,Thursday,April,Spring,100,1,2,894
2020-08-08 00:00:00,Saturday,August,Summer,221,1,2,1875
2021-09-26 00:00:00,Sunday,September,Fall,269,15,16,5531
2023-12-25 00:00:00,Monday,December,Winter,359,11,12,15160
2022-04-02 00:00:00,Saturday,April,Spring,92,22,23,4539
2023-12-14 00:00:00,Thursday,December,Winter,348,5,6,7047
2020-01-23 00:00:00,Thursday,January,Winter,23,16,17,3347
2023-10-15 00:00:00,Sunday,October,Fall,288,15,16,6957
2020-05-31 00:00:00,Sunday,May,Spring,152,6,7,4859
2025-03-29 00:00:00,Saturday,March,Spring,88,21,22,5649
2020-10-08 00:00:00,Thursday,October,Fall,282,22,23,4432
2021-02-17 00:00:00,Wednesday,February,Winter,48,2,3,8531
2020-05-11 00:00:00,Monday,May,Spring,132,5,6,10139
2022-09-05 00:00:00,Monday,September,Fall,248,7,8,2789
2021-07-07 00:00:00,Wednesday,July,Summer,188,3,4,4006
2024-10-12 00:00:00,Saturday,October,Fall,286,6,7,6023
2022-06-20 00:00:00,Monday,June,Summer,171,4,5,3009
2024-10-26 00:00:00,Saturday,October,Fall,300,7,8,2152
2020-05-18 00:00:00,Monday,May,Spring,139,3,4,2064
2022-08-02 00:00:00,Tuesday,August,Summer,214,0,1,1397
2022-01-14 00:00:00,Friday,January,Winter,14,2,3,1410
2024-07-25 00:00:00,Thursday,July,Summer,207,16,17,8796
2023-05-26 00:00:00,Friday,May,Spring,146,11,12,10688
2024-08-22 00:00:00,Thursday,August,Summer,235,10,11,10231
2024-03-22 00:00:00,Friday,March,Spring,82,5,6,2130
2021-10-26 00:00:00,Tuesday,October,Fall,299,16,17,5120
2025-07-19 00:00:00,Saturday,July,Summer,200,13,14,14450
2024-07-28 00:00:00,Sunday,July,Summer,210,6,7,2348
2024-02-01 00:00:00,Thursday,February,Winter,32,15,16,3444
2022-12-26 00:00:00,Monday,December,Winter,360,13,14,10092
2024-07-30 00:00:00,Tuesday,July,Summer,212,17,18,4665
2022-08-18 00:00:00,Thursday,August,Summer,230,2,3,1182
2025-04-16 00:00:00,Wednesday,April,Spring,106,17,18,6246
2020-11-15 00:00:00,Sunday,November,Fall,320,21,22,12149
2025-02-26 00:00:00,Wednesday,February,Winter,57,9,10,9755
2022-02-20 00:00:00,Sunday,February,Winter,51,7,8,12571
2025-02-20 00:00:00,Thursday,February,Winter,51,9,10,9967
2022-02-27 00:00:00,Sunday,February,Winter,58,3,4,9685
2021-12-31 00:00:00,Friday,December,Winter,365,18,19,3904
2022-07-28 00:00:00,Thursday,July,Summer,209,12,13,5588
2021-04-28 00:00:00,Wednesday,April,Spring,118,2,3,1371
2021-12-23 00:00:00,Thursday,December,Winter,357,5,6,6602
2024-03-14 00:00:00,Thursday,March,Spring,74,23,0,10690
2023-07-14 00:00:00,Friday,July,Summer,195,9,10,6490
2025-10-18 00:00:00,Saturday,October,Fall,291,4,5,5140
2021-04-07 00:00:00,Wednesday,April,Spring,97,3,4,4251
2024-01-14 00:00:00,Sunday,January,Winter,14,13,14,3639
2022-04-18 00:00:00,Monday,April,Spring,108,3,4,4344
2024-06-01 00:00:00,Saturday,June,Summer,153,9,10,8993
2020-04-24 00:00:00,Friday,April,Spring,115,15,16,3799
2022-03-13 00:00:00,Sunday,March,Spring,72,18,19,5913
2025-02-23 00:00:00,Sunday,February,Winter,54,12,13,11643
2021-11-06 00:00:00,Saturday,November,Fall,310,12,13,5852
2025-04-04 00:00:00,Friday,April,Spring,94,15,16,6218
2022-02-10 00:00:00,Thursday,February,Winter,41,13,14,6325
2021-08-15 00:00:00,Sunday,August,Summer,227,2,3,1057
2023-06-22 00:00:00,Thursday,June,Summer,173,14,15,9306
2020-02-23 00:00:00,Sunday,February,Winter,54,10,11,13480
2022-03-10 00:00:00,Thursday,March,Spring,69,22,23,7481
2021-08-14 00:00:00,Saturday,August,Summer,226,0,1,1478
2020-06-05 00:00:00,Friday,June,Summer,157,3,4,3542
2020-05-22 00:00:00,Friday,May,Spring,143,21,22,2177
2025-08-26 00:00:00,Tuesday,August,Summer,238,20,21,3405
2022-07-05 00:00:00,Tuesday,July,Summer,186,7,8,2105
2024-03-30 00:00:00,Saturday,March,Spring,90,13,14,7615
2022-01-04 00:00:00,Tuesday,January,Winter,4,11,12,5975
2025-08-19 00:00:00,Tuesday,August,Summer,231,10,11,4540
2023-08-12 00:00:00,Saturday,August,Summer,224,3,4,1596
2024-03-23 00:00:00,Saturday,March,Spring,83,10,11,17377
2025-07-07 00:00:00,Monday,July,Summer,188,23,0,4873
2023-01-20 00:00:00,Friday,January,Winter,20,10,11,4641
2024-03-02 00:00:00,Saturday,March,Spring,62,16,17,6629
2022-01-05 00:00:00,Wednesday,January,Winter,5,14,15,7511
2025-09-12 00:00:00,Friday,September,Fall,255,13,14,15434
2025-02-08 00:00:00,Saturday,February,Winter,39,18,19,3104
2020-04-11 00:00:00,Saturday,April,Spring,102,7,8,1900
2020-01-23 00:00:00,Thursday,January,Winter,23,18,19,3556
2025-09-30 00:00:00,Tuesday,September,Fall,273,8,9,2872
2020-05-01 00:00:00,Friday,May,Spring,122,22,23,6712
2021-08-10 00:00:00,Tuesday,August,Summer,222,13,14,5911
2021-09-16 00:00:00,Thursday,September,Fall,259,18,19,1495
2023-10-27 00:00:00,Friday,October,Fall,300,12,13,12650
2025-11-11 00:00:00,Tuesday,November,Fall,315,3,4,7897
2020-03-24 00:00:00,Tuesday,March,Spring,84,7,8,5774
2023-10-20 00:00:00,Friday,October,Fall,293,17,18,6907
2025-10-29 00:00:00,Wednesday,October,Fall,302,15,16,8506
2023-11-21 00:00:00,Tuesday,November,Fall,325,16,17,6703
2024-03-26 00:00:00,Tuesday,March,Spring,86,20,21,8261
2022-06-30 00:00:00,Thursday,June,Summer,181,20,21,2522
2020-12-25 00:00:00,Friday,December,Winter,360,4,5,6542
2021-06-26 00:00:00,Saturday,June,Summer,177,15,16,4697
2020-08-04 00:00:00,Tuesday,August,Summer,217,0,1,3666
2022-08-22 00:00:00,Monday,August,Summer,234,2,3,1927
2022-04-17 00:00:00,Sunday,April,Spring,107,16,17,7694
2021-01-07 00:00:00,Thursday,January,Winter,7,5,6,487
2025-05-12 00:00:00,Monday,May,Spring,132,9,10,5922
2024-06-26 00:00:00,Wednesday,June,Summer,178,18,19,4295
2025-07-01 00:00:00,Tuesday,July,Summer,182,2,3,778
2023-06-09 00:00:00,Friday,June,Summer,160,5,6,4644
2023-08-24 00:00:00,Thursday,August,Summer,236,17,18,9861
2025-07-28 00:00:00,Monday,July,Summer,209,9,10,6834
2021-08-15 00:00:00,Sunday,August,Summer,227,3,4,883
2024-09-23 00:00:00,Monday,September,Fall,267,16,17,9135
2024-03-25 00:00:00,Monday,March,Spring,85,13,14,10853
2025-10-07 00:00:00,Tuesday,October,Fall,280,4,5,1733
2020-11-15 00:00:00,Sunday,November,Fall,320,1,2,10998
2023-09-14 00:00:00,Thursday,September,Fall,257,14,15,6131
2024-07-01 00:00:00,Monday,July,Summer,183,4,5,1845
2022-03-13 00:00:00,Sunday,March,Spring,72,12,13,10835
2021-03-04 00:00:00,Thursday,March,Spring,63,22,23,3145
2022-08-24 00:00:00,Wednesday,August,Summer,236,5,6,956
2025-06-06 00:00:00,Friday,June,Summer,157,18,19,10880
2021-12-30 00:00:00,Thursday,December,Winter,364,9,10,8720
2021-04-01 00:00:00,Thursday,April,Spring,91,2,3,1907
2023-08-06 00:00:00,Sunday,August,Summer,218,22,23,5369
2025-06-13 00:00:00,Friday,June,Summer,164,19,20,5374
2022-10-10 00:00:00,Monday,October,Fall,283,19,20,2196
2025-09-20 00:00:00,Saturday,September,Fall,263,18,19,11616
2023-09-08 00:00:00,Friday,September,Fall,251,17,18,4384
2021-12-30 00:00:00,Thursday,December,Winter,364,22,23,5452
2024-03-30 00:00:00,Saturday,March,Spring,90,7,8,3497
2023-05-08 00:00:00,Monday,May,Spring,128,17,18,5446
2021-04-25 00:00:00,Sunday,April,Spring,115,11,12,10262
2022-07-15 00:00:00,Friday,July,Summer,196,4,5,4379
2021-11-26 00:00:00,Friday,November,Fall,330,1,2,2597
2025-10-15 00:00:00,Wednesday,October,Fall,288,23,0,5351
2025-01-18 00:00:00,Saturday,January,Winter,18,10,11,3129
2025-03-16 00:00:00,Sunday,March,Spring,75,16,17,9489
2022-10-18 00:00:00,Tuesday,October,Fall,291,14,15,5808
2020-02-10 00:00:00,Monday,February,Winter,41,4,5,10052
2020-04-25 00:00:00,Saturday,April,Spring,116,5,6,1788
2023-05-18 00:00:00,Thursday,May,Spring,138,5,6,5769
2022-04-16 00:00:00,Saturday,April,Spring,106,23,0,8150
2020-03-29 00:00:00,Sunday,March,Spring,89,10,11,13965
2025-03-28 00:00:00,Friday,March,Spring,87,20,21,8242
2024-12-18 00:00:00,Wednesday,December,Winter,353,9,10,15999
2020-03-09 00:00:00,Monday,March,Spring,69,8,9,6477
2023-05-22 00:00:00,Monday,May,Spring,142,0,1,3806
2024-11-02 00:00:00,Saturday,November,Fall,307,13,14,7954
2022-03-07 00:00:00,Monday,March,Spring,66,0,1,7417
2023-01-25 00:00:00,Wednesday,January,Winter,25,8,9,2111
2021-01-15 00:00:00,Friday,January,Winter,15,9,10,6240
2022-05-19 00:00:00,Thursday,May,Spring,139,5,6,3542
2020-10-24 00:00:00,Saturday,October,Fall,298,6,7,7495
2021-10-28 00:00:00,Thursday,October,Fall,301,8,9,5807
2025-01-08 00:00:00,Wednesday,January,Winter,8,21,22,12892
2024-04-04 00:00:00,Thursday,April,Spring,95,0,1,12543
2020-12-18 00:00:00,Friday,December,Winter,353,8,9,6733
2022-09-25 00:00:00,Sunday,September,Fall,268,15,16,6102
2020-10-19 00:00:00,Monday,October,Fall,293,3,4,1464
2024-02-06 00:00:00,Tuesday,February,Winter,37,11,12,14493
2023-04-18 00:00:00,Tuesday,April,Spring,108,6,7,6520
2023-05-02 00:00:00,Tuesday,May,Spring,122,18,19,7162
2025-06-26 00:00:00,Thursday,June,Summer,177,9,10,9995
2024-09-18 00:00:00,Wednesday,September,Fall,262,16,17,16325
2024-11-22 00:00:00,Friday,November,Fall,327,1,2,6061
2023-03-20 00:00:00,Monday,March,Spring,79,1,2,1521
2022-01-13 00:00:00,Thursday,January,Winter,13,1,2,3054
2021-06-15 00:00:00,Tuesday,June,Summer,166,5,6,1611
2021-01-09 00:00:00,Saturday,January,Winter,9,9,10,4051
2022-02-15 00:00:00,Tuesday,February,Winter,46,0,1,6687
2020-03-18 00:00:00,Wednesday,March,Spring,78,12,13,4055
2025-08-31 00:00:00,Sunday,August,Summer,243,1,2,8549
2023-11-23 00:00:00,Thursday,November,Fall,327,8,9,3718
2023-09-12 00:00:00,Tuesday,September,Fall,255,12,13,4437
2020-09-10 00:00:00,Thursday,September,Fall,254,21,22,2030
2023-07-11 00:00:00,Tuesday,July,Summer,192,15,16,9554
2021-09-15 00:00:00,Wednesday,September,Fall,258,13,14,3942
2023-05-21 00:00:00,Sunday,May,Spring,141,9,10,5307
2021-04-15 00:00:00,Thursday,April,Spring,105,10,11,6346
2024-11-26 00:00:00,Tuesday,November,Fall,331,19,20,4935
2025-10-14 00:00:00,Tuesday,October,Fall,287,5,6,5919
2021-03-22 00:00:00,Monday,March,Spring,81,18,19,2993
2025-02-09 00:00:00,Sunday,February,Winter,40,10,11,4315
2024-07-14 00:00:00,Sunday,July,Summer,196,8,9,2477
2021-02-05 00:00:00,Friday,February,Winter,36,16,17,1998
2020-08-26 00:00:00,Wednesday,August,Summer,239,6,7,8678
2023-04-27 00:00:00,Thursday,April,Spring,117,4,5,1206
2023-03-06 00:00:00,Monday,March,Spring,65,0,1,1228
2025-05-12 00:00:00,Monday,May,Spring,132,1,2,2951
2023-02-06 00:00:00,Monday,February,Winter,37,15,16,8670
2020-08-04 00:00:00,Tuesday,August,Summer,217,14,15,5625
2023-03-01 00:00:00,Wednesday,March,Spring,60,21,22,7713
2022-10-01 00:00:00,Saturday,October,Fall,274,22,23,7629
2023-11-17 00:00:00,Friday,November,Fall,321,13,14,7387
2023-10-02 00:00:00,Monday,October,Fall,275,5,6,2482
2025-02-26 00:00:00,Wednesday,February,Winter,57,1,2,10324
2021-12-12 00:00:00,Sunday,December,Winter,346,0,1,5469
2022-09-08 00:00:00,Thursday,September,Fall,251,20,21,5147
2020-05-26 00:00:00,Tuesday,May,Spring,147,17,18,6931
2021-03-10 00:00:00,Wednesday,March,Spring,69,23,0,13439
2024-05-24 00:00:00,Friday,May,Spring,145,4,5,712
2020-06-09 00:00:00,Tuesday,June,Summer,161,13,14,5042
2023-09-03 00:00:00,Sunday,September,Fall,246,0,1,4539
2020-09-16 00:00:00,Wednesday,September,Fall,260,12,13,3732
2024-09-19 00:00:00,Thursday,September,Fall,263,1,2,8994
2023-06-07 00:00:00,Wednesday,June,Summer,158,23,0,5602
2023-10-14 00:00:00,Saturday,October,Fall,287,0,1,14148
2022-01-12 00:00:00,Wednesday,January,Winter,12,7,8,2263
2022-05-13 00:00:00,Friday,May,Spring,133,6,7,1900
2021-11-04 00:00:00,Thursday,November,Fall,308,2,3,2836
2020-05-02 00:00:00,Saturday,May,Spring,123,2,3,5334
2022-09-18 00:00:00,Sunday,September,Fall,261,0,1,3466
2023-06-08 00:00:00,Thursday,June,Summer,159,15,16,8328
2022-09-15 00:00:00,Thursday,September,Fall,258,4,5,1546
2023-03-17 00:00:00,Friday,March,Spring,76,1,2,8075
2025-01-09 00:00:00,Thursday,January,Winter,9,13,14,13396
2024-04-12 00:00:00,Friday,April,Spring,103,15,16,4291
2024-09-02 00:00:00,Monday,September,Fall,246,10,11,5818
2020-08-16 00:00:00,Sunday,August,Summer,229,2,3,1867
2020-09-30 00:00:00,Wednesday,September,Fall,274,7,8,1223
2022-06-20 00:00:00,Monday,June,Summer,171,17,18,6713
2021-06-05 00:00:00,Saturday,June,Summer,156,3,4,2400
2022-04-21 00:00:00,Thursday,April,Spring,111,16,17,6557
2024-06-22 00:00:00,Saturday,June,Summer,174,3,4,6081
2024-10-27 00:00:00,Sunday,October,Fall,301,5,6,1792
2023-05-30 00:00:00,Tuesday,May,Spring,150,21,22,9690
2024-05-20 00:00:00,Monday,May,Spring,141,5,6,1434
2025-04-03 00:00:00,Thursday,April,Spring,93,23,0,6528
2025-08-18 00:00:00,Monday,August,Summer,230,14,15,8983
2022-09-16 00:00:00,Friday,September,Fall,259,23,0,5346
2020-01-30 00:00:00,Thursday,January,Winter,30,0,1,5384
2022-04-10 00:00:00,Sunday,April,Spring,100,17,18,5961
2024-07-29 00:00:00,Monday,July,Summer,211,21,22,2404
2020-12-03 00:00:00,Thursday,December,Winter,338,1,2,3330
2022-07-30 00:00:00,Saturday,July,Summer,211,6,7,936
2023-10-20 00:00:00,Friday,October,Fall,293,3,4,4769
2022-08-17 00:00:00,Wednesday,August,Summer,229,17,18,3938
2022-07-07 00:00:00,Thursday,July,Summer,188,1,2,3488
2024-12-27 00:00:00,Friday,December,Winter,362,6,7,1298
2024-09-13 00:00:00,Friday,September,Fall,257,23,0,4267
2020-05-20 00:00:00,Wednesday,May,Spring,141,15,16,5220
2020-09-19 00:00:00,Saturday,September,Fall,263,21,22,2449
2022-02-19 00:00:00,Saturday,February,Winter,50,22,23,13745
2023-06-22 00:00:00,Thursday,June,Summer,173,10,11,5018
2024-12-17 00:00:00,Tuesday,December,Winter,352,16,17,5399
2023-03-04 00:00:00,Saturday,March,Spring,63,2,3,4916
2022-01-19 00:00:00,Wednesday,January,Winter,19,3,4,1605
2023-06-08 00:00:00,Thursday,June,Summer,159,9,10,6235
2023-09-10 00:00:00,Sunday,September,Fall,253,17,18,4930
2021-04-29 00:00:00,Thursday,April,Spring,119,11,12,3791
2025-11-19 00:00:00,Wednesday,November,Fall,323,16,17,13285
2023-11-06 00:00:00,Monday,November,Fall,310,9,10,12593
2022-07-18 00:00:00,Monday,July,Summer,199,11,12,6471
2021-09-15 00:00:00,Wednesday,September,Fall,258,2,3,2419
2022-05-08 00:00:00,Sunday,May,Spring,128,8,9,4118
2022-05-27 00:00:00,Friday,May,Spring,147,15,16,8174
2022-10-04 00:00:00,Tuesday,October,Fall,277,20,21,1168
2020-06-19 00:00:00,Friday,June,Summer,171,1,2,2319
2022-06-12 00:00:00,Sunday,June,Summer,163,10,11,4684
2022-10-08 00:00:00,Saturday,October,Fall,281,9,10,2465
2025-05-24 00:00:00,Saturday,May,Spring,144,19,20,8852
2025-09-30 00:00:00,Tuesday,September,Fall,273,20,21,2697
2025-07-06 00:00:00,Sunday,July,Summer,187,20,21,8639
2020-07-06 00:00:00,Monday,July,Summer,188,15,16,9681
2023-08-11 00:00:00,Friday,August,Summer,223,7,8,1918
2025-08-20 00:00:00,Wednesday,August,Summer,232,16,17,8881
2021-04-19 00:00:00,Monday,April,Spring,109,22,23,906
2021-05-10 00:00:00,Monday,May,Spring,130,7,8,7041
2021-03-07 00:00:00,Sunday,March,Spring,66,2,3,2521
2021-01-22 00:00:00,Friday,January,Winter,22,16,17,3696
2021-04-23 00:00:00,Friday,April,Spring,113,10,11,5659
2021-12-08 00:00:00,Wednesday,December,Winter,342,5,6,9297
2020-08-04 00:00:00,Tuesday,August,Summer,217,22,23,1340
2023-02-18 00:00:00,Saturday,February,Winter,49,23,0,8067
2022-12-14 00:00:00,Wednesday,December,Winter,348,21,22,2161
2023-07-09 00:00:00,Sunday,July,Summer,190,3,4,2355
2024-07-11 00:00:00,Thursday,July,Summer,193,2,3,1053
2020-02-24 00:00:00,Monday,February,Winter,55,10,11,11258
2021-02-03 00:00:00,Wednesday,February,Winter,34,2,3,9275
2022-12-05 00:00:00,Monday,December,Winter,339,23,0,1854
2023-04-23 00:00:00,Sunday,April,Spring,113,0,1,6724
2021-06-08 00:00:00,Tuesday,June,Summer,159,10,11,4183
2023-02-26 00:00:00,Sunday,February,Winter,57,10,11,20500
2024-03-02 00:00:00,Saturday,March,Spring,62,10,11,12926
2024-05-18 00:00:00,Saturday,May,Spring,139,1,2,713
2020-08-30 00:00:00,Sunday,August,Summer,243,11,12,5251
2021-09-29 00:00:00,Wednesday,September,Fall,272,14,15,11739
2021-08-03 00:00:00,Tuesday,August,Summer,215,0,1,930
2023-01-11 00:00:00,Wednesday,January,Winter,11,1,2,14468
2024-02-21 00:00:00,Wednesday,February,Winter,52,15,16,15550
2020-03-16 00:00:00,Monday,March,Spring,76,6,7,3309
2020-11-10 00:00:00,Tuesday,November,Fall,315,21,22,805
2022-11-08 00:00:00,Tuesday,November,Fall,312,1,2,12163
2022-11-14 00:00:00,Monday,November,Fall,318,2,3,3659
2024-02-15 00:00:00,Thursday,February,Winter,46,18,19,10200
2023-11-03 00:00:00,Friday,November,Fall,307,0,1,12874
2025-01-24 00:00:00,Friday,January,Winter,24,8,9,18114
2024-01-02 00:00:00,Tuesday,January,Winter,2,0,1,17307
2023-08-04 00:00:00,Friday,August,Summer,216,21,22,3747
2020-07-18 00:00:00,Saturday,July,Summer,200,23,0,1750
2021-07-21 00:00:00,Wednesday,July,Summer,202,4,5,2191
2023-03-31 00:00:00,Friday,March,Spring,90,15,16,21172
2023-01-05 00:00:00,Thursday,January,Winter,5,12,13,7199
2022-03-27 00:00:00,Sunday,March,Spring,86,19,20,1675
2023-09-24 00:00:00,Sunday,September,Fall,267,10,11,7784
2021-07-07 00:00:00,Wednesday,July,Summer,188,20,21,2231
2024-05-18 00:00:00,Saturday,May,Spring,139,4,5,556
2022-04-01 00:00:00,Friday,April,Spring,91,18,19,13751
2023-12-01 00:00:00,Friday,December,Winter,335,7,8,2590
2024-03-10 00:00:00,Sunday,March,Spring,70,18,19,975
2020-03-02 00:00:00,Monday,March,Spring,62,20,21,8827
2025-09-19 00:00:00,Friday,September,Fall,262,10,11,9787
2020-12-21 00:00:00,Monday,December,Winter,356,1,2,6095
2023-06-30 00:00:00,Friday,June,Summer,181,4,5,2629
2024-05-13 00:00:00,Monday,May,Spring,134,12,13,6365
2024-11-25 00:00:00,Monday,November,Fall,330,2,3,17724
2022-06-02 00:00:00,Thursday,June,Summer,153,23,0,4438
2022-03-01 00:00:00,Tuesday,March,Spring,60,10,11,4347
2020-09-12 00:00:00,Saturday,September,Fall,256,9,10,2461
2021-05-08 00:00:00,Saturday,May,Spring,128,19,20,6309
2022-09-25 00:00:00,Sunday,September,Fall,268,2,3,2749
2021-03-06 00:00:00,Saturday,March,Spring,65,9,10,6040
2022-01-15 00:00:00,Saturday,January,Winter,15,21,22,1036
2023-11-17 00:00:00,Friday,November,Fall,321,7,8,4109
2025-07-05 00:00:00,Saturday,July,Summer,186,20,21,5175
2021-06-12 00:00:00,Saturday,June,Summer,163,12,13,4821
2022-07-31 00:00:00,Sunday,July,Summer,212,19,20,5209
2024-03-20 00:00:00,Wednesday,March,Spring,80,15,16,5622
2020-04-23 00:00:00,Thursday,April,Spring,114,7,8,1746
2022-05-09 00:00:00,Monday,May,Spring,129,20,21,514
2024-03-06 00:00:00,Wednesday,March,Spring,66,10,11,5162
2021-02-26 00:00:00,Friday,February,Winter,57,5,6,2352
2025-11-20 00:00:00,Thursday,November,Fall,324,5,6,7116
2020-05-09 00:00:00,Saturday,May,Spring,130,5,6,1685
2025-08-21 00:00:00,Thursday,August,Summer,233,1,2,3653
2025-06-11 00:00:00,Wednesday,June,Summer,162,20,21,5029
2022-08-27 00:00:00,Saturday,August,Summer,239,11,12,6767
2023-09-10 00:00:00,Sunday,September,Fall,253,12,13,8323
2023-04-20 00:00:00,Thursday,April,Spring,110,0,1,8926
2021-03-24 00:00:00,Wednesday,March,Spring,83,4,5,1493
2022-11-19 00:00:00,Saturday,November,Fall,323,12,13,5271
2024-12-05 00:00:00,Thursday,December,Winter,340,10,11,16407
2025-04-22 00:00:00,Tuesday,April,Spring,112,3,4,2038
2021-09-14 00:00:00,Tuesday,September,Fall,257,19,20,1986
2020-11-23 00:00:00,Monday,November,Fall,328,3,4,245
2023-02-03 00:00:00,Friday,February,Winter,34,16,17,7659
2023-11-02 00:00:00,Thursday,November,Fall,306,4,5,15164
2025-05-29 00:00:00,Thursday,May,Spring,149,14,15,5853
2020-01-12 00:00:00,Sunday,January,Winter,12,12,13,9137
2021-08-28 00:00:00,Saturday,August,Summer,240,20,21,4826
2023-12-11 00:00:00,Monday,December,Winter,345,0,1,13562
2021-08-20 00:00:00,Friday,August,Summer,232,20,21,525
2024-02-14 00:00:00,Wednesday,February,Winter,45,9,10,10647
2022-11-09 00:00:00,Wednesday,November,Fall,313,17,18,4408
2020-10-13 00:00:00,Tuesday,October,Fall,287,9,10,4332
2023-09-25 00:00:00,Monday,September,Fall,268,21,22,525
2024-10-08 00:00:00,Tuesday,October,Fall,282,7,8,10208
2021-08-16 00:00:00,Monday,August,Summer,228,2,3,4074
2022-04-25 00:00:00,Monday,April,Spring,115,9,10,4334
2025-06-05 00:00:00,Thursday,June,Summer,156,22,23,12352
2023-05-30 00:00:00,Tuesday,May,Spring,150,12,13,13676
2020-08-22 00:00:00,Saturday,August,Summer,235,3,4,4955
2021-12-09 00:00:00,Thursday,December,Winter,343,16,17,5379
2020-01-25 00:00:00,Saturday,January,Winter,25,12,13,2654
2023-05-16 00:00:00,Tuesday,May,Spring,136,1,2,7661
2023-10-28 00:00:00,Saturday,October,Fall,301,11,12,16187
2021-06-19 00:00:00,Saturday,June,Summer,170,0,1,3276
2023-02-14 00:00:00,Tuesday,February,Winter,45,15,16,5164
2022-03-21 00:00:00,Monday,March,Spring,80,10,11,6419
2023-09-22 00:00:00,Friday,September,Fall,265,21,22,5871
2021-10-17 00:00:00,Sunday,October,Fall,290,1,2,1752
2024-07-29 00:00:00,Monday,July,Summer,211,4,5,5316
2024-02-09 00:00:00,Friday,February,Winter,40,4,5,16307
2022-03-17 00:00:00,Thursday,March,Spring,76,13,14,5469
2022-04-02 00:00:00,Saturday,April,Spring,92,19,20,7493
2022-09-25 00:00:00,Sunday,September,Fall,268,7,8,2772
2025-09-26 00:00:00,Friday,September,Fall,269,18,19,1324
2024-10-28 00:00:00,Monday,October,Fall,302,0,1,477
2023-01-21 00:00:00,Saturday,January,Winter,21,4,5,7168
2024-10-23 00:00:00,Wednesday,October,Fall,297,18,19,2844
2020-06-27 00:00:00,Saturday,June,Summer,179,22,23,4430
2020-07-29 00:00:00,Wednesday,July,Summer,211,20,21,708
2022-07-09 00:00:00,Saturday,July,Summer,190,9,10,4215
2021-12-31 00:00:00,Friday,December,Winter,365,4,5,5884
2025-03-01 00:00:00,Saturday,March,Spring,60,10,11,12156
2021-02-16 00:00:00,Tuesday,February,Winter,47,23,0,9342
2022-01-13 00:00:00,Thursday,January,Winter,13,7,8,2614
2024-02-14 00:00:00,Wednesday,February,Winter,45,20,21,7478
2024-11-09 00:00:00,Saturday,November,Fall,314,2,3,1560
2020-03-02 00:00:00,Monday,March,Spring,62,2,3,8017
2020-06-18 00:00:00,Thursday,June,Summer,170,19,20,3276
2021-09-08 00:00:00,Wednesday,September,Fall,251,18,19,3479
2022-04-16 00:00:00,Saturday,April,Spring,106,8,9,5476
2024-01-26 00:00:00,Friday,January,Winter,26,18,19,3375
2020-09-05 00:00:00,Saturday,September,Fall,249,15,16,5374
2021-11-28 00:00:00,Sunday,November,Fall,332,6,7,9221
2021-12-13 00:00:00,Monday,December,Winter,347,12,13,3477
2024-04-07 00:00:00,Sunday,April,Spring,98,19,20,6864
2023-10-23 00:00:00,Monday,October,Fall,296,7,8,7522
2021-10-26 00:00:00,Tuesday,October,Fall,299,19,20,3013
2020-04-25 00:00:00,Saturday,April,Spring,116,10,11,3420
2022-12-10 00:00:00,Saturday,December,Winter,344,7,8,1455
2022-09-07 00:00:00,Wednesday,September,Fall,250,21,22,3796
2022-09-10 00:00:00,Saturday,September,Fall,253,23,0,1212
2023-01-31 00:00:00,Tuesday,January,Winter,31,9,10,4810
2025-05-24 00:00:00,Saturday,May,Spring,144,22,23,6806
2022-10-18 00:00:00,Tuesday,October,Fall,291,12,13,5685
2023-11-08 00:00:00,Wednesday,November,Fall,312,13,14,18274
2020-11-18 00:00:00,Wednesday,November,Fall,323,17,18,6191
2020-12-07 00:00:00,Monday,December,Winter,342,10,11,1923
2024-03-30 00:00:00,Saturday,March,Spring,90,17,18,6296
2023-05-13 00:00:00,Saturday,May,Spring,133,9,10,6102
2022-12-19 00:00:00,Monday,December,Winter,353,15,16,13925
2022-05-27 00:00:00,Friday,May,Spring,147,12,13,6760
2022-04-18 00:00:00,Monday,April,Spring,108,13,14,5569
2023-02-07 00:00:00,Tuesday,February,Winter,38,4,5,8388
2022-06-13 00:00:00,Monday,June,Summer,164,4,5,3562
2022-05-20 00:00:00,Friday,May,Spring,140,9,10,5745
2025-08-31 00:00:00,Sunday,August,Summer,243,8,9,4739
2024-07-16 00:00:00,Tuesday,July,Summer,198,8,9,9494
2025-06-22 00:00:00,Sunday,June,Summer,173,22,23,2524
2023-12-06 00:00:00,Wednesday,December,Winter,340,21,22,2268
2025-08-29 00:00:00,Friday,August,Summer,241,12,13,16980
2022-05-24 00:00:00,Tuesday,May,Spring,144,18,19,4509
2023-09-10 00:00:00,Sunday,September,Fall,253,23,0,2891
2025-04-14 00:00:00,Monday,April,Spring,104,15,16,8284
2025-02-14 00:00:00,Friday,February,Winter,45,12,13,9622
2025-05-24 00:00:00,Saturday,May,Spring,144,1,2,2417
2022-07-19 00:00:00,Tuesday,July,Summer,200,10,11,6985
2023-11-30 00:00:00,Thursday,November,Fall,334,23,0,1459
2025-02-03 00:00:00,Monday,February,Winter,34,0,1,1663
2020-07-02 00:00:00,Thursday,July,Summer,184,17,18,6989
2025-03-29 00:00:00,Saturday,March,Spring,88,15,16,12588
2025-10-20 00:00:00,Monday,October,Fall,293,21,22,17019
2020-07-11 00:00:00,Saturday,July,Summer,193,8,9,2387
2021-08-13 00:00:00,Friday,August,Summer,225,10,11,3071
2025-05-13 00:00:00,Tuesday,May,Spring,133,19,20,3028
2022-05-28 00:00:00,Saturday,May,Spring,148,7,8,3736
2024-05-25 00:00:00,Saturday,May,Spring,146,19,20,2497
2024-03-01 00:00:00,Friday,March,Spring,61,16,17,15488
2025-02-01 00:00:00,Saturday,February,Winter,32,12,13,6265
2020-01-29 00:00:00,Wednesday,January,Winter,29,11,12,8656
2025-06-24 00:00:00,Tuesday,June,Summer,175,6,7,2381
2024-07-25 00:00:00,Thursday,July,Summer,207,19,20,3757
2021-12-12 00:00:00,Sunday,December,Winter,346,15,16,3406
2023-07-30 00:00:00,Sunday,July,Summer,211,10,11,10162
2021-08-10 00:00:00,Tuesday,August,Summer,222,12,13,5674
2023-04-19 00:00:00,Wednesday,April,Spring,109,6,7,6801
2025-09-12 00:00:00,Friday,September,Fall,255,21,22,6028
2023-03-14 00:00:00,Tuesday,March,Spring,73,13,14,20075
2022-08-19 00:00:00,Friday,August,Summer,231,13,14,8025
2021-08-28 00:00:00,Saturday,August,Summer,240,16,17,9387
2022-03-03 00:00:00,Thursday,March,Spring,62,12,13,4140
2020-02-19 00:00:00,Wednesday,February,Winter,50,12,13,8496
2022-03-09 00:00:00,Wednesday,March,Spring,68,22,23,6290
2023-08-25 00:00:00,Friday,August,Summer,237,10,11,7231
2023-08-26 00:00:00,Saturday,August,Summer,238,18,19,3633
2025-01-05 00:00:00,Sunday,January,Winter,5,2,3,11792
2023-06-15 00:00:00,Thursday,June,Summer,166,17,18,6607
2022-06-22 00:00:00,Wednesday,June,Summer,173,10,11,4827
2021-07-28 00:00:00,Wednesday,July,Summer,209,12,13,8959
2022-08-09 00:00:00,Tuesday,August,Summer,221,2,3,6809
2021-09-19 00:00:00,Sunday,September,Fall,262,0,1,3579
2022-06-05 00:00:00,Sunday,June,Summer,156,22,23,3284
2021-05-17 00:00:00,Monday,May,Spring,137,1,2,10855
2024-01-06 00:00:00,Saturday,January,Winter,6,22,23,7362
2025-06-22 00:00:00,Sunday,June,Summer,173,8,9,4620
2021-05-24 00:00:00,Monday,May,Spring,144,15,16,13322
2021-12-16 00:00:00,Thursday,December,Winter,350,4,5,1969
2021-09-09 00:00:00,Thursday,September,Fall,252,14,15,5286
2020-11-28 00:00:00,Saturday,November,Fall,333,23,0,4754
2020-06-05 00:00:00,Friday,June,Summer,157,15,16,14071
2024-11-15 00:00:00,Friday,November,Fall,320,16,17,1821
2024-09-13 00:00:00,Friday,September,Fall,257,16,17,10679
2022-07-19 00:00:00,Tuesday,July,Summer,200,17,18,8845
2021-06-17 00:00:00,Thursday,June,Summer,168,2,3,4974
2022-02-22 00:00:00,Tuesday,February,Winter,53,21,22,8837
2024-01-17 00:00:00,Wednesday,January,Winter,17,20,21,7330
2022-04-08 00:00:00,Friday,April,Spring,98,2,3,7881
2022-10-30 00:00:00,Sunday,October,Fall,303,18,19,1624
2023-07-09 00:00:00,Sunday,July,Summer,190,9,10,4410
2020-06-02 00:00:00,Tuesday,June,Summer,154,11,12,3384
2025-07-21 00:00:00,Monday,July,Summer,202,4,5,10394
2024-10-18 00:00:00,Friday,October,Fall,292,18,19,2532
2022-09-02 00:00:00,Friday,September,Fall,245,22,23,1024
2023-05-27 00:00:00,Saturday,May,Spring,147,14,15,5976
2020-03-15 00:00:00,Sunday,March,Spring,75,8,9,5982
2024-10-23 00:00:00,Wednesday,October,Fall,297,9,10,3405
2020-12-25 00:00:00,Friday,December,Winter,360,9,10,6570
2025-03-12 00:00:00,Wednesday,March,Spring,71,21,22,2248
2023-03-03 00:00:00,Friday,March,Spring,62,21,22,5856
2022-10-10 00:00:00,Monday,October,Fall,283,22,23,2564
2020-06-24 00:00:00,Wednesday,June,Summer,176,8,9,3766
2020-10-26 00:00:00,Monday,October,Fall,300,2,3,5700
2022-01-10 00:00:00,Monday,January,Winter,10,21,22,2603
2024-09-03 00:00:00,Tuesday,September,Fall,247,2,3,513
2021-02-03 00:00:00,Wednesday,February,Winter,34,7,8,9834
2020-10-05 00:00:00,Monday,October,Fall,279,6,7,9314
2021-08-18 00:00:00,Wednesday,August,Summer,230,18,19,3918
2021-07-08 00:00:00,Thursday,July,Summer,189,3,4,1458
2022-08-20 00:00:00,Saturday,August,Summer,232,12,13,6090
2023-02-24 00:00:00,Friday,February,Winter,55,13,14,6198
2025-07-05 00:00:00,Saturday,July,Summer,186,9,10,6839
2024-01-21 00:00:00,Sunday,January,Winter,21,2,3,11855
2021-02-27 00:00:00,Saturday,February,Winter,58,23,0,8380
2024-10-13 00:00:00,Sunday,October,Fall,287,5,6,2418
2022-06-20 00:00:00,Monday,June,Summer,171,3,4,4084
2023-12-03 00:00:00,Sunday,December,Winter,337,5,6,6861
2021-08-04 00:00:00,Wednesday,August,Summer,216,14,15,3337
2020-07-07 00:00:00,Tuesday,July,Summer,189,9,10,3236
2023-10-10 00:00:00,Tuesday,October,Fall,283,15,16,6674
2020-02-11 00:00:00,Tuesday,February,Winter,42,2,3,12337
2021-07-02 00:00:00,Friday,July,Summer,183,13,14,4836
2024-08-27 00:00:00,Tuesday,August,Summer,240,0,1,2350
2022-07-18 00:00:00,Monday,July,Summer,199,19,20,3281
2025-10-08 00:00:00,Wednesday,October,Fall,281,18,19,2375
2023-12-06 00:00:00,Wednesday,December,Winter,340,1,2,3323
2024-09-30 00:00:00,Monday,September,Fall,274,9,10,15849
2022-05-05 00:00:00,Thursday,May,Spring,125,1,2,2097
2020-04-17 00:00:00,Friday,April,Spring,108,18,19,2983
2020-09-29 00:00:00,Tuesday,September,Fall,273,12,13,3747
2023-03-29 00:00:00,Wednesday,March,Spring,88,17,18,9807
2025-02-26 00:00:00,Wednesday,February,Winter,57,5,6,7888
2025-02-01 00:00:00,Saturday,February,Winter,32,23,0,3977
2025-04-30 00:00:00,Wednesday,April,Spring,120,6,7,3827
2021-04-23 00:00:00,Friday,April,Spring,113,3,4,6116
2022-07-11 00:00:00,Monday,July,Summer,192,22,23,3652
2020-06-26 00:00:00,Friday,June,Summer,178,6,7,3199
2025-08-02 00:00:00,Saturday,August,Summer,214,7,8,4482
2025-05-11 00:00:00,Sunday,May,Spring,131,17,18,4090
2021-11-16 00:00:00,Tuesday,November,Fall,320,18,19,1101
2021-04-20 00:00:00,Tuesday,April,Spring,110,19,20,1160
2022-03-24 00:00:00,Thursday,March,Spring,83,14,15,6833
2020-12-09 00:00:00,Wednesday,December,Winter,344,7,8,2764
2020-02-21 00:00:00,Friday,February,Winter,52,10,11,5295
2025-04-05 00:00:00,Saturday,April,Spring,95,21,22,8059
2024-09-06 00:00:00,Friday,September,Fall,250,0,1,764
2025-04-05 00:00:00,Saturday,April,Spring,95,4,5,7492
2025-07-13 00:00:00,Sunday,July,Summer,194,0,1,4224
2024-03-09 00:00:00,Saturday,March,Spring,69,21,22,5774
2023-04-07 00:00:00,Friday,April,Spring,97,19,20,3276
2022-08-02 00:00:00,Tuesday,August,Summer,214,12,13,6726
2022-06-17 00:00:00,Friday,June,Summer,168,14,15,6767
2020-08-14 00:00:00,Friday,August,Summer,227,14,15,4993
2024-12-03 00:00:00,Tuesday,December,Winter,338,20,21,1073
2024-10-13 00:00:00,Sunday,October,Fall,287,22,23,2745
2023-08-29 00:00:00,Tuesday,August,Summer,241,0,1,2934
2023-02-22 00:00:00,Wednesday,February,Winter,53,4,5,3066
2021-09-08 00:00:00,Wednesday,September,Fall,251,5,6,5438
2022-05-05 00:00:00,Thursday,May,Spring,125,10,11,4537
2022-11-04 00:00:00,Friday,November,Fall,308,7,8,6522
2021-07-16 00:00:00,Friday,July,Summer,197,23,0,3250
2022-07-23 00:00:00,Saturday,July,Summer,204,7,8,1348
2025-03-18 00:00:00,Tuesday,March,Spring,77,15,16,14023
2023-09-21 00:00:00,Thursday,September,Fall,264,22,23,6683
2023-04-24 00:00:00,Monday,April,Spring,114,9,10,7316
2021-09-03 00:00:00,Friday,September,Fall,246,7,8,2116
2023-09-02 00:00:00,Saturday,September,Fall,245,23,0,4684
2021-10-20 00:00:00,Wednesday,October,Fall,293,6,7,10876
2021-03-12 00:00:00,Friday,March,Spring,71,23,0,13614
2025-10-03 00:00:00,Friday,October,Fall,276,6,7,5127
2023-09-19 00:00:00,Tuesday,September,Fall,262,23,0,6877
2020-02-17 00:00:00,Monday,February,Winter,48,1,2,8444
2022-10-17 00:00:00,Monday,October,Fall,290,6,7,7788
2022-01-05 00:00:00,Wednesday,January,Winter,5,3,4,7616
2025-07-17 00:00:00,Thursday,July,Summer,198,9,10,5531
2021-09-22 00:00:00,Wednesday,September,Fall,265,18,19,2088
2025-06-20 00:00:00,Friday,June,Summer,171,11,12,10259
2022-02-18 00:00:00,Friday,February,Winter,49,15,16,14791
2022-04-03 00:00:00,Sunday,April,Spring,93,22,23,1510
2020-10-16 00:00:00,Friday,October,Fall,290,18,19,1636
2022-10-06 00:00:00,Thursday,October,Fall,279,5,6,2090
2020-04-28 00:00:00,Tuesday,April,Spring,119,23,0,4946
2023-03-13 00:00:00,Monday,March,Spring,72,23,0,15758
2020-05-26 00:00:00,Tuesday,May,Spring,147,21,22,4408
2022-09-29 00:00:00,Thursday,September,Fall,272,6,7,1419
2025-06-29 00:00:00,Sunday,June,Summer,180,4,5,2696
2025-06-26 00:00:00,Thursday,June,Summer,177,12,13,14264
2020-05-26 00:00:00,Tuesday,May,Spring,147,18,19,6277
2021-09-07 00:00:00,Tuesday,September,Fall,250,17,18,6012
2020-10-16 00:00:00,Friday,October,Fall,290,5,6,3142
2025-06-20 00:00:00,Friday,June,Summer,171,22,23,4161
2020-12-02 00:00:00,Wednesday,December,Winter,337,14,15,2577
2020-04-03 00:00:00,Friday,April,Spring,94,13,14,5002
2023-06-19 00:00:00,Monday,June,Summer,170,12,13,6321
2022-07-14 00:00:00,Thursday,July,Summer,195,21,22,5239
2021-03-17 00:00:00,Wednesday,March,Spring,76,21,22,5437
2022-12-08 00:00:00,Thursday,December,Winter,342,3,4,1242
2020-12-12 00:00:00,Saturday,December,Winter,347,19,20,6484
2022-09-15 00:00:00,Thursday,September,Fall,258,18,19,3250
2023-11-19 00:00:00,Sunday,November,Fall,323,6,7,11720
2024-03-08 00:00:00,Friday,March,Spring,68,11,12,10265
2025-11-13 00:00:00,Thursday,November,Fall,317,18,19,10591
2020-03-22 00:00:00,Sunday,March,Spring,82,21,22,9593
2024-05-22 00:00:00,Wednesday,May,Spring,143,1,2,4611
2022-07-25 00:00:00,Monday,July,Summer,206,23,0,5596
2023-01-01 00:00:00,Sunday,January,Winter,1,1,2,11283
2020-12-11 00:00:00,Friday,December,Winter,346,1,2,6767
2023-07-01 00:00:00,Saturday,July,Summer,182,5,6,7440
2021-05-03 00:00:00,Monday,May,Spring,123,4,5,657
2020-08-27 00:00:00,Thursday,August,Summer,240,15,16,7459
2023-12-27 00:00:00,Wednesday,December,Winter,361,12,13,13912
2024-04-11 00:00:00,Thursday,April,Spring,102,17,18,5597
2021-10-01 00:00:00,Friday,October,Fall,274,22,23,4034
2025-09-23 00:00:00,Tuesday,September,Fall,266,12,13,12969
2021-03-19 00:00:00,Friday,March,Spring,78,20,21,7181
2020-12-27 00:00:00,Sunday,December,Winter,362,19,20,8326
2021-05-10 00:00:00,Monday,May,Spring,130,18,19,4506
2020-11-03 00:00:00,Tuesday,November,Fall,308,5,6,3252
2024-11-03 00:00:00,Sunday,November,Fall,308,22,23,2791
2021-05-09 00:00:00,Sunday,May,Spring,129,4,5,8251
2025-06-10 00:00:00,Tuesday,June,Summer,161,9,10,7037
2024-03-06 00:00:00,Wednesday,March,Spring,66,22,23,2314
2020-11-03 00:00:00,Tuesday,November,Fall,308,11,12,7836
2021-09-18 00:00:00,Saturday,September,Fall,261,7,8,1755
2020-05-04 00:00:00,Monday,May,Spring,125,19,20,4587
2022-02-14 00:00:00,Monday,February,Winter,45,18,19,6618
2020-10-18 00:00:00,Sunday,October,Fall,292,18,19,522
2020-11-11 00:00:00,Wednesday,November,Fall,316,6,7,733
2024-05-13 00:00:00,Monday,May,Spring,134,20,21,3925
2025-01-14 00:00:00,Tuesday,January,Winter,14,23,0,2984
2022-08-26 00:00:00,Friday,August,Summer,238,17,18,5462
2020-06-26 00:00:00,Friday,June,Summer,178,18,19,3680
2025-04-24 00:00:00,Thursday,April,Spring,114,21,22,4076
2025-11-24 00:00:00,Monday,November,Fall,328,22,23,9801
2023-07-13 00:00:00,Thursday,July,Summer,194,5,6,2155
2021-08-28 00:00:00,Saturday,August,Summer,240,6,7,3722
2025-09-23 00:00:00,Tuesday,September,Fall,266,15,16,12917
2022-09-16 00:00:00,Friday,September,Fall,259,10,11,4975
2022-03-10 00:00:00,Thursday,March,Spring,69,17,18,4799
2025-06-07 00:00:00,Saturday,June,Summer,158,8,9,9072
2025-07-25 00:00:00,Friday,July,Summer,206,4,5,2111
2020-12-14 00:00:00,Monday,December,Winter,349,13,14,6019
2021-04-21 00:00:00,Wednesday,April,Spring,111,20,21,5054
2022-10-19 00:00:00,Wednesday,October,Fall,292,21,22,7426
2025-04-13 00:00:00,Sunday,April,Spring,103,13,14,4783
2025-11-07 00:00:00,Friday,November,Fall,311,0,1,2662
2024-08-20 00:00:00,Tuesday,August,Summer,233,7,8,3600
2024-07-30 00:00:00,Tuesday,July,Summer,212,21,22,2502
2023-03-07 00:00:00,Tuesday,March,Spring,66,22,23,6916
2020-12-13 00:00:00,Sunday,December,Winter,348,3,4,4008
2023-03-17 00:00:00,Friday,March,Spring,76,13,14,12263
2023-09-11 00:00:00,Monday,September,Fall,254,4,5,1317
2023-03-12 00:00:00,Sunday,March,Spring,71,1,2,6082
2020-10-14 00:00:00,Wednesday,October,Fall,288,18,19,5325
2025-11-06 00:00:00,Thursday,November,Fall,310,12,13,6278
2024-04-26 00:00:00,Friday,April,Spring,117,16,17,5775
2024-11-03 00:00:00,Sunday,November,Fall,308,3,4,3106
2022-06-22 00:00:00,Wednesday,June,Summer,173,23,0,1640
2020-03-20 00:00:00,Friday,March,Spring,80,23,0,8105
2025-08-19 00:00:00,Tuesday,August,Summer,231,19,20,4330
2021-09-28 00:00:00,Tuesday,September,Fall,271,10,11,3345
2021-08-22 00:00:00,Sunday,August,Summer,234,12,13,8102
2024-05-04 00:00:00,Saturday,May,Spring,125,12,13,9129
2024-10-04 00:00:00,Friday,October,Fall,278,3,4,4898
2022-03-04 00:00:00,Friday,March,Spring,63,23,0,3137
2022-12-10 00:00:00,Saturday,December,Winter,344,19,20,1861
2025-01-29 00:00:00,Wednesday,January,Winter,29,3,4,15556
2021-01-10 00:00:00,Sunday,January,Winter,10,10,11,4394
2020-11-15 00:00:00,Sunday,November,Fall,320,0,1,10818
2020-04-18 00:00:00,Saturday,April,Spring,109,15,16,2973
2022-02-03 00:00:00,Thursday,February,Winter,34,5,6,2929
2022-09-13 00:00:00,Tuesday,September,Fall,256,21,22,2822
2024-11-26 00:00:00,Tuesday,November,Fall,331,17,18,3769
2021-01-27 00:00:00,Wednesday,January,Winter,27,10,11,5277
2025-08-21 00:00:00,Thursday,August,Summer,233,17,18,10878
2025-07-11 00:00:00,Friday,July,Summer,192,1,2,4862
2022-12-31 00:00:00,Saturday,December,Winter,365,4,5,15764
2023-08-08 00:00:00,Tuesday,August,Summer,220,10,11,7019
2020-12-29 00:00:00,Tuesday,December,Winter,364,21,22,3155
2021-09-01 00:00:00,Wednesday,September,Fall,244,11,12,9100
2020-12-07 00:00:00,Monday,December,Winter,342,5,6,910
2025-10-04 00:00:00,Saturday,October,Fall,277,15,16,13739
2025-06-19 00:00:00,Thursday,June,Summer,170,5,6,4974
2022-09-03 00:00:00,Saturday,September,Fall,246,17,18,5467
2024-07-01 00:00:00,Monday,July,Summer,183,16,17,9539
2021-09-18 00:00:00,Saturday,September,Fall,261,15,16,3777
2020-01-14 00:00:00,Tuesday,January,Winter,14,12,13,14254
2021-09-20 00:00:00,Monday,September,Fall,263,2,3,1783
2021-12-11 00:00:00,Saturday,December,Winter,345,3,4,7886
2020-04-04 00:00:00,Saturday,April,Spring,95,21,22,5074
2022-11-05 00:00:00,Saturday,November,Fall,309,18,19,5536
2021-07-26 00:00:00,Monday,July,Summer,207,20,21,2420
2022-11-26 00:00:00,Saturday,November,Fall,330,12,13,5590
2020-09-18 00:00:00,Friday,September,Fall,262,13,14,6346
2020-02-04 00:00:00,Tuesday,February,Winter,35,16,17,11924
2024-05-14 00:00:00,Tuesday,May,Spring,135,4,5,7995
2023-07-28 00:00:00,Friday,July,Summer,209,19,20,5624
2022-06-29 00:00:00,Wednesday,June,Summer,180,17,18,5001
2023-06-24 00:00:00,Saturday,June,Summer,175,23,0,2828
2023-05-27 00:00:00,Saturday,May,Spring,147,8,9,5721
2025-06-16 00:00:00,Monday,June,Summer,167,20,21,2901
2023-06-10 00:00:00,Saturday,June,Summer,161,18,19,4468
2025-08-01 00:00:00,Friday,August,Summer,213,8,9,3518
2023-10-18 00:00:00,Wednesday,October,Fall,291,2,3,10652
2020-03-18 00:00:00,Wednesday,March,Spring,78,16,17,2387
2024-03-14 00:00:00,Thursday,March,Spring,74,8,9,7457
2025-05-16 00:00:00,Friday,May,Spring,136,23,0,8373
2023-02-18 00:00:00,Saturday,February,Winter,49,0,1,5548
2022-07-23 00:00:00,Saturday,July,Summer,204,16,17,6197
2022-08-16 00:00:00,Tuesday,August,Summer,228,12,13,6043
2024-02-18 00:00:00,Sunday,February,Winter,49,12,13,14825
2024-12-20 00:00:00,Friday,December,Winter,355,3,4,8808
2022-10-25 00:00:00,Tuesday,October,Fall,298,22,23,6592
2022-12-11 00:00:00,Sunday,December,Winter,345,21,22,1627
2025-11-04 00:00:00,Tuesday,November,Fall,308,18,19,14445
2020-08-14 00:00:00,Friday,August,Summer,227,0,1,2144
2020-05-10 00:00:00,Sunday,May,Spring,131,13,14,2623
2020-03-03 00:00:00,Tuesday,March,Spring,63,20,21,2875
2022-12-18 00:00:00,Sunday,December,Winter,352,0,1,4061
2022-10-11 00:00:00,Tuesday,October,Fall,284,17,18,1835
2021-11-03 00:00:00,Wednesday,November,Fall,307,16,17,3274
2023-03-03 00:00:00,Friday,March,Spring,62,2,3,4064
2022-07-30 00:00:00,Saturday,July,Summer,211,14,15,7363
2022-04-27 00:00:00,Wednesday,April,Spring,117,19,20,6697
2025-11-08 00:00:00,Saturday,November,Fall,312,1,2,1793
2025-05-31 00:00:00,Saturday,May,Spring,151,3,4,879
2020-08-08 00:00:00,Saturday,August,Summer,221,13,14,4095
2025-05-31 00:00:00,Saturday,May,Spring,151,18,19,5672
2025-08-16 00:00:00,Saturday,August,Summer,228,10,11,10645
2023-12-25 00:00:00,Monday,December,Winter,359,14,15,14253
2022-06-01 00:00:00,Wednesday,June,Summer,152,19,20,2649
2023-04-13 00:00:00,Thursday,April,Spring,103,1,2,15743
2020-07-21 00:00:00,Tuesday,July,Summer,203,22,23,5093
2020-05-01 00:00:00,Friday,May,Spring,122,21,22,7037
2024-01-01 00:00:00,Monday,January,Winter,1,3,4,9309
2024-01-16 00:00:00,Tuesday,January,Winter,16,15,16,1871
2025-07-11 00:00:00,Friday,July,Summer,192,14,15,13109
2020-06-29 00:00:00,Monday,June,Summer,181,3,4,2917
2024-01-17 00:00:00,Wednesday,January,Winter,17,18,19,9363
2025-03-31 00:00:00,Monday,March,Spring,90,10,11,9527
2021-09-22 00:00:00,Wednesday,September,Fall,265,3,4,2010
2021-01-03 00:00:00,Sunday,January,Winter,3,8,9,1604
2023-04-01 00:00:00,Saturday,April,Spring,91,15,16,16341
2025-02-14 00:00:00,Friday,February,Winter,45,9,10,6637
2024-09-14 00:00:00,Saturday,September,Fall,258,23,0,3929
2023-02-09 00:00:00,Thursday,February,Winter,40,6,7,1172
2023-10-23 00:00:00,Monday,October,Fall,296,4,5,5375
2021-01-31 00:00:00,Sunday,January,Winter,31,6,7,3009
2023-02-26 00:00:00,Sunday,February,Winter,57,11,12,22043
2025-07-25 00:00:00,Friday,July,Summer,206,14,15,9373
2024-11-23 00:00:00,Saturday,November,Fall,328,21,22,19031
2022-07-01 00:00:00,Friday,July,Summer,182,22,23,845
2021-06-06 00:00:00,Sunday,June,Summer,157,21,22,1802
2024-07-08 00:00:00,Monday,July,Summer,190,8,9,3111
2024-04-07 00:00:00,Sunday,April,Spring,98,23,0,4677
2021-05-17 00:00:00,Monday,May,Spring,137,12,13,15300
2023-03-15 00:00:00,Wednesday,March,Spring,74,19,20,2059
2024-02-18 00:00:00,Sunday,February,Winter,49,0,1,5504
2025-03-25 00:00:00,Tuesday,March,Spring,84,21,22,3839
2020-05-05 00:00:00,Tuesday,May,Spring,126,8,9,5591
2025-05-03 00:00:00,Saturday,May,Spring,123,3,4,6936
2023-06-04 00:00:00,Sunday,June,Summer,155,23,0,6760
2023-09-22 00:00:00,Friday,September,Fall,265,22,23,6457
2020-05-10 00:00:00,Sunday,May,Spring,131,5,6,2056
2020-07-11 00:00:00,Saturday,July,Summer,193,11,12,4885
2024-07-21 00:00:00,Sunday,July,Summer,203,0,1,3435
2023-07-18 00:00:00,Tuesday,July,Summer,199,9,10,4325
2025-06-29 00:00:00,Sunday,June,Summer,180,1,2,3834
2024-05-22 00:00:00,Wednesday,May,Spring,143,9,10,8005
2024-04-08 00:00:00,Monday,April,Spring,99,22,23,9778
2020-07-05 00:00:00,Sunday,July,Summer,187,1,2,7405
2021-01-11 00:00:00,Monday,January,Winter,11,17,18,6090
2021-02-28 00:00:00,Sunday,February,Winter,59,3,4,7607
2024-08-13 00:00:00,Tuesday,August,Summer,226,5,6,1209
2020-05-29 00:00:00,Friday,May,Spring,150,10,11,5407
2022-02-25 00:00:00,Friday,February,Winter,56,19,20,3155
2024-08-24 00:00:00,Saturday,August,Summer,237,13,14,10581
2023-08-19 00:00:00,Saturday,August,Summer,231,11,12,6990
2020-03-03 00:00:00,Tuesday,March,Spring,63,7,8,4102
2021-08-17 00:00:00,Tuesday,August,Summer,229,17,18,7713
2024-03-03 00:00:00,Sunday,March,Spring,63,0,1,2949
2020-08-30 00:00:00,Sunday,August,Summer,243,0,1,2869
2021-10-09 00:00:00,Saturday,October,Fall,282,2,3,3926
2020-05-10 00:00:00,Sunday,May,Spring,131,17,18,4035
2020-03-27 00:00:00,Friday,March,Spring,87,18,19,2867
2023-11-11 00:00:00,Saturday,November,Fall,315,13,14,5880
2023-10-31 00:00:00,Tuesday,October,Fall,304,1,2,7202
2025-03-15 00:00:00,Saturday,March,Spring,74,10,11,15859
2023-09-22 00:00:00,Friday,September,Fall,265,14,15,13152
2023-02-19 00:00:00,Sunday,February,Winter,50,9,10,5578
2023-05-04 00:00:00,Thursday,May,Spring,124,8,9,7756
2021-06-13 00:00:00,Sunday,June,Summer,164,14,15,5069
2022-01-25 00:00:00,Tuesday,January,Winter,25,9,10,1114
2023-07-08 00:00:00,Saturday,July,Summer,189,21,22,1136
2021-09-29 00:00:00,Wednesday,September,Fall,272,6,7,6686
2020-06-26 00:00:00,Friday,June,Summer,178,11,12,4861
2022-07-26 00:00:00,Tuesday,July,Summer,207,12,13,6546
2022-06-13 00:00:00,Monday,June,Summer,164,14,15,7174
2021-07-03 00:00:00,Saturday,July,Summer,184,8,9,2116
2024-01-14 00:00:00,Sunday,January,Winter,14,12,13,3571
2024-03-07 00:00:00,Thursday,March,Spring,67,8,9,7880
2021-06-17 00:00:00,Thursday,June,Summer,168,10,11,5129
2025-03-17 00:00:00,Monday,March,Spring,76,17,18,12710
2023-08-20 00:00:00,Sunday,August,Summer,232,23,0,2891
2021-02-16 00:00:00,Tuesday,February,Winter,47,7,8,10321
2022-11-13 00:00:00,Sunday,November,Fall,317,16,17,1605
2020-08-19 00:00:00,Wednesday,August,Summer,232,18,19,5719
2024-05-19 00:00:00,Sunday,May,Spring,140,16,17,2867
2022-01-13 00:00:00,Thursday,January,Winter,13,20,21,2891
2025-06-07 00:00:00,Saturday,June,Summer,158,6,7,7180
2021-04-18 00:00:00,Sunday,April,Spring,108,23,0,1954
2021-08-01 00:00:00,Sunday,August,Summer,213,5,6,2357
2021-04-27 00:00:00,Tuesday,April,Spring,117,0,1,6406
2023-05-31 00:00:00,Wednesday,May,Spring,151,9,10,7949
2023-10-03 00:00:00,Tuesday,October,Fall,276,9,10,9763
2020-05-13 00:00:00,Wednesday,May,Spring,134,19,20,8135
2023-06-12 00:00:00,Monday,June,Summer,163,22,23,2753
2022-11-11 00:00:00,Friday,November,Fall,315,4,5,2858
2021-04-14 00:00:00,Wednesday,April,Spring,104,13,14,8978
2023-12-16 00:00:00,Saturday,December,Winter,350,2,3,1986
2021-07-17 00:00:00,Saturday,July,Summer,198,22,23,4501
2024-04-18 00:00:00,Thursday,April,Spring,109,16,17,8128
2025-07-19 00:00:00,Saturday,July,Summer,200,18,19,8795
2023-01-26 00:00:00,Thursday,January,Winter,26,6,7,2238
2022-08-11 00:00:00,Thursday,August,Summer,223,21,22,4852
2024-06-21 00:00:00,Friday,June,Summer,173,21,22,4798
2023-03-22 00:00:00,Wednesday,March,Spring,81,9,10,13652
2025-08-03 00:00:00,Sunday,August,Summer,215,14,15,6657
2020-02-13 00:00:00,Thursday,February,Winter,44,1,2,7835
2021-01-04 00:00:00,Monday,January,Winter,4,8,9,1699
2022-05-07 00:00:00,Saturday,May,Spring,127,11,12,6711
2020-07-31 00:00:00,Friday,July,Summer,213,10,11,4357
2024-05-23 00:00:00,Thursday,May,Spring,144,6,7,2688
2021-07-11 00:00:00,Sunday,July,Summer,192,21,22,868
2025-09-26 00:00:00,Friday,September,Fall,269,22,23,313
2024-05-06 00:00:00,Monday,May,Spring,127,6,7,3361
2023-09-12 00:00:00,Tuesday,September,Fall,255,13,14,4933
2023-05-25 00:00:00,Thursday,May,Spring,145,20,21,7031
2021-11-30 00:00:00,Tuesday,November,Fall,334,21,22,12769
2024-05-12 00:00:00,Sunday,May,Spring,133,17,18,6724
2023-11-02 00:00:00,Thursday,November,Fall,306,10,11,15126
2023-08-05 00:00:00,Saturday,August,Summer,217,5,6,2691
2024-02-04 00:00:00,Sunday,February,Winter,35,23,0,7222
2022-06-02 00:00:00,Thursday,June,Summer,153,8,9,3841
2021-01-29 00:00:00,Friday,January,Winter,29,10,11,14856
2021-10-11 00:00:00,Monday,October,Fall,284,5,6,2918
2024-08-15 00:00:00,Thursday,August,Summer,228,3,4,1492
2020-04-28 00:00:00,Tuesday,April,Spring,119,1,2,2577
2020-05-08 00:00:00,Friday,May,Spring,129,17,18,3383
2023-11-26 00:00:00,Sunday,November,Fall,330,9,10,3686
2022-11-22 00:00:00,Tuesday,November,Fall,326,23,0,8882
2020-12-09 00:00:00,Wednesday,December,Winter,344,17,18,2329
2022-04-27 00:00:00,Wednesday,April,Spring,117,14,15,9731
2022-11-06 00:00:00,Sunday,November,Fall,310,7,8,8112
2023-06-15 00:00:00,Thursday,June,Summer,166,19,20,3676
2022-05-08 00:00:00,Sunday,May,Spring,128,10,11,6177
2021-10-11 00:00:00,Monday,October,Fall,284,0,1,3875
2020-06-24 00:00:00,Wednesday,June,Summer,176,4,5,4432
2021-05-09 00:00:00,Sunday,May,Spring,129,19,20,9742
2020-05-30 00:00:00,Saturday,May,Spring,151,19,20,4315
2020-11-24 00:00:00,Tuesday,November,Fall,329,0,1,1746
2021-12-27 00:00:00,Monday,December,Winter,361,10,11,8533
2020-10-20 00:00:00,Tuesday,October,Fall,294,7,8,10025
2025-06-08 00:00:00,Sunday,June,Summer,159,23,0,2194
2021-02-15 00:00:00,Monday,February,Winter,46,8,9,10609
2021-03-18 00:00:00,Thursday,March,Spring,77,19,20,3876
2021-05-17 00:00:00,Monday,May,Spring,137,15,16,15134
2020-01-20 00:00:00,Monday,January,Winter,20,21,22,5336
2022-04-10 00:00:00,Sunday,April,Spring,100,0,1,1683
2025-10-15 00:00:00,Wednesday,October,Fall,288,18,19,5526
2020-01-07 00:00:00,Tuesday,January,Winter,7,13,14,4300
2021-08-28 00:00:00,Saturday,August,Summer,240,5,6,3976
2020-12-21 00:00:00,Monday,December,Winter,356,11,12,12351
2023-10-22 00:00:00,Sunday,October,Fall,295,8,9,6622
2023-09-13 00:00:00,Wednesday,September,Fall,256,6,7,1142
2023-03-18 00:00:00,Saturday,March,Spring,77,0,1,6164
2022-11-11 00:00:00,Friday,November,Fall,315,13,14,6121
2020-08-04 00:00:00,Tuesday,August,Summer,217,7,8,1848
2021-09-24 00:00:00,Friday,September,Fall,267,19,20,811
2023-04-06 00:00:00,Thursday,April,Spring,96,17,18,9974
2025-01-24 00:00:00,Friday,January,Winter,24,12,13,20266
2024-02-27 00:00:00,Tuesday,February,Winter,58,7,8,11863
2024-07-13 00:00:00,Saturday,July,Summer,195,2,3,1314
2025-10-16 00:00:00,Thursday,October,Fall,289,18,19,4569
2023-01-19 00:00:00,Thursday,January,Winter,19,0,1,3941
2020-10-29 00:00:00,Thursday,October,Fall,303,12,13,8304
2023-04-13 00:00:00,Thursday,April,Spring,103,10,11,12488
2020-11-16 00:00:00,Monday,November,Fall,321,12,13,8614
2023-07-29 00:00:00,Saturday,July,Summer,210,18,19,9214
2025-11-12 00:00:00,Wednesday,November,Fall,316,22,23,13981
2025-10-26 00:00:00,Sunday,October,Fall,299,5,6,9488
2025-10-02 00:00:00,Thursday,October,Fall,275,13,14,10562
2020-09-01 00:00:00,Tuesday,September,Fall,245,16,17,4322
2024-09-19 00:00:00,Thursday,September,Fall,263,7,8,8099
2021-05-15 00:00:00,Saturday,May,Spring,135,4,5,4140
2021-02-13 00:00:00,Saturday,February,Winter,44,18,19,6179
2023-08-20 00:00:00,Sunday,August,Summer,232,3,4,1018
2025-03-17 00:00:00,Monday,March,Spring,76,9,10,9414
2023-04-15 00:00:00,Saturday,April,Spring,105,19,20,10025
2022-10-06 00:00:00,Thursday,October,Fall,279,6,7,1907
2023-12-20 00:00:00,Wednesday,December,Winter,354,1,2,8716
2025-04-20 00:00:00,Sunday,April,Spring,110,21,22,3971
2024-11-28 00:00:00,Thursday,November,Fall,333,6,7,2505
2025-09-07 00:00:00,Sunday,September,Fall,250,5,6,6061
2024-08-19 00:00:00,Monday,August,Summer,232,14,15,9521
2022-11-20 00:00:00,Sunday,November,Fall,324,17,18,9046
2021-02-09 00:00:00,Tuesday,February,Winter,40,3,4,2115
2021-05-10 00:00:00,Monday,May,Spring,130,16,17,7215
2020-12-23 00:00:00,Wednesday,December,Winter,358,0,1,7054
2020-09-12 00:00:00,Saturday,September,Fall,256,12,13,4331
2024-10-11 00:00:00,Friday,October,Fall,285,5,6,622
2024-01-21 00:00:00,Sunday,January,Winter,21,16,17,14424
2023-06-30 00:00:00,Friday,June,Summer,181,15,16,9841
2023-02-17 00:00:00,Friday,February,Winter,48,2,3,7016
2023-08-03 00:00:00,Thursday,August,Summer,215,15,16,12675
2023-12-28 00:00:00,Thursday,December,Winter,362,20,21,13984
2020-05-10 00:00:00,Sunday,May,Spring,131,12,13,2636
2025-11-03 00:00:00,Monday,November,Fall,307,18,19,8937
2025-02-03 00:00:00,Monday,February,Winter,34,21,22,1946
2024-02-24 00:00:00,Saturday,February,Winter,55,0,1,6656
2020-09-06 00:00:00,Sunday,September,Fall,250,0,1,2406
2020-08-19 00:00:00,Wednesday,August,Summer,232,14,15,7727
2021-02-22 00:00:00,Monday,February,Winter,53,20,21,5302
2021-09-06 00:00:00,Monday,September,Fall,249,11,12,4607
2024-04-05 00:00:00,Friday,April,Spring,96,7,8,14615
2020-12-24 00:00:00,Thursday,December,Winter,359,7,8,11043
2023-04-11 00:00:00,Tuesday,April,Spring,101,21,22,8468
2025-05-06 00:00:00,Tuesday,May,Spring,126,23,0,9254
2023-03-10 00:00:00,Friday,March,Spring,69,19,20,6183
2024-07-27 00:00:00,Saturday,July,Summer,209,13,14,6448
2022-08-15 00:00:00,Monday,August,Summer,227,9,10,4944
2024-01-24 00:00:00,Wednesday,January,Winter,24,8,9,15725
2024-06-11 00:00:00,Tuesday,June,Summer,163,6,7,1917
2024-10-05 00:00:00,Saturday,October,Fall,279,20,21,7671
2020-05-22 00:00:00,Friday,May,Spring,143,6,7,3939
2021-12-31 00:00:00,Friday,December,Winter,365,0,1,5685
2025-07-26 00:00:00,Saturday,July,Summer,207,4,5,2368
2020-01-25 00:00:00,Saturday,January,Winter,25,11,12,2622
2021-11-30 00:00:00,Tuesday,November,Fall,334,8,9,11135
2022-06-02 00:00:00,Thursday,June,Summer,153,20,21,2050
2024-12-12 00:00:00,Thursday,December,Winter,347,21,22,3531
2024-08-25 00:00:00,Sunday,August,Summer,238,16,17,4862
2020-01-02 00:00:00,Thursday,January,Winter,2,12,13,4169
2023-09-07 00:00:00,Thursday,September,Fall,250,5,6,2215
2023-07-17 00:00:00,Monday,July,Summer,198,21,22,1150
2025-06-04 00:00:00,Wednesday,June,Summer,155,11,12,6538
2022-09-12 00:00:00,Monday,September,Fall,255,23,0,2700
2020-09-16 00:00:00,Wednesday,September,Fall,260,0,1,800
2020-04-06 00:00:00,Monday,April,Spring,97,14,15,6087
2022-03-06 00:00:00,Sunday,March,Spring,65,21,22,7693
2022-12-20 00:00:00,Tuesday,December,Winter,354,5,6,13622
2023-03-19 00:00:00,Sunday,March,Spring,78,18,19,3522
2021-05-14 00:00:00,Friday,May,Spring,134,22,23,3321
2022-03-19 00:00:00,Saturday,March,Spring,78,20,21,9623
2023-04-15 00:00:00,Saturday,April,Spring,105,11,12,12042
2020-11-10 00:00:00,Tuesday,November,Fall,315,0,1,1153
2025-10-08 00:00:00,Wednesday,October,Fall,281,4,5,584
2025-07-29 00:00:00,Tuesday,July,Summer,210,19,20,5792
2021-10-08 00:00:00,Friday,October,Fall,281,2,3,3432
2022-03-11 00:00:00,Friday,March,Spring,70,18,19,10430
2025-10-07 00:00:00,Tuesday,October,Fall,280,17,18,3781
2025-02-26 00:00:00,Wednesday,February,Winter,57,16,17,15275
2023-01-27 00:00:00,Friday,January,Winter,27,20,21,7462
2024-07-04 00:00:00,Thursday,July,Summer,186,1,2,6505
2025-08-27 00:00:00,Wednesday,August,Summer,239,5,6,2086
2020-04-13 00:00:00,Monday,April,Spring,104,3,4,3469
2020-11-03 00:00:00,Tuesday,November,Fall,308,0,1,3597
2025-04-21 00:00:00,Monday,April,Spring,111,20,21,3158
2021-04-13 00:00:00,Tuesday,April,Spring,103,18,19,4444
2024-11-14 00:00:00,Thursday,November,Fall,319,23,0,3238
2022-03-01 00:00:00,Tuesday,March,Spring,60,2,3,2865
2023-03-20 00:00:00,Monday,March,Spring,79,20,21,1690
2024-07-15 00:00:00,Monday,July,Summer,197,12,13,8737
2025-07-27 00:00:00,Sunday,July,Summer,208,2,3,2172
2022-08-05 00:00:00,Friday,August,Summer,217,4,5,2957
2024-12-10 00:00:00,Tuesday,December,Winter,345,10,11,10560
2023-12-19 00:00:00,Tuesday,December,Winter,353,20,21,11260
2022-08-11 00:00:00,Thursday,August,Summer,223,8,9,4398
2021-07-15 00:00:00,Thursday,July,Summer,196,6,7,7253
2025-03-29 00:00:00,Saturday,March,Spring,88,16,17,11249
2025-09-05 00:00:00,Friday,September,Fall,248,20,21,687
2025-11-11 00:00:00,Tuesday,November,Fall,315,7,8,8058
2024-06-18 00:00:00,Tuesday,June,Summer,170,17,18,6244
2020-04-04 00:00:00,Saturday,April,Spring,95,0,1,996
2024-03-31 00:00:00,Sunday,March,Spring,91,11,12,10457
2022-08-02 00:00:00,Tuesday,August,Summer,214,21,22,957
2025-07-20 00:00:00,Sunday,July,Summer,201,1,2,4506
2023-08-03 00:00:00,Thursday,August,Summer,215,1,2,14771
2025-07-12 00:00:00,Saturday,July,Summer,193,11,12,9607
2020-01-26 00:00:00,Sunday,January,Winter,26,21,22,8371
2022-05-16 00:00:00,Monday,May,Spring,136,8,9,5803
2021-05-23 00:00:00,Sunday,May,Spring,143,0,1,5905
2021-03-18 00:00:00,Thursday,March,Spring,77,2,3,3524
2021-02-04 00:00:00,Thursday,February,Winter,35,1,2,5125
2020-06-10 00:00:00,Wednesday,June,Summer,162,22,23,731
2023-07-09 00:00:00,Sunday,July,Summer,190,18,19,4652
2023-08-13 00:00:00,Sunday,August,Summer,225,5,6,931
2025-03-20 00:00:00,Thursday,March,Spring,79,0,1,6946
2023-08-08 00:00:00,Tuesday,August,Summer,220,3,4,1820
2023-07-03 00:00:00,Monday,July,Summer,184,14,15,11480
2023-09-30 00:00:00,Saturday,September,Fall,273,1,2,663
2020-01-10 00:00:00,Friday,January,Winter,10,22,23,1571
2024-12-30 00:00:00,Monday,December,Winter,365,12,13,3281
2021-05-02 00:00:00,Sunday,May,Spring,122,18,19,3016
2021-08-07 00:00:00,Saturday,August,Summer,219,18,19,11586
2021-05-28 00:00:00,Friday,May,Spring,148,0,1,2572
2022-05-16 00:00:00,Monday,May,Spring,136,11,12,7699
2020-01-04 00:00:00,Saturday,January,Winter,4,23,0,1931
2020-11-08 00:00:00,Sunday,November,Fall,313,8,9,3916
2023-07-27 00:00:00,Thursday,July,Summer,208,7,8,9065
2024-09-10 00:00:00,Tuesday,September,Fall,254,0,1,4683
2021-03-19 00:00:00,Friday,March,Spring,78,6,7,5907
2020-02-28 00:00:00,Friday,February,Winter,59,3,4,2643
2023-05-18 00:00:00,Thursday,May,Spring,138,0,1,7850
2020-04-20 00:00:00,Monday,April,Spring,111,3,4,5296
2020-04-09 00:00:00,Thursday,April,Spring,100,6,7,723
2025-05-03 00:00:00,Saturday,May,Spring,123,13,14,5971
2025-07-30 00:00:00,Wednesday,July,Summer,211,3,4,1452
2020-04-28 00:00:00,Tuesday,April,Spring,119,4,5,3067
2023-02-26 00:00:00,Sunday,February,Winter,57,21,22,14492
2021-04-11 00:00:00,Sunday,April,Spring,101,14,15,7658
2024-05-08 00:00:00,Wednesday,May,Spring,129,14,15,9558
2020-04-08 00:00:00,Wednesday,April,Spring,99,8,9,2303
2021-07-04 00:00:00,Sunday,July,Summer,185,4,5,862
2025-01-28 00:00:00,Tuesday,January,Winter,28,17,18,19004
2020-11-14 00:00:00,Saturday,November,Fall,319,19,20,11103
2020-07-21 00:00:00,Tuesday,July,Summer,203,0,1,4876
2022-10-04 00:00:00,Tuesday,October,Fall,277,1,2,1416
2024-08-04 00:00:00,Sunday,August,Summer,217,17,18,6580
2020-01-02 00:00:00,Thursday,January,Winter,2,23,0,6857
2021-07-10 00:00:00,Saturday,July,Summer,191,20,21,2043
2022-02-26 00:00:00,Saturday,February,Winter,57,21,22,9716
2022-11-29 00:00:00,Tuesday,November,Fall,333,17,18,1111
2025-06-08 00:00:00,Sunday,June,Summer,159,7,8,8306
2022-04-05 00:00:00,Tuesday,April,Spring,95,18,19,8495
2024-03-10 00:00:00,Sunday,March,Spring,70,7,8,2181
2020-08-23 00:00:00,Sunday,August,Summer,236,19,20,4332
2020-11-24 00:00:00,Tuesday,November,Fall,329,3,4,1768
2024-07-23 00:00:00,Tuesday,July,Summer,205,5,6,5404
2024-05-23 00:00:00,Thursday,May,Spring,144,2,3,2979
2023-04-16 00:00:00,Sunday,April,Spring,106,5,6,5054
2025-06-06 00:00:00,Friday,June,Summer,157,13,14,7339
2024-01-19 00:00:00,Friday,January,Winter,19,2,3,2193
2023-12-17 00:00:00,Sunday,December,Winter,351,15,16,3018
2025-03-21 00:00:00,Friday,March,Spring,80,18,19,8152
2020-09-06 00:00:00,Sunday,September,Fall,250,2,3,1961
2020-12-04 00:00:00,Friday,December,Winter,339,2,3,12264
2024-07-17 00:00:00,Wednesday,July,Summer,199,10,11,6067
2025-10-01 00:00:00,Wednesday,October,Fall,274,13,14,10058
2021-03-30 00:00:00,Tuesday,March,Spring,89,11,12,4810
2024-05-24 00:00:00,Friday,May,Spring,145,23,0,703
2023-02-16 00:00:00,Thursday,February,Winter,47,11,12,7999
2025-11-02 00:00:00,Sunday,November,Fall,306,22,23,8643
2024-07-31 00:00:00,Wednesday,July,Summer,213,21,22,1578
2024-12-31 00:00:00,Tuesday,December,Winter,366,8,9,4218
2023-01-12 00:00:00,Thursday,January,Winter,12,5,6,15968
2024-03-09 00:00:00,Saturday,March,Spring,69,0,1,11075
2025-04-21 00:00:00,Monday,April,Spring,111,6,7,3806
2022-06-19 00:00:00,Sunday,June,Summer,170,16,17,12018
2022-03-24 00:00:00,Thursday,March,Spring,83,9,10,4911
2023-12-06 00:00:00,Wednesday,December,Winter,340,14,15,3145
2020-10-22 00:00:00,Thursday,October,Fall,296,15,16,4372
2022-09-01 00:00:00,Thursday,September,Fall,244,3,4,3514
2023-02-17 00:00:00,Friday,February,Winter,48,6,7,7645
2025-06-14 00:00:00,Saturday,June,Summer,165,19,20,4111
2025-09-28 00:00:00,Sunday,September,Fall,271,15,16,5298
2025-11-04 00:00:00,Tuesday,November,Fall,308,11,12,13899
2021-07-05 00:00:00,Monday,July,Summer,186,12,13,7806
2022-02-21 00:00:00,Monday,February,Winter,52,3,4,14976
2025-11-17 00:00:00,Monday,November,Fall,321,20,21,5188
2024-08-23 00:00:00,Friday,August,Summer,236,7,8,11855
2022-03-31 00:00:00,Thursday,March,Spring,90,13,14,11938
2021-09-28 00:00:00,Tuesday,September,Fall,271,17,18,3222
2024-06-24 00:00:00,Monday,June,Summer,176,4,5,2733
2021-09-03 00:00:00,Friday,September,Fall,246,22,23,1704
2022-10-03 00:00:00,Monday,October,Fall,276,19,20,1114
2022-08-22 00:00:00,Monday,August,Summer,234,5,6,1373
2022-02-27 00:00:00,Sunday,February,Winter,58,4,5,8949
2022-06-28 00:00:00,Tuesday,June,Summer,179,23,0,1723
2025-08-22 00:00:00,Friday,August,Summer,234,0,1,6431
2023-05-05 00:00:00,Friday,May,Spring,125,18,19,4662
2022-03-19 00:00:00,Saturday,March,Spring,78,13,14,12710
2021-04-18 00:00:00,Sunday,April,Spring,108,9,10,3757
2025-07-11 00:00:00,Friday,July,Summer,192,17,18,11291
2025-09-04 00:00:00,Thursday,September,Fall,247,19,20,8069
2022-10-21 00:00:00,Friday,October,Fall,294,14,15,9441
2020-07-27 00:00:00,Monday,July,Summer,209,10,11,6801
2020-07-09 00:00:00,Thursday,July,Summer,191,16,17,7247
2023-06-19 00:00:00,Monday,June,Summer,170,16,17,4302
2020-08-13 00:00:00,Thursday,August,Summer,226,7,8,1791
2023-09-21 00:00:00,Thursday,September,Fall,264,23,0,7242
2022-07-25 00:00:00,Monday,July,Summer,206,10,11,8474
2023-11-27 00:00:00,Monday,November,Fall,331,18,19,11622
2022-04-09 00:00:00,Saturday,April,Spring,99,10,11,5360
2022-11-02 00:00:00,Wednesday,November,Fall,306,5,6,6705
2022-08-17 00:00:00,Wednesday,August,Summer,229,5,6,1436
2021-04-20 00:00:00,Tuesday,April,Spring,110,7,8,703
2024-08-15 00:00:00,Thursday,August,Summer,228,6,7,1268
2022-07-11 00:00:00,Monday,July,Summer,192,6,7,3830
2022-07-02 00:00:00,Saturday,July,Summer,183,2,3,670
2021-05-24 00:00:00,Monday,May,Spring,144,5,6,8343
2023-02-24 00:00:00,Friday,February,Winter,55,9,10,5199
2021-04-14 00:00:00,Wednesday,April,Spring,104,15,16,9278
2025-04-12 00:00:00,Saturday,April,Spring,102,22,23,8931
2022-12-22 00:00:00,Thursday,December,Winter,356,10,11,12428
2024-01-18 00:00:00,Thursday,January,Winter,18,2,3,7810
2024-05-31 00:00:00,Friday,May,Spring,152,16,17,7089
2021-09-09 00:00:00,Thursday,September,Fall,252,13,14,5141
2025-04-13 00:00:00,Sunday,April,Spring,103,12,13,4906
2024-03-23 00:00:00,Saturday,March,Spring,83,22,23,9137
2025-02-26 00:00:00,Wednesday,February,Winter,57,23,0,8535
2022-08-03 00:00:00,Wednesday,August,Summer,215,0,1,1047
2025-04-07 00:00:00,Monday,April,Spring,97,22,23,5598
2021-09-15 00:00:00,Wednesday,September,Fall,258,12,13,3974
2023-03-26 00:00:00,Sunday,March,Spring,85,3,4,9201
2020-02-19 00:00:00,Wednesday,February,Winter,50,5,6,8999
2020-09-14 00:00:00,Monday,September,Fall,258,9,10,3828
2022-07-23 00:00:00,Saturday,July,Summer,204,23,0,1099
2021-06-04 00:00:00,Friday,June,Summer,155,8,9,2095
2020-04-12 00:00:00,Sunday,April,Spring,103,2,3,748
2021-01-02 00:00:00,Saturday,January,Winter,2,3,4,1281
2025-05-16 00:00:00,Friday,May,Spring,136,20,21,7218
2024-01-28 00:00:00,Sunday,January,Winter,28,5,6,8152
2021-10-02 00:00:00,Saturday,October,Fall,275,16,17,14843
2020-09-18 00:00:00,Friday,September,Fall,262,10,11,5286
2020-11-24 00:00:00,Tuesday,November,Fall,329,21,22,6481
2022-12-21 00:00:00,Wednesday,December,Winter,355,12,13,10235
2021-07-19 00:00:00,Monday,July,Summer,200,2,3,5773
2022-06-29 00:00:00,Wednesday,June,Summer,180,10,11,5357
2023-12-22 00:00:00,Friday,December,Winter,356,12,13,19987
2024-12-04 00:00:00,Wednesday,December,Winter,339,12,13,6363
2021-02-21 00:00:00,Sunday,February,Winter,52,13,14,8829
2022-06-20 00:00:00,Monday,June,Summer,171,2,3,5728
2020-11-19 00:00:00,Thursday,November,Fall,324,23,0,3854
2025-11-10 00:00:00,Monday,November,Fall,314,13,14,12666
2024-12-20 00:00:00,Friday,December,Winter,355,8,9,5569
2025-05-11 00:00:00,Sunday,May,Spring,131,12,13,3967
2024-11-18 00:00:00,Monday,November,Fall,323,2,3,8530
2025-03-03 00:00:00,Monday,March,Spring,62,11,12,8311
2021-12-28 00:00:00,Tuesday,December,Winter,362,22,23,12013
2021-10-31 00:00:00,Sunday,October,Fall,304,4,5,6221
2020-12-05 00:00:00,Saturday,December,Winter,340,21,22,5385
2024-05-12 00:00:00,Sunday,May,Spring,133,8,9,4245
2022-04-15 00:00:00,Friday,April,Spring,105,22,23,5750
2024-12-22 00:00:00,Sunday,December,Winter,357,9,10,19398
2021-02-05 00:00:00,Friday,February,Winter,36,14,15,3021
2022-07-12 00:00:00,Tuesday,July,Summer,193,14,15,6997
2020-06-15 00:00:00,Monday,June,Summer,167,23,0,2022
2023-10-23 00:00:00,Monday,October,Fall,296,9,10,8658
2023-02-02 00:00:00,Thursday,February,Winter,33,8,9,6057
2024-07-28 00:00:00,Sunday,July,Summer,210,14,15,5654
2024-10-09 00:00:00,Wednesday,October,Fall,283,13,14,12421
2023-02-15 00:00:00,Wednesday,February,Winter,46,10,11,6270
2021-11-18 00:00:00,Thursday,November,Fall,322,14,15,3326
2022-06-28 00:00:00,Tuesday,June,Summer,179,19,20,3348
2024-01-12 00:00:00,Friday,January,Winter,12,1,2,6624
2020-06-16 00:00:00,Tuesday,June,Summer,168,5,6,1461
2020-07-07 00:00:00,Tuesday,July,Summer,189,7,8,1906
2022-09-12 00:00:00,Monday,September,Fall,255,10,11,4987
2023-06-06 00:00:00,Tuesday,June,Summer,157,14,15,8282
2023-12-31 00:00:00,Sunday,December,Winter,365,16,17,17690
2025-02-22 00:00:00,Saturday,February,Winter,53,3,4,10776
2020-02-12 00:00:00,Wednesday,February,Winter,43,23,0,5618
2025-07-27 00:00:00,Sunday,July,Summer,208,4,5,1887
2023-10-28 00:00:00,Saturday,October,Fall,301,8,9,12258
2025-05-22 00:00:00,Thursday,May,Spring,142,14,15,6175
2024-12-23 00:00:00,Monday,December,Winter,358,2,3,17302
2025-08-17 00:00:00,Sunday,August,Summer,229,22,23,7604
2024-04-23 00:00:00,Tuesday,April,Spring,114,3,4,4610
2021-03-26 00:00:00,Friday,March,Spring,85,17,18,9646
2021-12-04 00:00:00,Saturday,December,Winter,338,15,16,12295
2021-02-12 00:00:00,Friday,February,Winter,43,15,16,9320
2023-08-08 00:00:00,Tuesday,August,Summer,220,21,22,2130
2021-01-20 00:00:00,Wednesday,January,Winter,20,0,1,11737
2025-08-15 00:00:00,Friday,August,Summer,227,9,10,6084
2025-03-31 00:00:00,Monday,March,Spring,90,6,7,5157
2022-11-11 00:00:00,Friday,November,Fall,315,2,3,2683
2022-07-09 00:00:00,Saturday,July,Summer,190,18,19,8525
2023-09-05 00:00:00,Tuesday,September,Fall,248,0,1,7414
2022-11-19 00:00:00,Saturday,November,Fall,323,10,11,4418
2023-10-23 00:00:00,Monday,October,Fall,296,17,18,5596
2023-01-13 00:00:00,Friday,January,Winter,13,1,2,13913
2020-04-21 00:00:00,Tuesday,April,Spring,112,23,0,4642
2020-12-19 00:00:00,Saturday,December,Winter,354,11,12,10820
2021-01-06 00:00:00,Wednesday,January,Winter,6,6,7,1187
2025-06-12 00:00:00,Thursday,June,Summer,163,3,4,6737
2020-06-01 00:00:00,Monday,June,Summer,153,16,17,4570
2020-12-29 00:00:00,Tuesday,December,Winter,364,22,23,3005
2023-03-08 00:00:00,Wednesday,March,Spring,67,9,10,13908
2020-02-19 00:00:00,Wednesday,February,Winter,50,2,3,11122
2023-07-30 00:00:00,Sunday,July,Summer,211,20,21,7195
2025-01-23 00:00:00,Thursday,January,Winter,23,6,7,5894
2025-05-11 00:00:00,Sunday,May,Spring,131,19,20,4469
2020-07-15 00:00:00,Wednesday,July,Summer,197,18,19,3632
2021-04-23 00:00:00,Friday,April,Spring,113,16,17,8565
2023-07-02 00:00:00,Sunday,July,Summer,183,18,19,6804
2022-04-13 00:00:00,Wednesday,April,Spring,103,22,23,1032
2021-12-14 00:00:00,Tuesday,December,Winter,348,23,0,1053
2021-01-22 00:00:00,Friday,January,Winter,22,18,19,4478
2024-12-30 00:00:00,Monday,December,Winter,365,14,15,2676
2020-01-19 00:00:00,Sunday,January,Winter,19,7,8,5048
2021-01-08 00:00:00,Friday,January,Winter,8,0,1,1507
2023-08-03 00:00:00,Thursday,August,Summer,215,12,13,13262
2025-10-25 00:00:00,Saturday,October,Fall,298,4,5,13923
2023-05-13 00:00:00,Saturday,May,Spring,133,7,8,4856
2023-07-21 00:00:00,Friday,July,Summer,202,22,23,3097
2024-10-03 00:00:00,Thursday,October,Fall,277,1,2,4843
2023-03-30 00:00:00,Thursday,March,Spring,89,23,0,12402
2022-07-08 00:00:00,Friday,July,Summer,189,12,13,8283
2021-08-18 00:00:00,Wednesday,August,Summer,230,1,2,2488
2023-06-29 00:00:00,Thursday,June,Summer,180,5,6,748
2021-05-28 00:00:00,Friday,May,Spring,148,23,0,3329
2024-05-11 00:00:00,Saturday,May,Spring,132,7,8,4906
2022-04-08 00:00:00,Friday,April,Spring,98,19,20,9607
2025-07-27 00:00:00,Sunday,July,Summer,208,21,22,4242
2023-10-14 00:00:00,Saturday,October,Fall,287,11,12,5525
2020-10-12 00:00:00,Monday,October,Fall,286,11,12,3848
2025-01-18 00:00:00,Saturday,January,Winter,18,23,0,1679
2023-05-31 00:00:00,Wednesday,May,Spring,151,12,13,12628
2021-09-21 00:00:00,Tuesday,September,Fall,264,16,17,4522
2023-11-21 00:00:00,Tuesday,November,Fall,325,21,22,6769
2024-04-12 00:00:00,Friday,April,Spring,103,12,13,8049
2024-03-17 00:00:00,Sunday,March,Spring,77,9,10,6278
2024-04-05 00:00:00,Friday,April,Spring,96,4,5,10352
2022-11-01 00:00:00,Tuesday,November,Fall,305,20,21,12061
2024-05-27 00:00:00,Monday,May,Spring,148,21,22,2538
2021-07-15 00:00:00,Thursday,July,Summer,196,4,5,7756
2024-03-05 00:00:00,Tuesday,March,Spring,65,15,16,8619
2025-10-10 00:00:00,Friday,October,Fall,283,13,14,9343
2023-06-21 00:00:00,Wednesday,June,Summer,172,11,12,4377
2023-10-29 00:00:00,Sunday,October,Fall,302,10,11,15308
2020-05-21 00:00:00,Thursday,May,Spring,142,17,18,2989
2023-06-10 00:00:00,Saturday,June,Summer,161,0,1,3204
2025-08-20 00:00:00,Wednesday,August,Summer,232,4,5,3073
2024-04-16 00:00:00,Tuesday,April,Spring,107,0,1,13826
2025-03-05 00:00:00,Wednesday,March,Spring,64,17,18,3558
2025-11-15 00:00:00,Saturday,November,Fall,319,14,15,5714
2022-03-12 00:00:00,Saturday,March,Spring,71,21,22,9414
2024-06-04 00:00:00,Tuesday,June,Summer,156,3,4,456
2020-07-28 00:00:00,Tuesday,July,Summer,210,17,18,6769
2021-11-06 00:00:00,Saturday,November,Fall,310,21,22,6134
2025-04-25 00:00:00,Friday,April,Spring,115,1,2,3293
2021-07-25 00:00:00,Sunday,July,Summer,206,5,6,2988
2022-11-01 00:00:00,Tuesday,November,Fall,305,12,13,15812
2024-11-10 00:00:00,Sunday,November,Fall,315,19,20,1932
2021-04-19 00:00:00,Monday,April,Spring,109,5,6,1278
2021-03-29 00:00:00,Monday,March,Spring,88,11,12,5469
2021-03-12 00:00:00,Friday,March,Spring,71,4,5,9635
2025-06-07 00:00:00,Saturday,June,Summer,158,23,0,12317
2023-09-02 00:00:00,Saturday,September,Fall,245,22,23,4625
2023-10-27 00:00:00,Friday,October,Fall,300,20,21,9132
2021-08-10 00:00:00,Tuesday,August,Summer,222,22,23,590
2021-09-29 00:00:00,Wednesday,September,Fall,272,8,9,7118
2022-05-31 00:00:00,Tuesday,May,Spring,151,18,19,5487
2021-06-25 00:00:00,Friday,June,Summer,176,4,5,1451
2022-05-27 00:00:00,Friday,May,Spring,147,11,12,6179
2024-03-03 00:00:00,Sunday,March,Spring,63,22,23,5144
2022-12-07 00:00:00,Wednesday,December,Winter,341,2,3,2507
2021-08-17 00:00:00,Tuesday,August,Summer,229,21,22,3684
2020-03-24 00:00:00,Tuesday,March,Spring,84,16,17,6133
2025-10-12 00:00:00,Sunday,October,Fall,285,18,19,5244
2023-07-24 00:00:00,Monday,July,Summer,205,17,18,11156
2024-07-08 00:00:00,Monday,July,Summer,190,11,12,8159
2022-07-16 00:00:00,Saturday,July,Summer,197,14,15,8810
2024-04-01 00:00:00,Monday,April,Spring,92,1,2,4949
2024-01-14 00:00:00,Sunday,January,Winter,14,18,19,1253
2020-01-08 00:00:00,Wednesday,January,Winter,8,13,14,4927
2021-11-12 00:00:00,Friday,November,Fall,316,4,5,1575
2024-11-19 00:00:00,Tuesday,November,Fall,324,13,14,20597
2020-08-17 00:00:00,Monday,August,Summer,230,2,3,1750
2023-06-11 00:00:00,Sunday,June,Summer,162,19,20,4575
2025-08-21 00:00:00,Thursday,August,Summer,233,20,21,7365
2021-08-26 00:00:00,Thursday,August,Summer,238,4,5,2542
2020-09-10 00:00:00,Thursday,September,Fall,254,19,20,1247
2021-07-13 00:00:00,Tuesday,July,Summer,194,23,0,5065
2022-04-05 00:00:00,Tuesday,April,Spring,95,19,20,7386
2020-06-13 00:00:00,Saturday,June,Summer,165,1,2,3366
2023-10-18 00:00:00,Wednesday,October,Fall,291,17,18,14535
2020-08-22 00:00:00,Saturday,August,Summer,235,10,11,9129
2021-08-03 00:00:00,Tuesday,August,Summer,215,2,3,1153
2023-07-23 00:00:00,Sunday,July,Summer,204,17,18,12004
2021-07-02 00:00:00,Friday,July,Summer,183,8,9,1628
2022-06-03 00:00:00,Friday,June,Summer,154,15,16,5923
2021-12-04 00:00:00,Saturday,December,Winter,338,8,9,8370
2023-10-09 00:00:00,Monday,October,Fall,282,14,15,6407
2021-09-15 00:00:00,Wednesday,September,Fall,258,11,12,3648
2021-06-18 00:00:00,Friday,June,Summer,169,7,8,3517
2025-09-10 00:00:00,Wednesday,September,Fall,253,1,2,3815
2020-04-11 00:00:00,Saturday,April,Spring,102,9,10,2530
2024-01-26 00:00:00,Friday,January,Winter,26,1,2,7990
2025-03-27 00:00:00,Thursday,March,Spring,86,4,5,3169
2025-09-21 00:00:00,Sunday,September,Fall,264,6,7,3184
2024-07-13 00:00:00,Saturday,July,Summer,195,20,21,1101
2021-11-14 00:00:00,Sunday,November,Fall,318,3,4,2421
2022-07-01 00:00:00,Friday,July,Summer,182,23,0,863
2023-07-10 00:00:00,Monday,July,Summer,191,3,4,1054
2022-11-23 00:00:00,Wednesday,November,Fall,327,20,21,12891
2024-12-12 00:00:00,Thursday,December,Winter,347,15,16,3478
2025-04-27 00:00:00,Sunday,April,Spring,117,19,20,2748
2023-01-17 00:00:00,Tuesday,January,Winter,17,16,17,4665
2022-04-03 00:00:00,Sunday,April,Spring,93,1,2,5119
2020-10-18 00:00:00,Sunday,October,Fall,292,4,5,672
2021-10-11 00:00:00,Monday,October,Fall,284,17,18,4388
2023-11-16 00:00:00,Thursday,November,Fall,320,16,17,13386
2025-03-09 00:00:00,Sunday,March,Spring,68,3,4,9672
2022-12-31 00:00:00,Saturday,December,Winter,365,12,13,17332
2023-08-16 00:00:00,Wednesday,August,Summer,228,13,14,6675
2021-01-06 00:00:00,Wednesday,January,Winter,6,19,20,495
2025-02-08 00:00:00,Saturday,February,Winter,39,9,10,8261
2022-09-26 00:00:00,Monday,September,Fall,269,7,8,6086
2025-11-10 00:00:00,Monday,November,Fall,314,0,1,6004
2020-02-01 00:00:00,Saturday,February,Winter,32,18,19,10703
2022-04-22 00:00:00,Friday,April,Spring,112,18,19,4256
2023-01-24 00:00:00,Tuesday,January,Winter,24,21,22,2611
2025-05-05 00:00:00,Monday,May,Spring,125,7,8,9361
2020-05-08 00:00:00,Friday,May,Spring,129,12,13,4778
2021-06-16 00:00:00,Wednesday,June,Summer,167,8,9,2085
2020-02-16 00:00:00,Sunday,February,Winter,47,22,23,11230
2023-07-04 00:00:00,Tuesday,July,Summer,185,10,11,5603
2023-10-26 00:00:00,Thursday,October,Fall,299,15,16,6529
2024-02-28 00:00:00,Wednesday,February,Winter,59,3,4,3223
2022-11-29 00:00:00,Tuesday,November,Fall,333,10,11,2249
2020-01-06 00:00:00,Monday,January,Winter,6,20,21,6469
2025-11-09 00:00:00,Sunday,November,Fall,313,4,5,2430
2024-05-12 00:00:00,Sunday,May,Spring,133,6,7,3904
2021-04-30 00:00:00,Friday,April,Spring,120,22,23,1359
2023-08-27 00:00:00,Sunday,August,Summer,239,4,5,2263
2024-07-27 00:00:00,Saturday,July,Summer,209,9,10,3124
2025-09-26 00:00:00,Friday,September,Fall,269,12,13,5213
2022-04-01 00:00:00,Friday,April,Spring,91,3,4,9699
2020-05-12 00:00:00,Tuesday,May,Spring,133,12,13,5747
2024-10-07 00:00:00,Monday,October,Fall,281,16,17,7311
2022-06-30 00:00:00,Thursday,June,Summer,181,13,14,4931
2024-09-20 00:00:00,Friday,September,Fall,264,20,21,3245
2024-08-10 00:00:00,Saturday,August,Summer,223,16,17,4012
2023-04-30 00:00:00,Sunday,April,Spring,120,4,5,3814
2025-01-23 00:00:00,Thursday,January,Winter,23,5,6,6304
2022-12-03 00:00:00,Saturday,December,Winter,337,12,13,6285
2025-04-24 00:00:00,Thursday,April,Spring,114,7,8,2699
2025-10-02 00:00:00,Thursday,October,Fall,275,18,19,2959
2020-08-09 00:00:00,Sunday,August,Summer,222,11,12,3372
2020-07-10 00:00:00,Friday,July,Summer,192,19,20,4171
2023-12-26 00:00:00,Tuesday,December,Winter,360,4,5,7229
2024-04-28 00:00:00,Sunday,April,Spring,119,0,1,10556
2024-10-12 00:00:00,Saturday,October,Fall,286,13,14,6790
2022-11-25 00:00:00,Friday,November,Fall,329,16,17,3351
2023-01-14 00:00:00,Saturday,January,Winter,14,15,16,17545
2022-11-08 00:00:00,Tuesday,November,Fall,312,20,21,11901
2024-08-29 00:00:00,Thursday,August,Summer,242,19,20,2703
2025-03-16 00:00:00,Sunday,March,Spring,75,9,10,9888
2020-01-19 00:00:00,Sunday,January,Winter,19,3,4,4619
2025-03-13 00:00:00,Thursday,March,Spring,72,0,1,2661
2024-04-04 00:00:00,Thursday,April,Spring,95,19,20,8108
2023-12-05 00:00:00,Tuesday,December,Winter,339,18,19,6714
2020-01-16 00:00:00,Thursday,January,Winter,16,6,7,4609
2025-10-15 00:00:00,Wednesday,October,Fall,288,19,20,5080
2020-06-03 00:00:00,Wednesday,June,Summer,155,16,17,3604
2024-05-11 00:00:00,Saturday,May,Spring,132,8,9,5428
2020-09-25 00:00:00,Friday,September,Fall,269,7,8,10168
2022-10-05 00:00:00,Wednesday,October,Fall,278,10,11,9771
2024-07-02 00:00:00,Tuesday,July,Summer,184,4,5,2631
2023-04-21 00:00:00,Friday,April,Spring,111,20,21,2543
2024-12-05 00:00:00,Thursday,December,Winter,340,8,9,14145
2025-08-07 00:00:00,Thursday,August,Summer,219,18,19,5653
2020-04-05 00:00:00,Sunday,April,Spring,96,11,12,7848
2024-01-26 00:00:00,Friday,January,Winter,26,4,5,9936
2023-09-03 00:00:00,Sunday,September,Fall,246,14,15,9204
2022-04-12 00:00:00,Tuesday,April,Spring,102,22,23,2275
2020-12-29 00:00:00,Tuesday,December,Winter,364,13,14,5165
2023-09-08 00:00:00,Friday,September,Fall,251,9,10,3666
2024-04-26 00:00:00,Friday,April,Spring,117,13,14,6436
2024-04-14 00:00:00,Sunday,April,Spring,105,15,16,4067
2020-09-07 00:00:00,Monday,September,Fall,251,13,14,5438
2022-02-18 00:00:00,Friday,February,Winter,49,21,22,13040
2020-05-21 00:00:00,Thursday,May,Spring,142,5,6,1502
2020-05-04 00:00:00,Monday,May,Spring,125,14,15,5337
2023-06-10 00:00:00,Saturday,June,Summer,161,9,10,4098
2024-04-03 00:00:00,Wednesday,April,Spring,94,11,12,15839
2020-05-23 00:00:00,Saturday,May,Spring,144,7,8,3360
2020-09-04 00:00:00,Friday,September,Fall,248,7,8,1232
2020-10-07 00:00:00,Wednesday,October,Fall,281,12,13,8717
2023-12-02 00:00:00,Saturday,December,Winter,336,5,6,3249
2024-06-28 00:00:00,Friday,June,Summer,180,16,17,6716
2021-08-22 00:00:00,Sunday,August,Summer,234,21,22,3345
2023-02-17 00:00:00,Friday,February,Winter,48,9,10,9868
2022-02-16 00:00:00,Wednesday,February,Winter,47,13,14,16745
2022-12-03 00:00:00,Saturday,December,Winter,337,2,3,6803
2021-04-08 00:00:00,Thursday,April,Spring,98,14,15,5202
2025-01-05 00:00:00,Sunday,January,Winter,5,15,16,19348
2024-10-08 00:00:00,Tuesday,October,Fall,282,8,9,10350
2022-02-12 00:00:00,Saturday,February,Winter,43,6,7,4558
2023-07-07 00:00:00,Friday,July,Summer,188,5,6,4486
2020-07-14 00:00:00,Tuesday,July,Summer,196,21,22,2101
2022-12-09 00:00:00,Friday,December,Winter,343,20,21,2064
2022-07-05 00:00:00,Tuesday,July,Summer,186,0,1,3667
2021-11-20 00:00:00,Saturday,November,Fall,324,18,19,210
2023-02-09 00:00:00,Thursday,February,Winter,40,8,9,1322
2025-03-01 00:00:00,Saturday,March,Spring,60,23,0,10187
2023-07-25 00:00:00,Tuesday,July,Summer,206,9,10,7186
2024-12-25 00:00:00,Wednesday,December,Winter,360,10,11,2874
2024-05-08 00:00:00,Wednesday,May,Spring,129,7,8,5427
2021-10-03 00:00:00,Sunday,October,Fall,276,15,16,8606
2024-04-18 00:00:00,Thursday,April,Spring,109,23,0,3786
2023-11-04 00:00:00,Saturday,November,Fall,308,7,8,15504
2022-05-25 00:00:00,Wednesday,May,Spring,145,22,23,5875
2022-01-22 00:00:00,Saturday,January,Winter,22,20,21,2136
2022-08-18 00:00:00,Thursday,August,Summer,230,13,14,5355
2025-08-14 00:00:00,Thursday,August,Summer,226,9,10,4159
2023-01-01 00:00:00,Sunday,January,Winter,1,9,10,11283
2024-01-20 00:00:00,Saturday,January,Winter,20,18,19,4846
2021-11-17 00:00:00,Wednesday,November,Fall,321,18,19,1887
2020-09-29 00:00:00,Tuesday,September,Fall,273,2,3,2642
2020-08-08 00:00:00,Saturday,August,Summer,221,23,0,2390
2024-01-18 00:00:00,Thursday,January,Winter,18,18,19,4246
2024-10-18 00:00:00,Friday,October,Fall,292,0,1,4798
2025-06-27 00:00:00,Friday,June,Summer,178,22,23,1584
2025-02-11 00:00:00,Tuesday,February,Winter,42,8,9,3812
2023-08-25 00:00:00,Friday,August,Summer,237,16,17,9893
2021-12-02 00:00:00,Thursday,December,Winter,336,5,6,6952
2022-01-25 00:00:00,Tuesday,January,Winter,25,7,8,328
2022-09-26 00:00:00,Monday,September,Fall,269,14,15,15890
2022-12-17 00:00:00,Saturday,December,Winter,351,16,17,2347
2020-02-21 00:00:00,Friday,February,Winter,52,8,9,4193
2021-09-13 00:00:00,Monday,September,Fall,256,19,20,1554
2020-07-12 00:00:00,Sunday,July,Summer,194,14,15,5689
2023-05-29 00:00:00,Monday,May,Spring,149,9,10,9264
2024-08-30 00:00:00,Friday,August,Summer,243,4,5,2456
2021-07-28 00:00:00,Wednesday,July,Summer,209,14,15,10176
2023-03-29 00:00:00,Wednesday,March,Spring,88,5,6,4271
2021-05-11 00:00:00,Tuesday,May,Spring,131,19,20,6405
2025-01-09 00:00:00,Thursday,January,Winter,9,15,16,10749
2022-01-05 00:00:00,Wednesday,January,Winter,5,2,3,7802
2024-08-26 00:00:00,Monday,August,Summer,239,23,0,2045
2023-02-19 00:00:00,Sunday,February,Winter,50,14,15,7077
2025-06-23 00:00:00,Monday,June,Summer,174,18,19,12740
2020-08-04 00:00:00,Tuesday,August,Summer,217,19,20,2445
2023-02-11 00:00:00,Saturday,February,Winter,42,8,9,2391
2022-09-16 00:00:00,Friday,September,Fall,259,6,7,1953
2025-10-13 00:00:00,Monday,October,Fall,286,3,4,6119
2025-07-03 00:00:00,Thursday,July,Summer,184,0,1,5539
2022-12-07 00:00:00,Wednesday,December,Winter,341,23,0,1410
2024-02-10 00:00:00,Saturday,February,Winter,41,3,4,4487
2021-07-09 00:00:00,Friday,July,Summer,190,3,4,1208
2025-02-16 00:00:00,Sunday,February,Winter,47,0,1,4574
2024-11-24 00:00:00,Sunday,November,Fall,329,10,11,21544
2024-12-11 00:00:00,Wednesday,December,Winter,346,19,20,5916
2025-05-20 00:00:00,Tuesday,May,Spring,140,21,22,5566
2022-01-21 00:00:00,Friday,January,Winter,21,9,10,5002
2025-01-30 00:00:00,Thursday,January,Winter,30,7,8,5813
2021-01-29 00:00:00,Friday,January,Winter,29,17,18,12983
2024-04-19 00:00:00,Friday,April,Spring,110,5,6,9003
2020-12-01 00:00:00,Tuesday,December,Winter,336,12,13,8412
2024-02-19 00:00:00,Monday,February,Winter,50,3,4,4002
2023-09-21 00:00:00,Thursday,September,Fall,264,13,14,6474
2025-03-17 00:00:00,Monday,March,Spring,76,2,3,5489
2024-08-02 00:00:00,Friday,August,Summer,215,18,19,7412
2020-07-15 00:00:00,Wednesday,July,Summer,197,3,4,1451
2022-10-15 00:00:00,Saturday,October,Fall,288,16,17,8245
2025-05-11 00:00:00,Sunday,May,Spring,131,10,11,3050
2025-01-21 00:00:00,Tuesday,January,Winter,21,13,14,5754
2023-08-02 00:00:00,Wednesday,August,Summer,214,8,9,15356
2025-10-06 00:00:00,Monday,October,Fall,279,19,20,2272
2024-03-22 00:00:00,Friday,March,Spring,82,16,17,7952
2021-04-04 00:00:00,Sunday,April,Spring,94,2,3,6551
2022-11-08 00:00:00,Tuesday,November,Fall,312,6,7,13306
2023-09-19 00:00:00,Tuesday,September,Fall,262,9,10,7887
2022-05-05 00:00:00,Thursday,May,Spring,125,16,17,6137
2021-03-16 00:00:00,Tuesday,March,Spring,75,3,4,3759
2023-03-18 00:00:00,Saturday,March,Spring,77,21,22,4032
2023-01-04 00:00:00,Wednesday,January,Winter,4,19,20,13392
2021-01-05 00:00:00,Tuesday,January,Winter,5,19,20,1794
2020-12-07 00:00:00,Monday,December,Winter,342,22,23,3434
2024-04-24 00:00:00,Wednesday,April,Spring,115,15,16,11510
2025-04-27 00:00:00,Sunday,April,Spring,117,16,17,3352
2021-10-16 00:00:00,Saturday,October,Fall,289,7,8,1545
2022-04-17 00:00:00,Sunday,April,Spring,107,9,10,6232
2022-11-15 00:00:00,Tuesday,November,Fall,319,10,11,10920
2021-01-06 00:00:00,Wednesday,January,Winter,6,1,2,1467
2020-06-09 00:00:00,Tuesday,June,Summer,161,11,12,4734
2023-03-14 00:00:00,Tuesday,March,Spring,73,17,18,10320
2021-01-31 00:00:00,Sunday,January,Winter,31,17,18,5433
2021-01-28 00:00:00,Thursday,January,Winter,28,22,23,9207
2023-02-14 00:00:00,Tuesday,February,Winter,45,20,21,4137
2024-08-29 00:00:00,Thursday,August,Summer,242,10,11,5199
2022-10-03 00:00:00,Monday,October,Fall,276,13,14,5084
2022-02-23 00:00:00,Wednesday,February,Winter,54,10,11,3903
2025-08-24 00:00:00,Sunday,August,Summer,236,7,8,3233
2021-02-06 00:00:00,Saturday,February,Winter,37,12,13,3255
2023-04-29 00:00:00,Saturday,April,Spring,119,15,16,4800
2023-04-22 00:00:00,Saturday,April,Spring,112,4,5,4492
2020-05-24 00:00:00,Sunday,May,Spring,145,13,14,5849
2023-02-07 00:00:00,Tuesday,February,Winter,38,16,17,6303
2022-07-06 00:00:00,Wednesday,July,Summer,187,3,4,3439
2023-11-25 00:00:00,Saturday,November,Fall,329,22,23,3662
2022-12-09 00:00:00,Friday,December,Winter,343,14,15,3163
2020-12-15 00:00:00,Tuesday,December,Winter,350,0,1,5961
2022-03-10 00:00:00,Thursday,March,Spring,69,21,22,6888
2024-06-15 00:00:00,Saturday,June,Summer,167,16,17,10230
2025-10-27 00:00:00,Monday,October,Fall,300,10,11,20785
2020-07-02 00:00:00,Thursday,July,Summer,184,23,0,3158
2021-09-21 00:00:00,Tuesday,September,Fall,264,18,19,2741
2022-04-03 00:00:00,Sunday,April,Spring,93,20,21,1788
2025-01-04 00:00:00,Saturday,January,Winter,4,22,23,10639
2021-09-06 00:00:00,Monday,September,Fall,249,16,17,4649
2022-01-12 00:00:00,Wednesday,January,Winter,12,10,11,3948
2023-03-03 00:00:00,Friday,March,Spring,62,17,18,5441
2021-11-21 00:00:00,Sunday,November,Fall,325,12,13,3618
2022-07-28 00:00:00,Thursday,July,Summer,209,20,21,1737
2023-01-28 00:00:00,Saturday,January,Winter,28,21,22,2799
2024-12-22 00:00:00,Sunday,December,Winter,357,11,12,19928
2024-03-12 00:00:00,Tuesday,March,Spring,72,3,4,4768
2022-11-11 00:00:00,Friday,November,Fall,315,17,18,2888
2024-11-07 00:00:00,Thursday,November,Fall,312,21,22,3242
2024-06-27 00:00:00,Thursday,June,Summer,179,3,4,839
2020-11-23 00:00:00,Monday,November,Fall,328,14,15,2374
2025-06-19 00:00:00,Thursday,June,Summer,170,22,23,6052
2024-08-07 00:00:00,Wednesday,August,Summer,220,2,3,1802
2020-07-05 00:00:00,Sunday,July,Summer,187,15,16,10632
2023-05-27 00:00:00,Saturday,May,Spring,147,11,12,8746
2021-04-21 00:00:00,Wednesday,April,Spring,111,5,6,1068
2024-09-15 00:00:00,Sunday,September,Fall,259,20,21,3333
2025-07-01 00:00:00,Tuesday,July,Summer,182,6,7,1421
2024-09-09 00:00:00,Monday,September,Fall,253,9,10,9339
2021-09-12 00:00:00,Sunday,September,Fall,255,10,11,3552
2022-01-13 00:00:00,Thursday,January,Winter,13,4,5,2645
2025-07-23 00:00:00,Wednesday,July,Summer,204,1,2,1307
2023-08-27 00:00:00,Sunday,August,Summer,239,2,3,1781
2024-02-19 00:00:00,Monday,February,Winter,50,6,7,3287
2022-06-16 00:00:00,Thursday,June,Summer,167,16,17,5124
2025-09-11 00:00:00,Thursday,September,Fall,254,3,4,10615
2021-06-27 00:00:00,Sunday,June,Summer,178,23,0,748
2025-06-13 00:00:00,Friday,June,Summer,164,6,7,2429
2020-12-10 00:00:00,Thursday,December,Winter,345,9,10,4988
2022-11-29 00:00:00,Tuesday,November,Fall,333,20,21,1194
2021-11-13 00:00:00,Saturday,November,Fall,317,4,5,5812
2025-07-22 00:00:00,Tuesday,July,Summer,203,16,17,13809
2024-02-21 00:00:00,Wednesday,February,Winter,52,23,0,15375
2021-08-07 00:00:00,Saturday,August,Summer,219,21,22,9544
2023-11-24 00:00:00,Friday,November,Fall,328,10,11,9941
2021-06-03 00:00:00,Thursday,June,Summer,154,19,20,1771
2020-12-02 00:00:00,Wednesday,December,Winter,337,20,21,2043
2023-04-29 00:00:00,Saturday,April,Spring,119,7,8,1622
2021-04-16 00:00:00,Friday,April,Spring,106,11,12,7807
2020-02-13 00:00:00,Thursday,February,Winter,44,13,14,13233
2021-11-21 00:00:00,Sunday,November,Fall,325,13,14,3948
2023-12-18 00:00:00,Monday,December,Winter,352,3,4,2101
2020-06-01 00:00:00,Monday,June,Summer,153,10,11,4181
2025-07-24 00:00:00,Thursday,July,Summer,205,15,16,9540
2023-06-24 00:00:00,Saturday,June,Summer,175,13,14,8820
2022-03-07 00:00:00,Monday,March,Spring,66,12,13,10894
2021-10-21 00:00:00,Thursday,October,Fall,294,1,2,13513
2024-02-11 00:00:00,Sunday,February,Winter,42,1,2,9448
2023-09-07 00:00:00,Thursday,September,Fall,250,17,18,4368
2023-11-25 00:00:00,Saturday,November,Fall,329,13,14,10661
2020-10-02 00:00:00,Friday,October,Fall,276,14,15,6441
2022-01-05 00:00:00,Wednesday,January,Winter,5,10,11,6918
2022-03-28 00:00:00,Monday,March,Spring,87,19,20,1643
2020-09-01 00:00:00,Tuesday,September,Fall,245,8,9,1448
2025-09-19 00:00:00,Friday,September,Fall,262,16,17,10145
2023-11-03 00:00:00,Friday,November,Fall,307,11,12,10759
2020-11-25 00:00:00,Wednesday,November,Fall,330,19,20,3453
2022-10-01 00:00:00,Saturday,October,Fall,274,1,2,13589
2021-08-02 00:00:00,Monday,August,Summer,214,0,1,1434
2020-08-08 00:00:00,Saturday,August,Summer,221,10,11,2968
2022-09-14 00:00:00,Wednesday,September,Fall,257,3,4,1861
2021-05-31 00:00:00,Monday,May,Spring,151,8,9,3833
2023-12-27 00:00:00,Wednesday,December,Winter,361,15,16,12667
2024-08-01 00:00:00,Thursday,August,Summer,214,19,20,4264
2023-04-04 00:00:00,Tuesday,April,Spring,94,19,20,4139
2024-05-03 00:00:00,Friday,May,Spring,124,0,1,9022
2024-09-15 00:00:00,Sunday,September,Fall,259,22,23,4322
2021-09-13 00:00:00,Monday,September,Fall,256,6,7,1809
2021-12-07 00:00:00,Tuesday,December,Winter,341,18,19,13600
2023-11-30 00:00:00,Thursday,November,Fall,334,4,5,1780
2022-03-10 00:00:00,Thursday,March,Spring,69,1,2,6777
2022-03-30 00:00:00,Wednesday,March,Spring,89,11,12,2186
2022-08-09 00:00:00,Tuesday,August,Summer,221,3,4,6466
2023-05-04 00:00:00,Thursday,May,Spring,124,17,18,9901
2023-12-13 00:00:00,Wednesday,December,Winter,347,10,11,6869
2022-09-29 00:00:00,Thursday,September,Fall,272,13,14,4400
2024-08-28 00:00:00,Wednesday,August,Summer,241,13,14,10829
2024-09-17 00:00:00,Tuesday,September,Fall,261,8,9,10111
2020-01-06 00:00:00,Monday,January,Winter,6,11,12,5665
2022-09-07 00:00:00,Wednesday,September,Fall,250,16,17,6353
2022-10-21 00:00:00,Friday,October,Fall,294,2,3,7894
2021-05-26 00:00:00,Wednesday,May,Spring,146,19,20,4996
2022-06-26 00:00:00,Sunday,June,Summer,177,4,5,1831
2025-07-13 00:00:00,Sunday,July,Summer,194,20,21,3952
2024-06-29 00:00:00,Saturday,June,Summer,181,7,8,4387
2024-11-08 00:00:00,Friday,November,Fall,313,14,15,4482
2022-07-11 00:00:00,Monday,July,Summer,192,10,11,7469
2022-01-10 00:00:00,Monday,January,Winter,10,6,7,1005
2025-03-21 00:00:00,Friday,March,Spring,80,0,1,7350
2023-02-15 00:00:00,Wednesday,February,Winter,46,13,14,6445
2025-04-17 00:00:00,Thursday,April,Spring,107,1,2,2336
2025-02-15 00:00:00,Saturday,February,Winter,46,1,2,7209
2020-09-28 00:00:00,Monday,September,Fall,272,18,19,4748
2021-06-30 00:00:00,Wednesday,June,Summer,181,4,5,2097
2022-07-20 00:00:00,Wednesday,July,Summer,201,6,7,2316
2020-04-22 00:00:00,Wednesday,April,Spring,113,2,3,5000
2021-09-23 00:00:00,Thursday,September,Fall,266,20,21,1171
2020-02-27 00:00:00,Thursday,February,Winter,58,0,1,5262
2021-03-26 00:00:00,Friday,March,Spring,85,20,21,8311
2020-01-13 00:00:00,Monday,January,Winter,13,8,9,3845
2025-09-22 00:00:00,Monday,September,Fall,265,23,0,8892
2023-01-13 00:00:00,Friday,January,Winter,13,8,9,14537
2024-07-16 00:00:00,Tuesday,July,Summer,198,6,7,7743
2024-06-04 00:00:00,Tuesday,June,Summer,156,18,19,7459
2020-11-02 00:00:00,Monday,November,Fall,307,22,23,4458
2022-10-07 00:00:00,Friday,October,Fall,280,11,12,4853
2022-02-24 00:00:00,Thursday,February,Winter,55,17,18,12191
2021-11-27 00:00:00,Saturday,November,Fall,331,6,7,7605
2020-08-07 00:00:00,Friday,August,Summer,220,9,10,2665
2022-07-10 00:00:00,Sunday,July,Summer,191,2,3,5201
2021-07-13 00:00:00,Tuesday,July,Summer,194,1,2,3421
2025-05-01 00:00:00,Thursday,May,Spring,121,2,3,5525
2025-11-30 00:00:00,Sunday,November,Fall,334,5,6,4365
2020-12-25 00:00:00,Friday,December,Winter,360,6,7,6272
2021-04-19 00:00:00,Monday,April,Spring,109,11,12,4484
2024-03-29 00:00:00,Friday,March,Spring,89,22,23,5301
2023-07-29 00:00:00,Saturday,July,Summer,210,8,9,5340
2022-06-05 00:00:00,Sunday,June,Summer,156,4,5,1412
2021-08-11 00:00:00,Wednesday,August,Summer,223,6,7,508
2022-11-27 00:00:00,Sunday,November,Fall,331,12,13,8438
2025-06-11 00:00:00,Wednesday,June,Summer,162,8,9,5524
2023-06-01 00:00:00,Thursday,June,Summer,152,11,12,8686
2022-10-14 00:00:00,Friday,October,Fall,287,9,10,5617
2025-05-07 00:00:00,Wednesday,May,Spring,127,13,14,11508
2022-03-30 00:00:00,Wednesday,March,Spring,89,14,15,3152
2025-03-13 00:00:00,Thursday,March,Spring,72,15,16,5712
2021-09-23 00:00:00,Thursday,September,Fall,266,15,16,5575
2020-02-04 00:00:00,Tuesday,February,Winter,35,4,5,10605
2021-05-14 00:00:00,Friday,May,Spring,134,19,20,5623
2022-05-30 00:00:00,Monday,May,Spring,150,2,3,4110
2021-01-30 00:00:00,Saturday,January,Winter,30,6,7,5748
2024-06-20 00:00:00,Thursday,June,Summer,172,7,8,4284
2025-08-07 00:00:00,Thursday,August,Summer,219,19,20,3099
2024-08-24 00:00:00,Saturday,August,Summer,237,3,4,6102
2022-09-15 00:00:00,Thursday,September,Fall,258,7,8,1704
2020-07-06 00:00:00,Monday,July,Summer,188,1,2,6827
2022-08-28 00:00:00,Sunday,August,Summer,240,6,7,3890
2020-09-14 00:00:00,Monday,September,Fall,258,12,13,4786
2024-05-24 00:00:00,Friday,May,Spring,145,22,23,645
2025-08-08 00:00:00,Friday,August,Summer,220,6,7,1464
2020-07-10 00:00:00,Friday,July,Summer,192,10,11,5130
2020-01-17 00:00:00,Friday,January,Winter,17,18,19,7402
2024-07-17 00:00:00,Wednesday,July,Summer,199,18,19,4046
2023-01-02 00:00:00,Monday,January,Winter,2,7,8,6552
2021-02-14 00:00:00,Sunday,February,Winter,45,0,1,7245
2025-07-26 00:00:00,Saturday,July,Summer,207,5,6,2295
2020-10-23 00:00:00,Friday,October,Fall,297,10,11,2714
2024-07-03 00:00:00,Wednesday,July,Summer,185,1,2,1771
2024-11-12 00:00:00,Tuesday,November,Fall,317,22,23,8223
2025-11-12 00:00:00,Wednesday,November,Fall,316,17,18,13595
2024-04-26 00:00:00,Friday,April,Spring,117,19,20,3091
2023-12-20 00:00:00,Wednesday,December,Winter,354,11,12,9752
2024-04-04 00:00:00,Thursday,April,Spring,95,20,21,7001
2025-03-18 00:00:00,Tuesday,March,Spring,77,20,21,10105
2020-04-14 00:00:00,Tuesday,April,Spring,105,18,19,6515
2020-03-02 00:00:00,Monday,March,Spring,62,23,0,8448
2020-01-11 00:00:00,Saturday,January,Winter,11,7,8,3308
2022-02-10 00:00:00,Thursday,February,Winter,41,19,20,3020
2024-10-13 00:00:00,Sunday,October,Fall,287,4,5,3330
2024-01-16 00:00:00,Tuesday,January,Winter,16,0,1,2197
2020-09-10 00:00:00,Thursday,September,Fall,254,17,18,2293
2025-08-25 00:00:00,Monday,August,Summer,237,8,9,3906
2024-03-05 00:00:00,Tuesday,March,Spring,65,16,17,6764
2022-08-23 00:00:00,Tuesday,August,Summer,235,7,8,1085
2021-07-17 00:00:00,Saturday,July,Summer,198,18,19,6467
2025-04-27 00:00:00,Sunday,April,Spring,117,11,12,3596
2020-02-27 00:00:00,Thursday,February,Winter,58,18,19,10596
2024-11-06 00:00:00,Wednesday,November,Fall,311,7,8,292
2024-11-22 00:00:00,Friday,November,Fall,327,14,15,15122
2024-11-19 00:00:00,Tuesday,November,Fall,324,21,22,11992
2021-05-26 00:00:00,Wednesday,May,Spring,146,1,2,5335
2021-11-29 00:00:00,Monday,November,Fall,333,12,13,4389
2023-04-09 00:00:00,Sunday,April,Spring,99,3,4,3548
2024-05-20 00:00:00,Monday,May,Spring,141,11,12,5874
2021-09-06 00:00:00,Monday,September,Fall,249,9,10,2723
2020-12-16 00:00:00,Wednesday,December,Winter,351,23,0,7220
2021-06-11 00:00:00,Friday,June,Summer,162,11,12,4809
2024-03-15 00:00:00,Friday,March,Spring,75,4,5,9923
2023-02-20 00:00:00,Monday,February,Winter,51,2,3,3288
2025-05-02 00:00:00,Friday,May,Spring,122,18,19,4524
2021-04-30 00:00:00,Friday,April,Spring,120,7,8,1408
2024-08-30 00:00:00,Friday,August,Summer,243,23,0,5577
2021-09-30 00:00:00,Thursday,September,Fall,273,7,8,1829
2024-02-13 00:00:00,Tuesday,February,Winter,44,9,10,7108
2023-01-10 00:00:00,Tuesday,January,Winter,10,4,5,7471
2023-05-20 00:00:00,Saturday,May,Spring,140,6,7,6415
2023-09-01 00:00:00,Friday,September,Fall,244,22,23,1142
2024-06-06 00:00:00,Thursday,June,Summer,158,15,16,8506
2025-07-13 00:00:00,Sunday,July,Summer,194,12,13,9654
2021-10-18 00:00:00,Monday,October,Fall,291,16,17,5039
2021-03-01 00:00:00,Monday,March,Spring,60,5,6,4453
2023-03-18 00:00:00,Saturday,March,Spring,77,13,14,11176
2020-10-21 00:00:00,Wednesday,October,Fall,295,15,16,14758
2020-03-02 00:00:00,Monday,March,Spring,62,13,14,7175
2023-06-30 00:00:00,Friday,June,Summer,181,1,2,2631
2022-04-19 00:00:00,Tuesday,April,Spring,109,9,10,2972
2020-07-25 00:00:00,Saturday,July,Summer,207,6,7,1509
2021-11-03 00:00:00,Wednesday,November,Fall,307,2,3,3878
2024-09-20 00:00:00,Friday,September,Fall,264,22,23,3712
2020-07-06 00:00:00,Monday,July,Summer,188,10,11,7270
2023-06-18 00:00:00,Sunday,June,Summer,169,7,8,2716
2024-04-22 00:00:00,Monday,April,Spring,113,11,12,11915
2022-10-31 00:00:00,Monday,October,Fall,304,2,3,1886
2022-12-08 00:00:00,Thursday,December,Winter,342,19,20,2320
2021-02-19 00:00:00,Friday,February,Winter,50,8,9,6408
2024-07-04 00:00:00,Thursday,July,Summer,186,7,8,7653
2022-08-12 00:00:00,Friday,August,Summer,224,18,19,4606
2020-06-22 00:00:00,Monday,June,Summer,174,5,6,1871
2022-05-14 00:00:00,Saturday,May,Spring,134,19,20,1781
2022-03-14 00:00:00,Monday,March,Spring,73,23,0,5813
2021-04-28 00:00:00,Wednesday,April,Spring,118,9,10,1431
2020-02-22 00:00:00,Saturday,February,Winter,53,18,19,8683
2024-11-01 00:00:00,Friday,November,Fall,306,9,10,3028
2025-08-31 00:00:00,Sunday,August,Summer,243,20,21,3822
2024-08-21 00:00:00,Wednesday,August,Summer,234,10,11,7369
2023-11-10 00:00:00,Friday,November,Fall,314,6,7,13482
2025-05-04 00:00:00,Sunday,May,Spring,124,7,8,5384
2024-09-21 00:00:00,Saturday,September,Fall,265,13,14,4430
2020-03-19 00:00:00,Thursday,March,Spring,79,5,6,1145
2020-10-02 00:00:00,Friday,October,Fall,276,8,9,9401
2022-09-25 00:00:00,Sunday,September,Fall,268,17,18,4472
2022-08-25 00:00:00,Thursday,August,Summer,237,19,20,4858
2023-08-10 00:00:00,Thursday,August,Summer,222,8,9,3790
2024-09-21 00:00:00,Saturday,September,Fall,265,3,4,3321
2022-01-22 00:00:00,Saturday,January,Winter,22,3,4,3202
2023-11-09 00:00:00,Thursday,November,Fall,313,8,9,9159
2024-11-25 00:00:00,Monday,November,Fall,330,0,1,18407
2023-07-08 00:00:00,Saturday,July,Summer,189,3,4,4740
2025-09-11 00:00:00,Thursday,September,Fall,254,4,5,10679
2023-07-15 00:00:00,Saturday,July,Summer,196,3,4,6810
2021-11-03 00:00:00,Wednesday,November,Fall,307,20,21,3050
2025-11-23 00:00:00,Sunday,November,Fall,327,6,7,9347
2021-05-18 00:00:00,Tuesday,May,Spring,138,14,15,5821
2024-02-04 00:00:00,Sunday,February,Winter,35,10,11,8994
2020-07-16 00:00:00,Thursday,July,Summer,198,0,1,1763
2020-07-03 00:00:00,Friday,July,Summer,185,2,3,3011
2024-03-04 00:00:00,Monday,March,Spring,64,12,13,9667
2020-10-15 00:00:00,Thursday,October,Fall,289,11,12,6069
2023-01-25 00:00:00,Wednesday,January,Winter,25,22,23,1037
2023-02-04 00:00:00,Saturday,February,Winter,35,17,18,2961
2023-02-03 00:00:00,Friday,February,Winter,34,19,20,5209
2025-02-24 00:00:00,Monday,February,Winter,55,14,15,13295
2025-11-11 00:00:00,Tuesday,November,Fall,315,21,22,14313
2025-05-07 00:00:00,Wednesday,May,Spring,127,14,15,11125
2024-06-18 00:00:00,Tuesday,June,Summer,170,15,16,7585
2021-04-13 00:00:00,Tuesday,April,Spring,103,11,12,6733
2024-01-06 00:00:00,Saturday,January,Winter,6,14,15,9159
2020-01-19 00:00:00,Sunday,January,Winter,19,2,3,4247
2021-06-01 00:00:00,Tuesday,June,Summer,152,2,3,5282
2023-05-28 00:00:00,Sunday,May,Spring,148,16,17,6446
2025-09-19 00:00:00,Friday,September,Fall,262,13,14,12989
2025-08-17 00:00:00,Sunday,August,Summer,229,6,7,5923
2023-08-29 00:00:00,Tuesday,August,Summer,241,12,13,6385
2020-08-13 00:00:00,Thursday,August,Summer,226,23,0,2213
2021-08-30 00:00:00,Monday,August,Summer,242,7,8,3173
2020-07-26 00:00:00,Sunday,July,Summer,208,0,1,4306
2023-02-25 00:00:00,Saturday,February,Winter,56,2,3,3671
2025-08-16 00:00:00,Saturday,August,Summer,228,9,10,8918
2024-07-15 00:00:00,Monday,July,Summer,197,15,16,10900
2020-03-06 00:00:00,Friday,March,Spring,66,1,2,11303
2023-09-02 00:00:00,Saturday,September,Fall,245,7,8,2084
2022-01-21 00:00:00,Friday,January,Winter,21,13,14,6900
2023-05-06 00:00:00,Saturday,May,Spring,126,4,5,1719
2023-09-21 00:00:00,Thursday,September,Fall,264,15,16,8784
2025-07-17 00:00:00,Thursday,July,Summer,198,13,14,9602
2023-10-05 00:00:00,Thursday,October,Fall,278,13,14,6634
2023-06-13 00:00:00,Tuesday,June,Summer,164,3,4,3141
2023-01-08 00:00:00,Sunday,January,Winter,8,1,2,12173
2020-12-10 00:00:00,Thursday,December,Winter,345,4,5,5097
2023-03-21 00:00:00,Tuesday,March,Spring,80,13,14,8403
2022-04-25 00:00:00,Monday,April,Spring,115,14,15,7151
2025-09-14 00:00:00,Sunday,September,Fall,257,1,2,4414
2024-09-29 00:00:00,Sunday,September,Fall,273,1,2,1277
2025-02-06 00:00:00,Thursday,February,Winter,37,18,19,11486
2022-12-20 00:00:00,Tuesday,December,Winter,354,11,12,11990
2024-11-26 00:00:00,Tuesday,November,Fall,331,8,9,6210
2023-03-13 00:00:00,Monday,March,Spring,72,16,17,16408
2025-09-03 00:00:00,Wednesday,September,Fall,246,10,11,18721
2024-11-09 00:00:00,Saturday,November,Fall,314,3,4,1300
2020-02-23 00:00:00,Sunday,February,Winter,54,19,20,9881
2020-08-03 00:00:00,Monday,August,Summer,216,20,21,4530
2021-11-03 00:00:00,Wednesday,November,Fall,307,6,7,3960
2022-12-10 00:00:00,Saturday,December,Winter,344,14,15,3935
2024-11-22 00:00:00,Friday,November,Fall,327,11,12,15569
2020-06-15 00:00:00,Monday,June,Summer,167,0,1,2040
2021-02-22 00:00:00,Monday,February,Winter,53,3,4,6815
2025-01-28 00:00:00,Tuesday,January,Winter,28,13,14,20885
2022-06-05 00:00:00,Sunday,June,Summer,156,14,15,8904
2022-07-30 00:00:00,Saturday,July,Summer,211,20,21,2584
2021-07-29 00:00:00,Thursday,July,Summer,210,21,22,965
2023-09-07 00:00:00,Thursday,September,Fall,250,18,19,2452
2023-11-11 00:00:00,Saturday,November,Fall,315,1,2,6863
2020-03-21 00:00:00,Saturday,March,Spring,81,5,6,7494
2020-10-19 00:00:00,Monday,October,Fall,293,4,5,1525
2024-03-15 00:00:00,Friday,March,Spring,75,9,10,14005
2022-02-25 00:00:00,Friday,February,Winter,56,5,6,7242
2025-05-11 00:00:00,Sunday,May,Spring,131,21,22,3052
2023-04-04 00:00:00,Tuesday,April,Spring,94,13,14,11558
2022-02-27 00:00:00,Sunday,February,Winter,58,21,22,6470
2025-06-23 00:00:00,Monday,June,Summer,174,2,3,5291
2020-10-08 00:00:00,Thursday,October,Fall,282,4,5,6790
2023-07-03 00:00:00,Monday,July,Summer,184,17,18,11708
2023-02-06 00:00:00,Monday,February,Winter,37,20,21,7870
2023-03-30 00:00:00,Thursday,March,Spring,89,13,14,18316
2020-05-16 00:00:00,Saturday,May,Spring,137,20,21,3193
2023-10-03 00:00:00,Tuesday,October,Fall,276,14,15,9033
2020-11-20 00:00:00,Friday,November,Fall,325,19,20,2773
2020-08-15 00:00:00,Saturday,August,Summer,228,5,6,384
2024-06-21 00:00:00,Friday,June,Summer,173,8,9,2878
2021-12-02 00:00:00,Thursday,December,Winter,336,2,3,5934
2020-12-19 00:00:00,Saturday,December,Winter,354,13,14,9422
2021-04-10 00:00:00,Saturday,April,Spring,100,9,10,5393
2022-12-25 00:00:00,Sunday,December,Winter,359,18,19,9466
2023-07-19 00:00:00,Wednesday,July,Summer,200,4,5,2823
2024-05-14 00:00:00,Tuesday,May,Spring,135,17,18,6999
2020-05-23 00:00:00,Saturday,May,Spring,144,13,14,7862
2021-10-03 00:00:00,Sunday,October,Fall,276,23,0,5964
2024-01-29 00:00:00,Monday,January,Winter,29,13,14,8687
2021-10-15 00:00:00,Friday,October,Fall,288,19,20,1124
2021-06-12 00:00:00,Saturday,June,Summer,163,7,8,1829
2020-09-22 00:00:00,Tuesday,September,Fall,266,1,2,894
2021-10-19 00:00:00,Tuesday,October,Fall,292,10,11,8475
2022-11-07 00:00:00,Monday,November,Fall,311,17,18,8246
2023-08-21 00:00:00,Monday,August,Summer,233,1,2,2603
2022-04-08 00:00:00,Friday,April,Spring,98,23,0,6694
2020-11-10 00:00:00,Tuesday,November,Fall,315,12,13,2552
2025-08-30 00:00:00,Saturday,August,Summer,242,8,9,5384
2020-09-26 00:00:00,Saturday,September,Fall,270,10,11,11643
2024-09-03 00:00:00,Tuesday,September,Fall,247,23,0,1253
2025-03-10 00:00:00,Monday,March,Spring,69,6,7,2663
2023-02-16 00:00:00,Thursday,February,Winter,47,3,4,3980
2020-03-11 00:00:00,Wednesday,March,Spring,71,15,16,11361
2023-12-27 00:00:00,Wednesday,December,Winter,361,8,9,9035
2021-10-15 00:00:00,Friday,October,Fall,288,15,16,4028
2021-10-14 00:00:00,Thursday,October,Fall,287,1,2,1908
2022-03-11 00:00:00,Friday,March,Spring,70,19,20,10317
2021-03-08 00:00:00,Monday,March,Spring,67,5,6,3070
2025-10-23 00:00:00,Thursday,October,Fall,296,19,20,17992
2021-08-22 00:00:00,Sunday,August,Summer,234,6,7,3212
2022-06-19 00:00:00,Sunday,June,Summer,170,12,13,9444
2022-01-02 00:00:00,Sunday,January,Winter,2,4,5,6918
2020-12-17 00:00:00,Thursday,December,Winter,352,3,4,5845
2020-03-08 00:00:00,Sunday,March,Spring,68,0,1,7440
2020-05-22 00:00:00,Friday,May,Spring,143,23,0,1663
2023-08-01 00:00:00,Tuesday,August,Summer,213,10,11,11387
2024-11-12 00:00:00,Tuesday,November,Fall,317,20,21,9661
2022-06-26 00:00:00,Sunday,June,Summer,177,14,15,4430
2025-05-13 00:00:00,Tuesday,May,Spring,133,20,21,1684
2021-10-12 00:00:00,Tuesday,October,Fall,285,17,18,5195
2021-03-26 00:00:00,Friday,March,Spring,85,8,9,5079
2024-06-20 00:00:00,Thursday,June,Summer,172,18,19,3344
2020-03-03 00:00:00,Tuesday,March,Spring,63,21,22,3260
2022-11-18 00:00:00,Friday,November,Fall,322,13,14,7173
2021-03-14 00:00:00,Sunday,March,Spring,73,8,9,10637
2025-11-17 00:00:00,Monday,November,Fall,321,22,23,4027
2021-06-25 00:00:00,Friday,June,Summer,176,0,1,2162
2021-05-16 00:00:00,Sunday,May,Spring,136,14,15,10947
2025-09-22 00:00:00,Monday,September,Fall,265,8,9,9995
2022-02-17 00:00:00,Thursday,February,Winter,48,13,14,16410
2025-01-08 00:00:00,Wednesday,January,Winter,8,11,12,9828
2021-03-08 00:00:00,Monday,March,Spring,67,3,4,2869
2025-04-08 00:00:00,Tuesday,April,Spring,98,15,16,8550
2022-09-25 00:00:00,Sunday,September,Fall,268,9,10,3647
2022-06-17 00:00:00,Friday,June,Summer,168,11,12,6029
2024-02-24 00:00:00,Saturday,February,Winter,55,12,13,15371
2021-11-07 00:00:00,Sunday,November,Fall,311,21,22,3223
2025-08-23 00:00:00,Saturday,August,Summer,235,21,22,2569
2022-03-01 00:00:00,Tuesday,March,Spring,60,21,22,2721
2021-04-03 00:00:00,Saturday,April,Spring,93,13,14,14891
2021-02-13 00:00:00,Saturday,February,Winter,44,17,18,6349
2023-12-26 00:00:00,Tuesday,December,Winter,360,6,7,9160
2022-03-13 00:00:00,Sunday,March,Spring,72,9,10,9151
2024-06-22 00:00:00,Saturday,June,Summer,174,1,2,5101
2025-01-15 00:00:00,Wednesday,January,Winter,15,13,14,6285
2022-08-14 00:00:00,Sunday,August,Summer,226,16,17,7767
2021-09-13 00:00:00,Monday,September,Fall,256,21,22,2957
2020-06-04 00:00:00,Thursday,June,Summer,156,14,15,5751
2022-10-06 00:00:00,Thursday,October,Fall,279,19,20,459
2022-12-19 00:00:00,Monday,December,Winter,353,4,5,12566
2022-03-04 00:00:00,Friday,March,Spring,63,9,10,4002
2023-05-23 00:00:00,Tuesday,May,Spring,143,9,10,8084
2025-10-12 00:00:00,Sunday,October,Fall,285,2,3,5142
2022-04-02 00:00:00,Saturday,April,Spring,92,5,6,9702
2022-03-07 00:00:00,Monday,March,Spring,66,16,17,9049
2022-11-23 00:00:00,Wednesday,November,Fall,327,6,7,8193
2022-01-24 00:00:00,Monday,January,Winter,24,11,12,4385
2021-01-31 00:00:00,Sunday,January,Winter,31,2,3,4875
2025-10-22 00:00:00,Wednesday,October,Fall,295,13,14,7336
2024-09-26 00:00:00,Thursday,September,Fall,270,6,7,12407
2025-08-17 00:00:00,Sunday,August,Summer,229,17,18,9585
2023-05-10 00:00:00,Wednesday,May,Spring,130,3,4,7707
2021-03-21 00:00:00,Sunday,March,Spring,80,15,16,8663
2020-01-02 00:00:00,Thursday,January,Winter,2,21,22,6813
2023-07-05 00:00:00,Wednesday,July,Summer,186,13,14,12672
2022-07-10 00:00:00,Sunday,July,Summer,191,21,22,4249
2022-11-19 00:00:00,Saturday,November,Fall,323,19,20,3365
2024-02-23 00:00:00,Friday,February,Winter,54,0,1,15206
2021-06-03 00:00:00,Thursday,June,Summer,154,22,23,1289
2021-04-17 00:00:00,Saturday,April,Spring,107,11,12,8185
2024-05-15 00:00:00,Wednesday,May,Spring,136,18,19,4141
2022-10-09 00:00:00,Sunday,October,Fall,282,1,2,4252
2022-12-28 00:00:00,Wednesday,December,Winter,362,17,18,15714
2021-05-17 00:00:00,Monday,May,Spring,137,8,9,11934
2021-03-10 00:00:00,Wednesday,March,Spring,69,17,18,10787
2020-03-29 00:00:00,Sunday,March,Spring,89,20,21,12637
2022-12-09 00:00:00,Friday,December,Winter,343,11,12,3573
2022-07-17 00:00:00,Sunday,July,Summer,198,17,18,6303
2022-02-23 00:00:00,Wednesday,February,Winter,54,18,19,1715
2020-05-01 00:00:00,Friday,May,Spring,122,11,12,8478
2020-02-20 00:00:00,Thursday,February,Winter,51,12,13,12752
2023-09-12 00:00:00,Tuesday,September,Fall,255,3,4,1028
2022-05-30 00:00:00,Monday,May,Spring,150,8,9,2738
2020-03-12 00:00:00,Thursday,March,Spring,72,22,23,8034
2024-12-16 00:00:00,Monday,December,Winter,351,18,19,3165
2022-02-08 00:00:00,Tuesday,February,Winter,39,19,20,2613
2023-02-10 00:00:00,Friday,February,Winter,41,19,20,1779
2024-12-10 00:00:00,Tuesday,December,Winter,345,0,1,11211
2020-03-25 00:00:00,Wednesday,March,Spring,85,10,11,5257
2023-01-23 00:00:00,Monday,January,Winter,23,5,6,4215
2022-03-31 00:00:00,Thursday,March,Spring,90,3,4,3308
2020-08-07 00:00:00,Friday,August,Summer,220,23,0,2007
2025-02-10 00:00:00,Monday,February,Winter,41,18,19,6846
2021-07-21 00:00:00,Wednesday,July,Summer,202,15,16,6031
2021-09-04 00:00:00,Saturday,September,Fall,247,10,11,2823
2025-06-23 00:00:00,Monday,June,Summer,174,1,2,4846
2025-02-23 00:00:00,Sunday,February,Winter,54,15,16,13530
2024-09-27 00:00:00,Friday,September,Fall,271,20,21,10616
2025-03-17 00:00:00,Monday,March,Spring,76,0,1,5188
2025-06-24 00:00:00,Tuesday,June,Summer,175,1,2,2704
2024-12-01 00:00:00,Sunday,December,Winter,336,19,20,7486
2021-07-26 00:00:00,Monday,July,Summer,207,21,22,1779
2023-01-15 00:00:00,Sunday,January,Winter,15,12,13,19266
2020-11-02 00:00:00,Monday,November,Fall,307,3,4,9919
2022-02-25 00:00:00,Friday,February,Winter,56,20,21,2846
2025-01-17 00:00:00,Friday,January,Winter,17,13,14,5413
2020-09-08 00:00:00,Tuesday,September,Fall,252,23,0,895
2021-04-12 00:00:00,Monday,April,Spring,102,18,19,3967
2021-07-27 00:00:00,Tuesday,July,Summer,208,0,1,1566
2020-12-17 00:00:00,Thursday,December,Winter,352,0,1,7100
2023-04-09 00:00:00,Sunday,April,Spring,99,0,1,4433
2022-05-01 00:00:00,Sunday,May,Spring,121,16,17,5604
2023-10-23 00:00:00,Monday,October,Fall,296,15,16,7230
2024-04-06 00:00:00,Saturday,April,Spring,97,16,17,6760
2021-03-25 00:00:00,Thursday,March,Spring,84,23,0,2424
2020-12-29 00:00:00,Tuesday,December,Winter,364,11,12,4941
2020-04-09 00:00:00,Thursday,April,Spring,100,3,4,746
2022-06-06 00:00:00,Monday,June,Summer,157,8,9,3575
2020-05-08 00:00:00,Friday,May,Spring,129,21,22,2057
2023-02-06 00:00:00,Monday,February,Winter,37,10,11,7478
2024-03-25 00:00:00,Monday,March,Spring,85,1,2,1448
2023-06-11 00:00:00,Sunday,June,Summer,162,1,2,1826
2025-01-14 00:00:00,Tuesday,January,Winter,14,11,12,6088
2022-02-15 00:00:00,Tuesday,February,Winter,46,18,19,13036
2025-02-06 00:00:00,Thursday,February,Winter,37,23,0,12066
2023-12-22 00:00:00,Friday,December,Winter,356,19,20,15656
2020-07-07 00:00:00,Tuesday,July,Summer,189,8,9,2361
2021-07-20 00:00:00,Tuesday,July,Summer,201,1,2,4074
2021-12-02 00:00:00,Thursday,December,Winter,336,21,22,4111
2021-10-19 00:00:00,Tuesday,October,Fall,292,11,12,8741
2022-02-02 00:00:00,Wednesday,February,Winter,33,20,21,2853
2025-08-14 00:00:00,Thursday,August,Summer,226,3,4,2267
2023-05-23 00:00:00,Tuesday,May,Spring,143,8,9,6766
2023-04-24 00:00:00,Monday,April,Spring,114,18,19,6416
2021-08-30 00:00:00,Monday,August,Summer,242,21,22,5261
2020-11-10 00:00:00,Tuesday,November,Fall,315,11,12,2271
2023-10-17 00:00:00,Tuesday,October,Fall,290,10,11,6810
2024-08-03 00:00:00,Saturday,August,Summer,216,12,13,8860
2021-09-16 00:00:00,Thursday,September,Fall,259,6,7,631
2021-05-23 00:00:00,Sunday,May,Spring,143,8,9,5138
2020-02-15 00:00:00,Saturday,February,Winter,46,7,8,6365
2020-03-16 00:00:00,Monday,March,Spring,76,13,14,3587
2024-04-09 00:00:00,Tuesday,April,Spring,100,6,7,13710
2021-05-18 00:00:00,Tuesday,May,Spring,138,12,13,5550
2025-08-04 00:00:00,Monday,August,Summer,216,13,14,13010
2022-01-05 00:00:00,Wednesday,January,Winter,5,18,19,3791
2023-12-01 00:00:00,Friday,December,Winter,335,23,0,4345
2021-07-28 00:00:00,Wednesday,July,Summer,209,6,7,3178
2023-02-24 00:00:00,Friday,February,Winter,55,14,15,5858
2022-07-26 00:00:00,Tuesday,July,Summer,207,19,20,4218
2020-03-18 00:00:00,Wednesday,March,Spring,78,18,19,380
2025-05-18 00:00:00,Sunday,May,Spring,138,7,8,3318
2023-09-30 00:00:00,Saturday,September,Fall,273,8,9,1568
2020-02-20 00:00:00,Thursday,February,Winter,51,8,9,7848
2022-05-16 00:00:00,Monday,May,Spring,136,20,21,691
2021-05-27 00:00:00,Thursday,May,Spring,147,3,4,1412
2025-02-12 00:00:00,Wednesday,February,Winter,43,10,11,3450
2023-09-13 00:00:00,Wednesday,September,Fall,256,8,9,1595
2025-06-24 00:00:00,Tuesday,June,Summer,175,21,22,1094
2025-08-21 00:00:00,Thursday,August,Summer,233,15,16,11238
2022-09-29 00:00:00,Thursday,September,Fall,272,20,21,1057
2024-05-01 00:00:00,Wednesday,May,Spring,122,21,22,5445
2022-12-09 00:00:00,Friday,December,Winter,343,22,23,1529
2025-11-25 00:00:00,Tuesday,November,Fall,329,0,1,9734
2025-10-23 00:00:00,Thursday,October,Fall,296,16,17,15398
2024-03-21 00:00:00,Thursday,March,Spring,81,5,6,2243
2022-05-03 00:00:00,Tuesday,May,Spring,123,15,16,5540
2023-01-14 00:00:00,Saturday,January,Winter,14,2,3,8733
2022-10-03 00:00:00,Monday,October,Fall,276,18,19,1731
2021-10-06 00:00:00,Wednesday,October,Fall,279,4,5,8240
2025-01-17 00:00:00,Friday,January,Winter,17,22,23,1503
2024-07-11 00:00:00,Thursday,July,Summer,193,22,23,3990
2024-02-19 00:00:00,Monday,February,Winter,50,16,17,9227
2025-03-08 00:00:00,Saturday,March,Spring,67,13,14,14741
2022-10-05 00:00:00,Wednesday,October,Fall,278,15,16,14688
2024-11-24 00:00:00,Sunday,November,Fall,329,6,7,18598
2024-05-06 00:00:00,Monday,May,Spring,127,1,2,2849
2020-04-10 00:00:00,Friday,April,Spring,101,22,23,3686
2025-07-22 00:00:00,Tuesday,July,Summer,203,8,9,9162
2024-10-23 00:00:00,Wednesday,October,Fall,297,0,1,1780
2024-11-06 00:00:00,Wednesday,November,Fall,311,3,4,148
2022-10-30 00:00:00,Sunday,October,Fall,303,14,15,5627
2024-02-16 00:00:00,Friday,February,Winter,47,11,12,9141
2022-10-29 00:00:00,Saturday,October,Fall,302,12,13,9218
2024-06-29 00:00:00,Saturday,June,Summer,181,17,18,5896
2020-10-28 00:00:00,Wednesday,October,Fall,302,15,16,11856
2020-11-23 00:00:00,Monday,November,Fall,328,13,14,2770
2020-08-07 00:00:00,Friday,August,Summer,220,17,18,2939
2021-04-28 00:00:00,Wednesday,April,Spring,118,15,16,4461
2025-10-08 00:00:00,Wednesday,October,Fall,281,17,18,4242
2024-09-16 00:00:00,Monday,September,Fall,260,18,19,8604
2025-09-01 00:00:00,Monday,September,Fall,244,10,11,8188
2025-04-05 00:00:00,Saturday,April,Spring,95,20,21,6463
2022-03-07 00:00:00,Monday,March,Spring,66,17,18,7396
2023-02-25 00:00:00,Saturday,February,Winter,56,18,19,8199
2020-01-31 00:00:00,Friday,January,Winter,31,8,9,5824
2022-08-09 00:00:00,Tuesday,August,Summer,221,22,23,7621
2025-04-26 00:00:00,Saturday,April,Spring,116,16,17,4158
2023-12-29 00:00:00,Friday,December,Winter,363,22,23,10568
2025-07-30 00:00:00,Wednesday,July,Summer,211,15,16,9183
2023-03-17 00:00:00,Friday,March,Spring,76,17,18,8029
2025-02-11 00:00:00,Tuesday,February,Winter,42,1,2,5637
2021-02-08 00:00:00,Monday,February,Winter,39,8,9,1234
2024-03-03 00:00:00,Sunday,March,Spring,63,3,4,2805
2024-02-02 00:00:00,Friday,February,Winter,33,2,3,3042
2020-08-30 00:00:00,Sunday,August,Summer,243,5,6,3412
2024-08-29 00:00:00,Thursday,August,Summer,242,12,13,6094
2020-11-08 00:00:00,Sunday,November,Fall,313,5,6,4481
2024-02-25 00:00:00,Sunday,February,Winter,56,10,11,11356
2023-11-30 00:00:00,Thursday,November,Fall,334,20,21,1743
2022-11-03 00:00:00,Thursday,November,Fall,307,14,15,10359
2023-01-29 00:00:00,Sunday,January,Winter,29,16,17,2807
2025-03-24 00:00:00,Monday,March,Spring,83,17,18,3751
2024-03-10 00:00:00,Sunday,March,Spring,70,11,12,4489
2022-07-22 00:00:00,Friday,July,Summer,203,19,20,2905
2024-02-09 00:00:00,Friday,February,Winter,40,19,20,9829
2024-12-19 00:00:00,Thursday,December,Winter,354,11,12,17655
2024-01-07 00:00:00,Sunday,January,Winter,7,5,6,7382
2020-12-03 00:00:00,Thursday,December,Winter,338,20,21,12392
2025-08-07 00:00:00,Thursday,August,Summer,219,3,4,930
2025-11-15 00:00:00,Saturday,November,Fall,319,3,4,4692
2022-11-02 00:00:00,Wednesday,November,Fall,306,9,10,5751
2024-05-12 00:00:00,Sunday,May,Spring,133,18,19,7203
2021-03-01 00:00:00,Monday,March,Spring,60,20,21,4546
2025-06-25 00:00:00,Wednesday,June,Summer,176,14,15,9154
2022-06-12 00:00:00,Sunday,June,Summer,163,19,20,4471
2024-08-09 00:00:00,Friday,August,Summer,222,15,16,7538
2022-07-17 00:00:00,Sunday,July,Summer,198,22,23,3664
2023-10-07 00:00:00,Saturday,October,Fall,280,4,5,1842
2025-10-26 00:00:00,Sunday,October,Fall,299,19,20,11977
2024-08-01 00:00:00,Thursday,August,Summer,214,13,14,7736
2022-11-14 00:00:00,Monday,November,Fall,318,12,13,4986
2025-09-06 00:00:00,Saturday,September,Fall,249,9,10,9528
2023-03-01 00:00:00,Wednesday,March,Spring,60,0,1,7633
2024-12-13 00:00:00,Friday,December,Winter,348,21,22,718
2025-09-26 00:00:00,Friday,September,Fall,269,6,7,990
2025-06-23 00:00:00,Monday,June,Summer,174,4,5,5544
2023-02-27 00:00:00,Monday,February,Winter,58,16,17,16405
2022-01-08 00:00:00,Saturday,January,Winter,8,14,15,15893
2025-01-23 00:00:00,Thursday,January,Winter,23,9,10,7687
2022-03-17 00:00:00,Thursday,March,Spring,76,15,16,5379
2021-12-25 00:00:00,Saturday,December,Winter,359,11,12,2139
2025-07-29 00:00:00,Tuesday,July,Summer,210,15,16,11049
2022-05-17 00:00:00,Tuesday,May,Spring,137,7,8,3135
2024-02-29 00:00:00,Thursday,February,Winter,60,5,6,7464
2021-12-13 00:00:00,Monday,December,Winter,347,15,16,1959
2025-01-07 00:00:00,Tuesday,January,Winter,7,22,23,6904
2020-06-15 00:00:00,Monday,June,Summer,167,19,20,3068
2022-02-01 00:00:00,Tuesday,February,Winter,32,9,10,9308
2025-07-24 00:00:00,Thursday,July,Summer,205,18,19,7239
2022-03-22 00:00:00,Tuesday,March,Spring,81,12,13,8895
2024-01-22 00:00:00,Monday,January,Winter,22,5,6,16728
2024-08-26 00:00:00,Monday,August,Summer,239,22,23,1669
2024-06-20 00:00:00,Thursday,June,Summer,172,12,13,5316
2024-05-27 00:00:00,Monday,May,Spring,148,15,16,8313
2025-03-27 00:00:00,Thursday,March,Spring,86,7,8,4075
2024-09-30 00:00:00,Monday,September,Fall,274,14,15,17990
2022-11-14 00:00:00,Monday,November,Fall,318,21,22,6382
2023-07-02 00:00:00,Sunday,July,Summer,183,8,9,2882
2023-08-07 00:00:00,Monday,August,Summer,219,17,18,8202
2023-04-03 00:00:00,Monday,April,Spring,93,12,13,11111
2025-07-08 00:00:00,Tuesday,July,Summer,189,15,16,12184
2025-09-16 00:00:00,Tuesday,September,Fall,259,7,8,9343
2022-04-13 00:00:00,Wednesday,April,Spring,103,6,7,1107
2022-06-26 00:00:00,Sunday,June,Summer,177,0,1,2699
2024-10-26 00:00:00,Saturday,October,Fall,300,5,6,2085
2024-05-15 00:00:00,Wednesday,May,Spring,136,3,4,2598
2020-08-04 00:00:00,Tuesday,August,Summer,217,5,6,2214
2021-09-16 00:00:00,Thursday,September,Fall,259,22,23,842
2024-10-29 00:00:00,Tuesday,October,Fall,303,1,2,1733
2025-02-20 00:00:00,Thursday,February,Winter,51,17,18,8149
2023-12-18 00:00:00,Monday,December,Winter,352,8,9,2271
2025-04-21 00:00:00,Monday,April,Spring,111,21,22,2788
2022-09-21 00:00:00,Wednesday,September,Fall,264,16,17,6437
2025-03-11 00:00:00,Tuesday,March,Spring,70,16,17,6371
2023-06-23 00:00:00,Friday,June,Summer,174,11,12,7189
2023-04-06 00:00:00,Thursday,April,Spring,96,9,10,4765
2025-06-07 00:00:00,Saturday,June,Summer,158,4,5,6797
2025-09-20 00:00:00,Saturday,September,Fall,263,19,20,10122
2022-11-30 00:00:00,Wednesday,November,Fall,334,1,2,1058
2025-10-30 00:00:00,Thursday,October,Fall,303,6,7,4783
2025-01-21 00:00:00,Tuesday,January,Winter,21,8,9,2522
2024-06-02 00:00:00,Sunday,June,Summer,154,15,16,5303
2025-03-23 00:00:00,Sunday,March,Spring,82,6,7,4373
2024-06-10 00:00:00,Monday,June,Summer,162,4,5,3938
2025-06-12 00:00:00,Thursday,June,Summer,163,14,15,5717
2025-01-02 00:00:00,Thursday,January,Winter,2,5,6,8804
2021-05-13 00:00:00,Thursday,May,Spring,133,15,16,5509
2022-06-17 00:00:00,Friday,June,Summer,168,18,19,3404
2025-10-13 00:00:00,Monday,October,Fall,286,23,0,6944
2020-09-16 00:00:00,Wednesday,September,Fall,260,8,9,1013
2022-12-18 00:00:00,Sunday,December,Winter,352,7,8,6542
2024-08-03 00:00:00,Saturday,August,Summer,216,5,6,3203
2020-09-26 00:00:00,Saturday,September,Fall,270,15,16,11741
2020-03-29 00:00:00,Sunday,March,Spring,89,6,7,11027
2020-07-01 00:00:00,Wednesday,July,Summer,183,8,9,3679
2023-06-19 00:00:00,Monday,June,Summer,170,7,8,1807
2021-11-02 00:00:00,Tuesday,November,Fall,306,23,0,2889
2022-03-01 00:00:00,Tuesday,March,Spring,60,3,4,2612
2021-03-17 00:00:00,Wednesday,March,Spring,76,23,0,5240
2022-04-26 00:00:00,Tuesday,April,Spring,116,14,15,7982
2021-11-15 00:00:00,Monday,November,Fall,319,23,0,1107
2023-08-18 00:00:00,Friday,August,Summer,230,19,20,3018
2025-08-15 00:00:00,Friday,August,Summer,227,0,1,4269
2020-07-09 00:00:00,Thursday,July,Summer,191,19,20,4573
2022-07-25 00:00:00,Monday,July,Summer,206,21,22,7106
2023-02-06 00:00:00,Monday,February,Winter,37,12,13,9036
2025-02-04 00:00:00,Tuesday,February,Winter,35,3,4,1737
2020-01-10 00:00:00,Friday,January,Winter,10,5,6,7774
2023-04-25 00:00:00,Tuesday,April,Spring,115,7,8,2753
2024-04-08 00:00:00,Monday,April,Spring,99,23,0,9139
2020-08-11 00:00:00,Tuesday,August,Summer,224,16,17,3542
2025-06-02 00:00:00,Monday,June,Summer,153,8,9,2742
2022-07-29 00:00:00,Friday,July,Summer,210,21,22,2125
2024-04-04 00:00:00,Thursday,April,Spring,95,13,14,20481
2021-03-01 00:00:00,Monday,March,Spring,60,22,23,4978
2025-02-20 00:00:00,Thursday,February,Winter,51,21,22,9773
2020-04-16 00:00:00,Thursday,April,Spring,107,19,20,1414
2025-03-28 00:00:00,Friday,March,Spring,87,17,18,9362
2021-05-21 00:00:00,Friday,May,Spring,141,1,2,9817
2020-07-13 00:00:00,Monday,July,Summer,195,7,8,2341
2024-08-31 00:00:00,Saturday,August,Summer,244,3,4,4579
2024-12-09 00:00:00,Monday,December,Winter,344,9,10,15224
2023-09-02 00:00:00,Saturday,September,Fall,245,13,14,6760
2024-04-14 00:00:00,Sunday,April,Spring,105,21,22,2636
2020-01-09 00:00:00,Thursday,January,Winter,9,0,1,6309
2020-10-19 00:00:00,Monday,October,Fall,293,8,9,3178
2023-06-29 00:00:00,Thursday,June,Summer,180,19,20,4840
2022-03-08 00:00:00,Tuesday,March,Spring,67,19,20,4726
2025-08-16 00:00:00,Saturday,August,Summer,228,4,5,7037
2022-01-06 00:00:00,Thursday,January,Winter,6,14,15,5505
2021-12-08 00:00:00,Wednesday,December,Winter,342,22,23,5949
2023-05-29 00:00:00,Monday,May,Spring,149,5,6,8702
2022-04-29 00:00:00,Friday,April,Spring,119,19,20,4185
2024-01-21 00:00:00,Sunday,January,Winter,21,13,14,15113
2021-10-28 00:00:00,Thursday,October,Fall,301,2,3,4894
2025-04-21 00:00:00,Monday,April,Spring,111,19,20,4219
2020-06-27 00:00:00,Saturday,June,Summer,179,6,7,3501
2025-03-18 00:00:00,Tuesday,March,Spring,77,3,4,12324
2025-06-15 00:00:00,Sunday,June,Summer,166,1,2,2950
2023-01-28 00:00:00,Saturday,January,Winter,28,16,17,4875
2024-10-21 00:00:00,Monday,October,Fall,295,0,1,7969
2023-02-07 00:00:00,Tuesday,February,Winter,38,10,11,8915
2021-02-12 00:00:00,Friday,February,Winter,43,18,19,8474
2025-11-06 00:00:00,Thursday,November,Fall,310,17,18,2204
2025-07-12 00:00:00,Saturday,July,Summer,193,17,18,7623
2021-10-06 00:00:00,Wednesday,October,Fall,279,13,14,12605
2025-11-10 00:00:00,Monday,November,Fall,314,14,15,12527
2023-01-10 00:00:00,Tuesday,January,Winter,10,2,3,8206
2022-05-08 00:00:00,Sunday,May,Spring,128,0,1,4571
2024-11-25 00:00:00,Monday,November,Fall,330,20,21,6940
2020-10-26 00:00:00,Monday,October,Fall,300,21,22,7511
2022-08-16 00:00:00,Tuesday,August,Summer,228,0,1,994
2025-04-25 00:00:00,Friday,April,Spring,115,17,18,7637
2021-10-06 00:00:00,Wednesday,October,Fall,279,5,6,8206
2023-11-01 00:00:00,Wednesday,November,Fall,305,2,3,12791
2025-03-27 00:00:00,Thursday,March,Spring,86,8,9,5016
2024-10-05 00:00:00,Saturday,October,Fall,279,2,3,2709
2021-02-26 00:00:00,Friday,February,Winter,57,11,12,4537
2025-10-08 00:00:00,Wednesday,October,Fall,281,7,8,703
2022-05-19 00:00:00,Thursday,May,Spring,139,9,10,5194
2021-09-17 00:00:00,Friday,September,Fall,260,6,7,638
2021-12-16 00:00:00,Thursday,December,Winter,350,20,21,5347
2023-06-24 00:00:00,Saturday,June,Summer,175,19,20,3126
2023-02-09 00:00:00,Thursday,February,Winter,40,11,12,5239
2024-05-13 00:00:00,Monday,May,Spring,134,5,6,1791
2025-10-04 00:00:00,Saturday,October,Fall,277,10,11,19412
2025-07-17 00:00:00,Thursday,July,Summer,198,8,9,3408
2022-07-06 00:00:00,Wednesday,July,Summer,187,5,6,2998
2020-02-11 00:00:00,Tuesday,February,Winter,42,4,5,11863
2024-08-20 00:00:00,Tuesday,August,Summer,233,2,3,3228
2022-08-29 00:00:00,Monday,August,Summer,241,2,3,5234
2021-08-21 00:00:00,Saturday,August,Summer,233,8,9,2289
2022-03-22 00:00:00,Tuesday,March,Spring,81,4,5,4874
2024-02-25 00:00:00,Sunday,February,Winter,56,5,6,7291
2025-01-17 00:00:00,Friday,January,Winter,17,12,13,5260
2022-12-08 00:00:00,Thursday,December,Winter,342,17,18,2074
2024-03-27 00:00:00,Wednesday,March,Spring,87,1,2,5339
2022-10-29 00:00:00,Saturday,October,Fall,302,20,21,5791
2023-09-25 00:00:00,Monday,September,Fall,268,5,6,3360
2025-05-29 00:00:00,Thursday,May,Spring,149,3,4,2576
2021-10-14 00:00:00,Thursday,October,Fall,287,3,4,1743
2023-10-11 00:00:00,Wednesday,October,Fall,284,15,16,9015
2023-05-20 00:00:00,Saturday,May,Spring,140,11,12,10266
2022-05-27 00:00:00,Friday,May,Spring,147,10,11,5628
2020-11-26 00:00:00,Thursday,November,Fall,331,1,2,2773
2021-06-29 00:00:00,Tuesday,June,Summer,180,7,8,1489
2023-09-30 00:00:00,Saturday,September,Fall,273,0,1,1029
2023-07-07 00:00:00,Friday,July,Summer,188,13,14,10199
2021-08-18 00:00:00,Wednesday,August,Summer,230,5,6,2082
2020-05-30 00:00:00,Saturday,May,Spring,151,13,14,7142
2023-12-03 00:00:00,Sunday,December,Winter,337,13,14,12003
2024-01-05 00:00:00,Friday,January,Winter,5,9,10,7892
2024-06-05 00:00:00,Wednesday,June,Summer,157,18,19,6522
2020-09-04 00:00:00,Friday,September,Fall,248,3,4,1556
2023-07-20 00:00:00,Thursday,July,Summer,201,19,20,3428
2020-05-15 00:00:00,Friday,May,Spring,136,0,1,8261
2021-11-23 00:00:00,Tuesday,November,Fall,327,13,14,9773
2021-12-22 00:00:00,Wednesday,December,Winter,356,23,0,5802
2023-11-13 00:00:00,Monday,November,Fall,317,11,12,18876
2023-11-25 00:00:00,Saturday,November,Fall,329,20,21,4410
2023-06-29 00:00:00,Thursday,June,Summer,180,7,8,1265
2025-06-01 00:00:00,Sunday,June,Summer,152,7,8,2320
2023-05-05 00:00:00,Friday,May,Spring,125,2,3,2941
2021-03-25 00:00:00,Thursday,March,Spring,84,14,15,4960
2021-07-07 00:00:00,Wednesday,July,Summer,188,11,12,4779
2022-01-06 00:00:00,Thursday,January,Winter,6,5,6,2049
2024-07-16 00:00:00,Tuesday,July,Summer,198,1,2,8767
2024-01-24 00:00:00,Wednesday,January,Winter,24,2,3,17178
2020-06-26 00:00:00,Friday,June,Summer,178,0,1,3797
2020-06-24 00:00:00,Wednesday,June,Summer,176,12,13,6632
2023-11-30 00:00:00,Thursday,November,Fall,334,16,17,1216
2020-02-06 00:00:00,Thursday,February,Winter,37,20,21,6009
2022-09-05 00:00:00,Monday,September,Fall,248,0,1,5892
2025-08-06 00:00:00,Wednesday,August,Summer,218,17,18,6728
2023-10-27 00:00:00,Friday,October,Fall,300,4,5,9172
2023-07-24 00:00:00,Monday,July,Summer,205,11,12,10535
2021-10-14 00:00:00,Thursday,October,Fall,287,22,23,1373
2023-01-12 00:00:00,Thursday,January,Winter,12,18,19,16129
2021-05-31 00:00:00,Monday,May,Spring,151,0,1,5070
2021-11-04 00:00:00,Thursday,November,Fall,308,19,20,4199
2024-06-20 00:00:00,Thursday,June,Summer,172,11,12,4899
2023-04-26 00:00:00,Wednesday,April,Spring,116,18,19,2020
2025-06-29 00:00:00,Sunday,June,Summer,180,23,0,4676
2020-01-23 00:00:00,Thursday,January,Winter,23,7,8,5287
2022-01-30 00:00:00,Sunday,January,Winter,30,2,3,4507
2022-08-03 00:00:00,Wednesday,August,Summer,215,16,17,5552
2024-09-13 00:00:00,Friday,September,Fall,257,22,23,4252
2023-04-25 00:00:00,Tuesday,April,Spring,115,19,20,2273
2022-09-25 00:00:00,Sunday,September,Fall,268,8,9,3110
2025-02-02 00:00:00,Sunday,February,Winter,33,20,21,1338
2024-02-16 00:00:00,Friday,February,Winter,47,1,2,10687
2025-08-28 00:00:00,Thursday,August,Summer,240,7,8,3117
2023-10-26 00:00:00,Thursday,October,Fall,299,18,19,4654
2021-05-18 00:00:00,Tuesday,May,Spring,138,17,18,4730
2020-07-18 00:00:00,Saturday,July,Summer,200,8,9,1804
2024-06-22 00:00:00,Saturday,June,Summer,174,12,13,7746
2025-03-17 00:00:00,Monday,March,Spring,76,4,5,5414
2021-06-25 00:00:00,Friday,June,Summer,176,16,17,5149
2022-07-26 00:00:00,Tuesday,July,Summer,207,14,15,7335
2025-06-10 00:00:00,Tuesday,June,Summer,161,18,19,7100
2025-02-16 00:00:00,Sunday,February,Winter,47,8,9,4873
2022-04-07 00:00:00,Thursday,April,Spring,97,13,14,17696
2020-02-03 00:00:00,Monday,February,Winter,34,21,22,10771
2024-10-17 00:00:00,Thursday,October,Fall,291,8,9,3165
2024-09-03 00:00:00,Tuesday,September,Fall,247,13,14,5281
2024-07-10 00:00:00,Wednesday,July,Summer,192,6,7,3100
2023-11-26 00:00:00,Sunday,November,Fall,330,13,14,6070
2024-08-13 00:00:00,Tuesday,August,Summer,226,6,7,1141
2024-06-07 00:00:00,Friday,June,Summer,159,3,4,2329
2025-04-29 00:00:00,Tuesday,April,Spring,119,0,1,6877
2024-05-23 00:00:00,Thursday,May,Spring,144,3,4,3036
2021-04-21 00:00:00,Wednesday,April,Spring,111,14,15,5592
2020-01-14 00:00:00,Tuesday,January,Winter,14,15,16,13814
2025-01-24 00:00:00,Friday,January,Winter,24,21,22,11590
2020-01-08 00:00:00,Wednesday,January,Winter,8,16,17,3069
2023-04-07 00:00:00,Friday,April,Spring,97,20,21,2704
2020-05-23 00:00:00,Saturday,May,Spring,144,6,7,2524
2020-02-11 00:00:00,Tuesday,February,Winter,42,6,7,11631
2020-10-06 00:00:00,Tuesday,October,Fall,280,10,11,11206
2022-02-24 00:00:00,Thursday,February,Winter,55,16,17,14179
2023-07-06 00:00:00,Thursday,July,Summer,187,7,8,1340
2025-06-06 00:00:00,Friday,June,Summer,157,8,9,7508
2021-04-06 00:00:00,Tuesday,April,Spring,96,23,0,3992
2025-09-14 00:00:00,Sunday,September,Fall,257,21,22,14751
2023-07-20 00:00:00,Thursday,July,Summer,201,22,23,2071
2021-10-24 00:00:00,Sunday,October,Fall,297,4,5,4056
2025-04-03 00:00:00,Thursday,April,Spring,93,3,4,10072
2025-03-12 00:00:00,Wednesday,March,Spring,71,11,12,4529
2020-11-27 00:00:00,Friday,November,Fall,332,16,17,1662
2022-04-15 00:00:00,Friday,April,Spring,105,4,5,1294
2023-04-25 00:00:00,Tuesday,April,Spring,115,2,3,2620
2024-04-30 00:00:00,Tuesday,April,Spring,121,3,4,3529
2025-02-21 00:00:00,Friday,February,Winter,52,22,23,12234
2022-03-10 00:00:00,Thursday,March,Spring,69,3,4,5858
2023-10-10 00:00:00,Tuesday,October,Fall,283,16,17,5527
2025-05-17 00:00:00,Saturday,May,Spring,137,1,2,7119
2023-09-29 00:00:00,Friday,September,Fall,272,10,11,11544
2024-03-12 00:00:00,Tuesday,March,Spring,72,23,0,8268
2022-04-24 00:00:00,Sunday,April,Spring,114,6,7,2801
2025-02-07 00:00:00,Friday,February,Winter,38,20,21,9209
2022-03-11 00:00:00,Friday,March,Spring,70,1,2,8811
2021-11-13 00:00:00,Saturday,November,Fall,317,0,1,6028
2025-11-21 00:00:00,Friday,November,Fall,325,15,16,7003
2024-03-26 00:00:00,Tuesday,March,Spring,86,1,2,7721
2025-03-21 00:00:00,Friday,March,Spring,80,8,9,12665
2024-08-15 00:00:00,Thursday,August,Summer,228,14,15,9758
2025-05-28 00:00:00,Wednesday,May,Spring,148,17,18,17702
2023-12-23 00:00:00,Saturday,December,Winter,357,21,22,14387
2022-09-17 00:00:00,Saturday,September,Fall,260,11,12,10410
2024-08-04 00:00:00,Sunday,August,Summer,217,10,11,6165
2024-02-01 00:00:00,Thursday,February,Winter,32,7,8,5460
2023-01-03 00:00:00,Tuesday,January,Winter,3,6,7,4994
2022-07-15 00:00:00,Friday,July,Summer,196,17,18,6073
2020-02-01 00:00:00,Saturday,February,Winter,32,2,3,8897
2022-08-26 00:00:00,Friday,August,Summer,238,5,6,3140
2024-11-25 00:00:00,Monday,November,Fall,330,12,13,12182
2023-03-30 00:00:00,Thursday,March,Spring,89,21,22,9358
2025-09-08 00:00:00,Monday,September,Fall,251,15,16,6288
2020-12-04 00:00:00,Friday,December,Winter,339,10,11,7773
2024-12-24 00:00:00,Tuesday,December,Winter,359,22,23,2401
2023-03-05 00:00:00,Sunday,March,Spring,64,7,8,1899
2020-08-11 00:00:00,Tuesday,August,Summer,224,1,2,1697
2022-08-26 00:00:00,Friday,August,Summer,238,10,11,5642
2022-07-06 00:00:00,Wednesday,July,Summer,187,20,21,3478
2024-08-22 00:00:00,Thursday,August,Summer,235,21,22,5770
2022-12-06 00:00:00,Tuesday,December,Winter,340,3,4,1862
2020-09-01 00:00:00,Tuesday,September,Fall,245,6,7,1006
2023-09-19 00:00:00,Tuesday,September,Fall,262,12,13,15144
2021-09-09 00:00:00,Thursday,September,Fall,252,15,16,5383
2022-11-02 00:00:00,Wednesday,November,Fall,306,13,14,10158
2025-03-05 00:00:00,Wednesday,March,Spring,64,18,19,2008
2023-07-22 00:00:00,Saturday,July,Summer,203,22,23,4175
2020-01-05 00:00:00,Sunday,January,Winter,5,14,15,2952
2025-06-26 00:00:00,Thursday,June,Summer,177,7,8,7668
2023-12-18 00:00:00,Monday,December,Winter,352,4,5,1948
2025-08-06 00:00:00,Wednesday,August,Summer,218,23,0,1318
2021-06-26 00:00:00,Saturday,June,Summer,177,12,13,4649
2022-02-02 00:00:00,Wednesday,February,Winter,33,6,7,7485
2024-09-18 00:00:00,Wednesday,September,Fall,262,7,8,8921
2025-02-25 00:00:00,Tuesday,February,Winter,56,1,2,3638
2022-03-14 00:00:00,Monday,March,Spring,73,21,22,6052
2022-10-29 00:00:00,Saturday,October,Fall,302,11,12,9396
2024-07-19 00:00:00,Friday,July,Summer,201,17,18,6264
2022-08-21 00:00:00,Sunday,August,Summer,233,16,17,4951
2023-04-10 00:00:00,Monday,April,Spring,100,20,21,10159
2023-11-28 00:00:00,Tuesday,November,Fall,332,11,12,6161
2021-11-04 00:00:00,Thursday,November,Fall,308,7,8,3133
2020-03-09 00:00:00,Monday,March,Spring,69,23,0,9741
2020-07-10 00:00:00,Friday,July,Summer,192,17,18,4992
2025-01-16 00:00:00,Thursday,January,Winter,16,10,11,7073
2025-05-19 00:00:00,Monday,May,Spring,139,1,2,6109
2022-07-07 00:00:00,Thursday,July,Summer,188,11,12,8621
2020-12-10 00:00:00,Thursday,December,Winter,345,13,14,4035
2023-10-12 00:00:00,Thursday,October,Fall,285,11,12,7762
2024-11-29 00:00:00,Friday,November,Fall,334,15,16,5912
2021-10-05 00:00:00,Tuesday,October,Fall,278,1,2,7372
2025-04-15 00:00:00,Tuesday,April,Spring,105,16,17,8585
2021-05-01 00:00:00,Saturday,May,Spring,121,23,0,3890
2025-11-16 00:00:00,Sunday,November,Fall,320,4,5,1691
2023-03-09 00:00:00,Thursday,March,Spring,68,12,13,17554
2024-08-27 00:00:00,Tuesday,August,Summer,240,19,20,2062
2021-11-03 00:00:00,Wednesday,November,Fall,307,9,10,3955
2022-03-05 00:00:00,Saturday,March,Spring,64,23,0,3949
2020-02-28 00:00:00,Friday,February,Winter,59,22,23,11274
2023-11-23 00:00:00,Thursday,November,Fall,327,10,11,6141
2020-10-27 00:00:00,Tuesday,October,Fall,301,14,15,12379
2024-11-24 00:00:00,Sunday,November,Fall,329,5,6,18615
2021-08-06 00:00:00,Friday,August,Summer,218,5,6,6003
2020-05-19 00:00:00,Tuesday,May,Spring,140,23,0,4187
2025-04-04 00:00:00,Friday,April,Spring,94,6,7,6856
2025-06-17 00:00:00,Tuesday,June,Summer,168,0,1,3635
2025-02-21 00:00:00,Friday,February,Winter,52,10,11,15847
2022-01-21 00:00:00,Friday,January,Winter,21,23,0,3197
2024-02-05 00:00:00,Monday,February,Winter,36,15,16,9118
2021-09-15 00:00:00,Wednesday,September,Fall,258,17,18,3067
2025-09-21 00:00:00,Sunday,September,Fall,264,8,9,2363
2024-09-06 00:00:00,Friday,September,Fall,250,9,10,4227
2024-01-18 00:00:00,Thursday,January,Winter,18,0,1,6778
2020-04-17 00:00:00,Friday,April,Spring,108,19,20,2302
2023-04-11 00:00:00,Tuesday,April,Spring,101,5,6,8115
2023-08-21 00:00:00,Monday,August,Summer,233,20,21,1191
2023-07-14 00:00:00,Friday,July,Summer,195,13,14,13917
2025-11-03 00:00:00,Monday,November,Fall,307,5,6,7218
2021-10-17 00:00:00,Sunday,October,Fall,290,21,22,2556
2024-11-30 00:00:00,Saturday,November,Fall,335,12,13,4832
2023-11-25 00:00:00,Saturday,November,Fall,329,21,22,4113
2021-01-31 00:00:00,Sunday,January,Winter,31,13,14,4830
2023-01-28 00:00:00,Saturday,January,Winter,28,4,5,5832
2024-05-26 00:00:00,Sunday,May,Spring,147,9,10,6474
2024-10-26 00:00:00,Saturday,October,Fall,300,20,21,1387
2025-03-23 00:00:00,Sunday,March,Spring,82,17,18,3278
2022-04-30 00:00:00,Saturday,April,Spring,120,7,8,4322
2022-04-20 00:00:00,Wednesday,April,Spring,110,6,7,4805
2021-06-02 00:00:00,Wednesday,June,Summer,153,6,7,3681
2024-01-24 00:00:00,Wednesday,January,Winter,24,23,0,5801
2023-01-01 00:00:00,Sunday,January,Winter,1,15,16,8841
2023-04-03 00:00:00,Monday,April,Spring,93,10,11,9447
2024-06-16 00:00:00,Sunday,June,Summer,168,23,0,2819
2025-08-03 00:00:00,Sunday,August,Summer,215,5,6,1935
2023-07-30 00:00:00,Sunday,July,Summer,211,11,12,8461
2024-11-18 00:00:00,Monday,November,Fall,323,16,17,7512
2024-12-24 00:00:00,Tuesday,December,Winter,359,4,5,3896
2023-11-18 00:00:00,Saturday,November,Fall,322,5,6,6173
2023-04-18 00:00:00,Tuesday,April,Spring,108,10,11,9947
2020-02-18 00:00:00,Tuesday,February,Winter,49,10,11,8878
2025-04-04 00:00:00,Friday,April,Spring,94,9,10,8435
2022-09-14 00:00:00,Wednesday,September,Fall,257,1,2,2222
2020-01-29 00:00:00,Wednesday,January,Winter,29,6,7,7788
2024-01-28 00:00:00,Sunday,January,Winter,28,2,3,7220
2023-04-10 00:00:00,Monday,April,Spring,100,22,23,9987
2025-11-26 00:00:00,Wednesday,November,Fall,330,17,18,2667
2021-11-14 00:00:00,Sunday,November,Fall,318,17,18,3983
2020-08-29 00:00:00,Saturday,August,Summer,242,23,0,3146
2021-10-20 00:00:00,Wednesday,October,Fall,293,23,0,14105
2022-12-18 00:00:00,Sunday,December,Winter,352,14,15,9866
2023-06-12 00:00:00,Monday,June,Summer,163,23,0,2822
2020-08-26 00:00:00,Wednesday,August,Summer,239,2,3,9996
2024-03-26 00:00:00,Tuesday,March,Spring,86,16,17,5861
2021-03-21 00:00:00,Sunday,March,Spring,80,13,14,9194
2021-07-17 00:00:00,Saturday,July,Summer,198,7,8,2997
2021-10-17 00:00:00,Sunday,October,Fall,290,13,14,5154
2022-03-26 00:00:00,Saturday,March,Spring,85,4,5,7484
2022-06-29 00:00:00,Wednesday,June,Summer,180,16,17,5599
2020-01-01 00:00:00,Wednesday,January,Winter,1,19,20,1181
2024-07-20 00:00:00,Saturday,July,Summer,202,5,6,1022
2020-02-14 00:00:00,Friday,February,Winter,45,4,5,5436
2025-09-10 00:00:00,Wednesday,September,Fall,253,17,18,10232
2025-04-25 00:00:00,Friday,April,Spring,115,18,19,5940
2021-10-20 00:00:00,Wednesday,October,Fall,293,19,20,12501
2021-04-16 00:00:00,Friday,April,Spring,106,12,13,9475
2022-02-21 00:00:00,Monday,February,Winter,52,16,17,16981
2025-09-03 00:00:00,Wednesday,September,Fall,246,20,21,13651
2020-06-07 00:00:00,Sunday,June,Summer,159,17,18,3557
2023-04-27 00:00:00,Thursday,April,Spring,117,11,12,6242
2021-04-10 00:00:00,Saturday,April,Spring,100,20,21,4730
2021-12-04 00:00:00,Saturday,December,Winter,338,10,11,10684
2020-02-24 00:00:00,Monday,February,Winter,55,19,20,10886
2021-09-09 00:00:00,Thursday,September,Fall,252,11,12,3730
2020-08-22 00:00:00,Saturday,August,Summer,235,1,2,4830
2023-07-22 00:00:00,Saturday,July,Summer,203,0,1,2780
2022-11-23 00:00:00,Wednesday,November,Fall,327,3,4,6841
2024-01-10 00:00:00,Wednesday,January,Winter,10,10,11,2553
2025-06-09 00:00:00,Monday,June,Summer,160,2,3,1980
2022-08-06 00:00:00,Saturday,August,Summer,218,22,23,7359
2024-05-24 00:00:00,Friday,May,Spring,145,2,3,858
2025-06-07 00:00:00,Saturday,June,Summer,158,5,6,7229
2025-06-04 00:00:00,Wednesday,June,Summer,155,9,10,4864
2021-07-07 00:00:00,Wednesday,July,Summer,188,2,3,4008
2020-01-21 00:00:00,Tuesday,January,Winter,21,19,20,3804
2024-11-18 00:00:00,Monday,November,Fall,323,20,21,9698
2023-07-15 00:00:00,Saturday,July,Summer,196,21,22,9590
2020-06-11 00:00:00,Thursday,June,Summer,163,16,17,5128
2022-08-31 00:00:00,Wednesday,August,Summer,243,13,14,7007
2020-01-23 00:00:00,Thursday,January,Winter,23,1,2,6776
2023-04-23 00:00:00,Sunday,April,Spring,113,20,21,10214
2024-09-14 00:00:00,Saturday,September,Fall,258,13,14,10425
2025-06-14 00:00:00,Saturday,June,Summer,165,8,9,5426
2025-05-10 00:00:00,Saturday,May,Spring,130,13,14,6944
2025-11-24 00:00:00,Monday,November,Fall,328,18,19,11448
2023-06-01 00:00:00,Thursday,June,Summer,152,14,15,9662
2023-07-16 00:00:00,Sunday,July,Summer,197,12,13,8159
2022-04-21 00:00:00,Thursday,April,Spring,111,7,8,3553
2021-10-13 00:00:00,Wednesday,October,Fall,286,20,21,2169
2023-09-12 00:00:00,Tuesday,September,Fall,255,17,18,3541
2025-03-03 00:00:00,Monday,March,Spring,62,9,10,5647
2021-11-18 00:00:00,Thursday,November,Fall,322,5,6,1363
2025-10-02 00:00:00,Thursday,October,Fall,275,9,10,5424
2023-08-15 00:00:00,Tuesday,August,Summer,227,11,12,5290
2020-08-21 00:00:00,Friday,August,Summer,234,0,1,4957
2025-01-18 00:00:00,Saturday,January,Winter,18,13,14,4165
2020-12-18 00:00:00,Friday,December,Winter,353,6,7,6024
2020-09-08 00:00:00,Tuesday,September,Fall,252,7,8,1224
2022-09-19 00:00:00,Monday,September,Fall,262,18,19,4643
2021-01-07 00:00:00,Thursday,January,Winter,7,16,17,1245
2022-10-15 00:00:00,Saturday,October,Fall,288,0,1,6877
2020-10-22 00:00:00,Thursday,October,Fall,296,23,0,3174
2022-05-10 00:00:00,Tuesday,May,Spring,130,5,6,2336
2025-11-19 00:00:00,Wednesday,November,Fall,323,15,16,14209
2025-04-22 00:00:00,Tuesday,April,Spring,112,21,22,3114
2024-09-19 00:00:00,Thursday,September,Fall,263,9,10,10053
2022-06-14 00:00:00,Tuesday,June,Summer,165,17,18,4589
2021-01-14 00:00:00,Thursday,January,Winter,14,3,4,7406
2021-04-14 00:00:00,Wednesday,April,Spring,104,9,10,4051
2020-12-17 00:00:00,Thursday,December,Winter,352,9,10,5050
2024-04-17 00:00:00,Wednesday,April,Spring,108,18,19,10061
2023-11-24 00:00:00,Friday,November,Fall,328,14,15,14087
2024-01-27 00:00:00,Saturday,January,Winter,27,9,10,4715
2025-11-28 00:00:00,Friday,November,Fall,332,17,18,6838
2021-11-29 00:00:00,Monday,November,Fall,333,22,23,4680
2025-02-15 00:00:00,Saturday,February,Winter,46,13,14,9563
2024-08-03 00:00:00,Saturday,August,Summer,216,3,4,3586
2024-02-26 00:00:00,Monday,February,Winter,57,23,0,14028
2025-10-15 00:00:00,Wednesday,October,Fall,288,4,5,5192
2020-01-25 00:00:00,Saturday,January,Winter,25,20,21,1912
2020-10-27 00:00:00,Tuesday,October,Fall,301,19,20,11275
2020-09-24 00:00:00,Thursday,September,Fall,268,15,16,9187
2025-05-11 00:00:00,Sunday,May,Spring,131,18,19,6079
2020-01-04 00:00:00,Saturday,January,Winter,4,19,20,2969
2024-09-05 00:00:00,Thursday,September,Fall,249,10,11,7511
2024-06-12 00:00:00,Wednesday,June,Summer,164,19,20,3484
2025-11-18 00:00:00,Tuesday,November,Fall,322,13,14,8521
2021-09-30 00:00:00,Thursday,September,Fall,273,13,14,8373
2024-01-18 00:00:00,Thursday,January,Winter,18,13,14,7406
2025-04-10 00:00:00,Thursday,April,Spring,100,2,3,9152
2023-01-21 00:00:00,Saturday,January,Winter,21,19,20,8905
2020-10-14 00:00:00,Wednesday,October,Fall,288,19,20,5394
2021-03-02 00:00:00,Tuesday,March,Spring,61,17,18,2119
2023-09-01 00:00:00,Friday,September,Fall,244,8,9,6404
2021-02-28 00:00:00,Sunday,February,Winter,59,8,9,7100
2022-06-05 00:00:00,Sunday,June,Summer,156,8,9,2905
2020-09-27 00:00:00,Sunday,September,Fall,271,9,10,12950
2020-11-29 00:00:00,Sunday,November,Fall,334,21,22,2581
2023-01-13 00:00:00,Friday,January,Winter,13,17,18,12114
2020-12-12 00:00:00,Saturday,December,Winter,347,3,4,5264
2022-06-10 00:00:00,Friday,June,Summer,161,8,9,3451
2025-09-05 00:00:00,Friday,September,Fall,248,5,6,3073
2021-05-28 00:00:00,Friday,May,Spring,148,17,18,3776
2023-08-13 00:00:00,Sunday,August,Summer,225,17,18,6313
2024-11-13 00:00:00,Wednesday,November,Fall,318,21,22,5053
2021-05-27 00:00:00,Thursday,May,Spring,147,21,22,1552
2020-03-14 00:00:00,Saturday,March,Spring,74,16,17,5134
2021-11-10 00:00:00,Wednesday,November,Fall,314,1,2,576
2020-03-13 00:00:00,Friday,March,Spring,73,15,16,6501
2024-07-09 00:00:00,Tuesday,July,Summer,191,21,22,2789
2023-08-01 00:00:00,Tuesday,August,Summer,213,16,17,15715
2023-01-28 00:00:00,Saturday,January,Winter,28,20,21,3066
2025-11-14 00:00:00,Friday,November,Fall,318,5,6,12444
2020-06-11 00:00:00,Thursday,June,Summer,163,20,21,3414
2021-07-14 00:00:00,Wednesday,July,Summer,195,11,12,8011
2023-04-02 00:00:00,Sunday,April,Spring,92,23,0,6236
2024-09-04 00:00:00,Wednesday,September,Fall,248,14,15,4253
2020-10-05 00:00:00,Monday,October,Fall,279,19,20,9449
2024-08-25 00:00:00,Sunday,August,Summer,238,23,0,2594
2021-10-10 00:00:00,Sunday,October,Fall,283,11,12,4221
2024-06-27 00:00:00,Thursday,June,Summer,179,22,23,3505
2020-11-04 00:00:00,Wednesday,November,Fall,309,1,2,1716
2021-07-20 00:00:00,Tuesday,July,Summer,201,11,12,6377
2021-08-02 00:00:00,Monday,August,Summer,214,3,4,1116
2021-09-23 00:00:00,Thursday,September,Fall,266,9,10,2760
2024-01-27 00:00:00,Saturday,January,Winter,27,8,9,3581
2022-12-30 00:00:00,Friday,December,Winter,364,19,20,15334
2024-11-18 00:00:00,Monday,November,Fall,323,14,15,9122
2023-12-04 00:00:00,Monday,December,Winter,338,0,1,12629
2020-01-02 00:00:00,Thursday,January,Winter,2,0,1,1267
2021-09-08 00:00:00,Wednesday,September,Fall,251,4,5,5258
2025-06-11 00:00:00,Wednesday,June,Summer,162,22,23,6852
2025-08-26 00:00:00,Tuesday,August,Summer,238,4,5,4080
2024-05-11 00:00:00,Saturday,May,Spring,132,9,10,6348
2023-05-18 00:00:00,Thursday,May,Spring,138,6,7,5477
2025-08-21 00:00:00,Thursday,August,Summer,233,0,1,3450
2024-10-15 00:00:00,Tuesday,October,Fall,289,22,23,10680
2024-05-15 00:00:00,Wednesday,May,Spring,136,16,17,5901
2022-05-12 00:00:00,Thursday,May,Spring,132,15,16,6042
2020-04-03 00:00:00,Friday,April,Spring,94,7,8,1864
2021-10-11 00:00:00,Monday,October,Fall,284,16,17,5672
2023-02-26 00:00:00,Sunday,February,Winter,57,9,10,17091
2023-03-17 00:00:00,Friday,March,Spring,76,8,9,8681
2023-10-23 00:00:00,Monday,October,Fall,296,12,13,9170
2020-04-29 00:00:00,Wednesday,April,Spring,120,7,8,4629
2021-10-12 00:00:00,Tuesday,October,Fall,285,23,0,3559
2022-12-14 00:00:00,Wednesday,December,Winter,348,20,21,2282
2020-11-30 00:00:00,Monday,November,Fall,335,13,14,3638
2025-02-15 00:00:00,Saturday,February,Winter,46,10,11,8954
2020-09-13 00:00:00,Sunday,September,Fall,257,22,23,2238
2023-05-20 00:00:00,Saturday,May,Spring,140,8,9,6405
2022-01-08 00:00:00,Saturday,January,Winter,8,8,9,7370
2024-02-13 00:00:00,Tuesday,February,Winter,44,22,23,10458
2021-08-28 00:00:00,Saturday,August,Summer,240,2,3,4282
2022-11-01 00:00:00,Tuesday,November,Fall,305,16,17,11364
2021-10-10 00:00:00,Sunday,October,Fall,283,7,8,1388
2020-11-25 00:00:00,Wednesday,November,Fall,330,3,4,6472
2022-06-24 00:00:00,Friday,June,Summer,175,12,13,7951
2023-09-21 00:00:00,Thursday,September,Fall,264,18,19,6345
2021-03-14 00:00:00,Sunday,March,Spring,73,22,23,10044
2022-09-13 00:00:00,Tuesday,September,Fall,256,17,18,4288
2022-09-13 00:00:00,Tuesday,September,Fall,256,4,5,1837
2025-10-13 00:00:00,Monday,October,Fall,286,14,15,12354
2025-01-11 00:00:00,Saturday,January,Winter,11,2,3,1684
2020-09-29 00:00:00,Tuesday,September,Fall,273,4,5,1974
2022-09-13 00:00:00,Tuesday,September,Fall,256,13,14,6012
2022-05-01 00:00:00,Sunday,May,Spring,121,12,13,6628
2022-04-18 00:00:00,Monday,April,Spring,108,5,6,3161
2022-12-23 00:00:00,Friday,December,Winter,357,18,19,13842
2023-06-26 00:00:00,Monday,June,Summer,177,13,14,10406
2024-08-25 00:00:00,Sunday,August,Summer,238,3,4,5857
2022-06-19 00:00:00,Sunday,June,Summer,170,13,14,10248
2021-07-07 00:00:00,Wednesday,July,Summer,188,21,22,1885
2020-08-30 00:00:00,Sunday,August,Summer,243,1,2,2748
2022-06-04 00:00:00,Saturday,June,Summer,155,21,22,4362
2020-03-28 00:00:00,Saturday,March,Spring,88,7,8,2548
2024-05-10 00:00:00,Friday,May,Spring,131,12,13,11083
2020-03-24 00:00:00,Tuesday,March,Spring,84,2,3,6448
2023-03-06 00:00:00,Monday,March,Spring,65,6,7,1479
2021-11-30 00:00:00,Tuesday,November,Fall,334,0,1,6255
2023-01-23 00:00:00,Monday,January,Winter,23,12,13,7331
2023-08-04 00:00:00,Friday,August,Summer,216,18,19,7300
2025-09-22 00:00:00,Monday,September,Fall,265,14,15,8812
2024-04-30 00:00:00,Tuesday,April,Spring,121,1,2,3771
2020-07-14 00:00:00,Tuesday,July,Summer,196,22,23,1726
2023-12-31 00:00:00,Sunday,December,Winter,365,15,16,18435
2025-03-04 00:00:00,Tuesday,March,Spring,63,16,17,4702
2022-01-02 00:00:00,Sunday,January,Winter,2,11,12,11203
2021-08-17 00:00:00,Tuesday,August,Summer,229,6,7,1590
2023-04-15 00:00:00,Saturday,April,Spring,105,7,8,7248
2023-09-22 00:00:00,Friday,September,Fall,265,10,11,8885
2020-12-06 00:00:00,Sunday,December,Winter,341,4,5,3287
2023-09-18 00:00:00,Monday,September,Fall,261,5,6,6373
2020-06-11 00:00:00,Thursday,June,Summer,163,23,0,4033
2023-08-09 00:00:00,Wednesday,August,Summer,221,4,5,2396
2020-08-29 00:00:00,Saturday,August,Summer,242,12,13,4482
2024-05-30 00:00:00,Thursday,May,Spring,151,17,18,12091
2020-06-09 00:00:00,Tuesday,June,Summer,161,2,3,3597
2025-09-12 00:00:00,Friday,September,Fall,255,22,23,6097
2022-02-15 00:00:00,Tuesday,February,Winter,46,15,16,13655
2024-11-17 00:00:00,Sunday,November,Fall,322,2,3,4894
2023-12-19 00:00:00,Tuesday,December,Winter,353,8,9,8095
2024-02-10 00:00:00,Saturday,February,Winter,41,19,20,7820
2023-10-24 00:00:00,Tuesday,October,Fall,297,18,19,3772
2021-06-23 00:00:00,Wednesday,June,Summer,174,10,11,3755
2025-01-09 00:00:00,Thursday,January,Winter,9,6,7,12685
2024-02-22 00:00:00,Thursday,February,Winter,53,20,21,17499
2024-06-06 00:00:00,Thursday,June,Summer,158,14,15,8522
2024-09-15 00:00:00,Sunday,September,Fall,259,1,2,3730
2021-12-15 00:00:00,Wednesday,December,Winter,349,11,12,3503
2024-10-06 00:00:00,Sunday,October,Fall,280,18,19,8023
2023-08-03 00:00:00,Thursday,August,Summer,215,21,22,4024
2024-10-20 00:00:00,Sunday,October,Fall,294,23,0,8964
2021-03-30 00:00:00,Tuesday,March,Spring,89,19,20,1147
2020-09-03 00:00:00,Thursday,September,Fall,247,7,8,2032
2021-10-06 00:00:00,Wednesday,October,Fall,279,2,3,8433
2024-01-07 00:00:00,Sunday,January,Winter,7,22,23,11747
2023-12-01 00:00:00,Friday,December,Winter,335,6,7,2284
2021-03-03 00:00:00,Wednesday,March,Spring,62,21,22,1128
2020-04-18 00:00:00,Saturday,April,Spring,109,21,22,1215
2022-04-11 00:00:00,Monday,April,Spring,101,2,3,9774
2021-12-12 00:00:00,Sunday,December,Winter,346,6,7,5111
2021-08-29 00:00:00,Sunday,August,Summer,241,18,19,6095
2020-03-18 00:00:00,Wednesday,March,Spring,78,10,11,3175
2022-06-25 00:00:00,Saturday,June,Summer,176,7,8,2159
2023-04-18 00:00:00,Tuesday,April,Spring,108,11,12,11565
2021-04-27 00:00:00,Tuesday,April,Spring,117,20,21,1032
2020-02-01 00:00:00,Saturday,February,Winter,32,16,17,11065
2022-09-20 00:00:00,Tuesday,September,Fall,263,22,23,2922
2024-01-29 00:00:00,Monday,January,Winter,29,22,23,9034
2023-09-13 00:00:00,Wednesday,September,Fall,256,20,21,1390
2021-10-30 00:00:00,Saturday,October,Fall,303,18,19,4389
2022-09-27 00:00:00,Tuesday,September,Fall,270,2,3,6928
2025-01-29 00:00:00,Wednesday,January,Winter,29,9,10,13368
2024-07-02 00:00:00,Tuesday,July,Summer,184,0,1,3683
2020-10-24 00:00:00,Saturday,October,Fall,298,3,4,6021
2022-06-21 00:00:00,Tuesday,June,Summer,172,0,1,5789
2025-02-16 00:00:00,Sunday,February,Winter,47,10,11,7270
2025-11-05 00:00:00,Wednesday,November,Fall,309,17,18,12121
2025-03-22 00:00:00,Saturday,March,Spring,81,7,8,8524
2023-11-08 00:00:00,Wednesday,November,Fall,312,9,10,12232
2024-10-10 00:00:00,Thursday,October,Fall,284,23,0,2319
2024-09-17 00:00:00,Tuesday,September,Fall,261,10,11,14059
2023-10-02 00:00:00,Monday,October,Fall,275,19,20,5601
2021-02-24 00:00:00,Wednesday,February,Winter,55,12,13,8746
2023-06-26 00:00:00,Monday,June,Summer,177,9,10,6076
2023-02-11 00:00:00,Saturday,February,Winter,42,14,15,5927
2025-06-25 00:00:00,Wednesday,June,Summer,176,23,0,5491
2023-08-28 00:00:00,Monday,August,Summer,240,21,22,3213
2021-01-26 00:00:00,Tuesday,January,Winter,26,17,18,3944
2020-12-30 00:00:00,Wednesday,December,Winter,365,9,10,3287
2021-12-07 00:00:00,Tuesday,December,Winter,341,1,2,8851
2020-04-13 00:00:00,Monday,April,Spring,104,20,21,10314
2024-08-02 00:00:00,Friday,August,Summer,215,22,23,4700
2021-12-12 00:00:00,Sunday,December,Winter,346,22,23,1910
2025-05-03 00:00:00,Saturday,May,Spring,123,22,23,5299
2024-11-26 00:00:00,Tuesday,November,Fall,331,16,17,3695
2025-06-04 00:00:00,Wednesday,June,Summer,155,8,9,3666
2021-05-16 00:00:00,Sunday,May,Spring,136,6,7,4293
2025-09-21 00:00:00,Sunday,September,Fall,264,1,2,7088
2022-06-25 00:00:00,Saturday,June,Summer,176,21,22,2133
2024-04-10 00:00:00,Wednesday,April,Spring,101,3,4,6344
2024-06-05 00:00:00,Wednesday,June,Summer,157,23,0,1730
2024-09-03 00:00:00,Tuesday,September,Fall,247,16,17,4492
2024-01-20 00:00:00,Saturday,January,Winter,20,20,21,8001
2023-12-30 00:00:00,Saturday,December,Winter,364,12,13,12265
2021-10-08 00:00:00,Friday,October,Fall,281,10,11,5294
2024-11-27 00:00:00,Wednesday,November,Fall,332,3,4,11127
2020-12-29 00:00:00,Tuesday,December,Winter,364,9,10,4426
2020-01-20 00:00:00,Monday,January,Winter,20,15,16,6593
2024-05-10 00:00:00,Friday,May,Spring,131,5,6,4594
2021-06-21 00:00:00,Monday,June,Summer,172,16,17,4701
2022-01-28 00:00:00,Friday,January,Winter,28,22,23,3521
2020-06-15 00:00:00,Monday,June,Summer,167,11,12,4552
2025-10-10 00:00:00,Friday,October,Fall,283,21,22,4056
2021-04-23 00:00:00,Friday,April,Spring,113,20,21,5369
2025-02-01 00:00:00,Saturday,February,Winter,32,13,14,6105
2023-03-11 00:00:00,Saturday,March,Spring,70,8,9,4389
2020-03-26 00:00:00,Thursday,March,Spring,86,15,16,8343
2023-11-18 00:00:00,Saturday,November,Fall,322,23,0,11947
2020-05-19 00:00:00,Tuesday,May,Spring,140,14,15,5795
2023-02-10 00:00:00,Friday,February,Winter,41,6,7,629
2021-05-05 00:00:00,Wednesday,May,Spring,125,17,18,10312
2024-09-22 00:00:00,Sunday,September,Fall,266,20,21,2722
2020-12-29 00:00:00,Tuesday,December,Winter,364,12,13,5039
2020-03-25 00:00:00,Wednesday,March,Spring,85,12,13,5870
2020-10-04 00:00:00,Sunday,October,Fall,278,17,18,11028
2024-04-09 00:00:00,Tuesday,April,Spring,100,11,12,11478
2021-12-29 00:00:00,Wednesday,December,Winter,363,9,10,8302
2024-06-22 00:00:00,Saturday,June,Summer,174,11,12,7321
2025-02-23 00:00:00,Sunday,February,Winter,54,21,22,11852
2024-03-04 00:00:00,Monday,March,Spring,64,23,0,5856
2021-08-07 00:00:00,Saturday,August,Summer,219,8,9,4137
2024-01-27 00:00:00,Saturday,January,Winter,27,13,14,5520
2024-03-04 00:00:00,Monday,March,Spring,64,6,7,3881
2024-11-20 00:00:00,Wednesday,November,Fall,325,23,0,6132
2020-05-19 00:00:00,Tuesday,May,Spring,140,10,11,4412
2021-05-24 00:00:00,Monday,May,Spring,144,10,11,9548
2024-03-06 00:00:00,Wednesday,March,Spring,66,8,9,2257
2022-11-02 00:00:00,Wednesday,November,Fall,306,2,3,9453
2024-12-01 00:00:00,Sunday,December,Winter,336,1,2,4016
2024-09-09 00:00:00,Monday,September,Fall,253,19,20,7981
2024-11-29 00:00:00,Friday,November,Fall,334,1,2,5147
2023-11-29 00:00:00,Wednesday,November,Fall,333,20,21,2256
2022-12-29 00:00:00,Thursday,December,Winter,363,14,15,11907
2025-04-14 00:00:00,Monday,April,Spring,104,11,12,7730
2023-06-30 00:00:00,Friday,June,Summer,181,5,6,2493
2022-05-04 00:00:00,Wednesday,May,Spring,124,3,4,2101
2020-02-23 00:00:00,Sunday,February,Winter,54,1,2,8085
2020-11-27 00:00:00,Friday,November,Fall,332,12,13,2867
2023-12-31 00:00:00,Sunday,December,Winter,365,2,3,16903
2022-12-13 00:00:00,Tuesday,December,Winter,347,4,5,6726
2025-06-08 00:00:00,Sunday,June,Summer,159,3,4,11586
2021-01-28 00:00:00,Thursday,January,Winter,28,2,3,7021
2020-09-06 00:00:00,Sunday,September,Fall,250,12,13,4167
2020-10-30 00:00:00,Friday,October,Fall,304,14,15,6293
2023-07-15 00:00:00,Saturday,July,Summer,196,4,5,6081
2020-09-19 00:00:00,Saturday,September,Fall,263,9,10,3664
2021-02-22 00:00:00,Monday,February,Winter,53,21,22,5226
2022-04-07 00:00:00,Thursday,April,Spring,97,12,13,17815
2022-05-10 00:00:00,Tuesday,May,Spring,130,1,2,787
2022-10-26 00:00:00,Wednesday,October,Fall,299,19,20,2435
2024-06-19 00:00:00,Wednesday,June,Summer,171,12,13,10246
2021-01-16 00:00:00,Saturday,January,Winter,16,11,12,6320
2022-05-28 00:00:00,Saturday,May,Spring,148,18,19,8846
2025-10-29 00:00:00,Wednesday,October,Fall,302,17,18,8855
2024-05-10 00:00:00,Friday,May,Spring,131,14,15,11009
2024-03-05 00:00:00,Tuesday,March,Spring,65,3,4,5593
2021-02-08 00:00:00,Monday,February,Winter,39,20,21,2080
2021-04-05 00:00:00,Monday,April,Spring,95,9,10,7362
2024-10-25 00:00:00,Friday,October,Fall,299,17,18,3111
2025-08-09 00:00:00,Saturday,August,Summer,221,14,15,5192
2024-08-13 00:00:00,Tuesday,August,Summer,226,22,23,1520
2024-06-17 00:00:00,Monday,June,Summer,169,10,11,6256
2023-04-16 00:00:00,Sunday,April,Spring,106,4,5,5339
2023-07-02 00:00:00,Sunday,July,Summer,183,17,18,7678
2022-06-26 00:00:00,Sunday,June,Summer,177,23,0,1151
2024-09-17 00:00:00,Tuesday,September,Fall,261,9,10,11852
2021-12-31 00:00:00,Friday,December,Winter,365,9,10,6180
2021-12-20 00:00:00,Monday,December,Winter,354,15,16,3926
2022-09-30 00:00:00,Friday,September,Fall,273,16,17,9086
2025-11-04 00:00:00,Tuesday,November,Fall,308,14,15,12790
2022-03-19 00:00:00,Saturday,March,Spring,78,22,23,8847
2022-05-29 00:00:00,Sunday,May,Spring,149,19,20,5235
2024-09-24 00:00:00,Tuesday,September,Fall,268,12,13,12247
2023-12-16 00:00:00,Saturday,December,Winter,350,18,19,2464
2024-11-03 00:00:00,Sunday,November,Fall,308,6,7,2638
2020-11-29 00:00:00,Sunday,November,Fall,334,18,19,2915
2021-09-16 00:00:00,Thursday,September,Fall,259,9,10,1244
2025-03-29 00:00:00,Saturday,March,Spring,88,4,5,9879
2023-07-10 00:00:00,Monday,July,Summer,191,9,10,3808
2023-12-28 00:00:00,Thursday,December,Winter,362,18,19,13143
2020-12-02 00:00:00,Wednesday,December,Winter,337,18,19,1702
2021-09-11 00:00:00,Saturday,September,Fall,254,2,3,1693
2025-10-20 00:00:00,Monday,October,Fall,293,11,12,17289
2020-10-04 00:00:00,Sunday,October,Fall,278,19,20,9887
2022-05-22 00:00:00,Sunday,May,Spring,142,8,9,3176
2025-04-21 00:00:00,Monday,April,Spring,111,18,19,5746
2023-04-29 00:00:00,Saturday,April,Spring,119,9,10,2584
2020-11-13 00:00:00,Friday,November,Fall,318,13,14,6261
2020-04-26 00:00:00,Sunday,April,Spring,117,6,7,1181
2021-11-18 00:00:00,Thursday,November,Fall,322,20,21,1523
2023-11-04 00:00:00,Saturday,November,Fall,308,5,6,12917
2020-01-06 00:00:00,Monday,January,Winter,6,12,13,5508
2025-02-11 00:00:00,Tuesday,February,Winter,42,0,1,6544
2024-09-23 00:00:00,Monday,September,Fall,267,22,23,5320
2021-07-24 00:00:00,Saturday,July,Summer,205,6,7,3849
2022-05-25 00:00:00,Wednesday,May,Spring,145,4,5,2759
2020-10-02 00:00:00,Friday,October,Fall,276,4,5,10200
2024-06-16 00:00:00,Sunday,June,Summer,168,5,6,8312
2022-03-17 00:00:00,Thursday,March,Spring,76,7,8,4859
2021-07-25 00:00:00,Sunday,July,Summer,206,20,21,2703
2020-08-14 00:00:00,Friday,August,Summer,227,1,2,2099
2021-02-05 00:00:00,Friday,February,Winter,36,9,10,2001
2021-10-23 00:00:00,Saturday,October,Fall,296,14,15,5243
2023-10-14 00:00:00,Saturday,October,Fall,287,13,14,6935
2024-01-09 00:00:00,Tuesday,January,Winter,9,12,13,7316
2022-06-01 00:00:00,Wednesday,June,Summer,152,21,22,2633
2025-11-13 00:00:00,Thursday,November,Fall,317,7,8,10177
2020-12-23 00:00:00,Wednesday,December,Winter,358,18,19,12555
2020-03-28 00:00:00,Saturday,March,Spring,88,21,22,11009
2023-03-22 00:00:00,Wednesday,March,Spring,81,19,20,12608
2020-12-14 00:00:00,Monday,December,Winter,349,20,21,6605
2022-10-16 00:00:00,Sunday,October,Fall,289,7,8,2775
2022-12-25 00:00:00,Sunday,December,Winter,359,7,8,5233
2022-05-28 00:00:00,Saturday,May,Spring,148,21,22,6221
2021-07-29 00:00:00,Thursday,July,Summer,210,8,9,3787
2021-06-09 00:00:00,Wednesday,June,Summer,160,18,19,3406
2023-06-29 00:00:00,Thursday,June,Summer,180,22,23,2982
2021-11-28 00:00:00,Sunday,November,Fall,332,21,22,5528
2025-09-06 00:00:00,Saturday,September,Fall,249,15,16,7432
2025-11-22 00:00:00,Saturday,November,Fall,326,19,20,10661
2023-08-21 00:00:00,Monday,August,Summer,233,7,8,1897
2025-10-01 00:00:00,Wednesday,October,Fall,274,0,1,2823
2025-06-20 00:00:00,Friday,June,Summer,171,12,13,11247
2025-01-31 00:00:00,Friday,January,Winter,31,19,20,5419
2024-07-02 00:00:00,Tuesday,July,Summer,184,11,12,6880
2021-02-03 00:00:00,Wednesday,February,Winter,34,20,21,9043
2021-01-25 00:00:00,Monday,January,Winter,25,5,6,6084
2025-03-03 00:00:00,Monday,March,Spring,62,0,1,4216
2024-05-04 00:00:00,Saturday,May,Spring,125,17,18,5803
2024-09-09 00:00:00,Monday,September,Fall,253,18,19,9916
2024-09-16 00:00:00,Monday,September,Fall,260,3,4,2943
2024-07-12 00:00:00,Friday,July,Summer,194,21,22,2752
2022-11-28 00:00:00,Monday,November,Fall,332,14,15,4538
2020-03-22 00:00:00,Sunday,March,Spring,82,10,11,11238
2020-02-05 00:00:00,Wednesday,February,Winter,36,18,19,1769
2024-11-05 00:00:00,Tuesday,November,Fall,310,8,9,2186
2020-08-15 00:00:00,Saturday,August,Summer,228,6,7,457
2020-09-19 00:00:00,Saturday,September,Fall,263,5,6,4265
2022-09-30 00:00:00,Friday,September,Fall,273,10,11,4255
2020-11-23 00:00:00,Monday,November,Fall,328,17,18,620
2024-07-22 00:00:00,Monday,July,Summer,204,13,14,10243
2024-05-18 00:00:00,Saturday,May,Spring,139,6,7,761
2022-08-09 00:00:00,Tuesday,August,Summer,221,1,2,7181
2024-09-19 00:00:00,Thursday,September,Fall,263,20,21,7802
2025-05-16 00:00:00,Friday,May,Spring,136,18,19,10928
2021-08-29 00:00:00,Sunday,August,Summer,241,1,2,4508
2025-05-26 00:00:00,Monday,May,Spring,146,6,7,5453
2021-02-27 00:00:00,Saturday,February,Winter,58,8,9,6414
2023-02-01 00:00:00,Wednesday,February,Winter,32,14,15,11735
2021-11-19 00:00:00,Friday,November,Fall,323,8,9,1628
2022-09-03 00:00:00,Saturday,September,Fall,246,8,9,2057
2024-10-19 00:00:00,Saturday,October,Fall,293,8,9,6338
2022-06-08 00:00:00,Wednesday,June,Summer,159,22,23,6493
2021-06-25 00:00:00,Friday,June,Summer,176,18,19,3314
2023-09-29 00:00:00,Friday,September,Fall,272,4,5,8331
2023-09-26 00:00:00,Tuesday,September,Fall,269,0,1,1382
2024-03-23 00:00:00,Saturday,March,Spring,83,21,22,9466
2023-06-24 00:00:00,Saturday,June,Summer,175,10,11,6886
2020-08-30 00:00:00,Sunday,August,Summer,243,9,10,4184
2021-09-25 00:00:00,Saturday,September,Fall,268,13,14,4377
2024-02-09 00:00:00,Friday,February,Winter,40,3,4,16390
2020-07-28 00:00:00,Tuesday,July,Summer,210,19,20,5024
2020-08-12 00:00:00,Wednesday,August,Summer,225,7,8,2071
2025-05-22 00:00:00,Thursday,May,Spring,142,5,6,5212
2024-10-19 00:00:00,Saturday,October,Fall,293,9,10,7672
2025-11-20 00:00:00,Thursday,November,Fall,324,19,20,4026
2025-07-18 00:00:00,Friday,July,Summer,199,13,14,9011
2021-01-03 00:00:00,Sunday,January,Winter,3,22,23,2226
2021-06-26 00:00:00,Saturday,June,Summer,177,8,9,1519
2024-11-18 00:00:00,Monday,November,Fall,323,10,11,9491
2022-08-01 00:00:00,Monday,August,Summer,213,0,1,2712
2021-04-19 00:00:00,Monday,April,Spring,109,21,22,789
2020-06-29 00:00:00,Monday,June,Summer,181,12,13,8685
2024-06-07 00:00:00,Friday,June,Summer,159,13,14,6670
2023-10-01 00:00:00,Sunday,October,Fall,274,11,12,6703
2025-05-19 00:00:00,Monday,May,Spring,139,5,6,5266
2025-07-06 00:00:00,Sunday,July,Summer,187,22,23,6434
2020-06-30 00:00:00,Tuesday,June,Summer,182,7,8,3596
2025-03-06 00:00:00,Thursday,March,Spring,65,7,8,9579
2021-04-17 00:00:00,Saturday,April,Spring,107,19,20,6158
2023-04-19 00:00:00,Wednesday,April,Spring,109,9,10,7649
2021-02-28 00:00:00,Sunday,February,Winter,59,18,19,5701
2020-01-15 00:00:00,Wednesday,January,Winter,15,21,22,4745
2020-10-28 00:00:00,Wednesday,October,Fall,302,23,0,11043
2020-10-12 00:00:00,Monday,October,Fall,286,16,17,3991
2023-01-06 00:00:00,Friday,January,Winter,6,23,0,8096
2020-06-02 00:00:00,Tuesday,June,Summer,154,18,19,2473
2025-07-16 00:00:00,Wednesday,July,Summer,197,14,15,16316
2020-04-07 00:00:00,Tuesday,April,Spring,98,15,16,5040
2020-08-17 00:00:00,Monday,August,Summer,230,20,21,1498
2023-09-27 00:00:00,Wednesday,September,Fall,270,4,5,480
2022-04-28 00:00:00,Thursday,April,Spring,118,0,1,7345
2023-05-15 00:00:00,Monday,May,Spring,135,4,5,2885
2022-03-30 00:00:00,Wednesday,March,Spring,89,16,17,3581
2025-05-15 00:00:00,Thursday,May,Spring,135,0,1,6342
2021-12-31 00:00:00,Friday,December,Winter,365,6,7,5824
2025-06-02 00:00:00,Monday,June,Summer,153,13,14,6203
2021-11-30 00:00:00,Tuesday,November,Fall,334,15,16,12500
2022-05-28 00:00:00,Saturday,May,Spring,148,19,20,8020
2024-12-19 00:00:00,Thursday,December,Winter,354,16,17,15633
2024-04-20 00:00:00,Saturday,April,Spring,111,5,6,6858
2021-07-04 00:00:00,Sunday,July,Summer,185,23,0,2638
2021-10-24 00:00:00,Sunday,October,Fall,297,2,3,4189
2025-11-29 00:00:00,Saturday,November,Fall,333,21,22,7062
2024-03-25 00:00:00,Monday,March,Spring,85,23,0,8777
2022-06-05 00:00:00,Sunday,June,Summer,156,23,0,3380
2020-12-21 00:00:00,Monday,December,Winter,356,12,13,12640
2021-10-18 00:00:00,Monday,October,Fall,291,4,5,2664
2022-08-17 00:00:00,Wednesday,August,Summer,229,10,11,3428
2022-05-08 00:00:00,Sunday,May,Spring,128,11,12,7322
2025-04-30 00:00:00,Wednesday,April,Spring,120,0,1,7318
2022-01-31 00:00:00,Monday,January,Winter,31,22,23,8147
2022-05-19 00:00:00,Thursday,May,Spring,139,2,3,4815
2020-12-15 00:00:00,Tuesday,December,Winter,350,2,3,5470
2024-05-01 00:00:00,Wednesday,May,Spring,122,15,16,2385
2022-10-14 00:00:00,Friday,October,Fall,287,12,13,8105
2024-09-12 00:00:00,Thursday,September,Fall,256,1,2,4725
2021-07-17 00:00:00,Saturday,July,Summer,198,1,2,2929
2023-04-23 00:00:00,Sunday,April,Spring,113,17,18,16075
2022-09-25 00:00:00,Sunday,September,Fall,268,12,13,6161
2024-12-01 00:00:00,Sunday,December,Winter,336,12,13,10028
2024-01-21 00:00:00,Sunday,January,Winter,21,21,22,16235
2024-12-31 00:00:00,Tuesday,December,Winter,366,23,0,10602
2025-08-02 00:00:00,Saturday,August,Summer,214,0,1,4160
2022-11-09 00:00:00,Wednesday,November,Fall,313,12,13,7650
2024-06-16 00:00:00,Sunday,June,Summer,168,22,23,2549
2020-05-28 00:00:00,Thursday,May,Spring,149,14,15,7591
2025-11-24 00:00:00,Monday,November,Fall,328,17,18,11121
2021-06-23 00:00:00,Wednesday,June,Summer,174,3,4,2688
2022-09-04 00:00:00,Sunday,September,Fall,247,9,10,4056
2021-11-21 00:00:00,Sunday,November,Fall,325,6,7,569
2023-05-27 00:00:00,Saturday,May,Spring,147,17,18,6146
2025-09-16 00:00:00,Tuesday,September,Fall,259,21,22,3074
2020-03-07 00:00:00,Saturday,March,Spring,67,3,4,3332
2022-09-16 00:00:00,Friday,September,Fall,259,20,21,4896
2025-04-01 00:00:00,Tuesday,April,Spring,91,12,13,18978
2024-03-20 00:00:00,Wednesday,March,Spring,80,12,13,7394
2020-04-09 00:00:00,Thursday,April,Spring,100,15,16,4576
2024-05-18 00:00:00,Saturday,May,Spring,139,13,14,3058
2021-10-28 00:00:00,Thursday,October,Fall,301,6,7,5836
2021-03-23 00:00:00,Tuesday,March,Spring,82,23,0,1340
2023-05-22 00:00:00,Monday,May,Spring,142,22,23,5407
2022-06-25 00:00:00,Saturday,June,Summer,176,18,19,4491
2024-04-17 00:00:00,Wednesday,April,Spring,108,14,15,13351
2021-07-18 00:00:00,Sunday,July,Summer,199,23,0,6890
2020-04-19 00:00:00,Sunday,April,Spring,110,15,16,3193
2023-10-12 00:00:00,Thursday,October,Fall,285,6,7,4319
2022-03-15 00:00:00,Tuesday,March,Spring,74,18,19,2580
2025-01-11 00:00:00,Saturday,January,Winter,11,19,20,2507
2023-10-13 00:00:00,Friday,October,Fall,286,15,16,17641
2021-03-12 00:00:00,Friday,March,Spring,71,8,9,10511
2022-04-20 00:00:00,Wednesday,April,Spring,110,5,6,4689
2025-11-17 00:00:00,Monday,November,Fall,321,16,17,8101
2025-04-28 00:00:00,Monday,April,Spring,118,13,14,4939
2020-05-17 00:00:00,Sunday,May,Spring,138,22,23,2263
2024-04-02 00:00:00,Tuesday,April,Spring,93,21,22,8880
2022-05-19 00:00:00,Thursday,May,Spring,139,16,17,7748
2023-12-14 00:00:00,Thursday,December,Winter,348,4,5,7008
2025-07-20 00:00:00,Sunday,July,Summer,201,4,5,4069
2020-07-08 00:00:00,Wednesday,July,Summer,190,10,11,5097
2024-04-26 00:00:00,Friday,April,Spring,117,22,23,3763
2023-08-29 00:00:00,Tuesday,August,Summer,241,17,18,5120
2022-11-17 00:00:00,Thursday,November,Fall,321,23,0,8902
2025-11-20 00:00:00,Thursday,November,Fall,324,4,5,7695
2023-07-11 00:00:00,Tuesday,July,Summer,192,4,5,1935
2021-01-27 00:00:00,Wednesday,January,Winter,27,18,19,4009
2020-10-09 00:00:00,Friday,October,Fall,283,11,12,4222
2021-11-25 00:00:00,Thursday,November,Fall,329,14,15,3710
2020-12-13 00:00:00,Sunday,December,Winter,348,14,15,7343
2020-06-24 00:00:00,Wednesday,June,Summer,176,19,20,3291
2020-10-18 00:00:00,Sunday,October,Fall,292,8,9,1059
2020-04-17 00:00:00,Friday,April,Spring,108,0,1,2220
2022-10-25 00:00:00,Tuesday,October,Fall,298,2,3,5694
2023-03-24 00:00:00,Friday,March,Spring,83,15,16,17590
2022-09-30 00:00:00,Friday,September,Fall,273,19,20,6940
2024-06-01 00:00:00,Saturday,June,Summer,153,5,6,5758
2025-11-10 00:00:00,Monday,November,Fall,314,16,17,9768
2024-02-22 00:00:00,Thursday,February,Winter,53,9,10,17056
2021-09-24 00:00:00,Friday,September,Fall,267,16,17,3933
2023-11-08 00:00:00,Wednesday,November,Fall,312,19,20,14862
2022-07-15 00:00:00,Friday,July,Summer,196,8,9,3844
2024-04-04 00:00:00,Thursday,April,Spring,95,16,17,18160
2025-08-03 00:00:00,Sunday,August,Summer,215,6,7,1968
2020-08-16 00:00:00,Sunday,August,Summer,229,0,1,1831
2023-10-26 00:00:00,Thursday,October,Fall,299,6,7,5403
2023-07-02 00:00:00,Sunday,July,Summer,183,7,8,2703
2022-12-11 00:00:00,Sunday,December,Winter,345,18,19,1499
2022-12-07 00:00:00,Wednesday,December,Winter,341,0,1,2427
2025-05-28 00:00:00,Wednesday,May,Spring,148,9,10,14628
2024-07-04 00:00:00,Thursday,July,Summer,186,11,12,11596
2020-06-20 00:00:00,Saturday,June,Summer,172,14,15,4334
2025-10-27 00:00:00,Monday,October,Fall,300,19,20,9625
2021-02-21 00:00:00,Sunday,February,Winter,52,12,13,9016
2025-01-03 00:00:00,Friday,January,Winter,3,14,15,5219
2025-02-13 00:00:00,Thursday,February,Winter,44,0,1,1016
2021-06-23 00:00:00,Wednesday,June,Summer,174,17,18,4314
2020-08-17 00:00:00,Monday,August,Summer,230,0,1,2055
2023-08-12 00:00:00,Saturday,August,Summer,224,12,13,7944
2025-01-22 00:00:00,Wednesday,January,Winter,22,11,12,6748
2025-09-14 00:00:00,Sunday,September,Fall,257,14,15,7618
2021-11-08 00:00:00,Monday,November,Fall,312,10,11,3832
2021-01-03 00:00:00,Sunday,January,Winter,3,23,0,2060
2021-06-15 00:00:00,Tuesday,June,Summer,166,6,7,1647
2024-11-01 00:00:00,Friday,November,Fall,306,16,17,1612
2024-11-25 00:00:00,Monday,November,Fall,330,11,12,12852
2021-02-21 00:00:00,Sunday,February,Winter,52,17,18,5918
2020-05-15 00:00:00,Friday,May,Spring,136,16,17,5825
2023-11-19 00:00:00,Sunday,November,Fall,323,5,6,11783
2021-06-10 00:00:00,Thursday,June,Summer,161,21,22,1475
2022-07-18 00:00:00,Monday,July,Summer,199,15,16,7346
2021-11-22 00:00:00,Monday,November,Fall,326,4,5,8247
2022-01-18 00:00:00,Tuesday,January,Winter,18,15,16,4530
2025-07-16 00:00:00,Wednesday,July,Summer,197,3,4,7222
2022-01-27 00:00:00,Thursday,January,Winter,27,20,21,3833
2024-03-29 00:00:00,Friday,March,Spring,89,3,4,10394
2025-08-23 00:00:00,Saturday,August,Summer,235,18,19,5153
2023-03-04 00:00:00,Saturday,March,Spring,63,19,20,3414
2022-04-25 00:00:00,Monday,April,Spring,115,4,5,3390
2020-05-25 00:00:00,Monday,May,Spring,146,21,22,2713
2025-06-06 00:00:00,Friday,June,Summer,157,12,13,7272
2020-01-06 00:00:00,Monday,January,Winter,6,0,1,2280
2023-06-30 00:00:00,Friday,June,Summer,181,18,19,8277
2024-09-03 00:00:00,Tuesday,September,Fall,247,8,9,1421
2024-08-10 00:00:00,Saturday,August,Summer,223,12,13,4442
2024-02-12 00:00:00,Monday,February,Winter,43,20,21,3368
2023-07-16 00:00:00,Sunday,July,Summer,197,23,0,2997
2025-04-05 00:00:00,Saturday,April,Spring,95,19,20,6203
2022-08-15 00:00:00,Monday,August,Summer,227,16,17,7560
2021-03-28 00:00:00,Sunday,March,Spring,87,21,22,2629
2024-07-02 00:00:00,Tuesday,July,Summer,184,21,22,3140
2021-10-14 00:00:00,Thursday,October,Fall,287,9,10,3533
2020-03-22 00:00:00,Sunday,March,Spring,82,22,23,9398
2021-04-12 00:00:00,Monday,April,Spring,102,13,14,6529
2020-04-03 00:00:00,Friday,April,Spring,94,1,2,2592
2022-11-28 00:00:00,Monday,November,Fall,332,12,13,4959
2020-10-22 00:00:00,Thursday,October,Fall,296,9,10,5024
2021-03-15 00:00:00,Monday,March,Spring,74,3,4,10923
2025-11-13 00:00:00,Thursday,November,Fall,317,20,21,12001
2022-04-05 00:00:00,Tuesday,April,Spring,95,5,6,6452
2021-04-28 00:00:00,Wednesday,April,Spring,118,14,15,4079
2022-07-24 00:00:00,Sunday,July,Summer,205,6,7,969
2020-09-14 00:00:00,Monday,September,Fall,258,7,8,2828
2020-06-15 00:00:00,Monday,June,Summer,167,4,5,2126
2020-11-01 00:00:00,Sunday,November,Fall,306,19,20,11879
2022-08-16 00:00:00,Tuesday,August,Summer,228,9,10,2904
2021-07-26 00:00:00,Monday,July,Summer,207,4,5,1922
2022-04-04 00:00:00,Monday,April,Spring,94,18,19,11731
2024-12-13 00:00:00,Friday,December,Winter,348,14,15,2515
2020-05-28 00:00:00,Thursday,May,Spring,149,15,16,7608
2022-09-18 00:00:00,Sunday,September,Fall,261,6,7,2221
2024-08-22 00:00:00,Thursday,August,Summer,235,12,13,7995
2022-05-26 00:00:00,Thursday,May,Spring,146,12,13,6717
2025-09-14 00:00:00,Sunday,September,Fall,257,3,4,4181
2020-09-14 00:00:00,Monday,September,Fall,258,8,9,3313
2025-03-16 00:00:00,Sunday,March,Spring,75,19,20,5740
2021-10-01 00:00:00,Friday,October,Fall,274,20,21,4953
2023-04-21 00:00:00,Friday,April,Spring,111,1,2,3355
2022-09-06 00:00:00,Tuesday,September,Fall,249,12,13,6967
2020-03-13 00:00:00,Friday,March,Spring,73,21,22,1697
2022-04-10 00:00:00,Sunday,April,Spring,100,2,3,1338
2022-01-30 00:00:00,Sunday,January,Winter,30,10,11,2888
2022-10-21 00:00:00,Friday,October,Fall,294,15,16,8982
2021-03-04 00:00:00,Thursday,March,Spring,63,9,10,1941
2024-01-22 00:00:00,Monday,January,Winter,22,15,16,16804
2025-01-16 00:00:00,Thursday,January,Winter,16,0,1,3652
2021-11-13 00:00:00,Saturday,November,Fall,317,12,13,5041
2022-06-23 00:00:00,Thursday,June,Summer,174,20,21,1923
2023-12-16 00:00:00,Saturday,December,Winter,350,14,15,4910
2022-04-11 00:00:00,Monday,April,Spring,101,3,4,9882
2021-10-29 00:00:00,Friday,October,Fall,302,14,15,11979
2020-07-09 00:00:00,Thursday,July,Summer,191,7,8,1479
2021-04-25 00:00:00,Sunday,April,Spring,115,15,16,8987
2020-10-09 00:00:00,Friday,October,Fall,283,19,20,2696
2021-11-19 00:00:00,Friday,November,Fall,323,13,14,3762
2022-12-30 00:00:00,Friday,December,Winter,364,6,7,11436
2023-06-13 00:00:00,Tuesday,June,Summer,164,23,0,5004
2020-03-10 00:00:00,Tuesday,March,Spring,70,2,3,12278
2025-04-14 00:00:00,Monday,April,Spring,104,10,11,6031
2024-04-30 00:00:00,Tuesday,April,Spring,121,11,12,7683
2022-09-12 00:00:00,Monday,September,Fall,255,16,17,5140
2022-10-20 00:00:00,Thursday,October,Fall,293,14,15,8558
2023-11-30 00:00:00,Thursday,November,Fall,334,0,1,2128
2020-01-06 00:00:00,Monday,January,Winter,6,23,0,5850
2021-06-13 00:00:00,Sunday,June,Summer,164,18,19,3933
2024-12-07 00:00:00,Saturday,December,Winter,342,15,16,19810
2025-04-10 00:00:00,Thursday,April,Spring,100,1,2,10031
2021-02-21 00:00:00,Sunday,February,Winter,52,10,11,9217
2022-09-20 00:00:00,Tuesday,September,Fall,263,4,5,2045
2025-09-14 00:00:00,Sunday,September,Fall,257,23,0,15838
2020-06-25 00:00:00,Thursday,June,Summer,177,13,14,5081
2022-03-10 00:00:00,Thursday,March,Spring,69,18,19,4082
2025-06-14 00:00:00,Saturday,June,Summer,165,10,11,4291
2021-10-20 00:00:00,Wednesday,October,Fall,293,0,1,10970
2021-08-08 00:00:00,Sunday,August,Summer,220,21,22,3163
2023-02-05 00:00:00,Sunday,February,Winter,36,5,6,4222
2021-08-09 00:00:00,Monday,August,Summer,221,2,3,2945
2025-05-12 00:00:00,Monday,May,Spring,132,8,9,3901
2024-04-19 00:00:00,Friday,April,Spring,110,1,2,5665
2025-04-18 00:00:00,Friday,April,Spring,108,23,0,9612
2023-01-06 00:00:00,Friday,January,Winter,6,16,17,6433
2020-07-17 00:00:00,Friday,July,Summer,199,19,20,2771
2023-07-26 00:00:00,Wednesday,July,Summer,207,23,0,3577
2024-01-23 00:00:00,Tuesday,January,Winter,23,2,3,12747
2020-06-25 00:00:00,Thursday,June,Summer,177,10,11,3414
2024-06-01 00:00:00,Saturday,June,Summer,153,16,17,6915
2024-04-23 00:00:00,Tuesday,April,Spring,114,8,9,4892
2020-07-16 00:00:00,Thursday,July,Summer,198,6,7,1388
2020-05-28 00:00:00,Thursday,May,Spring,149,6,7,3981
2020-04-05 00:00:00,Sunday,April,Spring,96,7,8,7671
2020-01-11 00:00:00,Saturday,January,Winter,11,6,7,2912
2021-06-25 00:00:00,Friday,June,Summer,176,13,14,5806
2020-01-27 00:00:00,Monday,January,Winter,27,14,15,9340
2022-06-12 00:00:00,Sunday,June,Summer,163,9,10,3891
2024-09-05 00:00:00,Thursday,September,Fall,249,11,12,7606
2021-10-12 00:00:00,Tuesday,October,Fall,285,1,2,3046
2025-05-29 00:00:00,Thursday,May,Spring,149,21,22,1207
2022-05-31 00:00:00,Tuesday,May,Spring,151,1,2,2019
2025-10-18 00:00:00,Saturday,October,Fall,291,21,22,6350
2021-02-23 00:00:00,Tuesday,February,Winter,54,10,11,9360
2021-07-05 00:00:00,Monday,July,Summer,186,11,12,7031
2025-09-13 00:00:00,Saturday,September,Fall,256,17,18,12059
2024-03-22 00:00:00,Friday,March,Spring,82,8,9,4072
2024-12-24 00:00:00,Tuesday,December,Winter,359,7,8,3075
2024-06-09 00:00:00,Sunday,June,Summer,161,3,4,3734
2021-01-09 00:00:00,Saturday,January,Winter,9,13,14,6317
2020-06-05 00:00:00,Friday,June,Summer,157,12,13,13242
2025-09-04 00:00:00,Thursday,September,Fall,247,13,14,14863
2023-12-18 00:00:00,Monday,December,Winter,352,16,17,2994
2025-07-09 00:00:00,Wednesday,July,Summer,190,6,7,1676
2024-09-14 00:00:00,Saturday,September,Fall,258,17,18,7606
2025-06-20 00:00:00,Friday,June,Summer,171,19,20,4544
2022-02-11 00:00:00,Friday,February,Winter,42,18,19,1753
2020-04-14 00:00:00,Tuesday,April,Spring,105,16,17,8019
2023-11-23 00:00:00,Thursday,November,Fall,327,11,12,7232
2023-05-06 00:00:00,Saturday,May,Spring,126,8,9,2948
2021-06-09 00:00:00,Wednesday,June,Summer,160,1,2,1569
2020-08-25 00:00:00,Tuesday,August,Summer,238,6,7,3959
2022-02-28 00:00:00,Monday,February,Winter,59,15,16,5659
2024-03-12 00:00:00,Tuesday,March,Spring,72,17,18,10459
2024-07-23 00:00:00,Tuesday,July,Summer,205,21,22,2927
2024-07-19 00:00:00,Friday,July,Summer,201,0,1,1662
2024-02-23 00:00:00,Friday,February,Winter,54,14,15,15612
2022-09-03 00:00:00,Saturday,September,Fall,246,10,11,4020
2023-03-13 00:00:00,Monday,March,Spring,72,1,2,14233
2024-04-13 00:00:00,Saturday,April,Spring,104,7,8,2307
2021-07-30 00:00:00,Friday,July,Summer,211,20,21,8655
2025-01-22 00:00:00,Wednesday,January,Winter,22,9,10,6315
2022-11-06 00:00:00,Sunday,November,Fall,310,23,0,11081
2022-05-15 00:00:00,Sunday,May,Spring,135,9,10,5538
2024-10-09 00:00:00,Wednesday,October,Fall,283,10,11,11747
2020-03-24 00:00:00,Tuesday,March,Spring,84,18,19,4898
2023-12-29 00:00:00,Friday,December,Winter,363,13,14,15847
2024-07-01 00:00:00,Monday,July,Summer,183,0,1,2760
2021-11-24 00:00:00,Wednesday,November,Fall,328,19,20,2095
2024-07-13 00:00:00,Saturday,July,Summer,195,23,0,334
2021-12-01 00:00:00,Wednesday,December,Winter,335,14,15,11647
2020-04-26 00:00:00,Sunday,April,Spring,117,22,23,457
2024-08-16 00:00:00,Friday,August,Summer,229,23,0,1612
2025-04-14 00:00:00,Monday,April,Spring,104,14,15,9083
2021-05-17 00:00:00,Monday,May,Spring,137,17,18,13497
2021-09-19 00:00:00,Sunday,September,Fall,262,15,16,5286
2025-10-24 00:00:00,Friday,October,Fall,297,23,0,14144
2023-10-02 00:00:00,Monday,October,Fall,275,16,17,7676
2020-04-14 00:00:00,Tuesday,April,Spring,105,6,7,6514
2020-02-05 00:00:00,Wednesday,February,Winter,36,13,14,3963
2025-10-21 00:00:00,Tuesday,October,Fall,294,22,23,6166
2022-04-01 00:00:00,Friday,April,Spring,91,7,8,9016
2020-03-21 00:00:00,Saturday,March,Spring,81,4,5,7299
2023-01-02 00:00:00,Monday,January,Winter,2,11,12,6422
2021-02-20 00:00:00,Saturday,February,Winter,51,21,22,12255
2025-08-24 00:00:00,Sunday,August,Summer,236,10,11,4112
2022-05-06 00:00:00,Friday,May,Spring,126,11,12,6911
2024-11-12 00:00:00,Tuesday,November,Fall,317,7,8,10329
2022-12-08 00:00:00,Thursday,December,Winter,342,7,8,1250
2020-04-30 00:00:00,Thursday,April,Spring,121,19,20,11566
2021-05-08 00:00:00,Saturday,May,Spring,128,22,23,5551
2020-04-20 00:00:00,Monday,April,Spring,111,1,2,5535
2022-01-18 00:00:00,Tuesday,January,Winter,18,2,3,2430
2025-02-09 00:00:00,Sunday,February,Winter,40,0,1,3868
2023-12-28 00:00:00,Thursday,December,Winter,362,7,8,13513
2022-01-29 00:00:00,Saturday,January,Winter,29,11,12,9867
2022-11-23 00:00:00,Wednesday,November,Fall,327,8,9,9532
2025-10-19 00:00:00,Sunday,October,Fall,292,10,11,10350
2025-05-14 00:00:00,Wednesday,May,Spring,134,7,8,1719
2023-11-19 00:00:00,Sunday,November,Fall,323,1,2,11829
2022-10-22 00:00:00,Saturday,October,Fall,295,10,11,5156
2025-07-28 00:00:00,Monday,July,Summer,209,3,4,4437
2023-08-19 00:00:00,Saturday,August,Summer,231,5,6,3735
2024-12-15 00:00:00,Sunday,December,Winter,350,0,1,4485
2021-01-11 00:00:00,Monday,January,Winter,11,5,6,2139
2021-05-02 00:00:00,Sunday,May,Spring,122,19,20,1824
2022-11-12 00:00:00,Saturday,November,Fall,316,10,11,5330
2024-05-18 00:00:00,Saturday,May,Spring,139,11,12,4830
2020-01-24 00:00:00,Friday,January,Winter,24,3,4,2178
2024-08-07 00:00:00,Wednesday,August,Summer,220,12,13,7806
2023-12-19 00:00:00,Tuesday,December,Winter,353,7,8,7637
2022-07-29 00:00:00,Friday,July,Summer,210,9,10,1886
2024-04-10 00:00:00,Wednesday,April,Spring,101,7,8,3567
2021-01-08 00:00:00,Friday,January,Winter,8,21,22,934
2024-11-10 00:00:00,Sunday,November,Fall,315,4,5,728
2021-03-23 00:00:00,Tuesday,March,Spring,82,3,4,2297
2024-03-18 00:00:00,Monday,March,Spring,78,7,8,2408
2023-07-18 00:00:00,Tuesday,July,Summer,199,7,8,3248
2025-05-15 00:00:00,Thursday,May,Spring,135,19,20,11522
2022-05-06 00:00:00,Friday,May,Spring,126,14,15,6812
2025-05-17 00:00:00,Saturday,May,Spring,137,12,13,5378
2023-01-25 00:00:00,Wednesday,January,Winter,25,19,20,1865
2023-11-06 00:00:00,Monday,November,Fall,310,20,21,9476
2023-06-04 00:00:00,Sunday,June,Summer,155,10,11,7001
2023-04-17 00:00:00,Monday,April,Spring,107,13,14,10082
2021-02-21 00:00:00,Sunday,February,Winter,52,15,16,7525
2021-02-15 00:00:00,Monday,February,Winter,46,9,10,11289
2023-08-03 00:00:00,Thursday,August,Summer,215,5,6,12714
2025-05-27 00:00:00,Tuesday,May,Spring,147,9,10,13251
2023-05-24 00:00:00,Wednesday,May,Spring,144,5,6,6672
2024-12-16 00:00:00,Monday,December,Winter,351,7,8,7127
2022-09-02 00:00:00,Friday,September,Fall,245,5,6,1940
2025-04-16 00:00:00,Wednesday,April,Spring,106,13,14,7798
2020-06-06 00:00:00,Saturday,June,Summer,158,13,14,10873
2024-08-20 00:00:00,Tuesday,August,Summer,233,9,10,6256
2024-11-13 00:00:00,Wednesday,November,Fall,318,18,19,5201
2023-03-21 00:00:00,Tuesday,March,Spring,80,4,5,4145
2022-04-29 00:00:00,Friday,April,Spring,119,12,13,6673
2023-03-18 00:00:00,Saturday,March,Spring,77,14,15,10327
2020-05-27 00:00:00,Wednesday,May,Spring,148,14,15,6923
2020-11-08 00:00:00,Sunday,November,Fall,313,15,16,2718
2022-09-14 00:00:00,Wednesday,September,Fall,257,2,3,1837
2021-12-15 00:00:00,Wednesday,December,Winter,349,1,2,1197
2020-12-08 00:00:00,Tuesday,December,Winter,343,22,23,2543
2025-07-29 00:00:00,Tuesday,July,Summer,210,6,7,2489
2020-12-26 00:00:00,Saturday,December,Winter,361,0,1,3607
2020-11-06 00:00:00,Friday,November,Fall,311,4,5,6681
2023-03-31 00:00:00,Friday,March,Spring,90,13,14,21624
2023-04-02 00:00:00,Sunday,April,Spring,92,21,22,7144
2022-01-11 00:00:00,Tuesday,January,Winter,11,2,3,2621
2020-03-16 00:00:00,Monday,March,Spring,76,20,21,1348
2021-08-26 00:00:00,Thursday,August,Summer,238,13,14,8454
2023-07-05 00:00:00,Wednesday,July,Summer,186,9,10,10340
2022-05-03 00:00:00,Tuesday,May,Spring,123,8,9,3293
2021-08-10 00:00:00,Tuesday,August,Summer,222,4,5,1235
2020-08-22 00:00:00,Saturday,August,Summer,235,14,15,11599
2022-05-06 00:00:00,Friday,May,Spring,126,3,4,3327
2025-08-26 00:00:00,Tuesday,August,Summer,238,13,14,10719
2021-09-24 00:00:00,Friday,September,Fall,267,17,18,2890
2023-01-03 00:00:00,Tuesday,January,Winter,3,17,18,8994
2023-10-09 00:00:00,Monday,October,Fall,282,7,8,1140
2022-03-15 00:00:00,Tuesday,March,Spring,74,23,0,4205
2022-10-25 00:00:00,Tuesday,October,Fall,298,18,19,4686
2024-12-30 00:00:00,Monday,December,Winter,365,11,12,2963
2023-03-10 00:00:00,Friday,March,Spring,69,17,18,11697
2023-05-06 00:00:00,Saturday,May,Spring,126,13,14,7109
2020-10-10 00:00:00,Saturday,October,Fall,284,9,10,2717
2023-02-19 00:00:00,Sunday,February,Winter,50,18,19,2222
2022-09-13 00:00:00,Tuesday,September,Fall,256,14,15,5433
2023-10-15 00:00:00,Sunday,October,Fall,288,3,4,2777
2022-01-01 00:00:00,Saturday,January,Winter,1,1,2,3210
2021-05-14 00:00:00,Friday,May,Spring,134,12,13,7647
2025-11-04 00:00:00,Tuesday,November,Fall,308,23,0,12730
2024-01-29 00:00:00,Monday,January,Winter,29,3,4,7443
2025-01-13 00:00:00,Monday,January,Winter,13,10,11,7719
2023-07-06 00:00:00,Thursday,July,Summer,187,21,22,868
2020-03-14 00:00:00,Saturday,March,Spring,74,21,22,3347
2023-12-24 00:00:00,Sunday,December,Winter,358,15,16,17075
2025-04-06 00:00:00,Sunday,April,Spring,96,1,2,9135
2024-10-03 00:00:00,Thursday,October,Fall,277,3,4,5240
2022-03-06 00:00:00,Sunday,March,Spring,65,22,23,7705
2022-09-07 00:00:00,Wednesday,September,Fall,250,18,19,4483
2024-01-04 00:00:00,Thursday,January,Winter,4,17,18,11934
2021-03-24 00:00:00,Wednesday,March,Spring,83,8,9,2756
2023-03-31 00:00:00,Friday,March,Spring,90,11,12,20332
2021-02-14 00:00:00,Sunday,February,Winter,45,16,17,9781
2020-11-29 00:00:00,Sunday,November,Fall,334,22,23,2194
2025-05-23 00:00:00,Friday,May,Spring,143,3,4,3654
2024-02-28 00:00:00,Wednesday,February,Winter,59,18,19,3872
2020-08-13 00:00:00,Thursday,August,Summer,226,8,9,1977
2022-02-10 00:00:00,Thursday,February,Winter,41,7,8,5427
2020-05-22 00:00:00,Friday,May,Spring,143,20,21,2791
2020-03-07 00:00:00,Saturday,March,Spring,67,5,6,2626
2025-02-28 00:00:00,Friday,February,Winter,59,22,23,7187
2023-06-17 00:00:00,Saturday,June,Summer,168,10,11,5207
2022-10-08 00:00:00,Saturday,October,Fall,281,21,22,2338
2020-04-26 00:00:00,Sunday,April,Spring,117,16,17,2886
2025-01-21 00:00:00,Tuesday,January,Winter,21,23,0,7139
2024-05-18 00:00:00,Saturday,May,Spring,139,17,18,5382
2023-10-24 00:00:00,Tuesday,October,Fall,297,20,21,5052
2025-09-27 00:00:00,Saturday,September,Fall,270,1,2,475
2025-06-02 00:00:00,Monday,June,Summer,153,1,2,3073
2021-10-13 00:00:00,Wednesday,October,Fall,286,23,0,2129
2022-02-25 00:00:00,Friday,February,Winter,56,15,16,8739
2023-12-24 00:00:00,Sunday,December,Winter,358,10,11,17796
2025-11-19 00:00:00,Wednesday,November,Fall,323,7,8,11799
2023-04-29 00:00:00,Saturday,April,Spring,119,21,22,2588
2023-04-23 00:00:00,Sunday,April,Spring,113,13,14,15150
2021-09-13 00:00:00,Monday,September,Fall,256,10,11,3635
2020-08-17 00:00:00,Monday,August,Summer,230,4,5,1804
2020-03-13 00:00:00,Friday,March,Spring,73,16,17,5262
2021-07-18 00:00:00,Sunday,July,Summer,199,18,19,9318
2025-09-01 00:00:00,Monday,September,Fall,244,17,18,10390
2020-05-25 00:00:00,Monday,May,Spring,146,16,17,5450
2024-11-10 00:00:00,Sunday,November,Fall,315,17,18,1524
2022-09-30 00:00:00,Friday,September,Fall,273,13,14,7262
2021-05-18 00:00:00,Tuesday,May,Spring,138,19,20,3940
2024-08-10 00:00:00,Saturday,August,Summer,223,20,21,1226
2021-03-25 00:00:00,Thursday,March,Spring,84,4,5,1928
2025-10-30 00:00:00,Thursday,October,Fall,303,11,12,9665
2022-10-26 00:00:00,Wednesday,October,Fall,299,1,2,7207
2020-08-27 00:00:00,Thursday,August,Summer,240,13,14,6251
2021-04-27 00:00:00,Tuesday,April,Spring,117,14,15,3324
2025-05-07 00:00:00,Wednesday,May,Spring,127,8,9,7619
2024-06-26 00:00:00,Wednesday,June,Summer,178,11,12,6737
2023-08-09 00:00:00,Wednesday,August,Summer,221,7,8,1969
2022-01-25 00:00:00,Tuesday,January,Winter,25,17,18,267
2020-09-03 00:00:00,Thursday,September,Fall,247,2,3,978
2020-02-11 00:00:00,Tuesday,February,Winter,42,23,0,9400
2022-07-09 00:00:00,Saturday,July,Summer,190,1,2,3653
2024-08-04 00:00:00,Sunday,August,Summer,217,13,14,4818
2022-06-25 00:00:00,Saturday,June,Summer,176,4,5,3209
2024-12-07 00:00:00,Saturday,December,Winter,342,4,5,18556
2020-09-04 00:00:00,Friday,September,Fall,248,8,9,1720
2022-01-01 00:00:00,Saturday,January,Winter,1,19,20,5238
2023-05-08 00:00:00,Monday,May,Spring,128,2,3,1701
2021-04-22 00:00:00,Thursday,April,Spring,112,19,20,5590
2021-02-17 00:00:00,Wednesday,February,Winter,48,0,1,9265
2020-03-03 00:00:00,Tuesday,March,Spring,63,6,7,4440
2023-11-08 00:00:00,Wednesday,November,Fall,312,15,16,16223
2023-08-14 00:00:00,Monday,August,Summer,226,2,3,1693
2023-01-10 00:00:00,Tuesday,January,Winter,10,5,6,7343
2021-12-22 00:00:00,Wednesday,December,Winter,356,20,21,5561
2024-08-10 00:00:00,Saturday,August,Summer,223,2,3,1755
2023-11-14 00:00:00,Tuesday,November,Fall,318,14,15,16988
2024-03-17 00:00:00,Sunday,March,Spring,77,15,16,6096
2021-09-07 00:00:00,Tuesday,September,Fall,250,16,17,6840
2025-11-16 00:00:00,Sunday,November,Fall,320,21,22,4414
2020-07-15 00:00:00,Wednesday,July,Summer,197,22,23,1874
2025-10-08 00:00:00,Wednesday,October,Fall,281,21,22,2608
2025-06-09 00:00:00,Monday,June,Summer,160,23,0,605
2020-07-14 00:00:00,Tuesday,July,Summer,196,3,4,2443
2022-10-09 00:00:00,Sunday,October,Fall,282,6,7,4887
2020-05-28 00:00:00,Thursday,May,Spring,149,1,2,5340
2021-12-25 00:00:00,Saturday,December,Winter,359,15,16,1223
2023-08-02 00:00:00,Wednesday,August,Summer,214,21,22,15855
2021-01-09 00:00:00,Saturday,January,Winter,9,23,0,5323
2022-02-07 00:00:00,Monday,February,Winter,38,22,23,4802
2022-10-24 00:00:00,Monday,October,Fall,297,23,0,7058
2025-05-24 00:00:00,Saturday,May,Spring,144,16,17,14446
2022-01-11 00:00:00,Tuesday,January,Winter,11,8,9,2912
2022-12-21 00:00:00,Wednesday,December,Winter,355,3,4,5032
2024-12-17 00:00:00,Tuesday,December,Winter,352,10,11,5491
2021-01-30 00:00:00,Saturday,January,Winter,30,13,14,8786
2020-10-04 00:00:00,Sunday,October,Fall,278,16,17,11664
2025-05-29 00:00:00,Thursday,May,Spring,149,17,18,8272
2024-11-25 00:00:00,Monday,November,Fall,330,10,11,12969
2020-01-26 00:00:00,Sunday,January,Winter,26,13,14,4437
2023-03-03 00:00:00,Friday,March,Spring,62,22,23,5574
2025-06-02 00:00:00,Monday,June,Summer,153,14,15,6266
2022-06-24 00:00:00,Friday,June,Summer,175,3,4,1971
2024-03-20 00:00:00,Wednesday,March,Spring,80,0,1,1924
2023-10-12 00:00:00,Thursday,October,Fall,285,17,18,5820
2022-09-24 00:00:00,Saturday,September,Fall,267,1,2,1028
2020-02-06 00:00:00,Thursday,February,Winter,37,21,22,5819
2024-06-09 00:00:00,Sunday,June,Summer,161,2,3,3682
2020-04-19 00:00:00,Sunday,April,Spring,110,10,11,2602
2022-09-28 00:00:00,Wednesday,September,Fall,271,14,15,6080
2025-11-28 00:00:00,Friday,November,Fall,332,14,15,8799
2024-10-05 00:00:00,Saturday,October,Fall,279,23,0,8967
2020-07-24 00:00:00,Friday,July,Summer,206,21,22,1760
2022-10-16 00:00:00,Sunday,October,Fall,289,16,17,6721
2020-11-06 00:00:00,Friday,November,Fall,311,22,23,7139
2021-07-02 00:00:00,Friday,July,Summer,183,23,0,1585
2022-04-13 00:00:00,Wednesday,April,Spring,103,15,16,3628
2025-08-02 00:00:00,Saturday,August,Summer,214,14,15,12313
2023-06-25 00:00:00,Sunday,June,Summer,176,22,23,5338
2024-11-30 00:00:00,Saturday,November,Fall,335,7,8,3505
2023-10-02 00:00:00,Monday,October,Fall,275,0,1,2764
2021-04-14 00:00:00,Wednesday,April,Spring,104,21,22,5104
2025-11-07 00:00:00,Friday,November,Fall,311,15,16,6222
2020-02-01 00:00:00,Saturday,February,Winter,32,21,22,9608
2020-04-05 00:00:00,Sunday,April,Spring,96,14,15,8682
2022-12-27 00:00:00,Tuesday,December,Winter,361,4,5,4483
2022-12-28 00:00:00,Wednesday,December,Winter,362,3,4,11901
2024-01-06 00:00:00,Saturday,January,Winter,6,10,11,6893
2021-03-22 00:00:00,Monday,March,Spring,81,11,12,6284
2022-11-26 00:00:00,Saturday,November,Fall,330,19,20,6123
2025-06-09 00:00:00,Monday,June,Summer,160,15,16,4475
2021-11-01 00:00:00,Monday,November,Fall,305,2,3,8845
2023-07-18 00:00:00,Tuesday,July,Summer,199,12,13,6978
2022-01-22 00:00:00,Saturday,January,Winter,22,16,17,3284
2021-06-02 00:00:00,Wednesday,June,Summer,153,3,4,4114
2025-09-30 00:00:00,Tuesday,September,Fall,273,19,20,2032
2022-12-05 00:00:00,Monday,December,Winter,339,15,16,2037
2022-02-25 00:00:00,Friday,February,Winter,56,1,2,7621
2021-11-05 00:00:00,Friday,November,Fall,309,6,7,2977
2025-02-20 00:00:00,Thursday,February,Winter,51,12,13,12416
2024-04-30 00:00:00,Tuesday,April,Spring,121,23,0,3046
2024-10-04 00:00:00,Friday,October,Fall,278,9,10,5064
2022-04-30 00:00:00,Saturday,April,Spring,120,13,14,8450
2020-02-09 00:00:00,Sunday,February,Winter,40,0,1,7722
2024-03-09 00:00:00,Saturday,March,Spring,69,3,4,10327
2025-06-24 00:00:00,Tuesday,June,Summer,175,13,14,6338
2020-06-21 00:00:00,Sunday,June,Summer,173,7,8,2762
2022-04-22 00:00:00,Friday,April,Spring,112,2,3,5531
2025-10-26 00:00:00,Sunday,October,Fall,299,9,10,10764
2024-12-09 00:00:00,Monday,December,Winter,344,2,3,13556
2024-01-02 00:00:00,Tuesday,January,Winter,2,12,13,18685
2023-05-01 00:00:00,Monday,May,Spring,121,0,1,1652
2020-05-10 00:00:00,Sunday,May,Spring,131,8,9,2008
2025-11-01 00:00:00,Saturday,November,Fall,305,22,23,9691
2023-07-04 00:00:00,Tuesday,July,Summer,185,23,0,10440
2023-05-13 00:00:00,Saturday,May,Spring,133,14,15,10482
2020-06-25 00:00:00,Thursday,June,Summer,177,9,10,2861
2020-01-09 00:00:00,Thursday,January,Winter,9,12,13,12336
2024-08-28 00:00:00,Wednesday,August,Summer,241,6,7,2229
2022-02-28 00:00:00,Monday,February,Winter,59,7,8,3898
2021-07-13 00:00:00,Tuesday,July,Summer,194,10,11,5260
2020-12-05 00:00:00,Saturday,December,Winter,340,17,18,6409
2020-03-12 00:00:00,Thursday,March,Spring,72,7,8,8370
2021-04-30 00:00:00,Friday,April,Spring,120,3,4,1412
2022-09-18 00:00:00,Sunday,September,Fall,261,9,10,4392
2025-10-29 00:00:00,Wednesday,October,Fall,302,9,10,7423
2023-04-16 00:00:00,Sunday,April,Spring,106,23,0,3665
2024-05-09 00:00:00,Thursday,May,Spring,130,23,0,5021
2020-09-30 00:00:00,Wednesday,September,Fall,274,18,19,3257
2022-04-29 00:00:00,Friday,April,Spring,119,17,18,5493
2023-11-10 00:00:00,Friday,November,Fall,314,9,10,15079
2025-08-18 00:00:00,Monday,August,Summer,230,0,1,7156
2020-05-12 00:00:00,Tuesday,May,Spring,133,7,8,4993
2022-09-03 00:00:00,Saturday,September,Fall,246,1,2,1685
2021-08-09 00:00:00,Monday,August,Summer,221,18,19,5509
2020-03-13 00:00:00,Friday,March,Spring,73,13,14,7874
2022-05-12 00:00:00,Thursday,May,Spring,132,18,19,3488
2024-08-08 00:00:00,Thursday,August,Summer,221,14,15,9623
2025-10-30 00:00:00,Thursday,October,Fall,303,15,16,8417
2021-09-15 00:00:00,Wednesday,September,Fall,258,23,0,1024
2024-04-12 00:00:00,Friday,April,Spring,103,14,15,4676
2020-06-09 00:00:00,Tuesday,June,Summer,161,8,9,3222
2021-11-12 00:00:00,Friday,November,Fall,316,18,19,4225
2025-03-01 00:00:00,Saturday,March,Spring,60,4,5,6922
2022-05-21 00:00:00,Saturday,May,Spring,141,18,19,2628
2025-08-28 00:00:00,Thursday,August,Summer,240,1,2,2454
2025-07-27 00:00:00,Sunday,July,Summer,208,5,6,1786
2021-07-20 00:00:00,Tuesday,July,Summer,201,16,17,5834
2022-06-28 00:00:00,Tuesday,June,Summer,179,6,7,1388
2025-09-21 00:00:00,Sunday,September,Fall,264,4,5,5062
2024-11-03 00:00:00,Sunday,November,Fall,308,2,3,3552
2024-11-19 00:00:00,Tuesday,November,Fall,324,9,10,18956
2024-10-22 00:00:00,Tuesday,October,Fall,296,1,2,3568
2020-04-22 00:00:00,Wednesday,April,Spring,113,18,19,2865
2023-10-13 00:00:00,Friday,October,Fall,286,10,11,15112
2023-10-12 00:00:00,Thursday,October,Fall,285,12,13,8411
2022-05-05 00:00:00,Thursday,May,Spring,125,14,15,6026
2020-12-22 00:00:00,Tuesday,December,Winter,357,16,17,6752
2024-07-07 00:00:00,Sunday,July,Summer,189,10,11,5126
2022-04-28 00:00:00,Thursday,April,Spring,118,22,23,5002
2022-03-19 00:00:00,Saturday,March,Spring,78,21,22,9680
2025-02-05 00:00:00,Wednesday,February,Winter,36,19,20,3259
2020-03-30 00:00:00,Monday,March,Spring,90,16,17,12305
2024-10-06 00:00:00,Sunday,October,Fall,280,20,21,8224
2025-07-18 00:00:00,Friday,July,Summer,199,23,0,3802
2021-06-22 00:00:00,Tuesday,June,Summer,173,13,14,7084
2025-03-09 00:00:00,Sunday,March,Spring,68,20,21,2682
2020-07-06 00:00:00,Monday,July,Summer,188,3,4,5654
2023-01-21 00:00:00,Saturday,January,Winter,21,0,1,5918
2025-10-20 00:00:00,Monday,October,Fall,293,3,4,11753
2021-05-09 00:00:00,Sunday,May,Spring,129,14,15,11238
2023-09-10 00:00:00,Sunday,September,Fall,253,21,22,2358
2024-08-04 00:00:00,Sunday,August,Summer,217,6,7,1962
2023-02-20 00:00:00,Monday,February,Winter,51,8,9,3465
2025-10-06 00:00:00,Monday,October,Fall,279,9,10,4871
2020-10-31 00:00:00,Saturday,October,Fall,305,0,1,1716
2022-06-02 00:00:00,Thursday,June,Summer,153,3,4,4245
2021-07-01 00:00:00,Thursday,July,Summer,182,20,21,1001
2024-10-05 00:00:00,Saturday,October,Fall,279,11,12,8795
2023-08-21 00:00:00,Monday,August,Summer,233,12,13,6981
2023-10-31 00:00:00,Tuesday,October,Fall,304,15,16,10888
2020-12-24 00:00:00,Thursday,December,Winter,359,17,18,9299
2024-10-29 00:00:00,Tuesday,October,Fall,303,0,1,2034
2020-01-20 00:00:00,Monday,January,Winter,20,6,7,5969
2022-07-27 00:00:00,Wednesday,July,Summer,208,2,3,2863
2023-09-23 00:00:00,Saturday,September,Fall,266,22,23,1134
2023-05-17 00:00:00,Wednesday,May,Spring,137,21,22,7154
2021-05-15 00:00:00,Saturday,May,Spring,135,13,14,10329
2021-10-24 00:00:00,Sunday,October,Fall,297,0,1,3903
2025-05-23 00:00:00,Friday,May,Spring,143,7,8,3940
2023-07-31 00:00:00,Monday,July,Summer,212,17,18,16164
2023-10-11 00:00:00,Wednesday,October,Fall,284,7,8,2966
2022-05-01 00:00:00,Sunday,May,Spring,121,18,19,3553
2025-07-10 00:00:00,Thursday,July,Summer,191,7,8,2663
2024-01-05 00:00:00,Friday,January,Winter,5,5,6,10179
2020-09-08 00:00:00,Tuesday,September,Fall,252,0,1,1596
2023-03-23 00:00:00,Thursday,March,Spring,82,20,21,13963
2023-04-01 00:00:00,Saturday,April,Spring,91,2,3,16591
2025-02-18 00:00:00,Tuesday,February,Winter,49,15,16,9155
2020-10-14 00:00:00,Wednesday,October,Fall,288,12,13,5761
2024-08-21 00:00:00,Wednesday,August,Summer,234,0,1,7150
2025-11-13 00:00:00,Thursday,November,Fall,317,4,5,11401
2022-09-19 00:00:00,Monday,September,Fall,262,15,16,7972
2023-07-26 00:00:00,Wednesday,July,Summer,207,22,23,2678
2021-01-14 00:00:00,Thursday,January,Winter,14,7,8,7248
2020-12-01 00:00:00,Tuesday,December,Winter,336,2,3,7535
2024-02-27 00:00:00,Tuesday,February,Winter,58,6,7,11867
2020-01-13 00:00:00,Monday,January,Winter,13,5,6,2719
2022-01-07 00:00:00,Friday,January,Winter,7,0,1,9092
2022-10-03 00:00:00,Monday,October,Fall,276,15,16,5116
2022-11-15 00:00:00,Tuesday,November,Fall,319,0,1,6758
2022-09-01 00:00:00,Thursday,September,Fall,244,5,6,2865
2021-07-27 00:00:00,Tuesday,July,Summer,208,2,3,1685
2021-07-11 00:00:00,Sunday,July,Summer,192,13,14,5042
2022-03-29 00:00:00,Tuesday,March,Spring,88,10,11,3254
2024-04-03 00:00:00,Wednesday,April,Spring,94,13,14,18128
2023-04-19 00:00:00,Wednesday,April,Spring,109,7,8,6823
2021-10-25 00:00:00,Monday,October,Fall,298,3,4,2690
2023-06-18 00:00:00,Sunday,June,Summer,169,20,21,4451
2023-02-14 00:00:00,Tuesday,February,Winter,45,21,22,4662
2025-03-23 00:00:00,Sunday,March,Spring,82,22,23,1259
2025-06-27 00:00:00,Friday,June,Summer,178,17,18,9125
2022-08-28 00:00:00,Sunday,August,Summer,240,12,13,8898
2023-07-11 00:00:00,Tuesday,July,Summer,192,5,6,1999
2020-09-09 00:00:00,Wednesday,September,Fall,253,8,9,1078
2024-06-28 00:00:00,Friday,June,Summer,180,18,19,4290
2020-07-29 00:00:00,Wednesday,July,Summer,211,9,10,2120
2023-07-09 00:00:00,Sunday,July,Summer,190,16,17,6674
2024-03-16 00:00:00,Saturday,March,Spring,76,18,19,1211
2023-05-14 00:00:00,Sunday,May,Spring,134,10,11,6013
2025-06-13 00:00:00,Friday,June,Summer,164,2,3,1801
2022-11-09 00:00:00,Wednesday,November,Fall,313,5,6,8441
2022-04-06 00:00:00,Wednesday,April,Spring,96,6,7,5141
2025-08-08 00:00:00,Friday,August,Summer,220,15,16,4706
2025-10-04 00:00:00,Saturday,October,Fall,277,7,8,17338
2020-10-25 00:00:00,Sunday,October,Fall,299,2,3,10696
2021-07-18 00:00:00,Sunday,July,Summer,199,8,9,4398
2021-08-13 00:00:00,Friday,August,Summer,225,18,19,2862
2023-11-04 00:00:00,Saturday,November,Fall,308,22,23,14865
2020-10-27 00:00:00,Tuesday,October,Fall,301,20,21,10606
2023-03-05 00:00:00,Sunday,March,Spring,64,21,22,1000
2022-11-14 00:00:00,Monday,November,Fall,318,0,1,3434
2020-09-10 00:00:00,Thursday,September,Fall,254,22,23,2229
2024-04-20 00:00:00,Saturday,April,Spring,111,15,16,8412
2021-02-15 00:00:00,Monday,February,Winter,46,11,12,12188
2024-04-24 00:00:00,Wednesday,April,Spring,115,11,12,9813
2023-03-14 00:00:00,Tuesday,March,Spring,73,9,10,17911
2022-02-08 00:00:00,Tuesday,February,Winter,39,16,17,4263
2025-01-08 00:00:00,Wednesday,January,Winter,8,15,16,12406
2023-12-04 00:00:00,Monday,December,Winter,338,2,3,13067
2025-06-29 00:00:00,Sunday,June,Summer,180,21,22,2788
2025-11-21 00:00:00,Friday,November,Fall,325,0,1,4327
2021-07-18 00:00:00,Sunday,July,Summer,199,11,12,7976
2024-12-18 00:00:00,Wednesday,December,Winter,353,5,6,13902
2024-12-28 00:00:00,Saturday,December,Winter,363,11,12,4030
2020-08-04 00:00:00,Tuesday,August,Summer,217,13,14,5530
2024-09-21 00:00:00,Saturday,September,Fall,265,11,12,7327
2020-03-25 00:00:00,Wednesday,March,Spring,85,2,3,6439
2021-05-09 00:00:00,Sunday,May,Spring,129,17,18,11507
2023-07-30 00:00:00,Sunday,July,Summer,211,17,18,12058
2022-07-04 00:00:00,Monday,July,Summer,185,13,14,5745
2021-07-05 00:00:00,Monday,July,Summer,186,9,10,4747
2023-02-13 00:00:00,Monday,February,Winter,44,13,14,6722
2020-09-27 00:00:00,Sunday,September,Fall,271,5,6,11489
2025-08-26 00:00:00,Tuesday,August,Summer,238,22,23,2770
2025-01-28 00:00:00,Tuesday,January,Winter,28,19,20,19186
2023-09-05 00:00:00,Tuesday,September,Fall,248,20,21,1711
2020-06-06 00:00:00,Saturday,June,Summer,158,19,20,7194
2023-09-21 00:00:00,Thursday,September,Fall,264,0,1,11271
2021-01-06 00:00:00,Wednesday,January,Winter,6,4,5,1309
2021-06-21 00:00:00,Monday,June,Summer,172,17,18,4642
2020-04-30 00:00:00,Thursday,April,Spring,121,1,2,6717
2024-12-05 00:00:00,Thursday,December,Winter,340,6,7,11663
2022-08-11 00:00:00,Thursday,August,Summer,223,6,7,4434
2023-04-03 00:00:00,Monday,April,Spring,93,17,18,10376
2024-10-09 00:00:00,Wednesday,October,Fall,283,2,3,11147
2021-11-05 00:00:00,Friday,November,Fall,309,14,15,3837
2020-02-19 00:00:00,Wednesday,February,Winter,50,15,16,7030
2024-03-21 00:00:00,Thursday,March,Spring,81,15,16,6064
2021-05-04 00:00:00,Tuesday,May,Spring,124,3,4,13060
2020-07-20 00:00:00,Monday,July,Summer,202,2,3,2745
2020-04-21 00:00:00,Tuesday,April,Spring,112,12,13,5274
2021-09-28 00:00:00,Tuesday,September,Fall,271,22,23,5083
2023-11-16 00:00:00,Thursday,November,Fall,320,8,9,8890
2023-11-16 00:00:00,Thursday,November,Fall,320,10,11,10601
2021-09-05 00:00:00,Sunday,September,Fall,248,12,13,4826
2024-10-30 00:00:00,Wednesday,October,Fall,304,10,11,4815
2021-10-14 00:00:00,Thursday,October,Fall,287,7,8,1998
2024-11-27 00:00:00,Wednesday,November,Fall,332,11,12,18995
2022-07-19 00:00:00,Tuesday,July,Summer,200,14,15,11456
2020-03-18 00:00:00,Wednesday,March,Spring,78,7,8,920
2020-08-02 00:00:00,Sunday,August,Summer,215,20,21,3476
2023-10-08 00:00:00,Sunday,October,Fall,281,22,23,914
2021-01-18 00:00:00,Monday,January,Winter,18,0,1,2046
2023-05-01 00:00:00,Monday,May,Spring,121,5,6,2281
2023-03-27 00:00:00,Monday,March,Spring,86,13,14,7984
2024-09-12 00:00:00,Thursday,September,Fall,256,17,18,9890
2021-06-27 00:00:00,Sunday,June,Summer,178,11,12,2797
2023-04-29 00:00:00,Saturday,April,Spring,119,10,11,3294
2020-02-14 00:00:00,Friday,February,Winter,45,20,21,5101
2020-05-28 00:00:00,Thursday,May,Spring,149,20,21,4584
2020-10-23 00:00:00,Friday,October,Fall,297,21,22,5272
2021-02-09 00:00:00,Tuesday,February,Winter,40,11,12,3261
2020-05-18 00:00:00,Monday,May,Spring,139,17,18,4683
2020-02-16 00:00:00,Sunday,February,Winter,47,5,6,11933
2021-01-17 00:00:00,Sunday,January,Winter,17,5,6,5132
2020-08-22 00:00:00,Saturday,August,Summer,235,15,16,11377
2023-12-02 00:00:00,Saturday,December,Winter,336,15,16,3287
2024-11-19 00:00:00,Tuesday,November,Fall,324,6,7,17507
2022-01-20 00:00:00,Thursday,January,Winter,20,23,0,5476
2021-08-12 00:00:00,Thursday,August,Summer,224,4,5,537
2022-04-12 00:00:00,Tuesday,April,Spring,102,23,0,2391
2024-09-20 00:00:00,Friday,September,Fall,264,1,2,6934
2020-07-24 00:00:00,Friday,July,Summer,206,6,7,1623
2023-07-31 00:00:00,Monday,July,Summer,212,8,9,10483
2021-05-07 00:00:00,Friday,May,Spring,127,15,16,5300
2022-06-19 00:00:00,Sunday,June,Summer,170,15,16,12780
2020-04-26 00:00:00,Sunday,April,Spring,117,21,22,507
2023-05-02 00:00:00,Tuesday,May,Spring,122,9,10,5328
2021-11-06 00:00:00,Saturday,November,Fall,310,10,11,4862
2022-01-11 00:00:00,Tuesday,January,Winter,11,9,10,3441
2023-05-26 00:00:00,Friday,May,Spring,146,12,13,12036
2024-09-22 00:00:00,Sunday,September,Fall,266,9,10,3944
2023-09-04 00:00:00,Monday,September,Fall,247,9,10,7654
2022-05-03 00:00:00,Tuesday,May,Spring,123,0,1,5334
2025-06-15 00:00:00,Sunday,June,Summer,166,12,13,3841
2021-12-18 00:00:00,Saturday,December,Winter,352,6,7,6087
2021-08-02 00:00:00,Monday,August,Summer,214,11,12,4320
2025-08-16 00:00:00,Saturday,August,Summer,228,6,7,7143
2025-06-29 00:00:00,Sunday,June,Summer,180,14,15,4565
2022-02-21 00:00:00,Monday,February,Winter,52,7,8,14866
2025-06-07 00:00:00,Saturday,June,Summer,158,21,22,11062
2025-04-20 00:00:00,Sunday,April,Spring,110,15,16,4558
2023-07-23 00:00:00,Sunday,July,Summer,204,2,3,9075
2025-02-21 00:00:00,Friday,February,Winter,52,15,16,15714
2022-10-19 00:00:00,Wednesday,October,Fall,292,19,20,7944
2024-01-27 00:00:00,Saturday,January,Winter,27,0,1,1873
2021-02-11 00:00:00,Thursday,February,Winter,42,8,9,6113
2023-02-13 00:00:00,Monday,February,Winter,44,21,22,2677
2024-12-06 00:00:00,Friday,December,Winter,341,8,9,13192
2023-01-29 00:00:00,Sunday,January,Winter,29,5,6,1135
2023-04-22 00:00:00,Saturday,April,Spring,112,5,6,4828
2025-02-14 00:00:00,Friday,February,Winter,45,16,17,7129
2021-10-24 00:00:00,Sunday,October,Fall,297,23,0,3283
2025-09-29 00:00:00,Monday,September,Fall,272,8,9,2578
2020-01-20 00:00:00,Monday,January,Winter,20,10,11,6095
2022-01-26 00:00:00,Wednesday,January,Winter,26,13,14,3768
2020-04-06 00:00:00,Monday,April,Spring,97,0,1,7724
2020-01-31 00:00:00,Friday,January,Winter,31,3,4,7998
2022-08-31 00:00:00,Wednesday,August,Summer,243,5,6,2234
2023-04-01 00:00:00,Saturday,April,Spring,91,1,2,16915
2022-11-01 00:00:00,Tuesday,November,Fall,305,15,16,13662
2024-07-30 00:00:00,Tuesday,July,Summer,212,22,23,2503
2025-04-08 00:00:00,Tuesday,April,Spring,98,19,20,2749
2024-09-10 00:00:00,Tuesday,September,Fall,254,20,21,11651
2020-10-31 00:00:00,Saturday,October,Fall,305,9,10,8194
2024-05-07 00:00:00,Tuesday,May,Spring,128,9,10,5090
2021-04-19 00:00:00,Monday,April,Spring,109,0,1,1780
2023-03-12 00:00:00,Sunday,March,Spring,71,18,19,9795
2023-11-19 00:00:00,Sunday,November,Fall,323,9,10,13588
2023-02-14 00:00:00,Tuesday,February,Winter,45,14,15,6281
2020-10-08 00:00:00,Thursday,October,Fall,282,23,0,3679
2024-12-04 00:00:00,Wednesday,December,Winter,339,18,19,3938
2022-08-02 00:00:00,Tuesday,August,Summer,214,5,6,1216
2021-09-05 00:00:00,Sunday,September,Fall,248,2,3,570
2024-01-03 00:00:00,Wednesday,January,Winter,3,20,21,17729
2023-06-02 00:00:00,Friday,June,Summer,153,11,12,10821
2024-12-05 00:00:00,Thursday,December,Winter,340,14,15,16998
2022-05-29 00:00:00,Sunday,May,Spring,149,2,3,6015
2023-08-03 00:00:00,Thursday,August,Summer,215,17,18,9503
2020-08-31 00:00:00,Monday,August,Summer,244,11,12,4591
2021-01-27 00:00:00,Wednesday,January,Winter,27,13,14,5439
2020-08-01 00:00:00,Saturday,August,Summer,214,8,9,2389
2021-07-13 00:00:00,Tuesday,July,Summer,194,5,6,2739
2021-12-05 00:00:00,Sunday,December,Winter,339,4,5,7154
2022-11-04 00:00:00,Friday,November,Fall,308,20,21,6038
2022-10-10 00:00:00,Monday,October,Fall,283,11,12,4346
2023-12-08 00:00:00,Friday,December,Winter,342,6,7,4441
2023-11-19 00:00:00,Sunday,November,Fall,323,23,0,12031
2024-02-19 00:00:00,Monday,February,Winter,50,22,23,4808
2024-03-11 00:00:00,Monday,March,Spring,71,18,19,6774
2022-12-02 00:00:00,Friday,December,Winter,336,21,22,6439
2024-09-15 00:00:00,Sunday,September,Fall,259,13,14,6509
2025-05-13 00:00:00,Tuesday,May,Spring,133,12,13,4040
2024-08-16 00:00:00,Friday,August,Summer,229,3,4,3495
2022-07-04 00:00:00,Monday,July,Summer,185,18,19,4726
2021-12-17 00:00:00,Friday,December,Winter,351,22,23,7175
2022-05-03 00:00:00,Tuesday,May,Spring,123,17,18,4686
2022-11-01 00:00:00,Tuesday,November,Fall,305,19,20,11571
2025-10-23 00:00:00,Thursday,October,Fall,296,1,2,18781
2020-06-02 00:00:00,Tuesday,June,Summer,154,7,8,1582
2023-07-30 00:00:00,Sunday,July,Summer,211,6,7,5034
2024-10-18 00:00:00,Friday,October,Fall,292,10,11,3726
2021-01-24 00:00:00,Sunday,January,Winter,24,17,18,7785
2024-06-07 00:00:00,Friday,June,Summer,159,18,19,3850
2022-09-17 00:00:00,Saturday,September,Fall,260,6,7,5298
2023-08-01 00:00:00,Tuesday,August,Summer,213,14,15,16261
2024-08-09 00:00:00,Friday,August,Summer,222,2,3,4379
2025-04-01 00:00:00,Tuesday,April,Spring,91,0,1,10918
2020-10-12 00:00:00,Monday,October,Fall,286,8,9,1885
2021-12-29 00:00:00,Wednesday,December,Winter,363,17,18,13972
2025-09-20 00:00:00,Saturday,September,Fall,263,13,14,14676
2023-01-20 00:00:00,Friday,January,Winter,20,11,12,5568
2025-10-16 00:00:00,Thursday,October,Fall,289,3,4,4675
2024-10-24 00:00:00,Thursday,October,Fall,298,9,10,6471
2021-11-19 00:00:00,Friday,November,Fall,323,20,21,1780
2021-12-16 00:00:00,Thursday,December,Winter,350,12,13,5603
2022-05-08 00:00:00,Sunday,May,Spring,128,7,8,3729
2024-11-18 00:00:00,Monday,November,Fall,323,8,9,8868
2024-07-22 00:00:00,Monday,July,Summer,204,3,4,3600
2021-11-10 00:00:00,Wednesday,November,Fall,314,9,10,1404
2021-04-30 00:00:00,Friday,April,Spring,120,21,22,1194
2024-11-15 00:00:00,Friday,November,Fall,320,23,0,1734
2021-06-04 00:00:00,Friday,June,Summer,155,5,6,1719
2020-03-16 00:00:00,Monday,March,Spring,76,22,23,1639
2022-01-20 00:00:00,Thursday,January,Winter,20,20,21,5362
2022-03-12 00:00:00,Saturday,March,Spring,71,7,8,6226
2025-10-29 00:00:00,Wednesday,October,Fall,302,18,19,8314
2021-09-26 00:00:00,Sunday,September,Fall,269,5,6,2237
2022-07-08 00:00:00,Friday,July,Summer,189,15,16,9095
2021-12-04 00:00:00,Saturday,December,Winter,338,0,1,9482
2023-10-13 00:00:00,Friday,October,Fall,286,23,0,14400
2023-11-18 00:00:00,Saturday,November,Fall,322,22,23,12095
2023-11-07 00:00:00,Tuesday,November,Fall,311,6,7,6851
2022-09-02 00:00:00,Friday,September,Fall,245,19,20,1443
2024-02-23 00:00:00,Friday,February,Winter,54,9,10,15039
2020-09-05 00:00:00,Saturday,September,Fall,249,4,5,2634
2025-11-01 00:00:00,Saturday,November,Fall,305,6,7,14454
2025-11-18 00:00:00,Tuesday,November,Fall,322,19,20,7882
2021-05-27 00:00:00,Thursday,May,Spring,147,17,18,3912
2021-02-11 00:00:00,Thursday,February,Winter,42,15,16,8683
2022-08-31 00:00:00,Wednesday,August,Summer,243,20,21,2951
2023-06-21 00:00:00,Wednesday,June,Summer,172,15,16,4753
2022-08-30 00:00:00,Tuesday,August,Summer,242,22,23,3271
2021-10-11 00:00:00,Monday,October,Fall,284,20,21,3153
2023-10-07 00:00:00,Saturday,October,Fall,280,23,0,3526
2020-08-27 00:00:00,Thursday,August,Summer,240,23,0,7497
2021-07-22 00:00:00,Thursday,July,Summer,203,9,10,2992
2024-08-01 00:00:00,Thursday,August,Summer,214,1,2,1611
2021-06-01 00:00:00,Tuesday,June,Summer,152,21,22,3763
2021-09-21 00:00:00,Tuesday,September,Fall,264,14,15,5163
2024-09-09 00:00:00,Monday,September,Fall,253,5,6,8521
2025-01-31 00:00:00,Friday,January,Winter,31,12,13,8937
2025-06-03 00:00:00,Tuesday,June,Summer,154,6,7,2426
2021-06-25 00:00:00,Friday,June,Summer,176,12,13,5768
2022-06-18 00:00:00,Saturday,June,Summer,169,7,8,2323
2023-02-26 00:00:00,Sunday,February,Winter,57,18,19,15728
2022-03-11 00:00:00,Friday,March,Spring,70,21,22,10519
2022-06-01 00:00:00,Wednesday,June,Summer,152,17,18,5214
2022-06-19 00:00:00,Sunday,June,Summer,170,7,8,6948
2022-09-08 00:00:00,Thursday,September,Fall,251,10,11,8695
2022-08-02 00:00:00,Tuesday,August,Summer,214,1,2,1310
2024-11-26 00:00:00,Tuesday,November,Fall,331,1,2,6445
2023-12-13 00:00:00,Wednesday,December,Winter,347,6,7,7828
2025-07-12 00:00:00,Saturday,July,Summer,193,20,21,3909
2022-10-16 00:00:00,Sunday,October,Fall,289,18,19,4704
2020-04-12 00:00:00,Sunday,April,Spring,103,21,22,2322
2023-12-25 00:00:00,Monday,December,Winter,359,16,17,12230
2021-06-18 00:00:00,Friday,June,Summer,169,17,18,9367
2023-10-18 00:00:00,Wednesday,October,Fall,291,1,2,10499
2022-01-12 00:00:00,Wednesday,January,Winter,12,11,12,4584
2023-04-29 00:00:00,Saturday,April,Spring,119,22,23,2714
2021-09-21 00:00:00,Tuesday,September,Fall,264,23,0,3306
2023-08-08 00:00:00,Tuesday,August,Summer,220,12,13,9733
2021-08-01 00:00:00,Sunday,August,Summer,213,4,5,2348
2020-02-10 00:00:00,Monday,February,Winter,41,21,22,12959
2020-10-31 00:00:00,Saturday,October,Fall,305,4,5,3069
2024-12-31 00:00:00,Tuesday,December,Winter,366,17,18,9036
2023-10-28 00:00:00,Saturday,October,Fall,301,4,5,11930
2025-07-19 00:00:00,Saturday,July,Summer,200,1,2,4635
2023-09-15 00:00:00,Friday,September,Fall,258,19,20,2659
2021-07-12 00:00:00,Monday,July,Summer,193,7,8,2324
2020-11-28 00:00:00,Saturday,November,Fall,333,13,14,3710
2023-01-10 00:00:00,Tuesday,January,Winter,10,14,15,15777
2021-12-13 00:00:00,Monday,December,Winter,347,1,2,1678
2021-12-23 00:00:00,Thursday,December,Winter,357,13,14,8130
2024-12-13 00:00:00,Friday,December,Winter,348,9,10,2960
2022-04-19 00:00:00,Tuesday,April,Spring,109,3,4,2818
2023-08-30 00:00:00,Wednesday,August,Summer,242,23,0,3483
2023-03-14 00:00:00,Tuesday,March,Spring,73,22,23,5023
2022-05-06 00:00:00,Friday,May,Spring,126,18,19,4837
2025-03-23 00:00:00,Sunday,March,Spring,82,8,9,5996
2022-01-16 00:00:00,Sunday,January,Winter,16,3,4,1801
2023-08-26 00:00:00,Saturday,August,Summer,238,0,1,2861
2025-04-17 00:00:00,Thursday,April,Spring,107,3,4,2565
2025-04-10 00:00:00,Thursday,April,Spring,100,10,11,10273
2021-08-23 00:00:00,Monday,August,Summer,235,21,22,5030
2023-11-21 00:00:00,Tuesday,November,Fall,325,15,16,7176
2024-08-18 00:00:00,Sunday,August,Summer,231,19,20,5352
2024-11-04 00:00:00,Monday,November,Fall,309,3,4,2776
2021-08-07 00:00:00,Saturday,August,Summer,219,2,3,3294
2022-11-27 00:00:00,Sunday,November,Fall,331,15,16,6839
2021-03-27 00:00:00,Saturday,March,Spring,86,2,3,9516
2022-03-12 00:00:00,Saturday,March,Spring,71,22,23,9748
2025-10-17 00:00:00,Friday,October,Fall,290,5,6,5096
2025-04-10 00:00:00,Thursday,April,Spring,100,17,18,10743
2022-08-21 00:00:00,Sunday,August,Summer,233,0,1,791
2021-02-11 00:00:00,Thursday,February,Winter,42,6,7,5196
2021-03-31 00:00:00,Wednesday,March,Spring,90,23,0,1435
2020-06-19 00:00:00,Friday,June,Summer,171,6,7,1906
2020-02-26 00:00:00,Wednesday,February,Winter,57,13,14,13169
2023-10-21 00:00:00,Saturday,October,Fall,294,11,12,20374
2023-11-07 00:00:00,Tuesday,November,Fall,311,8,9,8207
2025-07-29 00:00:00,Tuesday,July,Summer,210,0,1,3104
2020-02-19 00:00:00,Wednesday,February,Winter,50,10,11,7379
2023-04-03 00:00:00,Monday,April,Spring,93,13,14,11458
2021-02-25 00:00:00,Thursday,February,Winter,56,19,20,1854
2021-02-25 00:00:00,Thursday,February,Winter,56,2,3,5371
2024-09-28 00:00:00,Saturday,September,Fall,272,11,12,8533
2023-02-22 00:00:00,Wednesday,February,Winter,53,14,15,3581
2025-03-05 00:00:00,Wednesday,March,Spring,64,11,12,9526
2023-09-11 00:00:00,Monday,September,Fall,254,1,2,2249
2020-12-06 00:00:00,Sunday,December,Winter,341,20,21,1761
2025-10-03 00:00:00,Friday,October,Fall,276,14,15,11497
2022-11-28 00:00:00,Monday,November,Fall,332,4,5,4489
2020-05-03 00:00:00,Sunday,May,Spring,124,22,23,705
2021-02-19 00:00:00,Friday,February,Winter,50,13,14,8744
2020-01-16 00:00:00,Thursday,January,Winter,16,16,17,9123
2021-11-18 00:00:00,Thursday,November,Fall,322,13,14,3746
2022-12-13 00:00:00,Tuesday,December,Winter,347,6,7,6219
2021-05-26 00:00:00,Wednesday,May,Spring,146,12,13,10892
2020-05-28 00:00:00,Thursday,May,Spring,149,22,23,6074
2022-05-16 00:00:00,Monday,May,Spring,136,22,23,599
2021-02-08 00:00:00,Monday,February,Winter,39,10,11,2084
2022-08-25 00:00:00,Thursday,August,Summer,237,12,13,6443
2024-03-12 00:00:00,Tuesday,March,Spring,72,0,1,5402
2022-03-08 00:00:00,Tuesday,March,Spring,67,21,22,5703
2025-04-06 00:00:00,Sunday,April,Spring,96,22,23,10147
2023-12-01 00:00:00,Friday,December,Winter,335,21,22,5091
2024-02-01 00:00:00,Thursday,February,Winter,32,13,14,3991
2021-03-19 00:00:00,Friday,March,Spring,78,5,6,5515
2020-11-22 00:00:00,Sunday,November,Fall,327,2,3,2036
2023-01-29 00:00:00,Sunday,January,Winter,29,6,7,1089
2020-02-03 00:00:00,Monday,February,Winter,34,23,0,10296
2025-08-22 00:00:00,Friday,August,Summer,234,22,23,3100
2023-12-30 00:00:00,Saturday,December,Winter,364,21,22,14946
2020-06-14 00:00:00,Sunday,June,Summer,166,6,7,2981
2025-05-20 00:00:00,Tuesday,May,Spring,140,11,12,7909
2021-05-27 00:00:00,Thursday,May,Spring,147,19,20,1951
2024-11-28 00:00:00,Thursday,November,Fall,333,12,13,5112
2025-06-12 00:00:00,Thursday,June,Summer,163,20,21,2592
2021-12-02 00:00:00,Thursday,December,Winter,336,4,5,6595
2023-04-06 00:00:00,Thursday,April,Spring,96,1,2,1240
2022-08-29 00:00:00,Monday,August,Summer,241,21,22,5149
2024-04-22 00:00:00,Monday,April,Spring,113,2,3,7693
2022-04-07 00:00:00,Thursday,April,Spring,97,21,22,13300
2020-08-17 00:00:00,Monday,August,Summer,230,8,9,2329
2020-04-08 00:00:00,Wednesday,April,Spring,99,0,1,3294
2022-06-27 00:00:00,Monday,June,Summer,178,2,3,1132
2022-11-08 00:00:00,Tuesday,November,Fall,312,13,14,13921
2024-07-27 00:00:00,Saturday,July,Summer,209,1,2,418
2025-08-05 00:00:00,Tuesday,August,Summer,217,16,17,7613
2020-05-01 00:00:00,Friday,May,Spring,122,10,11,8012
2022-06-22 00:00:00,Wednesday,June,Summer,173,5,6,3322
2020-01-10 00:00:00,Friday,January,Winter,10,0,1,9719
2024-02-26 00:00:00,Monday,February,Winter,57,3,4,9462
2023-08-03 00:00:00,Thursday,August,Summer,215,18,19,7651
2020-11-06 00:00:00,Friday,November,Fall,311,0,1,7462
2025-05-12 00:00:00,Monday,May,Spring,132,18,19,4886
2023-02-04 00:00:00,Saturday,February,Winter,35,6,7,2724
2021-09-08 00:00:00,Wednesday,September,Fall,251,16,17,5846
2023-02-16 00:00:00,Thursday,February,Winter,47,19,20,7525
2022-05-12 00:00:00,Thursday,May,Spring,132,8,9,1922
2025-11-12 00:00:00,Wednesday,November,Fall,316,0,1,13071
2020-07-07 00:00:00,Tuesday,July,Summer,189,11,12,4694
2021-03-18 00:00:00,Thursday,March,Spring,77,13,14,6015
2020-08-02 00:00:00,Sunday,August,Summer,215,7,8,2829
2020-01-28 00:00:00,Tuesday,January,Winter,28,8,9,12847
2023-10-06 00:00:00,Friday,October,Fall,279,0,1,1366
2024-06-27 00:00:00,Thursday,June,Summer,179,10,11,5860
2024-08-30 00:00:00,Friday,August,Summer,243,12,13,8694
2025-11-22 00:00:00,Saturday,November,Fall,326,5,6,4673
2024-01-08 00:00:00,Monday,January,Winter,8,13,14,11588
2025-08-10 00:00:00,Sunday,August,Summer,222,12,13,4763
2024-04-30 00:00:00,Tuesday,April,Spring,121,10,11,6800
2024-09-05 00:00:00,Thursday,September,Fall,249,12,13,7713
2024-06-18 00:00:00,Tuesday,June,Summer,170,5,6,2850
2020-08-11 00:00:00,Tuesday,August,Summer,224,22,23,1326
2024-11-18 00:00:00,Monday,November,Fall,323,4,5,9025
2025-03-03 00:00:00,Monday,March,Spring,62,21,22,4149
2020-06-16 00:00:00,Tuesday,June,Summer,168,9,10,2228
2023-11-05 00:00:00,Sunday,November,Fall,309,11,12,19077
2020-07-10 00:00:00,Friday,July,Summer,192,9,10,4371
2023-10-29 00:00:00,Sunday,October,Fall,302,18,19,12320
2020-06-25 00:00:00,Thursday,June,Summer,177,1,2,3877
2023-11-27 00:00:00,Monday,November,Fall,331,2,3,7464
2023-09-10 00:00:00,Sunday,September,Fall,253,22,23,2837
2024-03-25 00:00:00,Monday,March,Spring,85,22,23,8875
2021-11-11 00:00:00,Thursday,November,Fall,315,2,3,1151
2020-09-21 00:00:00,Monday,September,Fall,265,10,11,1691
2021-01-17 00:00:00,Sunday,January,Winter,17,21,22,2503
2024-06-16 00:00:00,Sunday,June,Summer,168,20,21,3886
2020-05-25 00:00:00,Monday,May,Spring,146,5,6,2382
2025-09-30 00:00:00,Tuesday,September,Fall,273,6,7,1558
2025-02-19 00:00:00,Wednesday,February,Winter,50,6,7,8798
2022-11-18 00:00:00,Friday,November,Fall,322,22,23,3150
2021-01-04 00:00:00,Monday,January,Winter,4,10,11,2038
2022-06-04 00:00:00,Saturday,June,Summer,155,13,14,5744
2021-12-14 00:00:00,Tuesday,December,Winter,348,10,11,2182
2025-06-14 00:00:00,Saturday,June,Summer,165,2,3,5142
2024-07-11 00:00:00,Thursday,July,Summer,193,8,9,2417
2025-03-31 00:00:00,Monday,March,Spring,90,13,14,12362
2025-01-06 00:00:00,Monday,January,Winter,6,6,7,18722
2021-12-16 00:00:00,Thursday,December,Winter,350,8,9,2732
2021-06-12 00:00:00,Saturday,June,Summer,163,22,23,2432
2020-07-09 00:00:00,Thursday,July,Summer,191,17,18,6646
2022-02-18 00:00:00,Friday,February,Winter,49,18,19,13238
2021-02-13 00:00:00,Saturday,February,Winter,44,14,15,9991
2021-12-16 00:00:00,Thursday,December,Winter,350,7,8,2497
2024-12-15 00:00:00,Sunday,December,Winter,350,8,9,6048
2021-07-10 00:00:00,Saturday,July,Summer,191,10,11,3276
2025-11-29 00:00:00,Saturday,November,Fall,333,18,19,10196
2021-02-10 00:00:00,Wednesday,February,Winter,41,21,22,4420
2024-07-29 00:00:00,Monday,July,Summer,211,12,13,10129
2023-01-20 00:00:00,Friday,January,Winter,20,9,10,3401
2022-09-10 00:00:00,Saturday,September,Fall,253,16,17,7701
2022-12-23 00:00:00,Friday,December,Winter,357,16,17,15011
2023-12-09 00:00:00,Saturday,December,Winter,343,4,5,9880
2023-03-19 00:00:00,Sunday,March,Spring,78,16,17,6813
2020-11-30 00:00:00,Monday,November,Fall,335,4,5,1329
2021-05-24 00:00:00,Monday,May,Spring,144,4,5,8666
2022-01-27 00:00:00,Thursday,January,Winter,27,9,10,5055
2022-10-19 00:00:00,Wednesday,October,Fall,292,0,1,5532
2023-01-17 00:00:00,Tuesday,January,Winter,17,19,20,4973
2025-10-13 00:00:00,Monday,October,Fall,286,18,19,7387
2025-05-01 00:00:00,Thursday,May,Spring,121,12,13,5191
2020-07-02 00:00:00,Thursday,July,Summer,184,21,22,3656
2022-05-14 00:00:00,Saturday,May,Spring,134,11,12,5901
2024-09-04 00:00:00,Wednesday,September,Fall,248,1,2,1022
2021-05-16 00:00:00,Sunday,May,Spring,136,3,4,4872
2022-02-24 00:00:00,Thursday,February,Winter,55,9,10,9070
2025-11-06 00:00:00,Thursday,November,Fall,310,3,4,8939
2023-01-28 00:00:00,Saturday,January,Winter,28,17,18,3752
2023-04-05 00:00:00,Wednesday,April,Spring,95,1,2,2623
2024-03-08 00:00:00,Friday,March,Spring,68,18,19,9798
2022-09-09 00:00:00,Friday,September,Fall,252,5,6,8652
2025-06-23 00:00:00,Monday,June,Summer,174,11,12,7643
2024-03-04 00:00:00,Monday,March,Spring,64,2,3,3900
2025-02-21 00:00:00,Friday,February,Winter,52,8,9,13537
2023-10-31 00:00:00,Tuesday,October,Fall,304,10,11,9320
2024-08-11 00:00:00,Sunday,August,Summer,224,2,3,3520
2023-12-12 00:00:00,Tuesday,December,Winter,346,14,15,11858
2021-01-18 00:00:00,Monday,January,Winter,18,6,7,2493
2024-08-03 00:00:00,Saturday,August,Summer,216,4,5,3502
2025-05-17 00:00:00,Saturday,May,Spring,137,9,10,6696
2021-11-14 00:00:00,Sunday,November,Fall,318,18,19,4424
2023-06-20 00:00:00,Tuesday,June,Summer,171,4,5,3307
2022-03-21 00:00:00,Monday,March,Spring,80,7,8,4387
2020-04-19 00:00:00,Sunday,April,Spring,110,13,14,3115
2024-07-06 00:00:00,Saturday,July,Summer,188,4,5,8305
2023-05-14 00:00:00,Sunday,May,Spring,134,23,0,4043
2022-12-19 00:00:00,Monday,December,Winter,353,2,3,12288
2020-09-23 00:00:00,Wednesday,September,Fall,267,14,15,8545
2024-04-20 00:00:00,Saturday,April,Spring,111,4,5,6904
2020-07-21 00:00:00,Tuesday,July,Summer,203,21,22,4406
2020-04-25 00:00:00,Saturday,April,Spring,116,3,4,1779
2023-06-10 00:00:00,Saturday,June,Summer,161,4,5,2713
2024-02-11 00:00:00,Sunday,February,Winter,42,17,18,12006
2022-07-06 00:00:00,Wednesday,July,Summer,187,12,13,7683
2022-02-05 00:00:00,Saturday,February,Winter,36,19,20,9947
2020-05-28 00:00:00,Thursday,May,Spring,149,23,0,6736
2025-09-17 00:00:00,Wednesday,September,Fall,260,2,3,2575
2025-08-08 00:00:00,Friday,August,Summer,220,8,9,3228
2020-03-09 00:00:00,Monday,March,Spring,69,22,23,8872
2024-03-11 00:00:00,Monday,March,Spring,71,21,22,6066
2025-05-14 00:00:00,Wednesday,May,Spring,134,17,18,7679
2020-02-04 00:00:00,Tuesday,February,Winter,35,1,2,10533
2020-08-11 00:00:00,Tuesday,August,Summer,224,18,19,2040
2023-10-13 00:00:00,Friday,October,Fall,286,17,18,15965
2022-06-16 00:00:00,Thursday,June,Summer,167,19,20,1895
2020-12-08 00:00:00,Tuesday,December,Winter,343,8,9,2188
2021-03-29 00:00:00,Monday,March,Spring,88,14,15,5986
2025-06-15 00:00:00,Sunday,June,Summer,166,9,10,3778
2024-01-20 00:00:00,Saturday,January,Winter,20,12,13,6835
2025-02-17 00:00:00,Monday,February,Winter,48,23,0,3993
2021-12-03 00:00:00,Friday,December,Winter,337,7,8,6171
2023-05-30 00:00:00,Tuesday,May,Spring,150,8,9,9640
2020-02-03 00:00:00,Monday,February,Winter,34,15,16,8538
2025-01-22 00:00:00,Wednesday,January,Winter,22,12,13,6417
2021-12-27 00:00:00,Monday,December,Winter,361,21,22,12569
2020-11-08 00:00:00,Sunday,November,Fall,313,11,12,3996
2023-09-20 00:00:00,Wednesday,September,Fall,263,21,22,10365
2024-03-11 00:00:00,Monday,March,Spring,71,17,18,8030
2024-07-16 00:00:00,Tuesday,July,Summer,198,9,10,11662
2025-03-26 00:00:00,Wednesday,March,Spring,85,19,20,3745
2023-02-18 00:00:00,Saturday,February,Winter,49,1,2,5595
2024-07-18 00:00:00,Thursday,July,Summer,200,16,17,7212
2020-05-08 00:00:00,Friday,May,Spring,129,4,5,2082
2023-09-18 00:00:00,Monday,September,Fall,261,16,17,14252
2023-08-10 00:00:00,Thursday,August,Summer,222,12,13,7330
2020-09-07 00:00:00,Monday,September,Fall,251,19,20,2004
2020-10-03 00:00:00,Saturday,October,Fall,277,16,17,6727
2021-05-26 00:00:00,Wednesday,May,Spring,146,2,3,5529
2022-01-23 00:00:00,Sunday,January,Winter,23,4,5,1749
2022-06-14 00:00:00,Tuesday,June,Summer,165,9,10,4214
2021-01-20 00:00:00,Wednesday,January,Winter,20,9,10,12999
2025-04-01 00:00:00,Tuesday,April,Spring,91,6,7,10967
2020-02-15 00:00:00,Saturday,February,Winter,46,12,13,11448
2022-03-24 00:00:00,Thursday,March,Spring,83,10,11,5742
2025-09-05 00:00:00,Friday,September,Fall,248,1,2,4105
2023-01-12 00:00:00,Thursday,January,Winter,12,12,13,18306
2022-11-06 00:00:00,Sunday,November,Fall,310,19,20,11005
2022-03-08 00:00:00,Tuesday,March,Spring,67,17,18,3785
2020-12-24 00:00:00,Thursday,December,Winter,359,22,23,7846
2020-09-10 00:00:00,Thursday,September,Fall,254,15,16,2992
2024-04-28 00:00:00,Sunday,April,Spring,119,1,2,10254
2020-05-09 00:00:00,Saturday,May,Spring,130,0,1,2676
2020-12-03 00:00:00,Thursday,December,Winter,338,12,13,9711
2024-07-20 00:00:00,Saturday,July,Summer,202,0,1,1818
2021-08-10 00:00:00,Tuesday,August,Summer,222,0,1,1225
2024-04-25 00:00:00,Thursday,April,Spring,116,14,15,7534
2021-10-12 00:00:00,Tuesday,October,Fall,285,19,20,3353
2020-06-13 00:00:00,Saturday,June,Summer,165,11,12,4955
2023-07-31 00:00:00,Monday,July,Summer,212,7,8,9176
2020-02-07 00:00:00,Friday,February,Winter,38,15,16,5046
2025-04-08 00:00:00,Tuesday,April,Spring,98,3,4,2900
2022-10-29 00:00:00,Saturday,October,Fall,302,16,17,6799
2020-03-17 00:00:00,Tuesday,March,Spring,77,13,14,2613
2025-07-16 00:00:00,Wednesday,July,Summer,197,19,20,7811
2025-11-09 00:00:00,Sunday,November,Fall,313,21,22,5570
2021-08-15 00:00:00,Sunday,August,Summer,227,18,19,8013
2020-08-31 00:00:00,Monday,August,Summer,244,8,9,2550
2020-02-10 00:00:00,Monday,February,Winter,41,7,8,11091
2022-03-20 00:00:00,Sunday,March,Spring,79,3,4,5262
2022-02-16 00:00:00,Wednesday,February,Winter,47,6,7,14791
2022-10-17 00:00:00,Monday,October,Fall,290,22,23,1822
2025-03-28 00:00:00,Friday,March,Spring,87,2,3,2114
2020-06-07 00:00:00,Sunday,June,Summer,159,1,2,3654
2020-08-17 00:00:00,Monday,August,Summer,230,5,6,1922
2025-04-22 00:00:00,Tuesday,April,Spring,112,8,9,2305
2021-09-06 00:00:00,Monday,September,Fall,249,3,4,1319
2024-09-04 00:00:00,Wednesday,September,Fall,248,0,1,1181
2025-01-20 00:00:00,Monday,January,Winter,20,20,21,1179
2020-07-13 00:00:00,Monday,July,Summer,195,13,14,4705
2021-06-03 00:00:00,Thursday,June,Summer,154,15,16,3805
2025-04-09 00:00:00,Wednesday,April,Spring,99,8,9,5564
2024-07-25 00:00:00,Thursday,July,Summer,207,15,16,9796
2020-09-13 00:00:00,Sunday,September,Fall,257,21,22,1634
2024-07-18 00:00:00,Thursday,July,Summer,200,3,4,2282
2024-06-16 00:00:00,Sunday,June,Summer,168,11,12,7228
2025-01-15 00:00:00,Wednesday,January,Winter,15,7,8,2998
2023-04-12 00:00:00,Wednesday,April,Spring,102,10,11,11551
2023-09-30 00:00:00,Saturday,September,Fall,273,15,16,6238
2025-10-31 00:00:00,Friday,October,Fall,304,12,13,13978
2025-02-20 00:00:00,Thursday,February,Winter,51,15,16,10442
2021-12-07 00:00:00,Tuesday,December,Winter,341,4,5,5875
2021-12-19 00:00:00,Sunday,December,Winter,353,2,3,3858
2021-09-11 00:00:00,Saturday,September,Fall,254,6,7,1304
2022-07-13 00:00:00,Wednesday,July,Summer,194,3,4,1284
2025-07-26 00:00:00,Saturday,July,Summer,207,1,2,2898
2025-05-06 00:00:00,Tuesday,May,Spring,126,13,14,15086
2022-12-20 00:00:00,Tuesday,December,Winter,354,7,8,13290
2020-08-28 00:00:00,Friday,August,Summer,241,23,0,2992
2023-01-20 00:00:00,Friday,January,Winter,20,7,8,2459
2024-02-19 00:00:00,Monday,February,Winter,50,20,21,5970
2021-06-26 00:00:00,Saturday,June,Summer,177,13,14,4853
2024-05-29 00:00:00,Wednesday,May,Spring,150,15,16,11061
2021-06-13 00:00:00,Sunday,June,Summer,164,2,3,3335
2024-08-26 00:00:00,Monday,August,Summer,239,2,3,2474
2021-06-10 00:00:00,Thursday,June,Summer,161,20,21,1433
2020-09-12 00:00:00,Saturday,September,Fall,256,21,22,1498
2022-02-14 00:00:00,Monday,February,Winter,45,2,3,13708
2022-07-14 00:00:00,Thursday,July,Summer,195,15,16,9365
2022-09-01 00:00:00,Thursday,September,Fall,244,2,3,3710
2023-07-25 00:00:00,Tuesday,July,Summer,206,8,9,6136
2025-06-27 00:00:00,Friday,June,Summer,178,15,16,11359
2024-05-26 00:00:00,Sunday,May,Spring,147,3,4,4941
2022-04-04 00:00:00,Monday,April,Spring,94,0,1,1493
2021-10-24 00:00:00,Sunday,October,Fall,297,3,4,4122
2021-11-11 00:00:00,Thursday,November,Fall,315,21,22,870
2020-12-15 00:00:00,Tuesday,December,Winter,350,3,4,4872
2022-01-08 00:00:00,Saturday,January,Winter,8,17,18,15073
2020-07-23 00:00:00,Thursday,July,Summer,205,22,23,1571
2020-07-18 00:00:00,Saturday,July,Summer,200,22,23,1461
2021-12-12 00:00:00,Sunday,December,Winter,346,16,17,2570
2022-04-05 00:00:00,Tuesday,April,Spring,95,9,10,6905
2023-07-17 00:00:00,Monday,July,Summer,198,5,6,2324
2020-04-20 00:00:00,Monday,April,Spring,111,7,8,5618
2021-01-18 00:00:00,Monday,January,Winter,18,7,8,2566
2021-08-24 00:00:00,Tuesday,August,Summer,236,18,19,11067
2021-01-28 00:00:00,Thursday,January,Winter,28,8,9,13948
2020-02-27 00:00:00,Thursday,February,Winter,58,21,22,7033
2025-05-04 00:00:00,Sunday,May,Spring,124,15,16,7299
2020-09-01 00:00:00,Tuesday,September,Fall,245,9,10,2103
2024-11-11 00:00:00,Monday,November,Fall,316,7,8,3528
2021-10-24 00:00:00,Sunday,October,Fall,297,11,12,6109
2022-11-11 00:00:00,Friday,November,Fall,315,5,6,3169
2020-01-08 00:00:00,Wednesday,January,Winter,8,1,2,5852
2021-01-13 00:00:00,Wednesday,January,Winter,13,4,5,3236
2021-08-10 00:00:00,Tuesday,August,Summer,222,14,15,5787
2025-04-02 00:00:00,Wednesday,April,Spring,92,2,3,15114
2021-03-01 00:00:00,Monday,March,Spring,60,17,18,3239
2022-11-30 00:00:00,Wednesday,November,Fall,334,9,10,2060
2020-01-14 00:00:00,Tuesday,January,Winter,14,18,19,12733
2020-10-12 00:00:00,Monday,October,Fall,286,10,11,3235
2024-03-29 00:00:00,Friday,March,Spring,89,20,21,5982
2025-10-12 00:00:00,Sunday,October,Fall,285,15,16,11438
2020-12-21 00:00:00,Monday,December,Winter,356,3,4,6804
2024-09-16 00:00:00,Monday,September,Fall,260,15,16,10670
2023-04-07 00:00:00,Friday,April,Spring,97,12,13,7303
2024-07-21 00:00:00,Sunday,July,Summer,203,16,17,8390
2024-10-31 00:00:00,Thursday,October,Fall,305,13,14,4724
2020-02-21 00:00:00,Friday,February,Winter,52,13,14,8359
2021-09-01 00:00:00,Wednesday,September,Fall,244,19,20,6601
2024-03-10 00:00:00,Sunday,March,Spring,70,20,21,1487
2020-08-12 00:00:00,Wednesday,August,Summer,225,16,17,3514
2023-08-26 00:00:00,Saturday,August,Summer,238,4,5,3719
2022-03-02 00:00:00,Wednesday,March,Spring,61,9,10,3208
2022-01-03 00:00:00,Monday,January,Winter,3,8,9,9363
2025-02-13 00:00:00,Thursday,February,Winter,44,11,12,4235
2024-04-10 00:00:00,Wednesday,April,Spring,101,8,9,3966
2021-03-22 00:00:00,Monday,March,Spring,81,19,20,2676
2025-01-10 00:00:00,Friday,January,Winter,10,10,11,5399
2023-10-06 00:00:00,Friday,October,Fall,279,15,16,6868
2024-04-29 00:00:00,Monday,April,Spring,120,15,16,7027
2024-07-13 00:00:00,Saturday,July,Summer,195,5,6,896
2021-11-14 00:00:00,Sunday,November,Fall,318,15,16,4245
2023-12-10 00:00:00,Sunday,December,Winter,344,10,11,14883
2022-06-13 00:00:00,Monday,June,Summer,164,19,20,2895
2024-09-21 00:00:00,Saturday,September,Fall,265,7,8,3743
2025-07-09 00:00:00,Wednesday,July,Summer,190,2,3,1777
2024-08-18 00:00:00,Sunday,August,Summer,231,13,14,10781
2023-02-03 00:00:00,Friday,February,Winter,34,7,8,6517
2021-12-12 00:00:00,Sunday,December,Winter,346,17,18,2137
2021-05-10 00:00:00,Monday,May,Spring,130,1,2,7851
2022-06-24 00:00:00,Friday,June,Summer,175,20,21,6156
2020-03-17 00:00:00,Tuesday,March,Spring,77,3,4,1308
2024-07-24 00:00:00,Wednesday,July,Summer,206,8,9,2606
2023-10-27 00:00:00,Friday,October,Fall,300,3,4,8707
2025-08-17 00:00:00,Sunday,August,Summer,229,10,11,9267
2020-09-17 00:00:00,Thursday,September,Fall,261,16,17,8119
2025-09-30 00:00:00,Tuesday,September,Fall,273,5,6,1392
2024-10-03 00:00:00,Thursday,October,Fall,277,7,8,7039
2021-03-28 00:00:00,Sunday,March,Spring,87,7,8,3564
2025-07-17 00:00:00,Thursday,July,Summer,198,23,0,1610
2022-02-26 00:00:00,Saturday,February,Winter,57,10,11,7670
2025-07-03 00:00:00,Thursday,July,Summer,184,15,16,9564
2025-03-07 00:00:00,Friday,March,Spring,66,18,19,5888
2024-08-08 00:00:00,Thursday,August,Summer,221,4,5,1215
2023-09-23 00:00:00,Saturday,September,Fall,266,8,9,3488
2021-04-28 00:00:00,Wednesday,April,Spring,118,11,12,2519
2022-09-10 00:00:00,Saturday,September,Fall,253,14,15,8766
2025-03-31 00:00:00,Monday,March,Spring,90,8,9,5433
2024-07-16 00:00:00,Tuesday,July,Summer,198,4,5,8021
2025-08-20 00:00:00,Wednesday,August,Summer,232,11,12,7286
2023-01-06 00:00:00,Friday,January,Winter,6,13,14,8675
2023-08-17 00:00:00,Thursday,August,Summer,229,20,21,1803
2024-03-15 00:00:00,Friday,March,Spring,75,5,6,9919
2020-12-04 00:00:00,Friday,December,Winter,339,0,1,12195
2021-12-21 00:00:00,Tuesday,December,Winter,355,4,5,2850
2024-06-09 00:00:00,Sunday,June,Summer,161,22,23,5084
2022-06-14 00:00:00,Tuesday,June,Summer,165,8,9,3413
2023-08-27 00:00:00,Sunday,August,Summer,239,6,7,2812
2025-01-06 00:00:00,Monday,January,Winter,6,12,13,18898
2020-03-06 00:00:00,Friday,March,Spring,66,20,21,4508
2021-12-30 00:00:00,Thursday,December,Winter,364,12,13,9277
2022-12-06 00:00:00,Tuesday,December,Winter,340,6,7,1632
2024-06-21 00:00:00,Friday,June,Summer,173,1,2,1325
2025-02-01 00:00:00,Saturday,February,Winter,32,21,22,4191
2020-07-14 00:00:00,Tuesday,July,Summer,196,18,19,4409
2020-07-01 00:00:00,Wednesday,July,Summer,183,19,20,5201
2023-03-21 00:00:00,Tuesday,March,Spring,80,22,23,8110
2025-04-14 00:00:00,Monday,April,Spring,104,8,9,2139
2022-02-27 00:00:00,Sunday,February,Winter,58,12,13,10044
2020-11-05 00:00:00,Thursday,November,Fall,310,13,14,6887
2020-03-10 00:00:00,Tuesday,March,Spring,70,5,6,12041
2025-06-01 00:00:00,Sunday,June,Summer,152,17,18,3175
2025-01-26 00:00:00,Sunday,January,Winter,26,2,3,9972
2020-04-30 00:00:00,Thursday,April,Spring,121,13,14,11987
2024-12-14 00:00:00,Saturday,December,Winter,349,2,3,1157
2025-04-15 00:00:00,Tuesday,April,Spring,105,15,16,7968
2020-10-30 00:00:00,Friday,October,Fall,304,2,3,7489
2021-02-08 00:00:00,Monday,February,Winter,39,0,1,1406
2022-03-09 00:00:00,Wednesday,March,Spring,68,4,5,3581
2022-02-22 00:00:00,Tuesday,February,Winter,53,15,16,14388
2024-01-16 00:00:00,Tuesday,January,Winter,16,19,20,3128
2023-11-30 00:00:00,Thursday,November,Fall,334,11,12,2419
2022-01-21 00:00:00,Friday,January,Winter,21,14,15,6986
2022-10-13 00:00:00,Thursday,October,Fall,286,2,3,1361
2022-06-17 00:00:00,Friday,June,Summer,168,23,0,1592
2024-11-17 00:00:00,Sunday,November,Fall,322,6,7,3941
2020-07-18 00:00:00,Saturday,July,Summer,200,2,3,1339
2024-09-25 00:00:00,Wednesday,September,Fall,269,8,9,5967
2022-03-29 00:00:00,Tuesday,March,Spring,88,5,6,2891
2020-06-17 00:00:00,Wednesday,June,Summer,169,19,20,2095
2024-06-29 00:00:00,Saturday,June,Summer,181,18,19,6554
2020-10-30 00:00:00,Friday,October,Fall,304,10,11,7419
2021-02-19 00:00:00,Friday,February,Winter,50,19,20,7404
2024-01-01 00:00:00,Monday,January,Winter,1,4,5,8838
2022-12-27 00:00:00,Tuesday,December,Winter,361,6,7,4019
2021-11-01 00:00:00,Monday,November,Fall,305,10,11,10079
2020-08-28 00:00:00,Friday,August,Summer,241,21,22,3247
2020-08-27 00:00:00,Thursday,August,Summer,240,19,20,6475
2022-10-05 00:00:00,Wednesday,October,Fall,278,20,21,7845
2020-02-06 00:00:00,Thursday,February,Winter,37,4,5,2972
2024-02-09 00:00:00,Friday,February,Winter,40,11,12,13564
2024-05-17 00:00:00,Friday,May,Spring,138,23,0,679
2021-04-08 00:00:00,Thursday,April,Spring,98,10,11,3570
2025-11-04 00:00:00,Tuesday,November,Fall,308,1,2,8203
2022-11-18 00:00:00,Friday,November,Fall,322,6,7,7697
2020-03-24 00:00:00,Tuesday,March,Spring,84,6,7,5924
2020-02-24 00:00:00,Monday,February,Winter,55,3,4,3562
2020-09-09 00:00:00,Wednesday,September,Fall,253,0,1,935
2025-08-03 00:00:00,Sunday,August,Summer,215,12,13,6177
2023-01-24 00:00:00,Tuesday,January,Winter,24,18,19,2989
2020-10-31 00:00:00,Saturday,October,Fall,305,3,4,2492
2024-08-14 00:00:00,Wednesday,August,Summer,227,14,15,6071
2024-04-27 00:00:00,Saturday,April,Spring,118,15,16,11873
2024-04-26 00:00:00,Friday,April,Spring,117,23,0,4435
2020-05-11 00:00:00,Monday,May,Spring,132,1,2,9243
2022-07-02 00:00:00,Saturday,July,Summer,183,6,7,1275
2023-11-02 00:00:00,Thursday,November,Fall,306,15,16,15875
2021-08-15 00:00:00,Sunday,August,Summer,227,16,17,8032
2020-07-10 00:00:00,Friday,July,Summer,192,16,17,5447
2020-02-18 00:00:00,Tuesday,February,Winter,49,9,10,8247
2025-01-17 00:00:00,Friday,January,Winter,17,2,3,2010
2025-09-29 00:00:00,Monday,September,Fall,272,14,15,9018
2025-02-10 00:00:00,Monday,February,Winter,41,3,4,3590
2024-11-02 00:00:00,Saturday,November,Fall,307,0,1,1203
2023-01-07 00:00:00,Saturday,January,Winter,7,20,21,14522
2022-12-30 00:00:00,Friday,December,Winter,364,7,8,13456
2020-02-29 00:00:00,Saturday,February,Winter,60,23,0,11760
2021-03-17 00:00:00,Wednesday,March,Spring,76,20,21,5952
2025-04-15 00:00:00,Tuesday,April,Spring,105,20,21,9714
2023-06-20 00:00:00,Tuesday,June,Summer,171,20,21,1917
2021-02-20 00:00:00,Saturday,February,Winter,51,17,18,12274
2022-05-25 00:00:00,Wednesday,May,Spring,145,19,20,8041
2021-12-27 00:00:00,Monday,December,Winter,361,8,9,7212
2024-10-20 00:00:00,Sunday,October,Fall,294,1,2,3018
2025-05-14 00:00:00,Wednesday,May,Spring,134,21,22,6080
2022-02-20 00:00:00,Sunday,February,Winter,51,12,13,17314
2021-04-18 00:00:00,Sunday,April,Spring,108,1,2,4779
2024-01-30 00:00:00,Tuesday,January,Winter,30,0,1,8113
2021-02-07 00:00:00,Sunday,February,Winter,38,1,2,5123
2025-10-31 00:00:00,Friday,October,Fall,304,6,7,9628
2025-07-03 00:00:00,Thursday,July,Summer,184,7,8,4571
2022-05-26 00:00:00,Thursday,May,Spring,146,21,22,4299
2024-04-09 00:00:00,Tuesday,April,Spring,100,5,6,9097
2020-08-13 00:00:00,Thursday,August,Summer,226,14,15,4931
2024-10-31 00:00:00,Thursday,October,Fall,305,19,20,1060
2025-04-25 00:00:00,Friday,April,Spring,115,14,15,10245
2024-12-11 00:00:00,Wednesday,December,Winter,346,13,14,7435
2022-05-20 00:00:00,Friday,May,Spring,140,7,8,3605
2020-05-31 00:00:00,Sunday,May,Spring,152,11,12,8533
2024-12-21 00:00:00,Saturday,December,Winter,356,7,8,7750
2022-11-01 00:00:00,Tuesday,November,Fall,305,9,10,11756
2022-06-12 00:00:00,Sunday,June,Summer,163,3,4,3211
2022-01-03 00:00:00,Monday,January,Winter,3,18,19,7791
2025-08-13 00:00:00,Wednesday,August,Summer,225,18,19,3943
2021-07-06 00:00:00,Tuesday,July,Summer,187,5,6,9578
2025-10-12 00:00:00,Sunday,October,Fall,285,13,14,12629
2024-06-07 00:00:00,Friday,June,Summer,159,21,22,1472
2022-12-09 00:00:00,Friday,December,Winter,343,12,13,3667
2021-03-15 00:00:00,Monday,March,Spring,74,20,21,5856
2023-02-08 00:00:00,Wednesday,February,Winter,39,13,14,6888
2022-07-09 00:00:00,Saturday,July,Summer,190,10,11,5963
2025-03-02 00:00:00,Sunday,March,Spring,61,15,16,9877
2023-07-16 00:00:00,Sunday,July,Summer,197,6,7,5414
2022-01-06 00:00:00,Thursday,January,Winter,6,9,10,2549
2022-08-29 00:00:00,Monday,August,Summer,241,9,10,4856
2025-04-21 00:00:00,Monday,April,Spring,111,2,3,4052
2025-08-14 00:00:00,Thursday,August,Summer,226,2,3,2821
2023-11-02 00:00:00,Thursday,November,Fall,306,17,18,15676
2024-05-02 00:00:00,Thursday,May,Spring,123,10,11,9667
2023-08-03 00:00:00,Thursday,August,Summer,215,10,11,12494
2020-03-05 00:00:00,Thursday,March,Spring,65,0,1,5038
2024-01-06 00:00:00,Saturday,January,Winter,6,19,20,8024
2022-05-19 00:00:00,Thursday,May,Spring,139,6,7,3839
2024-01-28 00:00:00,Sunday,January,Winter,28,8,9,9911
2021-01-23 00:00:00,Saturday,January,Winter,23,9,10,6788
2024-01-05 00:00:00,Friday,January,Winter,5,3,4,11144
2020-03-29 00:00:00,Sunday,March,Spring,89,17,18,13938
2020-11-13 00:00:00,Friday,November,Fall,318,14,15,5605
2025-08-30 00:00:00,Saturday,August,Summer,242,4,5,4869
2022-08-17 00:00:00,Wednesday,August,Summer,229,19,20,2033
2022-05-31 00:00:00,Tuesday,May,Spring,151,8,9,1676
2022-10-18 00:00:00,Tuesday,October,Fall,291,9,10,3002
2020-12-03 00:00:00,Thursday,December,Winter,338,8,9,5211
2022-01-11 00:00:00,Tuesday,January,Winter,11,13,14,5143
2022-02-24 00:00:00,Thursday,February,Winter,55,3,4,4329
2021-09-02 00:00:00,Thursday,September,Fall,245,9,10,5745
2020-09-10 00:00:00,Thursday,September,Fall,254,0,1,1794
2022-05-02 00:00:00,Monday,May,Spring,122,11,12,6127
2025-03-08 00:00:00,Saturday,March,Spring,67,5,6,10697
2024-10-16 00:00:00,Wednesday,October,Fall,290,1,2,11010
2025-07-17 00:00:00,Thursday,July,Summer,198,20,21,1801
2023-12-01 00:00:00,Friday,December,Winter,335,10,11,3234
2023-11-12 00:00:00,Sunday,November,Fall,316,14,15,9888
2023-09-03 00:00:00,Sunday,September,Fall,246,18,19,6935
2022-01-17 00:00:00,Monday,January,Winter,17,15,16,2716
2023-04-26 00:00:00,Wednesday,April,Spring,116,8,9,2693
2021-04-01 00:00:00,Thursday,April,Spring,91,17,18,6463
2023-05-28 00:00:00,Sunday,May,Spring,148,9,10,5108
2022-03-27 00:00:00,Sunday,March,Spring,86,14,15,6871
2025-04-13 00:00:00,Sunday,April,Spring,103,2,3,9132
2021-10-18 00:00:00,Monday,October,Fall,291,21,22,4845
2022-09-09 00:00:00,Friday,September,Fall,252,22,23,5803
2025-11-14 00:00:00,Friday,November,Fall,318,6,7,12793
2020-02-27 00:00:00,Thursday,February,Winter,58,3,4,5876
2020-07-07 00:00:00,Tuesday,July,Summer,189,13,14,5278
2023-12-18 00:00:00,Monday,December,Winter,352,15,16,3980
2023-09-28 00:00:00,Thursday,September,Fall,271,1,2,4548
2024-06-28 00:00:00,Friday,June,Summer,180,7,8,2990
2020-10-20 00:00:00,Tuesday,October,Fall,294,5,6,9659
2021-04-27 00:00:00,Tuesday,April,Spring,117,3,4,4738
2024-04-06 00:00:00,Saturday,April,Spring,97,15,16,8363
2021-04-28 00:00:00,Wednesday,April,Spring,118,16,17,4670
2025-10-02 00:00:00,Thursday,October,Fall,275,17,18,4982
2020-09-14 00:00:00,Monday,September,Fall,258,14,15,5167
2023-06-24 00:00:00,Saturday,June,Summer,175,6,7,2771
2020-10-21 00:00:00,Wednesday,October,Fall,295,11,12,15183
2025-08-01 00:00:00,Friday,August,Summer,213,17,18,11333
2022-02-23 00:00:00,Wednesday,February,Winter,54,23,0,3212
2021-07-24 00:00:00,Saturday,July,Summer,205,12,13,5662
2023-12-10 00:00:00,Sunday,December,Winter,344,4,5,14688
2020-04-19 00:00:00,Sunday,April,Spring,110,5,6,2422
2021-04-24 00:00:00,Saturday,April,Spring,114,3,4,7172
2020-04-21 00:00:00,Tuesday,April,Spring,112,9,10,5012
2023-10-12 00:00:00,Thursday,October,Fall,285,16,17,8100
2025-11-16 00:00:00,Sunday,November,Fall,320,2,3,2155
2022-01-07 00:00:00,Friday,January,Winter,7,13,14,12803
2023-11-16 00:00:00,Thursday,November,Fall,320,5,6,4723
2020-06-18 00:00:00,Thursday,June,Summer,170,1,2,1643
2024-08-03 00:00:00,Saturday,August,Summer,216,6,7,2972
2024-06-24 00:00:00,Monday,June,Summer,176,8,9,4072
2023-05-18 00:00:00,Thursday,May,Spring,138,16,17,9570
2020-04-24 00:00:00,Friday,April,Spring,115,17,18,3015
2024-09-19 00:00:00,Thursday,September,Fall,263,23,0,8303
2021-12-18 00:00:00,Saturday,December,Winter,352,18,19,6095
2024-08-09 00:00:00,Friday,August,Summer,222,8,9,6545
2025-01-31 00:00:00,Friday,January,Winter,31,14,15,9041
2021-03-28 00:00:00,Sunday,March,Spring,87,15,16,6562
2024-06-08 00:00:00,Saturday,June,Summer,160,20,21,3640
2024-10-16 00:00:00,Wednesday,October,Fall,290,19,20,10396
2020-03-03 00:00:00,Tuesday,March,Spring,63,13,14,2627
2024-11-21 00:00:00,Thursday,November,Fall,326,22,23,6234
2020-12-06 00:00:00,Sunday,December,Winter,341,7,8,2388
2022-04-21 00:00:00,Thursday,April,Spring,111,13,14,7316
2023-09-01 00:00:00,Friday,September,Fall,244,13,14,9763
2023-01-29 00:00:00,Sunday,January,Winter,29,13,14,4709
2022-04-27 00:00:00,Wednesday,April,Spring,117,13,14,9899
2023-12-06 00:00:00,Wednesday,December,Winter,340,12,13,4011
2023-02-11 00:00:00,Saturday,February,Winter,42,4,5,1810
2021-05-23 00:00:00,Sunday,May,Spring,143,19,20,7087
2023-01-13 00:00:00,Friday,January,Winter,13,13,14,17620
2020-10-21 00:00:00,Wednesday,October,Fall,295,8,9,12602
2021-11-11 00:00:00,Thursday,November,Fall,315,9,10,2291
2023-02-28 00:00:00,Tuesday,February,Winter,59,21,22,6877
2023-03-10 00:00:00,Friday,March,Spring,69,12,13,20267
2021-11-15 00:00:00,Monday,November,Fall,319,1,2,3350
2022-08-27 00:00:00,Saturday,August,Summer,239,13,14,7247
2025-09-26 00:00:00,Friday,September,Fall,269,19,20,408
2025-10-18 00:00:00,Saturday,October,Fall,291,11,12,10166
2022-09-04 00:00:00,Sunday,September,Fall,247,6,7,2242
2020-05-14 00:00:00,Thursday,May,Spring,135,22,23,8480
2021-11-20 00:00:00,Saturday,November,Fall,324,21,22,256
2022-03-19 00:00:00,Saturday,March,Spring,78,2,3,11653
2023-07-27 00:00:00,Thursday,July,Summer,208,19,20,7081
2022-09-29 00:00:00,Thursday,September,Fall,272,16,17,3391
2020-10-30 00:00:00,Friday,October,Fall,304,20,21,2316
2020-01-18 00:00:00,Saturday,January,Winter,18,17,18,1821
2023-11-18 00:00:00,Saturday,November,Fall,322,8,9,10478
2025-04-28 00:00:00,Monday,April,Spring,118,19,20,4874
2022-08-25 00:00:00,Thursday,August,Summer,237,1,2,2568
2020-01-29 00:00:00,Wednesday,January,Winter,29,10,11,8131
2024-02-28 00:00:00,Wednesday,February,Winter,59,4,5,2938
2021-08-14 00:00:00,Saturday,August,Summer,226,7,8,1499
2025-02-01 00:00:00,Saturday,February,Winter,32,4,5,3300
2025-01-08 00:00:00,Wednesday,January,Winter,8,17,18,15551
2020-07-19 00:00:00,Sunday,July,Summer,201,5,6,717
2024-04-15 00:00:00,Monday,April,Spring,106,1,2,2526
2020-10-07 00:00:00,Wednesday,October,Fall,281,3,4,8655
2021-05-13 00:00:00,Thursday,May,Spring,133,9,10,6445
2024-08-21 00:00:00,Wednesday,August,Summer,234,6,7,3751
2023-01-09 00:00:00,Monday,January,Winter,9,11,12,16471
2021-07-12 00:00:00,Monday,July,Summer,193,12,13,4206
2021-07-17 00:00:00,Saturday,July,Summer,198,3,4,2660
2021-02-08 00:00:00,Monday,February,Winter,39,14,15,2189
2024-12-21 00:00:00,Saturday,December,Winter,356,17,18,17785
2023-08-11 00:00:00,Friday,August,Summer,223,18,19,4743
2025-10-26 00:00:00,Sunday,October,Fall,299,4,5,9938
2020-10-17 00:00:00,Saturday,October,Fall,291,19,20,554
2025-11-11 00:00:00,Tuesday,November,Fall,315,6,7,7784
2021-04-25 00:00:00,Sunday,April,Spring,115,4,5,8220
2022-08-13 00:00:00,Saturday,August,Summer,225,22,23,3130
2023-10-23 00:00:00,Monday,October,Fall,296,5,6,5937
2021-06-08 00:00:00,Tuesday,June,Summer,159,0,1,1392
2021-02-07 00:00:00,Sunday,February,Winter,38,14,15,6165
2025-05-12 00:00:00,Monday,May,Spring,132,16,17,4127
2024-01-20 00:00:00,Saturday,January,Winter,20,1,2,3446
2022-04-05 00:00:00,Tuesday,April,Spring,95,15,16,10520
2023-06-09 00:00:00,Friday,June,Summer,160,14,15,7100
2025-04-05 00:00:00,Saturday,April,Spring,95,23,0,9012
2025-11-22 00:00:00,Saturday,November,Fall,326,14,15,12287
2025-07-22 00:00:00,Tuesday,July,Summer,203,17,18,11630
2022-11-05 00:00:00,Saturday,November,Fall,309,2,3,3089
2021-09-17 00:00:00,Friday,September,Fall,260,3,4,696
2020-10-13 00:00:00,Tuesday,October,Fall,287,14,15,6661
2025-04-08 00:00:00,Tuesday,April,Spring,98,21,22,4246
2025-03-08 00:00:00,Saturday,March,Spring,67,8,9,12302
2025-10-14 00:00:00,Tuesday,October,Fall,287,3,4,6169
2022-12-07 00:00:00,Wednesday,December,Winter,341,3,4,2533
2020-05-29 00:00:00,Friday,May,Spring,150,8,9,4079
2021-10-04 00:00:00,Monday,October,Fall,277,11,12,6850
2024-12-15 00:00:00,Sunday,December,Winter,350,11,12,9368
2025-04-26 00:00:00,Saturday,April,Spring,116,3,4,5053
2020-08-19 00:00:00,Wednesday,August,Summer,232,23,0,4393
2022-01-17 00:00:00,Monday,January,Winter,17,21,22,1708
2021-07-02 00:00:00,Friday,July,Summer,183,6,7,434
2024-04-09 00:00:00,Tuesday,April,Spring,100,19,20,12447
2022-11-10 00:00:00,Thursday,November,Fall,314,23,0,3646
2023-02-12 00:00:00,Sunday,February,Winter,43,19,20,3488
2022-07-13 00:00:00,Wednesday,July,Summer,194,18,19,4749
2025-04-24 00:00:00,Thursday,April,Spring,114,13,14,9198
2021-12-20 00:00:00,Monday,December,Winter,354,17,18,3168
2024-05-29 00:00:00,Wednesday,May,Spring,150,7,8,6284
2024-02-03 00:00:00,Saturday,February,Winter,34,23,0,5376
2021-09-01 00:00:00,Wednesday,September,Fall,244,18,19,7759
2023-08-19 00:00:00,Saturday,August,Summer,231,22,23,1054
2022-09-22 00:00:00,Thursday,September,Fall,265,0,1,2751
2020-01-18 00:00:00,Saturday,January,Winter,18,14,15,2528
2021-04-08 00:00:00,Thursday,April,Spring,98,0,1,851
2023-10-05 00:00:00,Thursday,October,Fall,278,9,10,3037
2022-08-31 00:00:00,Wednesday,August,Summer,243,3,4,2669
2022-03-12 00:00:00,Saturday,March,Spring,71,18,19,8732
2022-07-20 00:00:00,Wednesday,July,Summer,201,23,0,1815
2023-04-29 00:00:00,Saturday,April,Spring,119,19,20,2892
2022-07-30 00:00:00,Saturday,July,Summer,211,2,3,1439
2021-05-13 00:00:00,Thursday,May,Spring,133,22,23,2605
2021-10-16 00:00:00,Saturday,October,Fall,289,21,22,1291
2020-10-15 00:00:00,Thursday,October,Fall,289,7,8,3910
2023-06-06 00:00:00,Tuesday,June,Summer,157,12,13,8646
2025-08-08 00:00:00,Friday,August,Summer,220,5,6,1437
2025-07-26 00:00:00,Saturday,July,Summer,207,10,11,7998
2022-02-20 00:00:00,Sunday,February,Winter,51,2,3,11206
2025-11-28 00:00:00,Friday,November,Fall,332,2,3,8628
2021-06-28 00:00:00,Monday,June,Summer,179,13,14,3922
2021-09-19 00:00:00,Sunday,September,Fall,262,3,4,3519
2023-09-28 00:00:00,Thursday,September,Fall,271,19,20,2552
2024-05-13 00:00:00,Monday,May,Spring,134,14,15,6831
2021-05-18 00:00:00,Tuesday,May,Spring,138,2,3,5406
2024-08-01 00:00:00,Thursday,August,Summer,214,16,17,8661
2024-09-12 00:00:00,Thursday,September,Fall,256,2,3,4472
2022-02-05 00:00:00,Saturday,February,Winter,36,0,1,5210
2021-08-15 00:00:00,Sunday,August,Summer,227,7,8,1301
2025-07-31 00:00:00,Thursday,July,Summer,212,6,7,2301
2021-01-27 00:00:00,Wednesday,January,Winter,27,16,17,4041
2022-11-09 00:00:00,Wednesday,November,Fall,313,4,5,8537
2020-12-22 00:00:00,Tuesday,December,Winter,357,2,3,12189
2023-12-08 00:00:00,Friday,December,Winter,342,0,1,7878
2021-11-10 00:00:00,Wednesday,November,Fall,314,15,16,1760
2021-05-11 00:00:00,Tuesday,May,Spring,131,10,11,4076
2022-02-15 00:00:00,Tuesday,February,Winter,46,14,15,13683
2020-04-08 00:00:00,Wednesday,April,Spring,99,7,8,2012
2021-04-10 00:00:00,Saturday,April,Spring,100,0,1,4391
2021-06-07 00:00:00,Monday,June,Summer,158,2,3,1350
2021-05-13 00:00:00,Thursday,May,Spring,133,0,1,4479
2021-03-08 00:00:00,Monday,March,Spring,67,20,21,2882
2020-11-06 00:00:00,Friday,November,Fall,311,8,9,6743
2025-03-16 00:00:00,Sunday,March,Spring,75,0,1,10187
2020-09-26 00:00:00,Saturday,September,Fall,270,13,14,12730
2025-11-23 00:00:00,Sunday,November,Fall,327,12,13,15669
2023-03-24 00:00:00,Friday,March,Spring,83,17,18,15698
2022-01-22 00:00:00,Saturday,January,Winter,22,12,13,5027
2022-02-08 00:00:00,Tuesday,February,Winter,39,22,23,2415
2024-04-27 00:00:00,Saturday,April,Spring,118,0,1,4743
2024-01-24 00:00:00,Wednesday,January,Winter,24,7,8,16218
2022-09-20 00:00:00,Tuesday,September,Fall,263,19,20,2499
2024-07-19 00:00:00,Friday,July,Summer,201,16,17,7392
2025-11-13 00:00:00,Thursday,November,Fall,317,8,9,10392
2022-02-13 00:00:00,Sunday,February,Winter,44,14,15,16782
2022-01-22 00:00:00,Saturday,January,Winter,22,0,1,3190
2024-12-19 00:00:00,Thursday,December,Winter,354,10,11,17216
2020-01-18 00:00:00,Saturday,January,Winter,18,9,10,3050
2025-02-06 00:00:00,Thursday,February,Winter,37,13,14,13224
2021-03-08 00:00:00,Monday,March,Spring,67,13,14,4523
2020-01-20 00:00:00,Monday,January,Winter,20,22,23,4934
2020-08-29 00:00:00,Saturday,August,Summer,242,1,2,3457
2024-09-17 00:00:00,Tuesday,September,Fall,261,15,16,17409
2023-05-15 00:00:00,Monday,May,Spring,135,19,20,9747
2023-04-26 00:00:00,Wednesday,April,Spring,116,14,15,4918
2022-08-07 00:00:00,Sunday,August,Summer,219,2,3,7089
2021-11-18 00:00:00,Thursday,November,Fall,322,3,4,1529
2022-07-28 00:00:00,Thursday,July,Summer,209,15,16,5339
2024-09-29 00:00:00,Sunday,September,Fall,273,4,5,3181
2025-07-27 00:00:00,Sunday,July,Summer,208,8,9,3635
2022-12-07 00:00:00,Wednesday,December,Winter,341,17,18,1713
2022-06-04 00:00:00,Saturday,June,Summer,155,0,1,3214
2022-04-11 00:00:00,Monday,April,Spring,101,18,19,7879
2025-07-18 00:00:00,Friday,July,Summer,199,10,11,6389
2025-10-28 00:00:00,Tuesday,October,Fall,301,4,5,11636
2024-01-15 00:00:00,Monday,January,Winter,15,12,13,6809
2021-03-07 00:00:00,Sunday,March,Spring,66,13,14,3169
2024-01-10 00:00:00,Wednesday,January,Winter,10,19,20,3793
2024-05-08 00:00:00,Wednesday,May,Spring,129,0,1,6559
2024-09-28 00:00:00,Saturday,September,Fall,272,4,5,6407
2021-05-25 00:00:00,Tuesday,May,Spring,145,6,7,9546
2021-08-02 00:00:00,Monday,August,Summer,214,6,7,1153
2025-06-13 00:00:00,Friday,June,Summer,164,4,5,2021
2022-06-10 00:00:00,Friday,June,Summer,161,13,14,8508
2025-01-10 00:00:00,Friday,January,Winter,10,14,15,4286
2023-07-20 00:00:00,Thursday,July,Summer,201,12,13,6951
2020-02-28 00:00:00,Friday,February,Winter,59,13,14,11014
2024-06-18 00:00:00,Tuesday,June,Summer,170,12,13,7785
2024-01-31 00:00:00,Wednesday,January,Winter,31,20,21,6085
2023-01-27 00:00:00,Friday,January,Winter,27,23,0,6094
2020-08-15 00:00:00,Saturday,August,Summer,228,11,12,3086
2022-10-04 00:00:00,Tuesday,October,Fall,277,4,5,988
2024-01-29 00:00:00,Monday,January,Winter,29,23,0,8472
2022-04-12 00:00:00,Tuesday,April,Spring,102,6,7,7935
2022-01-11 00:00:00,Tuesday,January,Winter,11,23,0,2090
2025-05-11 00:00:00,Sunday,May,Spring,131,16,17,4808
2023-10-14 00:00:00,Saturday,October,Fall,287,4,5,10187
2021-10-01 00:00:00,Friday,October,Fall,274,23,0,3707
2024-10-04 00:00:00,Friday,October,Fall,278,22,23,2835
2024-12-31 00:00:00,Tuesday,December,Winter,366,11,12,7306
2020-03-23 00:00:00,Monday,March,Spring,83,16,17,7482
2022-02-25 00:00:00,Friday,February,Winter,56,2,3,7548
2022-02-11 00:00:00,Friday,February,Winter,42,16,17,3615
2025-07-01 00:00:00,Tuesday,July,Summer,182,13,14,9839
2021-09-10 00:00:00,Friday,September,Fall,253,3,4,2131
2024-11-20 00:00:00,Wednesday,November,Fall,325,9,10,6181
2021-09-13 00:00:00,Monday,September,Fall,256,3,4,2426
2025-02-14 00:00:00,Friday,February,Winter,45,11,12,9119
2023-09-30 00:00:00,Saturday,September,Fall,273,2,3,547
2020-07-03 00:00:00,Friday,July,Summer,185,13,14,6832
2022-12-16 00:00:00,Friday,December,Winter,350,4,5,5658
2025-06-29 00:00:00,Sunday,June,Summer,180,12,13,4495
2025-03-21 00:00:00,Friday,March,Spring,80,6,7,10695
2023-09-22 00:00:00,Friday,September,Fall,265,15,16,13602
2024-01-26 00:00:00,Friday,January,Winter,26,22,23,2003
2023-05-29 00:00:00,Monday,May,Spring,149,23,0,10422
2024-01-18 00:00:00,Thursday,January,Winter,18,19,20,4652
2023-08-17 00:00:00,Thursday,August,Summer,229,21,22,2474
2021-02-18 00:00:00,Thursday,February,Winter,49,13,14,11280
2025-11-28 00:00:00,Friday,November,Fall,332,16,17,7122
2025-06-05 00:00:00,Thursday,June,Summer,156,11,12,9135
2025-07-05 00:00:00,Saturday,July,Summer,186,19,20,7083
2023-08-30 00:00:00,Wednesday,August,Summer,242,20,21,4070
2020-01-24 00:00:00,Friday,January,Winter,24,14,15,1733
2021-01-30 00:00:00,Saturday,January,Winter,30,11,12,8960
2021-01-26 00:00:00,Tuesday,January,Winter,26,10,11,5086
2020-07-22 00:00:00,Wednesday,July,Summer,204,22,23,2730
2025-09-10 00:00:00,Wednesday,September,Fall,253,10,11,8381
2021-05-20 00:00:00,Thursday,May,Spring,140,11,12,7459
2020-08-30 00:00:00,Sunday,August,Summer,243,16,17,6972
2021-04-30 00:00:00,Friday,April,Spring,120,4,5,1497
2024-07-20 00:00:00,Saturday,July,Summer,202,2,3,1366
2024-06-25 00:00:00,Tuesday,June,Summer,177,2,3,4860
2020-06-16 00:00:00,Tuesday,June,Summer,168,3,4,1572
2025-03-20 00:00:00,Thursday,March,Spring,79,22,23,7815
2021-10-08 00:00:00,Friday,October,Fall,281,7,8,3732
2023-03-11 00:00:00,Saturday,March,Spring,70,20,21,4561
2022-01-09 00:00:00,Sunday,January,Winter,9,5,6,11382
2023-12-15 00:00:00,Friday,December,Winter,349,10,11,2984
2023-12-02 00:00:00,Saturday,December,Winter,336,20,21,2993
2020-04-12 00:00:00,Sunday,April,Spring,103,14,15,4478
2021-01-16 00:00:00,Saturday,January,Winter,16,6,7,2609
2020-11-07 00:00:00,Saturday,November,Fall,312,5,6,6495
2025-01-16 00:00:00,Thursday,January,Winter,16,7,8,5370
2023-12-11 00:00:00,Monday,December,Winter,345,5,6,13313
2025-03-26 00:00:00,Wednesday,March,Spring,85,0,1,2924
2025-03-09 00:00:00,Sunday,March,Spring,68,14,15,6097
2021-01-31 00:00:00,Sunday,January,Winter,31,11,12,3917
2023-01-18 00:00:00,Wednesday,January,Winter,18,12,13,5795
2022-08-11 00:00:00,Thursday,August,Summer,223,22,23,5915
2020-10-17 00:00:00,Saturday,October,Fall,291,5,6,823
2023-11-06 00:00:00,Monday,November,Fall,310,15,16,11710
2020-01-31 00:00:00,Friday,January,Winter,31,15,16,7383
2022-11-22 00:00:00,Tuesday,November,Fall,326,2,3,12118
2020-01-14 00:00:00,Tuesday,January,Winter,14,21,22,12686
2024-06-05 00:00:00,Wednesday,June,Summer,157,22,23,1825
2020-05-24 00:00:00,Sunday,May,Spring,145,17,18,4591
2025-10-17 00:00:00,Friday,October,Fall,290,8,9,5063
2023-12-01 00:00:00,Friday,December,Winter,335,18,19,5670
2023-11-30 00:00:00,Thursday,November,Fall,334,9,10,2294
2023-05-28 00:00:00,Sunday,May,Spring,148,21,22,8135
2025-08-06 00:00:00,Wednesday,August,Summer,218,18,19,4823
2022-09-03 00:00:00,Saturday,September,Fall,246,3,4,1584
2024-05-12 00:00:00,Sunday,May,Spring,133,21,22,2710
2022-08-25 00:00:00,Thursday,August,Summer,237,2,3,2157
2024-07-09 00:00:00,Tuesday,July,Summer,191,19,20,5041
2023-10-28 00:00:00,Saturday,October,Fall,301,13,14,17291
2021-12-26 00:00:00,Sunday,December,Winter,360,23,0,3943
2023-04-26 00:00:00,Wednesday,April,Spring,116,19,20,1227
2020-08-12 00:00:00,Wednesday,August,Summer,225,23,0,2887
2024-06-08 00:00:00,Saturday,June,Summer,160,7,8,2653
2020-10-30 00:00:00,Friday,October,Fall,304,1,2,7672
2024-04-10 00:00:00,Wednesday,April,Spring,101,13,14,9317
2020-01-22 00:00:00,Wednesday,January,Winter,22,4,5,3220
2025-06-26 00:00:00,Thursday,June,Summer,177,19,20,9162
2023-09-25 00:00:00,Monday,September,Fall,268,6,7,2754
2021-10-02 00:00:00,Saturday,October,Fall,275,8,9,4880
2021-05-21 00:00:00,Friday,May,Spring,141,21,22,11117
2021-05-21 00:00:00,Friday,May,Spring,141,4,5,9502
2020-06-07 00:00:00,Sunday,June,Summer,159,21,22,1627
2023-09-06 00:00:00,Wednesday,September,Fall,249,18,19,2948
2023-04-27 00:00:00,Thursday,April,Spring,117,3,4,1219
2020-03-14 00:00:00,Saturday,March,Spring,74,13,14,7209
2024-02-27 00:00:00,Tuesday,February,Winter,58,19,20,6228
2020-09-19 00:00:00,Saturday,September,Fall,263,13,14,4468
2022-04-01 00:00:00,Friday,April,Spring,91,16,17,15285
2023-03-16 00:00:00,Thursday,March,Spring,75,2,3,6637
2025-09-22 00:00:00,Monday,September,Fall,265,16,17,8440
2020-11-24 00:00:00,Tuesday,November,Fall,329,19,20,6160
2020-11-10 00:00:00,Tuesday,November,Fall,315,8,9,672
2023-12-05 00:00:00,Tuesday,December,Winter,339,23,0,4052
2023-04-21 00:00:00,Friday,April,Spring,111,23,0,3321
2021-02-26 00:00:00,Friday,February,Winter,57,22,23,5705
2025-01-16 00:00:00,Thursday,January,Winter,16,11,12,7756
2022-11-29 00:00:00,Tuesday,November,Fall,333,6,7,1649
2024-12-01 00:00:00,Sunday,December,Winter,336,13,14,10231
2022-05-01 00:00:00,Sunday,May,Spring,121,2,3,3175
2021-05-13 00:00:00,Thursday,May,Spring,133,5,6,5102
2023-07-31 00:00:00,Monday,July,Summer,212,14,15,18635
2024-10-25 00:00:00,Friday,October,Fall,299,14,15,5922
2022-09-25 00:00:00,Sunday,September,Fall,268,14,15,6087
2025-03-25 00:00:00,Tuesday,March,Spring,84,14,15,7289
2021-01-05 00:00:00,Tuesday,January,Winter,5,18,19,1973
2021-09-25 00:00:00,Saturday,September,Fall,268,0,1,1010
2023-06-27 00:00:00,Tuesday,June,Summer,178,8,9,3093
2021-09-12 00:00:00,Sunday,September,Fall,255,6,7,797
2024-09-13 00:00:00,Friday,September,Fall,257,7,8,4812
2023-07-14 00:00:00,Friday,July,Summer,195,3,4,547
2024-12-22 00:00:00,Sunday,December,Winter,357,3,4,18787
2024-12-22 00:00:00,Sunday,December,Winter,357,23,0,16227
2020-10-18 00:00:00,Sunday,October,Fall,292,11,12,3259
2021-05-04 00:00:00,Tuesday,May,Spring,124,8,9,13750
2021-07-24 00:00:00,Saturday,July,Summer,205,4,5,4791
2021-03-18 00:00:00,Thursday,March,Spring,77,14,15,5839
2025-07-08 00:00:00,Tuesday,July,Summer,189,8,9,6696
2025-04-30 00:00:00,Wednesday,April,Spring,120,11,12,9156
2021-07-27 00:00:00,Tuesday,July,Summer,208,21,22,3168
2020-06-11 00:00:00,Thursday,June,Summer,163,17,18,5028
2024-07-18 00:00:00,Thursday,July,Summer,200,12,13,8281
2025-01-01 00:00:00,Wednesday,January,Winter,1,21,22,14963
2023-05-16 00:00:00,Tuesday,May,Spring,136,4,5,7536
2025-11-16 00:00:00,Sunday,November,Fall,320,23,0,5090
2023-05-02 00:00:00,Tuesday,May,Spring,122,3,4,3235
2022-10-29 00:00:00,Saturday,October,Fall,302,14,15,8339
2021-05-12 00:00:00,Wednesday,May,Spring,132,9,10,2820
2023-12-08 00:00:00,Friday,December,Winter,342,9,10,4446
2022-01-02 00:00:00,Sunday,January,Winter,2,0,1,5445
2025-01-06 00:00:00,Monday,January,Winter,6,16,17,17822
2022-05-22 00:00:00,Sunday,May,Spring,142,0,1,2793
2022-06-15 00:00:00,Wednesday,June,Summer,166,1,2,4126
2023-04-06 00:00:00,Thursday,April,Spring,96,14,15,11427
2024-09-15 00:00:00,Sunday,September,Fall,259,0,1,3840
2023-04-08 00:00:00,Saturday,April,Spring,98,5,6,3512
2021-03-26 00:00:00,Friday,March,Spring,85,0,1,2924
2020-01-04 00:00:00,Saturday,January,Winter,4,4,5,3266
2025-08-25 00:00:00,Monday,August,Summer,237,7,8,2945
2020-05-18 00:00:00,Monday,May,Spring,139,10,11,4062
2024-11-18 00:00:00,Monday,November,Fall,323,1,2,8644
2025-03-15 00:00:00,Saturday,March,Spring,74,3,4,10081
2023-07-10 00:00:00,Monday,July,Summer,191,6,7,749
2024-09-07 00:00:00,Saturday,September,Fall,251,22,23,3605
2022-07-02 00:00:00,Saturday,July,Summer,183,15,16,6897
2020-03-14 00:00:00,Saturday,March,Spring,74,19,20,3134
2020-04-23 00:00:00,Thursday,April,Spring,114,19,20,824
2025-01-29 00:00:00,Wednesday,January,Winter,29,8,9,13112
2024-01-26 00:00:00,Friday,January,Winter,26,7,8,12588
2025-08-12 00:00:00,Tuesday,August,Summer,224,23,0,1049
2020-03-20 00:00:00,Friday,March,Spring,80,14,15,7648
2022-12-11 00:00:00,Sunday,December,Winter,345,8,9,2254
2021-10-13 00:00:00,Wednesday,October,Fall,286,11,12,4854
2024-11-05 00:00:00,Tuesday,November,Fall,310,5,6,1674
2024-09-18 00:00:00,Wednesday,September,Fall,262,17,18,14521
2020-01-10 00:00:00,Friday,January,Winter,10,20,21,1558
2023-06-16 00:00:00,Friday,June,Summer,167,2,3,2330
2023-06-15 00:00:00,Thursday,June,Summer,166,15,16,7754
2022-08-08 00:00:00,Monday,August,Summer,220,3,4,6072
2022-07-30 00:00:00,Saturday,July,Summer,211,5,6,902
2020-10-08 00:00:00,Thursday,October,Fall,282,19,20,7127
2020-09-30 00:00:00,Wednesday,September,Fall,274,9,10,2517
2022-11-09 00:00:00,Wednesday,November,Fall,313,0,1,9942
2020-05-23 00:00:00,Saturday,May,Spring,144,9,10,4797
2023-04-19 00:00:00,Wednesday,April,Spring,109,1,2,7997
2020-09-21 00:00:00,Monday,September,Fall,265,18,19,888
2023-04-20 00:00:00,Thursday,April,Spring,110,17,18,7921
2021-07-07 00:00:00,Wednesday,July,Summer,188,18,19,3466
2023-01-08 00:00:00,Sunday,January,Winter,8,16,17,11145
2025-03-03 00:00:00,Monday,March,Spring,62,17,18,2963
2024-06-29 00:00:00,Saturday,June,Summer,181,1,2,4092
2021-03-10 00:00:00,Wednesday,March,Spring,69,5,6,2969
2020-12-02 00:00:00,Wednesday,December,Winter,337,11,12,3015
2022-12-16 00:00:00,Friday,December,Winter,350,1,2,6354
2021-01-15 00:00:00,Friday,January,Winter,15,19,20,2717
2022-12-02 00:00:00,Friday,December,Winter,336,11,12,2745
2024-12-16 00:00:00,Monday,December,Winter,351,19,20,3164
2020-10-14 00:00:00,Wednesday,October,Fall,288,0,1,2018
2021-08-29 00:00:00,Sunday,August,Summer,241,16,17,7543
2024-11-22 00:00:00,Friday,November,Fall,327,13,14,16386
2023-03-23 00:00:00,Thursday,March,Spring,82,8,9,12237
2023-05-13 00:00:00,Saturday,May,Spring,133,23,0,5812
2022-02-25 00:00:00,Friday,February,Winter,56,18,19,3550
2020-10-17 00:00:00,Saturday,October,Fall,291,20,21,625
2024-02-04 00:00:00,Sunday,February,Winter,35,14,15,10856
2025-05-14 00:00:00,Wednesday,May,Spring,134,13,14,4558
2022-10-04 00:00:00,Tuesday,October,Fall,277,12,13,5982
2020-10-18 00:00:00,Sunday,October,Fall,292,14,15,3881
2020-05-31 00:00:00,Sunday,May,Spring,152,0,1,5688
2021-04-19 00:00:00,Monday,April,Spring,109,15,16,4504
2021-08-11 00:00:00,Wednesday,August,Summer,223,0,1,647
2023-02-17 00:00:00,Friday,February,Winter,48,0,1,7540
2023-10-06 00:00:00,Friday,October,Fall,279,9,10,3802
2021-04-06 00:00:00,Tuesday,April,Spring,96,20,21,5819
2023-05-02 00:00:00,Tuesday,May,Spring,122,8,9,3648
2025-09-08 00:00:00,Monday,September,Fall,251,3,4,2384
2020-04-04 00:00:00,Saturday,April,Spring,95,8,9,2989
2023-03-13 00:00:00,Monday,March,Spring,72,14,15,18710
2020-06-08 00:00:00,Monday,June,Summer,160,21,22,3865
2025-04-16 00:00:00,Wednesday,April,Spring,106,1,2,5633
2025-03-19 00:00:00,Wednesday,March,Spring,78,15,16,11296
2022-12-29 00:00:00,Thursday,December,Winter,363,12,13,13942
2024-03-16 00:00:00,Saturday,March,Spring,76,11,12,7993
2023-01-29 00:00:00,Sunday,January,Winter,29,10,11,2890
2021-06-30 00:00:00,Wednesday,June,Summer,181,6,7,2095
2024-08-06 00:00:00,Tuesday,August,Summer,219,7,8,1463
2020-03-08 00:00:00,Sunday,March,Spring,68,7,8,9809
2024-08-31 00:00:00,Saturday,August,Summer,244,12,13,8353
2023-04-20 00:00:00,Thursday,April,Spring,110,8,9,7599
2020-10-29 00:00:00,Thursday,October,Fall,303,17,18,6611
2025-01-21 00:00:00,Tuesday,January,Winter,21,22,23,6958
2023-02-17 00:00:00,Friday,February,Winter,48,20,21,7175
2024-10-21 00:00:00,Monday,October,Fall,295,6,7,3853
2020-08-24 00:00:00,Monday,August,Summer,237,4,5,1813
2024-05-25 00:00:00,Saturday,May,Spring,146,15,16,7169
2020-09-22 00:00:00,Tuesday,September,Fall,266,20,21,1549
2023-02-05 00:00:00,Sunday,February,Winter,36,14,15,13787
2024-02-17 00:00:00,Saturday,February,Winter,48,5,6,2438
2025-01-20 00:00:00,Monday,January,Winter,20,10,11,2887
2021-06-12 00:00:00,Saturday,June,Summer,163,19,20,2973
2025-09-09 00:00:00,Tuesday,September,Fall,252,0,1,2454
2025-03-25 00:00:00,Tuesday,March,Spring,84,23,0,3267
2021-04-17 00:00:00,Saturday,April,Spring,107,18,19,7013
2023-08-22 00:00:00,Tuesday,August,Summer,234,21,22,2173
2023-05-18 00:00:00,Thursday,May,Spring,138,22,23,6054
2024-04-11 00:00:00,Thursday,April,Spring,102,21,22,1174
2023-10-09 00:00:00,Monday,October,Fall,282,1,2,1159
2020-01-10 00:00:00,Friday,January,Winter,10,6,7,7579
2022-10-18 00:00:00,Tuesday,October,Fall,291,11,12,5088
2022-01-04 00:00:00,Tuesday,January,Winter,4,14,15,5941
2021-04-22 00:00:00,Thursday,April,Spring,112,12,13,8368
2021-08-04 00:00:00,Wednesday,August,Summer,216,16,17,3531
2024-06-16 00:00:00,Sunday,June,Summer,168,0,1,8152
2020-02-25 00:00:00,Tuesday,February,Winter,56,13,14,12118
2024-06-14 00:00:00,Friday,June,Summer,166,5,6,7031
2020-07-21 00:00:00,Tuesday,July,Summer,203,14,15,5891
2025-03-13 00:00:00,Thursday,March,Spring,72,17,18,3662
2021-03-11 00:00:00,Thursday,March,Spring,70,11,12,15750
2022-10-10 00:00:00,Monday,October,Fall,283,13,14,5312
2022-10-20 00:00:00,Thursday,October,Fall,293,5,6,5478
2024-08-05 00:00:00,Monday,August,Summer,218,12,13,8358
2021-07-12 00:00:00,Monday,July,Summer,193,0,1,2435
2024-01-12 00:00:00,Friday,January,Winter,12,14,15,6694
2023-03-18 00:00:00,Saturday,March,Spring,77,6,7,7054
2020-05-13 00:00:00,Wednesday,May,Spring,134,14,15,7957
2023-09-30 00:00:00,Saturday,September,Fall,273,16,17,5200
2025-02-05 00:00:00,Wednesday,February,Winter,36,17,18,2583
2023-09-19 00:00:00,Tuesday,September,Fall,262,14,15,10341
2024-02-02 00:00:00,Friday,February,Winter,33,0,1,2260
2021-11-17 00:00:00,Wednesday,November,Fall,321,5,6,1957
2023-10-01 00:00:00,Sunday,October,Fall,274,13,14,4581
2021-06-24 00:00:00,Thursday,June,Summer,175,18,19,3658
2022-07-27 00:00:00,Wednesday,July,Summer,208,11,12,6815
2024-04-12 00:00:00,Friday,April,Spring,103,21,22,939
2020-08-22 00:00:00,Saturday,August,Summer,235,12,13,11094
2022-11-12 00:00:00,Saturday,November,Fall,316,5,6,3769
2022-07-21 00:00:00,Thursday,July,Summer,202,20,21,1574
2023-09-08 00:00:00,Friday,September,Fall,251,21,22,1554
2024-05-31 00:00:00,Friday,May,Spring,152,10,11,10050
2020-01-19 00:00:00,Sunday,January,Winter,19,4,5,4998
2021-06-25 00:00:00,Friday,June,Summer,176,7,8,1787
2020-02-07 00:00:00,Friday,February,Winter,38,3,4,5494
2021-03-15 00:00:00,Monday,March,Spring,74,18,19,7372
2025-05-13 00:00:00,Tuesday,May,Spring,133,15,16,3863
2022-04-27 00:00:00,Wednesday,April,Spring,117,9,10,5614
2021-06-18 00:00:00,Friday,June,Summer,169,11,12,6927
2024-03-15 00:00:00,Friday,March,Spring,75,18,19,11274
2024-12-29 00:00:00,Sunday,December,Winter,364,19,20,541
2023-12-24 00:00:00,Sunday,December,Winter,358,20,21,10213
2022-06-28 00:00:00,Tuesday,June,Summer,179,18,19,4992
2023-09-05 00:00:00,Tuesday,September,Fall,248,8,9,6596
2022-09-01 00:00:00,Thursday,September,Fall,244,9,10,3556
2022-08-16 00:00:00,Tuesday,August,Summer,228,22,23,1494
2024-04-23 00:00:00,Tuesday,April,Spring,114,6,7,4518
2022-03-19 00:00:00,Saturday,March,Spring,78,9,10,10970
2024-04-22 00:00:00,Monday,April,Spring,113,3,4,7378
2025-09-30 00:00:00,Tuesday,September,Fall,273,18,19,3305
2022-10-04 00:00:00,Tuesday,October,Fall,277,0,1,1565
2024-08-28 00:00:00,Wednesday,August,Summer,241,8,9,4269
2025-03-11 00:00:00,Tuesday,March,Spring,70,1,2,1454
2023-07-19 00:00:00,Wednesday,July,Summer,200,11,12,8862
2023-01-28 00:00:00,Saturday,January,Winter,28,8,9,5921
2022-06-14 00:00:00,Tuesday,June,Summer,165,2,3,4735
2020-08-16 00:00:00,Sunday,August,Summer,229,3,4,1256
2023-04-18 00:00:00,Tuesday,April,Spring,108,5,6,6470
2020-08-30 00:00:00,Sunday,August,Summer,243,2,3,2802
2025-06-03 00:00:00,Tuesday,June,Summer,154,21,22,4656
2024-06-13 00:00:00,Thursday,June,Summer,165,19,20,5847
2022-08-26 00:00:00,Friday,August,Summer,238,23,0,3321
2020-05-05 00:00:00,Tuesday,May,Spring,126,23,0,2773
2020-04-27 00:00:00,Monday,April,Spring,118,13,14,3089
2020-04-28 00:00:00,Tuesday,April,Spring,119,6,7,3698
2022-09-13 00:00:00,Tuesday,September,Fall,256,18,19,3807
2025-11-20 00:00:00,Thursday,November,Fall,324,15,16,5905
2025-03-14 00:00:00,Friday,March,Spring,73,8,9,3380
2021-10-13 00:00:00,Wednesday,October,Fall,286,16,17,4842
2024-08-07 00:00:00,Wednesday,August,Summer,220,4,5,1433
2021-12-24 00:00:00,Friday,December,Winter,358,23,0,3052
2020-06-21 00:00:00,Sunday,June,Summer,173,5,6,2554
2023-07-31 00:00:00,Monday,July,Summer,212,23,0,10874
2020-02-07 00:00:00,Friday,February,Winter,38,14,15,5386
2025-02-03 00:00:00,Monday,February,Winter,34,11,12,5983
2020-06-24 00:00:00,Wednesday,June,Summer,176,18,19,4258
2023-02-02 00:00:00,Thursday,February,Winter,33,20,21,6733
2023-01-23 00:00:00,Monday,January,Winter,23,16,17,8749
2023-12-14 00:00:00,Thursday,December,Winter,348,17,18,3583
2025-09-21 00:00:00,Sunday,September,Fall,264,5,6,4374
2021-03-15 00:00:00,Monday,March,Spring,74,11,12,10812
2020-11-22 00:00:00,Sunday,November,Fall,327,20,21,925
2020-02-22 00:00:00,Saturday,February,Winter,53,19,20,8470
2025-06-17 00:00:00,Tuesday,June,Summer,168,23,0,3347
2022-08-05 00:00:00,Friday,August,Summer,217,5,6,2607
2020-10-14 00:00:00,Wednesday,October,Fall,288,17,18,6263
2025-02-26 00:00:00,Wednesday,February,Winter,57,12,13,15050
2025-06-21 00:00:00,Saturday,June,Summer,172,0,1,4743
2020-06-05 00:00:00,Friday,June,Summer,157,13,14,14060
2020-10-27 00:00:00,Tuesday,October,Fall,301,18,19,11411
2020-06-04 00:00:00,Thursday,June,Summer,156,17,18,5749
2024-09-04 00:00:00,Wednesday,September,Fall,248,3,4,798
2021-01-19 00:00:00,Tuesday,January,Winter,19,10,11,12386
2025-10-23 00:00:00,Thursday,October,Fall,296,4,5,11928
2025-03-30 00:00:00,Sunday,March,Spring,89,9,10,6357
2020-04-06 00:00:00,Monday,April,Spring,97,15,16,5353
2023-03-31 00:00:00,Friday,March,Spring,90,14,15,21589
2020-03-31 00:00:00,Tuesday,March,Spring,91,5,6,6377
2020-05-23 00:00:00,Saturday,May,Spring,144,3,4,1673
2022-02-11 00:00:00,Friday,February,Winter,42,6,7,3510
2025-01-23 00:00:00,Thursday,January,Winter,23,21,22,16773
2021-11-09 00:00:00,Tuesday,November,Fall,313,11,12,4387
2025-10-26 00:00:00,Sunday,October,Fall,299,0,1,10464
2024-12-09 00:00:00,Monday,December,Winter,344,0,1,14088
2024-06-10 00:00:00,Monday,June,Summer,162,1,2,5131
2020-04-10 00:00:00,Friday,April,Spring,101,9,10,3344
2021-10-31 00:00:00,Sunday,October,Fall,304,1,2,4378
2020-11-20 00:00:00,Friday,November,Fall,325,12,13,4045
2025-09-25 00:00:00,Thursday,September,Fall,268,11,12,6701
2021-12-12 00:00:00,Sunday,December,Winter,346,13,14,5288
2022-01-13 00:00:00,Thursday,January,Winter,13,19,20,3069
2025-01-12 00:00:00,Sunday,January,Winter,12,23,0,4835
2023-12-06 00:00:00,Wednesday,December,Winter,340,22,23,2647
2021-01-16 00:00:00,Saturday,January,Winter,16,2,3,1799
2020-01-03 00:00:00,Friday,January,Winter,3,6,7,8817
2025-09-01 00:00:00,Monday,September,Fall,244,21,22,5057
2021-10-18 00:00:00,Monday,October,Fall,291,11,12,5076
2022-05-07 00:00:00,Saturday,May,Spring,127,23,0,4532
2022-06-16 00:00:00,Thursday,June,Summer,167,14,15,6428
2022-10-23 00:00:00,Sunday,October,Fall,296,23,0,13466
2024-07-08 00:00:00,Monday,July,Summer,190,17,18,7115
2022-03-23 00:00:00,Wednesday,March,Spring,82,7,8,3526
2024-09-23 00:00:00,Monday,September,Fall,267,14,15,9458
2020-12-26 00:00:00,Saturday,December,Winter,361,21,22,11446
2023-05-12 00:00:00,Friday,May,Spring,132,7,8,3360
2021-09-06 00:00:00,Monday,September,Fall,249,0,1,1817
2024-01-19 00:00:00,Friday,January,Winter,19,10,11,3115
2020-04-13 00:00:00,Monday,April,Spring,104,15,16,11013
2021-02-10 00:00:00,Wednesday,February,Winter,41,23,0,3960
2020-02-04 00:00:00,Tuesday,February,Winter,35,19,20,8718
2020-12-11 00:00:00,Friday,December,Winter,346,15,16,6300
2022-12-22 00:00:00,Thursday,December,Winter,356,8,9,12425
2020-01-04 00:00:00,Saturday,January,Winter,4,20,21,2808
2024-08-02 00:00:00,Friday,August,Summer,215,2,3,1432
2020-05-29 00:00:00,Friday,May,Spring,150,20,21,4294
2021-05-04 00:00:00,Tuesday,May,Spring,124,19,20,10640
2021-04-14 00:00:00,Wednesday,April,Spring,104,0,1,4370
2022-03-15 00:00:00,Tuesday,March,Spring,74,8,9,4813
2023-11-07 00:00:00,Tuesday,November,Fall,311,0,1,7909
2020-02-28 00:00:00,Friday,February,Winter,59,5,6,2660
2023-07-15 00:00:00,Saturday,July,Summer,196,16,17,10085
2025-08-12 00:00:00,Tuesday,August,Summer,224,9,10,6220
2022-06-16 00:00:00,Thursday,June,Summer,167,5,6,1497
2025-02-03 00:00:00,Monday,February,Winter,34,17,18,1611
2023-11-16 00:00:00,Thursday,November,Fall,320,4,5,3875
2025-03-06 00:00:00,Thursday,March,Spring,65,3,4,7274
2021-03-26 00:00:00,Friday,March,Spring,85,23,0,9140
2025-11-21 00:00:00,Friday,November,Fall,325,11,12,8584
2020-03-27 00:00:00,Friday,March,Spring,87,10,11,4295
2023-10-13 00:00:00,Friday,October,Fall,286,7,8,12357
2022-10-14 00:00:00,Friday,October,Fall,287,23,0,6926
2022-11-13 00:00:00,Sunday,November,Fall,317,11,12,4217
2020-05-14 00:00:00,Thursday,May,Spring,135,10,11,10073
2024-06-19 00:00:00,Wednesday,June,Summer,171,11,12,9445
2022-01-05 00:00:00,Wednesday,January,Winter,5,11,12,7302
2021-07-28 00:00:00,Wednesday,July,Summer,209,8,9,3851
2023-07-15 00:00:00,Saturday,July,Summer,196,17,18,14187
2024-10-26 00:00:00,Saturday,October,Fall,300,10,11,2823
2023-03-06 00:00:00,Monday,March,Spring,65,13,14,6220
2020-12-04 00:00:00,Friday,December,Winter,339,19,20,4944
2020-08-25 00:00:00,Tuesday,August,Summer,238,10,11,8081
2024-09-02 00:00:00,Monday,September,Fall,246,22,23,641
2023-08-10 00:00:00,Thursday,August,Summer,222,4,5,2594
2025-08-07 00:00:00,Thursday,August,Summer,219,5,6,1015
2021-04-01 00:00:00,Thursday,April,Spring,91,23,0,7740
2024-02-20 00:00:00,Tuesday,February,Winter,51,16,17,6371
2024-02-22 00:00:00,Thursday,February,Winter,53,21,22,16997
2023-02-14 00:00:00,Tuesday,February,Winter,45,10,11,5994
2020-06-20 00:00:00,Saturday,June,Summer,172,19,20,2174
2025-05-25 00:00:00,Sunday,May,Spring,145,20,21,9778
2024-02-11 00:00:00,Sunday,February,Winter,42,15,16,15331
2024-09-09 00:00:00,Monday,September,Fall,253,6,7,8239
2020-08-08 00:00:00,Saturday,August,Summer,221,19,20,1256
2025-04-09 00:00:00,Wednesday,April,Spring,99,2,3,4689
2021-04-06 00:00:00,Tuesday,April,Spring,96,21,22,4806
2025-02-14 00:00:00,Friday,February,Winter,45,2,3,4219
2021-09-12 00:00:00,Sunday,September,Fall,255,11,12,4404
2021-04-10 00:00:00,Saturday,April,Spring,100,10,11,5953
2025-08-01 00:00:00,Friday,August,Summer,213,11,12,9032
2023-04-19 00:00:00,Wednesday,April,Spring,109,16,17,10069
2024-01-21 00:00:00,Sunday,January,Winter,21,8,9,12404
2024-04-06 00:00:00,Saturday,April,Spring,97,9,10,16321
2021-04-29 00:00:00,Thursday,April,Spring,119,2,3,2471
2020-12-02 00:00:00,Wednesday,December,Winter,337,7,8,3088
2021-11-28 00:00:00,Sunday,November,Fall,332,0,1,8670
2023-03-11 00:00:00,Saturday,March,Spring,70,18,19,3908
2024-06-04 00:00:00,Tuesday,June,Summer,156,13,14,8950
2022-04-17 00:00:00,Sunday,April,Spring,107,0,1,7886
2025-05-06 00:00:00,Tuesday,May,Spring,126,0,1,10727
2024-09-12 00:00:00,Thursday,September,Fall,256,3,4,4188
2020-12-26 00:00:00,Saturday,December,Winter,361,23,0,12204
2022-05-06 00:00:00,Friday,May,Spring,126,15,16,6472
2023-11-24 00:00:00,Friday,November,Fall,328,19,20,10477
2025-01-17 00:00:00,Friday,January,Winter,17,17,18,861
2022-07-28 00:00:00,Thursday,July,Summer,209,8,9,2500
2023-10-15 00:00:00,Sunday,October,Fall,288,8,9,3908
2021-03-17 00:00:00,Wednesday,March,Spring,76,12,13,11247
2025-10-03 00:00:00,Friday,October,Fall,276,10,11,7978
2020-06-04 00:00:00,Thursday,June,Summer,156,2,3,2830
2025-07-29 00:00:00,Tuesday,July,Summer,210,3,4,2839
2024-03-28 00:00:00,Thursday,March,Spring,88,20,21,15521
2022-04-04 00:00:00,Monday,April,Spring,94,14,15,15076
2020-10-15 00:00:00,Thursday,October,Fall,289,10,11,5196
2020-05-30 00:00:00,Saturday,May,Spring,151,15,16,6710
2020-04-01 00:00:00,Wednesday,April,Spring,92,8,9,4222
2023-10-18 00:00:00,Wednesday,October,Fall,291,22,23,12351
2020-06-07 00:00:00,Sunday,June,Summer,159,3,4,2766
2025-10-10 00:00:00,Friday,October,Fall,283,7,8,2536
2024-12-18 00:00:00,Wednesday,December,Winter,353,3,4,13116
2023-03-07 00:00:00,Tuesday,March,Spring,66,8,9,7061
2021-05-20 00:00:00,Thursday,May,Spring,140,22,23,9069
2022-04-08 00:00:00,Friday,April,Spring,98,11,12,9083
2021-04-06 00:00:00,Tuesday,April,Spring,96,0,1,4549
2020-12-06 00:00:00,Sunday,December,Winter,341,21,22,1662
2023-06-10 00:00:00,Saturday,June,Summer,161,20,21,1747
2023-05-23 00:00:00,Tuesday,May,Spring,143,3,4,4394
2024-04-13 00:00:00,Saturday,April,Spring,104,11,12,4281
2023-10-01 00:00:00,Sunday,October,Fall,274,16,17,5635
2021-11-29 00:00:00,Monday,November,Fall,333,14,15,4402
2022-05-22 00:00:00,Sunday,May,Spring,142,14,15,5753
2023-01-09 00:00:00,Monday,January,Winter,9,3,4,15487
2025-07-18 00:00:00,Friday,July,Summer,199,19,20,3617
2022-10-10 00:00:00,Monday,October,Fall,283,16,17,4363
2022-04-22 00:00:00,Friday,April,Spring,112,10,11,5407
2025-04-26 00:00:00,Saturday,April,Spring,116,7,8,4323
2021-11-18 00:00:00,Thursday,November,Fall,322,15,16,2705
2022-04-23 00:00:00,Saturday,April,Spring,113,12,13,7590
2022-05-21 00:00:00,Saturday,May,Spring,141,16,17,5160
2025-10-03 00:00:00,Friday,October,Fall,276,2,3,5560
2023-08-28 00:00:00,Monday,August,Summer,240,13,14,7961
2020-01-28 00:00:00,Tuesday,January,Winter,28,16,17,11897
2020-05-23 00:00:00,Saturday,May,Spring,144,8,9,4079
2020-07-29 00:00:00,Wednesday,July,Summer,211,14,15,3995
2024-08-04 00:00:00,Sunday,August,Summer,217,12,13,7542
2021-09-29 00:00:00,Wednesday,September,Fall,272,18,19,6196
2024-08-29 00:00:00,Thursday,August,Summer,242,9,10,4187
2022-07-22 00:00:00,Friday,July,Summer,203,20,21,2407
2021-05-10 00:00:00,Monday,May,Spring,130,19,20,3236
2024-05-21 00:00:00,Tuesday,May,Spring,142,0,1,2868
2024-09-06 00:00:00,Friday,September,Fall,250,11,12,5349
2023-03-16 00:00:00,Thursday,March,Spring,75,8,9,9438
2023-07-13 00:00:00,Thursday,July,Summer,194,10,11,6890
2024-11-15 00:00:00,Friday,November,Fall,320,8,9,2684
2020-07-12 00:00:00,Sunday,July,Summer,194,0,1,4962
2021-04-06 00:00:00,Tuesday,April,Spring,96,2,3,5120
2025-09-24 00:00:00,Wednesday,September,Fall,267,12,13,10716
2022-11-18 00:00:00,Friday,November,Fall,322,21,22,3230
2020-04-16 00:00:00,Thursday,April,Spring,107,22,23,1773
2022-04-05 00:00:00,Tuesday,April,Spring,95,23,0,6029
2025-08-22 00:00:00,Friday,August,Summer,234,21,22,2688
2022-02-25 00:00:00,Friday,February,Winter,56,14,15,9622
2023-05-19 00:00:00,Friday,May,Spring,139,19,20,6972
2022-09-04 00:00:00,Sunday,September,Fall,247,4,5,2059
2025-01-14 00:00:00,Tuesday,January,Winter,14,16,17,2442
2020-03-10 00:00:00,Tuesday,March,Spring,70,21,22,11187
2021-12-13 00:00:00,Monday,December,Winter,347,21,22,1571
2021-02-08 00:00:00,Monday,February,Winter,39,19,20,2059
2020-09-16 00:00:00,Wednesday,September,Fall,260,18,19,4646
2020-09-07 00:00:00,Monday,September,Fall,251,10,11,3920
2024-10-12 00:00:00,Saturday,October,Fall,286,20,21,7029
2023-09-30 00:00:00,Saturday,September,Fall,273,21,22,906
2022-11-08 00:00:00,Tuesday,November,Fall,312,7,8,13656
2024-10-16 00:00:00,Wednesday,October,Fall,290,15,16,12056
2022-03-21 00:00:00,Monday,March,Spring,80,17,18,4620
2025-09-17 00:00:00,Wednesday,September,Fall,260,10,11,8661
2020-09-22 00:00:00,Tuesday,September,Fall,266,8,9,585
2023-12-05 00:00:00,Tuesday,December,Winter,339,22,23,4751
2023-02-23 00:00:00,Thursday,February,Winter,54,3,4,1074
2020-09-18 00:00:00,Friday,September,Fall,262,4,5,6154
2023-08-12 00:00:00,Saturday,August,Summer,224,6,7,1480
2024-08-28 00:00:00,Wednesday,August,Summer,241,18,19,5763
2022-06-01 00:00:00,Wednesday,June,Summer,152,14,15,6895
2024-09-28 00:00:00,Saturday,September,Fall,272,21,22,914
2020-02-11 00:00:00,Tuesday,February,Winter,42,1,2,12649
2021-07-29 00:00:00,Thursday,July,Summer,210,7,8,3667
2023-12-13 00:00:00,Wednesday,December,Winter,347,18,19,7837
2023-05-24 00:00:00,Wednesday,May,Spring,144,20,21,7497
2021-02-18 00:00:00,Thursday,February,Winter,49,17,18,9311
2025-03-05 00:00:00,Wednesday,March,Spring,64,9,10,7212
2025-02-27 00:00:00,Thursday,February,Winter,58,18,19,4003
2023-07-28 00:00:00,Friday,July,Summer,209,9,10,5928
2022-06-18 00:00:00,Saturday,June,Summer,169,16,17,7668
2022-03-26 00:00:00,Saturday,March,Spring,85,23,0,8557
2023-08-12 00:00:00,Saturday,August,Summer,224,0,1,1275
2023-11-09 00:00:00,Thursday,November,Fall,313,22,23,12712
2024-03-24 00:00:00,Sunday,March,Spring,84,14,15,16599
2021-12-08 00:00:00,Wednesday,December,Winter,342,14,15,5921
2024-12-14 00:00:00,Saturday,December,Winter,349,3,4,1442
2022-09-19 00:00:00,Monday,September,Fall,262,10,11,5655
2022-08-28 00:00:00,Sunday,August,Summer,240,2,3,3812
2024-06-28 00:00:00,Friday,June,Summer,180,5,6,3186
2022-12-22 00:00:00,Thursday,December,Winter,356,7,8,12902
2022-06-16 00:00:00,Thursday,June,Summer,167,18,19,3081
2022-09-29 00:00:00,Thursday,September,Fall,272,14,15,4330
2023-10-19 00:00:00,Thursday,October,Fall,292,1,2,10798
2023-12-31 00:00:00,Sunday,December,Winter,365,11,12,18515
2025-09-14 00:00:00,Sunday,September,Fall,257,11,12,9392
2021-10-30 00:00:00,Saturday,October,Fall,303,11,12,9349
2021-01-01 00:00:00,Friday,January,Winter,1,19,20,1425
2022-05-02 00:00:00,Monday,May,Spring,122,8,9,2702
2023-10-28 00:00:00,Saturday,October,Fall,301,17,18,14258
2021-08-03 00:00:00,Tuesday,August,Summer,215,17,18,3270
2022-07-10 00:00:00,Sunday,July,Summer,191,3,4,4839
2025-04-28 00:00:00,Monday,April,Spring,118,9,10,5404
2025-01-05 00:00:00,Sunday,January,Winter,5,6,7,15783
2020-01-31 00:00:00,Friday,January,Winter,31,18,19,7282
2023-08-09 00:00:00,Wednesday,August,Summer,221,14,15,7734
2022-12-12 00:00:00,Monday,December,Winter,346,14,15,3435
2025-06-09 00:00:00,Monday,June,Summer,160,4,5,1873
2020-04-16 00:00:00,Thursday,April,Spring,107,23,0,2013
2021-12-07 00:00:00,Tuesday,December,Winter,341,13,14,12158
2025-03-08 00:00:00,Saturday,March,Spring,67,16,17,13555
2023-06-08 00:00:00,Thursday,June,Summer,159,17,18,6122
2021-05-22 00:00:00,Saturday,May,Spring,142,4,5,9312
2025-06-29 00:00:00,Sunday,June,Summer,180,3,4,3072
2022-11-29 00:00:00,Tuesday,November,Fall,333,22,23,1071
2025-07-23 00:00:00,Wednesday,July,Summer,204,8,9,2689
2024-08-26 00:00:00,Monday,August,Summer,239,15,16,9509
2024-08-09 00:00:00,Friday,August,Summer,222,16,17,11780
2022-05-16 00:00:00,Monday,May,Spring,136,15,16,6963
2021-03-01 00:00:00,Monday,March,Spring,60,7,8,4589
2025-03-10 00:00:00,Monday,March,Spring,69,23,0,1370
2022-10-11 00:00:00,Tuesday,October,Fall,284,5,6,2707
2024-09-27 00:00:00,Friday,September,Fall,271,8,9,15369
2022-04-02 00:00:00,Saturday,April,Spring,92,17,18,10976
2024-10-12 00:00:00,Saturday,October,Fall,286,23,0,8290
2023-11-28 00:00:00,Tuesday,November,Fall,332,15,16,2821
2025-06-12 00:00:00,Thursday,June,Summer,163,6,7,6947
2020-07-01 00:00:00,Wednesday,July,Summer,183,2,3,3252
2022-01-20 00:00:00,Thursday,January,Winter,20,13,14,6533
2022-10-05 00:00:00,Wednesday,October,Fall,278,14,15,15673
2022-01-21 00:00:00,Friday,January,Winter,21,3,4,5070
2023-08-11 00:00:00,Friday,August,Summer,223,10,11,5430
2023-09-04 00:00:00,Monday,September,Fall,247,8,9,7729
2025-05-25 00:00:00,Sunday,May,Spring,145,7,8,9310
2020-12-11 00:00:00,Friday,December,Winter,346,4,5,7890
2023-07-07 00:00:00,Friday,July,Summer,188,2,3,3866
2023-06-14 00:00:00,Wednesday,June,Summer,165,7,8,3207
2020-10-02 00:00:00,Friday,October,Fall,276,18,19,3073
2020-12-31 00:00:00,Thursday,December,Winter,366,9,10,4838
2025-08-08 00:00:00,Friday,August,Summer,220,16,17,8376
2022-01-02 00:00:00,Sunday,January,Winter,2,13,14,12811
2023-02-28 00:00:00,Tuesday,February,Winter,59,3,4,8930
2021-09-27 00:00:00,Monday,September,Fall,270,10,11,8562
2023-09-18 00:00:00,Monday,September,Fall,261,15,16,14776
2025-01-27 00:00:00,Monday,January,Winter,27,0,1,18951
2021-12-11 00:00:00,Saturday,December,Winter,345,2,3,8663
2021-05-03 00:00:00,Monday,May,Spring,123,0,1,781
2023-01-15 00:00:00,Sunday,January,Winter,15,22,23,14417
2022-07-20 00:00:00,Wednesday,July,Summer,201,7,8,2309
2020-05-01 00:00:00,Friday,May,Spring,122,14,15,8815
2024-09-28 00:00:00,Saturday,September,Fall,272,13,14,8736
2025-11-09 00:00:00,Sunday,November,Fall,313,6,7,2347
2023-01-18 00:00:00,Wednesday,January,Winter,18,20,21,5086
2021-04-16 00:00:00,Friday,April,Spring,106,3,4,5432
2020-07-10 00:00:00,Friday,July,Summer,192,5,6,3206
2024-03-07 00:00:00,Thursday,March,Spring,67,10,11,10254
2023-12-27 00:00:00,Wednesday,December,Winter,361,19,20,16623
2021-02-28 00:00:00,Sunday,February,Winter,59,16,17,7579
2025-03-22 00:00:00,Saturday,March,Spring,81,13,14,9746
2020-05-26 00:00:00,Tuesday,May,Spring,147,9,10,3767
2023-06-13 00:00:00,Tuesday,June,Summer,164,7,8,3243
2020-04-07 00:00:00,Tuesday,April,Spring,98,6,7,2169
2025-09-09 00:00:00,Tuesday,September,Fall,252,12,13,8511
2024-12-01 00:00:00,Sunday,December,Winter,336,14,15,9481
2020-11-21 00:00:00,Saturday,November,Fall,326,16,17,2632
2025-03-09 00:00:00,Sunday,March,Spring,68,23,0,2161
2023-02-01 00:00:00,Wednesday,February,Winter,32,12,13,11188
2025-03-16 00:00:00,Sunday,March,Spring,75,12,13,12574
2022-08-16 00:00:00,Tuesday,August,Summer,228,23,0,1489
2024-07-24 00:00:00,Wednesday,July,Summer,206,18,19,4907
2021-10-08 00:00:00,Friday,October,Fall,281,1,2,3528
2021-09-01 00:00:00,Wednesday,September,Fall,244,22,23,6966
2021-04-06 00:00:00,Tuesday,April,Spring,96,19,20,7552
2021-06-24 00:00:00,Thursday,June,Summer,175,9,10,3148
2020-09-03 00:00:00,Thursday,September,Fall,247,18,19,3529
2023-06-04 00:00:00,Sunday,June,Summer,155,18,19,7588
2025-02-06 00:00:00,Thursday,February,Winter,37,14,15,13367
2023-04-02 00:00:00,Sunday,April,Spring,92,14,15,12201
2022-01-03 00:00:00,Monday,January,Winter,3,14,15,11791
2023-09-20 00:00:00,Wednesday,September,Fall,263,18,19,10294
2025-07-30 00:00:00,Wednesday,July,Summer,211,7,8,1698
2025-11-03 00:00:00,Monday,November,Fall,307,0,1,7546
2024-04-06 00:00:00,Saturday,April,Spring,97,21,22,9351
2021-07-10 00:00:00,Saturday,July,Summer,191,2,3,345
2023-07-01 00:00:00,Saturday,July,Summer,182,0,1,7413
2023-08-27 00:00:00,Sunday,August,Summer,239,12,13,8873
2022-07-18 00:00:00,Monday,July,Summer,199,7,8,3978
2021-06-07 00:00:00,Monday,June,Summer,158,11,12,4355
2020-03-11 00:00:00,Wednesday,March,Spring,71,20,21,10029
2024-05-12 00:00:00,Sunday,May,Spring,133,16,17,3703
2020-01-10 00:00:00,Friday,January,Winter,10,9,10,6776
2021-12-21 00:00:00,Tuesday,December,Winter,355,11,12,3572
2022-04-23 00:00:00,Saturday,April,Spring,113,5,6,6090
2020-10-03 00:00:00,Saturday,October,Fall,277,7,8,3331
2020-02-02 00:00:00,Sunday,February,Winter,33,4,5,7968
2020-04-13 00:00:00,Monday,April,Spring,104,18,19,11443
2022-02-18 00:00:00,Friday,February,Winter,49,2,3,8034
2021-07-23 00:00:00,Friday,July,Summer,204,0,1,4087
2021-11-26 00:00:00,Friday,November,Fall,330,20,21,10635
2023-10-23 00:00:00,Monday,October,Fall,296,21,22,4301
2023-08-09 00:00:00,Wednesday,August,Summer,221,2,3,3277
2024-02-15 00:00:00,Thursday,February,Winter,46,23,0,10820
2025-06-07 00:00:00,Saturday,June,Summer,158,7,8,7646
2024-03-04 00:00:00,Monday,March,Spring,64,15,16,7130
2025-05-15 00:00:00,Thursday,May,Spring,135,11,12,6848
2022-02-13 00:00:00,Sunday,February,Winter,44,20,21,15083
2025-06-21 00:00:00,Saturday,June,Summer,172,11,12,9347
2022-03-09 00:00:00,Wednesday,March,Spring,68,9,10,6074
2023-12-13 00:00:00,Wednesday,December,Winter,347,12,13,7647
2021-09-12 00:00:00,Sunday,September,Fall,255,8,9,1451
2022-08-15 00:00:00,Monday,August,Summer,227,8,9,3458
2025-11-29 00:00:00,Saturday,November,Fall,333,3,4,6318
2022-06-24 00:00:00,Friday,June,Summer,175,10,11,5472
2020-01-10 00:00:00,Friday,January,Winter,10,23,0,1537
2021-11-23 00:00:00,Tuesday,November,Fall,327,3,4,8484
2020-04-05 00:00:00,Sunday,April,Spring,96,12,13,8392
2021-02-03 00:00:00,Wednesday,February,Winter,34,18,19,10639
2020-10-29 00:00:00,Thursday,October,Fall,303,7,8,7293
2020-11-11 00:00:00,Wednesday,November,Fall,316,19,20,5774
2022-02-13 00:00:00,Sunday,February,Winter,44,6,7,9347
2023-11-15 00:00:00,Wednesday,November,Fall,319,18,19,4867
2021-01-14 00:00:00,Thursday,January,Winter,14,12,13,10297
2021-07-20 00:00:00,Tuesday,July,Summer,201,18,19,4128
2021-05-22 00:00:00,Saturday,May,Spring,142,8,9,11778
2023-09-09 00:00:00,Saturday,September,Fall,252,18,19,2748
2023-11-19 00:00:00,Sunday,November,Fall,323,17,18,12597
2024-08-19 00:00:00,Monday,August,Summer,232,22,23,2712
2025-04-01 00:00:00,Tuesday,April,Spring,91,18,19,19436
2025-03-02 00:00:00,Sunday,March,Spring,61,23,0,4887
2022-01-17 00:00:00,Monday,January,Winter,17,7,8,1452
2021-10-18 00:00:00,Monday,October,Fall,291,9,10,3701
2021-08-12 00:00:00,Thursday,August,Summer,224,13,14,4221
2022-03-27 00:00:00,Sunday,March,Spring,86,23,0,2329
2025-11-17 00:00:00,Monday,November,Fall,321,7,8,8218
2025-10-31 00:00:00,Friday,October,Fall,304,11,12,13615
2021-08-04 00:00:00,Wednesday,August,Summer,216,18,19,2904
2022-10-30 00:00:00,Sunday,October,Fall,303,21,22,2253
2024-07-30 00:00:00,Tuesday,July,Summer,212,8,9,2686
2023-11-26 00:00:00,Sunday,November,Fall,330,5,6,2384
2023-10-17 00:00:00,Tuesday,October,Fall,290,0,1,8478
2025-09-15 00:00:00,Monday,September,Fall,258,4,5,9643
2024-08-18 00:00:00,Sunday,August,Summer,231,17,18,8367
2025-08-23 00:00:00,Saturday,August,Summer,235,1,2,2481
2020-09-05 00:00:00,Saturday,September,Fall,249,17,18,4696
2023-04-17 00:00:00,Monday,April,Spring,107,3,4,3385
2022-11-05 00:00:00,Saturday,November,Fall,309,3,4,2791
2022-05-29 00:00:00,Sunday,May,Spring,149,20,21,4128
2021-01-12 00:00:00,Tuesday,January,Winter,12,12,13,12490
2021-02-13 00:00:00,Saturday,February,Winter,44,8,9,7990
2024-06-25 00:00:00,Tuesday,June,Summer,177,0,1,5463
2021-09-11 00:00:00,Saturday,September,Fall,254,13,14,5588
2022-08-15 00:00:00,Monday,August,Summer,227,19,20,3225
2023-02-10 00:00:00,Friday,February,Winter,41,8,9,1541
2020-03-08 00:00:00,Sunday,March,Spring,68,3,4,8612
2025-05-10 00:00:00,Saturday,May,Spring,130,23,0,8375
2022-05-16 00:00:00,Monday,May,Spring,136,4,5,4773
2020-10-29 00:00:00,Thursday,October,Fall,303,1,2,10215
2022-11-12 00:00:00,Saturday,November,Fall,316,1,2,4317
2024-07-02 00:00:00,Tuesday,July,Summer,184,19,20,5455
2022-03-21 00:00:00,Monday,March,Spring,80,0,1,3992
2024-09-23 00:00:00,Monday,September,Fall,267,18,19,6406
2021-09-09 00:00:00,Thursday,September,Fall,252,7,8,1856
2021-06-13 00:00:00,Sunday,June,Summer,164,6,7,2413
2020-12-11 00:00:00,Friday,December,Winter,346,14,15,6645
2022-05-18 00:00:00,Wednesday,May,Spring,138,10,11,4887
2021-11-28 00:00:00,Sunday,November,Fall,332,16,17,7293
2023-11-18 00:00:00,Saturday,November,Fall,322,13,14,15251
2022-08-07 00:00:00,Sunday,August,Summer,219,13,14,10953
2025-10-31 00:00:00,Friday,October,Fall,304,10,11,13356
2022-08-20 00:00:00,Saturday,August,Summer,232,3,4,2442
2025-07-28 00:00:00,Monday,July,Summer,209,23,0,2989
2020-11-25 00:00:00,Wednesday,November,Fall,330,8,9,6232
2020-03-02 00:00:00,Monday,March,Spring,62,16,17,9004
2025-06-19 00:00:00,Thursday,June,Summer,170,17,18,9997
2020-06-16 00:00:00,Tuesday,June,Summer,168,10,11,2847
2022-05-05 00:00:00,Thursday,May,Spring,125,18,19,4773
2022-01-24 00:00:00,Monday,January,Winter,24,5,6,3152
2022-04-10 00:00:00,Sunday,April,Spring,100,4,5,1159
2022-06-25 00:00:00,Saturday,June,Summer,176,9,10,3517
2024-01-04 00:00:00,Thursday,January,Winter,4,3,4,14378
2022-11-04 00:00:00,Friday,November,Fall,308,18,19,6204
2022-09-11 00:00:00,Sunday,September,Fall,254,9,10,3065
2025-02-03 00:00:00,Monday,February,Winter,34,15,16,5030
2020-12-23 00:00:00,Wednesday,December,Winter,358,4,5,6510
2025-11-16 00:00:00,Sunday,November,Fall,320,9,10,3904
2024-01-27 00:00:00,Saturday,January,Winter,27,7,8,3182
2022-07-25 00:00:00,Monday,July,Summer,206,20,21,8397
2020-06-20 00:00:00,Saturday,June,Summer,172,23,0,1426
2024-01-16 00:00:00,Tuesday,January,Winter,16,14,15,2836
2020-03-18 00:00:00,Wednesday,March,Spring,78,5,6,912
2020-03-10 00:00:00,Tuesday,March,Spring,70,6,7,11868
2020-06-10 00:00:00,Wednesday,June,Summer,162,3,4,1641
2020-02-02 00:00:00,Sunday,February,Winter,33,22,23,7810
2022-12-16 00:00:00,Friday,December,Winter,350,20,21,3067
2024-04-29 00:00:00,Monday,April,Spring,120,2,3,1955
2020-03-31 00:00:00,Tuesday,March,Spring,91,3,4,6413
2024-02-14 00:00:00,Wednesday,February,Winter,45,5,6,8443
2024-05-30 00:00:00,Thursday,May,Spring,151,13,14,11121
2022-10-29 00:00:00,Saturday,October,Fall,302,2,3,4725
2025-10-01 00:00:00,Wednesday,October,Fall,274,8,9,2697
2022-09-17 00:00:00,Saturday,September,Fall,260,22,23,3752
2022-06-20 00:00:00,Monday,June,Summer,171,19,20,5153
2020-10-17 00:00:00,Saturday,October,Fall,291,0,1,1180
2025-01-23 00:00:00,Thursday,January,Winter,23,7,8,5575
2022-05-26 00:00:00,Thursday,May,Spring,146,22,23,4395
2020-06-07 00:00:00,Sunday,June,Summer,159,7,8,1900
2025-03-16 00:00:00,Sunday,March,Spring,75,20,21,5953
2020-09-28 00:00:00,Monday,September,Fall,272,14,15,6422
2025-05-13 00:00:00,Tuesday,May,Spring,133,14,15,3975
2024-10-06 00:00:00,Sunday,October,Fall,280,15,16,10529
2021-05-26 00:00:00,Wednesday,May,Spring,146,16,17,9676
2023-05-06 00:00:00,Saturday,May,Spring,126,20,21,1401
2020-10-10 00:00:00,Saturday,October,Fall,284,18,19,4564
2022-06-18 00:00:00,Saturday,June,Summer,169,12,13,7191
2023-07-18 00:00:00,Tuesday,July,Summer,199,0,1,1191
2021-03-15 00:00:00,Monday,March,Spring,74,21,22,5328
2024-11-15 00:00:00,Friday,November,Fall,320,18,19,1582
2020-02-23 00:00:00,Sunday,February,Winter,54,6,7,10947
2024-10-14 00:00:00,Monday,October,Fall,288,21,22,731
2024-01-19 00:00:00,Friday,January,Winter,19,14,15,4288
2021-12-03 00:00:00,Friday,December,Winter,337,1,2,2552
2020-02-20 00:00:00,Thursday,February,Winter,51,6,7,6755
2020-09-24 00:00:00,Thursday,September,Fall,268,12,13,9152
2022-01-08 00:00:00,Saturday,January,Winter,8,16,17,15253
2021-07-19 00:00:00,Monday,July,Summer,200,5,6,4541
2021-06-01 00:00:00,Tuesday,June,Summer,152,15,16,6304
2021-04-10 00:00:00,Saturday,April,Spring,100,5,6,3562
2021-01-12 00:00:00,Tuesday,January,Winter,12,9,10,13078
2023-06-17 00:00:00,Saturday,June,Summer,168,4,5,893
2024-03-14 00:00:00,Thursday,March,Spring,74,12,13,9953
2020-07-30 00:00:00,Thursday,July,Summer,212,18,19,2588
2023-12-07 00:00:00,Thursday,December,Winter,341,19,20,11616
2020-12-05 00:00:00,Saturday,December,Winter,340,14,15,6382
2022-06-16 00:00:00,Thursday,June,Summer,167,12,13,6807
2020-09-06 00:00:00,Sunday,September,Fall,250,19,20,2002
2025-01-17 00:00:00,Friday,January,Winter,17,1,2,2337
2024-07-27 00:00:00,Saturday,July,Summer,209,4,5,484
2025-04-23 00:00:00,Wednesday,April,Spring,113,7,8,9282
2021-07-02 00:00:00,Friday,July,Summer,183,21,22,761
2022-05-30 00:00:00,Monday,May,Spring,150,0,1,4567
2020-09-19 00:00:00,Saturday,September,Fall,263,10,11,3546
2022-04-12 00:00:00,Tuesday,April,Spring,102,5,6,7992
2025-03-10 00:00:00,Monday,March,Spring,69,18,19,749
2020-10-10 00:00:00,Saturday,October,Fall,284,14,15,7237
2024-11-13 00:00:00,Wednesday,November,Fall,318,5,6,6598
2020-02-27 00:00:00,Thursday,February,Winter,58,22,23,6021
2025-01-21 00:00:00,Tuesday,January,Winter,21,21,22,7036
2025-03-08 00:00:00,Saturday,March,Spring,67,15,16,14806
2023-10-15 00:00:00,Sunday,October,Fall,288,21,22,5164
2021-08-08 00:00:00,Sunday,August,Summer,220,7,8,4708
2020-04-03 00:00:00,Friday,April,Spring,94,9,10,2778
2021-04-11 00:00:00,Sunday,April,Spring,101,10,11,7157
2020-07-05 00:00:00,Sunday,July,Summer,187,13,14,11252
2025-10-27 00:00:00,Monday,October,Fall,300,22,23,8513
2023-12-01 00:00:00,Friday,December,Winter,335,22,23,4845
2021-11-09 00:00:00,Tuesday,November,Fall,313,13,14,4642
2020-01-25 00:00:00,Saturday,January,Winter,25,18,19,1541
2022-07-01 00:00:00,Friday,July,Summer,182,17,18,5623
2023-04-01 00:00:00,Saturday,April,Spring,91,12,13,17592
2024-02-17 00:00:00,Saturday,February,Winter,48,8,9,2567
2021-03-18 00:00:00,Thursday,March,Spring,77,0,1,4446
2020-11-26 00:00:00,Thursday,November,Fall,331,0,1,3078
2025-03-16 00:00:00,Sunday,March,Spring,75,2,3,9153
2020-12-29 00:00:00,Tuesday,December,Winter,364,10,11,4715
2022-02-14 00:00:00,Monday,February,Winter,45,15,16,8457
2021-10-10 00:00:00,Sunday,October,Fall,283,10,11,3224
2022-12-28 00:00:00,Wednesday,December,Winter,362,22,23,16048
2025-02-01 00:00:00,Saturday,February,Winter,32,17,18,2067
2024-05-15 00:00:00,Wednesday,May,Spring,136,23,0,1891
2021-04-25 00:00:00,Sunday,April,Spring,115,12,13,10647
2021-09-11 00:00:00,Saturday,September,Fall,254,9,10,2694
2021-06-08 00:00:00,Tuesday,June,Summer,159,13,14,4944
2024-05-10 00:00:00,Friday,May,Spring,131,13,14,11358
2023-03-17 00:00:00,Friday,March,Spring,76,3,4,6971
2020-04-30 00:00:00,Thursday,April,Spring,121,12,13,10827
2022-07-02 00:00:00,Saturday,July,Summer,183,7,8,1821
2022-07-19 00:00:00,Tuesday,July,Summer,200,12,13,10151
2022-05-16 00:00:00,Monday,May,Spring,136,10,11,7588
2023-01-31 00:00:00,Tuesday,January,Winter,31,21,22,6119
2021-04-05 00:00:00,Monday,April,Spring,95,18,19,9721
2021-06-15 00:00:00,Tuesday,June,Summer,166,14,15,4881
2022-10-13 00:00:00,Thursday,October,Fall,286,19,20,3752
2024-08-09 00:00:00,Friday,August,Summer,222,17,18,11115
2020-12-14 00:00:00,Monday,December,Winter,349,23,0,6175
2020-07-17 00:00:00,Friday,July,Summer,199,8,9,2074
2022-05-17 00:00:00,Tuesday,May,Spring,137,14,15,7524
2024-03-16 00:00:00,Saturday,March,Spring,76,5,6,6169
2023-09-01 00:00:00,Friday,September,Fall,244,11,12,10057
2021-05-06 00:00:00,Thursday,May,Spring,126,9,10,4709
2020-04-03 00:00:00,Friday,April,Spring,94,15,16,4672
2025-03-22 00:00:00,Saturday,March,Spring,81,2,3,9814
2024-05-19 00:00:00,Sunday,May,Spring,140,8,9,2111
2024-04-05 00:00:00,Friday,April,Spring,96,22,23,8341
2024-06-17 00:00:00,Monday,June,Summer,169,18,19,4536
2020-01-13 00:00:00,Monday,January,Winter,13,23,0,12067
2023-04-09 00:00:00,Sunday,April,Spring,99,4,5,3277
2025-07-13 00:00:00,Sunday,July,Summer,194,11,12,8642
2020-10-21 00:00:00,Wednesday,October,Fall,295,1,2,8525
2021-09-02 00:00:00,Thursday,September,Fall,245,21,22,5182
2024-08-09 00:00:00,Friday,August,Summer,222,14,15,7776
2023-11-04 00:00:00,Saturday,November,Fall,308,21,22,15364
2020-12-10 00:00:00,Thursday,December,Winter,345,23,0,7155
2021-03-26 00:00:00,Friday,March,Spring,85,4,5,3310
2023-05-05 00:00:00,Friday,May,Spring,125,8,9,3564
2022-07-29 00:00:00,Friday,July,Summer,210,22,23,2221
2022-11-07 00:00:00,Monday,November,Fall,311,9,10,13020
2024-02-24 00:00:00,Saturday,February,Winter,55,5,6,7647
2022-08-11 00:00:00,Thursday,August,Summer,223,18,19,5645
2023-07-06 00:00:00,Thursday,July,Summer,187,2,3,1216
2021-02-10 00:00:00,Wednesday,February,Winter,41,0,1,8028
2023-12-16 00:00:00,Saturday,December,Winter,350,0,1,2079
2024-12-25 00:00:00,Wednesday,December,Winter,360,7,8,1456
2024-09-14 00:00:00,Saturday,September,Fall,258,18,19,5204
2025-04-10 00:00:00,Thursday,April,Spring,100,15,16,7062
2021-11-04 00:00:00,Thursday,November,Fall,308,10,11,4756
2023-01-22 00:00:00,Sunday,January,Winter,22,18,19,3778
2025-03-02 00:00:00,Sunday,March,Spring,61,4,5,9188
2023-01-25 00:00:00,Wednesday,January,Winter,25,14,15,2569
2020-09-10 00:00:00,Thursday,September,Fall,254,20,21,1520
2025-07-27 00:00:00,Sunday,July,Summer,208,10,11,6833
2025-01-10 00:00:00,Friday,January,Winter,10,22,23,2750
2023-11-24 00:00:00,Friday,November,Fall,328,0,1,8408
2020-04-06 00:00:00,Monday,April,Spring,97,22,23,966
2024-07-22 00:00:00,Monday,July,Summer,204,9,10,6427
2021-03-12 00:00:00,Friday,March,Spring,71,10,11,13843
2020-10-07 00:00:00,Wednesday,October,Fall,281,11,12,7758
2022-01-06 00:00:00,Thursday,January,Winter,6,22,23,8061
2024-10-08 00:00:00,Tuesday,October,Fall,282,21,22,13480
2022-03-21 00:00:00,Monday,March,Spring,80,1,2,3843
2022-11-11 00:00:00,Friday,November,Fall,315,20,21,4636
2022-09-06 00:00:00,Tuesday,September,Fall,249,9,10,3950
2024-08-17 00:00:00,Saturday,August,Summer,230,17,18,4697
2022-09-18 00:00:00,Sunday,September,Fall,261,4,5,2468
2024-11-07 00:00:00,Thursday,November,Fall,312,23,0,3132
2020-03-18 00:00:00,Wednesday,March,Spring,78,9,10,2451
2021-03-22 00:00:00,Monday,March,Spring,81,17,18,4096
2020-10-11 00:00:00,Sunday,October,Fall,285,9,10,3648
2022-07-12 00:00:00,Tuesday,July,Summer,193,8,9,2983
2021-11-20 00:00:00,Saturday,November,Fall,324,19,20,236
2024-10-21 00:00:00,Monday,October,Fall,295,17,18,5157
2025-07-20 00:00:00,Sunday,July,Summer,201,10,11,8828
2021-08-26 00:00:00,Thursday,August,Summer,238,1,2,3657
2023-08-19 00:00:00,Saturday,August,Summer,231,14,15,8401
2020-04-06 00:00:00,Monday,April,Spring,97,19,20,1385
2021-12-16 00:00:00,Thursday,December,Winter,350,10,11,4476
2023-02-16 00:00:00,Thursday,February,Winter,47,17,18,7058
2022-08-24 00:00:00,Wednesday,August,Summer,236,1,2,761
2022-12-24 00:00:00,Saturday,December,Winter,358,12,13,6293
2020-11-17 00:00:00,Tuesday,November,Fall,322,3,4,4521
2025-05-07 00:00:00,Wednesday,May,Spring,127,11,12,11797
2020-05-07 00:00:00,Thursday,May,Spring,128,5,6,2084
2023-11-14 00:00:00,Tuesday,November,Fall,318,7,8,11741
2022-11-05 00:00:00,Saturday,November,Fall,309,14,15,7136
2023-02-22 00:00:00,Wednesday,February,Winter,53,7,8,3325
2020-07-26 00:00:00,Sunday,July,Summer,208,8,9,3846
2025-04-01 00:00:00,Tuesday,April,Spring,91,4,5,10679
2020-09-02 00:00:00,Wednesday,September,Fall,246,12,13,4398
2021-05-06 00:00:00,Thursday,May,Spring,126,16,17,8681
2023-12-29 00:00:00,Friday,December,Winter,363,14,15,15215
2024-04-15 00:00:00,Monday,April,Spring,106,18,19,17967
2023-02-18 00:00:00,Saturday,February,Winter,49,20,21,7421
2020-11-13 00:00:00,Friday,November,Fall,318,11,12,7388
2021-01-19 00:00:00,Tuesday,January,Winter,19,20,21,11476
2023-08-11 00:00:00,Friday,August,Summer,223,9,10,4059
2020-09-13 00:00:00,Sunday,September,Fall,257,16,17,3213
2024-11-27 00:00:00,Wednesday,November,Fall,332,17,18,12902
2020-10-23 00:00:00,Friday,October,Fall,297,13,14,4235
2023-06-15 00:00:00,Thursday,June,Summer,166,4,5,2308
2025-08-27 00:00:00,Wednesday,August,Summer,239,21,22,1556
2025-06-24 00:00:00,Tuesday,June,Summer,175,3,4,2498
2021-12-25 00:00:00,Saturday,December,Winter,359,23,0,1551
2024-11-30 00:00:00,Saturday,November,Fall,335,14,15,4004
2025-02-20 00:00:00,Thursday,February,Winter,51,18,19,8106
2024-07-18 00:00:00,Thursday,July,Summer,200,18,19,4225
2024-08-25 00:00:00,Sunday,August,Summer,238,6,7,3859
2023-07-09 00:00:00,Sunday,July,Summer,190,17,18,5804
2023-01-20 00:00:00,Friday,January,Winter,20,0,1,1856
2022-04-21 00:00:00,Thursday,April,Spring,111,8,9,3414
2025-07-10 00:00:00,Thursday,July,Summer,191,2,3,2497
2020-08-01 00:00:00,Saturday,August,Summer,214,4,5,1790
2025-07-25 00:00:00,Friday,July,Summer,206,16,17,9149
2025-10-15 00:00:00,Wednesday,October,Fall,288,14,15,10830
2023-01-27 00:00:00,Friday,January,Winter,27,16,17,8128
2021-04-06 00:00:00,Tuesday,April,Spring,96,16,17,11811
2021-12-18 00:00:00,Saturday,December,Winter,352,19,20,6176
2024-12-30 00:00:00,Monday,December,Winter,365,7,8,737
2025-04-11 00:00:00,Friday,April,Spring,101,5,6,3498
2024-10-27 00:00:00,Sunday,October,Fall,301,21,22,354
2020-09-07 00:00:00,Monday,September,Fall,251,5,6,1634
2025-03-18 00:00:00,Tuesday,March,Spring,77,9,10,15078
2024-01-30 00:00:00,Tuesday,January,Winter,30,23,0,872
2025-09-02 00:00:00,Tuesday,September,Fall,245,6,7,6994
2021-05-25 00:00:00,Tuesday,May,Spring,145,16,17,14361
2021-06-09 00:00:00,Wednesday,June,Summer,160,12,13,5010
2022-09-02 00:00:00,Friday,September,Fall,245,15,16,4587
2022-03-11 00:00:00,Friday,March,Spring,70,15,16,13916
2021-11-11 00:00:00,Thursday,November,Fall,315,6,7,959
2020-05-19 00:00:00,Tuesday,May,Spring,140,2,3,4172
2021-08-16 00:00:00,Monday,August,Summer,228,3,4,3477
2022-09-05 00:00:00,Monday,September,Fall,248,17,18,6757
2022-06-27 00:00:00,Monday,June,Summer,178,14,15,7149
2022-12-27 00:00:00,Tuesday,December,Winter,361,16,17,5819
2023-09-09 00:00:00,Saturday,September,Fall,252,7,8,2366
2021-12-09 00:00:00,Thursday,December,Winter,343,2,3,5973
2020-06-20 00:00:00,Saturday,June,Summer,172,7,8,878
2020-04-06 00:00:00,Monday,April,Spring,97,4,5,7748
2024-10-18 00:00:00,Friday,October,Fall,292,2,3,5599
2022-08-11 00:00:00,Thursday,August,Summer,223,7,8,4509
2025-03-23 00:00:00,Sunday,March,Spring,82,7,8,5083
2020-09-01 00:00:00,Tuesday,September,Fall,245,23,0,2409
2023-03-08 00:00:00,Wednesday,March,Spring,67,23,0,15283
2021-02-06 00:00:00,Saturday,February,Winter,37,1,2,2397
2021-03-22 00:00:00,Monday,March,Spring,81,21,22,2801
2020-10-19 00:00:00,Monday,October,Fall,293,7,8,2726
2020-07-09 00:00:00,Thursday,July,Summer,191,14,15,7338
2024-04-01 00:00:00,Monday,April,Spring,92,11,12,13534
2024-04-19 00:00:00,Friday,April,Spring,110,22,23,8252
2023-12-07 00:00:00,Thursday,December,Winter,341,20,21,11086
2025-04-29 00:00:00,Tuesday,April,Spring,119,11,12,10040
2021-01-15 00:00:00,Friday,January,Winter,15,7,8,6251
2025-09-22 00:00:00,Monday,September,Fall,265,1,2,7693
2023-08-17 00:00:00,Thursday,August,Summer,229,2,3,2308
2025-06-11 00:00:00,Wednesday,June,Summer,162,3,4,2243
2023-07-12 00:00:00,Wednesday,July,Summer,193,1,2,3524
2025-01-28 00:00:00,Tuesday,January,Winter,28,18,19,18923
2020-08-14 00:00:00,Friday,August,Summer,227,7,8,2012
2025-05-18 00:00:00,Sunday,May,Spring,138,4,5,2653
2025-08-15 00:00:00,Friday,August,Summer,227,19,20,5806
2025-02-19 00:00:00,Wednesday,February,Winter,50,15,16,6522
2023-11-22 00:00:00,Wednesday,November,Fall,326,11,12,7927
2025-01-19 00:00:00,Sunday,January,Winter,19,7,8,769
2024-12-08 00:00:00,Sunday,December,Winter,343,10,11,17862
2022-02-07 00:00:00,Monday,February,Winter,38,7,8,5299
2020-03-31 00:00:00,Tuesday,March,Spring,91,20,21,7584
2023-02-20 00:00:00,Monday,February,Winter,51,12,13,7440
2024-05-09 00:00:00,Thursday,May,Spring,130,12,13,5656
2020-08-22 00:00:00,Saturday,August,Summer,235,22,23,3876
2023-04-05 00:00:00,Wednesday,April,Spring,95,9,10,4064
2020-08-14 00:00:00,Friday,August,Summer,227,10,11,3767
2023-08-12 00:00:00,Saturday,August,Summer,224,19,20,4643
2020-09-20 00:00:00,Sunday,September,Fall,264,0,1,1794
2023-12-09 00:00:00,Saturday,December,Winter,343,19,20,17844
2022-08-07 00:00:00,Sunday,August,Summer,219,23,0,7226
2020-10-05 00:00:00,Monday,October,Fall,279,17,18,10309
2022-10-18 00:00:00,Tuesday,October,Fall,291,18,19,2808
2020-06-13 00:00:00,Saturday,June,Summer,165,12,13,5469
2024-10-03 00:00:00,Thursday,October,Fall,277,20,21,5982
2025-06-05 00:00:00,Thursday,June,Summer,156,16,17,9695
2021-11-16 00:00:00,Tuesday,November,Fall,320,1,2,869
2025-02-16 00:00:00,Sunday,February,Winter,47,4,5,3812
2025-05-01 00:00:00,Thursday,May,Spring,121,1,2,6010
2025-03-25 00:00:00,Tuesday,March,Spring,84,22,23,3477
2023-10-13 00:00:00,Friday,October,Fall,286,18,19,14936
2024-11-02 00:00:00,Saturday,November,Fall,307,1,2,1474
2025-08-05 00:00:00,Tuesday,August,Summer,217,19,20,8978
2025-01-03 00:00:00,Friday,January,Winter,3,19,20,3424
2025-10-18 00:00:00,Saturday,October,Fall,291,7,8,5680
2025-11-21 00:00:00,Friday,November,Fall,325,10,11,7895
2021-03-14 00:00:00,Sunday,March,Spring,73,11,12,13005
2021-01-18 00:00:00,Monday,January,Winter,18,11,12,5336
2022-04-27 00:00:00,Wednesday,April,Spring,117,17,18,8140
2020-02-07 00:00:00,Friday,February,Winter,38,13,14,5641
2021-08-30 00:00:00,Monday,August,Summer,242,5,6,2958
2023-06-13 00:00:00,Tuesday,June,Summer,164,4,5,2835
2022-07-21 00:00:00,Thursday,July,Summer,202,18,19,3527
2025-11-06 00:00:00,Thursday,November,Fall,310,9,10,6706
2025-10-07 00:00:00,Tuesday,October,Fall,280,8,9,2045
2023-07-14 00:00:00,Friday,July,Summer,195,21,22,7604
2021-08-02 00:00:00,Monday,August,Summer,214,16,17,5176
2022-05-03 00:00:00,Tuesday,May,Spring,123,7,8,3380
2021-01-14 00:00:00,Thursday,January,Winter,14,0,1,8733
2025-10-06 00:00:00,Monday,October,Fall,279,4,5,3869
2024-04-04 00:00:00,Thursday,April,Spring,95,7,8,15683
2022-02-17 00:00:00,Thursday,February,Winter,48,0,1,15660
2021-01-14 00:00:00,Thursday,January,Winter,14,18,19,10513
2024-01-23 00:00:00,Tuesday,January,Winter,23,17,18,16343
2023-11-08 00:00:00,Wednesday,November,Fall,312,23,0,13683
2025-10-30 00:00:00,Thursday,October,Fall,303,19,20,6800
2021-06-09 00:00:00,Wednesday,June,Summer,160,6,7,828
2024-03-02 00:00:00,Saturday,March,Spring,62,23,0,3355
2020-10-14 00:00:00,Wednesday,October,Fall,288,7,8,2812
2024-08-22 00:00:00,Thursday,August,Summer,235,9,10,7785
2025-11-04 00:00:00,Tuesday,November,Fall,308,17,18,12970
2023-08-28 00:00:00,Monday,August,Summer,240,17,18,7680
2023-02-21 00:00:00,Tuesday,February,Winter,52,22,23,2757
2025-05-04 00:00:00,Sunday,May,Spring,124,21,22,11154
2023-09-19 00:00:00,Tuesday,September,Fall,262,18,19,8549
2020-03-14 00:00:00,Saturday,March,Spring,74,5,6,2707
2024-01-27 00:00:00,Saturday,January,Winter,27,5,6,2417
2024-02-19 00:00:00,Monday,February,Winter,50,1,2,5181
2021-01-10 00:00:00,Sunday,January,Winter,10,19,20,4067
2024-12-14 00:00:00,Saturday,December,Winter,349,14,15,4718
2024-01-18 00:00:00,Thursday,January,Winter,18,10,11,7575
2022-06-16 00:00:00,Thursday,June,Summer,167,7,8,2343
2024-01-23 00:00:00,Tuesday,January,Winter,23,22,23,16853
2023-08-06 00:00:00,Sunday,August,Summer,218,14,15,17628
2025-03-10 00:00:00,Monday,March,Spring,69,17,18,1879
2024-09-01 00:00:00,Sunday,September,Fall,245,6,7,3394
2022-02-26 00:00:00,Saturday,February,Winter,57,23,0,9911
2025-10-28 00:00:00,Tuesday,October,Fall,301,20,21,6432
2020-07-09 00:00:00,Thursday,July,Summer,191,4,5,1360
2022-12-24 00:00:00,Saturday,December,Winter,358,10,11,6036
2024-01-02 00:00:00,Tuesday,January,Winter,2,17,18,17429
2022-04-16 00:00:00,Saturday,April,Spring,106,15,16,11298
2023-02-15 00:00:00,Wednesday,February,Winter,46,4,5,4483
2024-02-17 00:00:00,Saturday,February,Winter,48,13,14,7320
2024-02-07 00:00:00,Wednesday,February,Winter,38,3,4,16373
2020-05-10 00:00:00,Sunday,May,Spring,131,6,7,2043
2025-02-04 00:00:00,Tuesday,February,Winter,35,23,0,3060
2024-04-18 00:00:00,Thursday,April,Spring,109,19,20,3812
2020-06-13 00:00:00,Saturday,June,Summer,165,14,15,5712
2022-07-15 00:00:00,Friday,July,Summer,196,23,0,3960
2022-02-08 00:00:00,Tuesday,February,Winter,39,17,18,2555
2020-10-28 00:00:00,Wednesday,October,Fall,302,0,1,8025
2021-07-03 00:00:00,Saturday,July,Summer,184,12,13,4146
2021-07-15 00:00:00,Thursday,July,Summer,196,13,14,9480
2022-06-03 00:00:00,Friday,June,Summer,154,9,10,3007
2023-04-19 00:00:00,Wednesday,April,Spring,109,20,21,5832
2025-04-20 00:00:00,Sunday,April,Spring,110,14,15,4724
2025-08-13 00:00:00,Wednesday,August,Summer,225,16,17,6254
2024-11-04 00:00:00,Monday,November,Fall,309,8,9,3123
2022-07-27 00:00:00,Wednesday,July,Summer,208,17,18,5742
2023-06-02 00:00:00,Friday,June,Summer,153,1,2,7448
2025-09-24 00:00:00,Wednesday,September,Fall,267,21,22,4188
2025-04-07 00:00:00,Monday,April,Spring,97,5,6,5623
2020-04-30 00:00:00,Thursday,April,Spring,121,6,7,7964
2020-02-20 00:00:00,Thursday,February,Winter,51,17,18,11692
2025-04-13 00:00:00,Sunday,April,Spring,103,0,1,8982
2022-03-09 00:00:00,Wednesday,March,Spring,68,8,9,4907
2024-10-16 00:00:00,Wednesday,October,Fall,290,23,0,9305
2021-02-17 00:00:00,Wednesday,February,Winter,48,23,0,8384
2025-02-12 00:00:00,Wednesday,February,Winter,43,4,5,2424
2024-06-17 00:00:00,Monday,June,Summer,169,14,15,8345
2022-03-16 00:00:00,Wednesday,March,Spring,75,6,7,4232
2020-09-21 00:00:00,Monday,September,Fall,265,5,6,748
2023-02-02 00:00:00,Thursday,February,Winter,33,0,1,7717
2021-09-01 00:00:00,Wednesday,September,Fall,244,0,1,6336
2022-07-03 00:00:00,Sunday,July,Summer,184,9,10,4056
2024-11-24 00:00:00,Sunday,November,Fall,329,16,17,19997
2020-02-27 00:00:00,Thursday,February,Winter,58,7,8,10405
2023-10-14 00:00:00,Saturday,October,Fall,287,3,4,11104
2022-08-08 00:00:00,Monday,August,Summer,220,13,14,10618
2025-01-15 00:00:00,Wednesday,January,Winter,15,10,11,5527
2025-06-08 00:00:00,Sunday,June,Summer,159,18,19,9165
2021-06-01 00:00:00,Tuesday,June,Summer,152,16,17,5624
2024-08-07 00:00:00,Wednesday,August,Summer,220,13,14,8258
2020-04-13 00:00:00,Monday,April,Spring,104,1,2,2806
2022-05-17 00:00:00,Tuesday,May,Spring,137,18,19,4803
2025-10-17 00:00:00,Friday,October,Fall,290,15,16,10238
2024-09-13 00:00:00,Friday,September,Fall,257,5,6,5468
2022-10-07 00:00:00,Friday,October,Fall,280,15,16,5162
2020-06-30 00:00:00,Tuesday,June,Summer,182,5,6,3408
2021-03-02 00:00:00,Tuesday,March,Spring,61,1,2,4406
2020-06-14 00:00:00,Sunday,June,Summer,166,5,6,3033
2022-11-25 00:00:00,Friday,November,Fall,329,13,14,5906
2024-12-12 00:00:00,Thursday,December,Winter,347,11,12,5532
2020-09-14 00:00:00,Monday,September,Fall,258,10,11,3928
2021-01-05 00:00:00,Tuesday,January,Winter,5,14,15,2553
2022-11-10 00:00:00,Thursday,November,Fall,314,2,3,3569
2020-06-23 00:00:00,Tuesday,June,Summer,175,17,18,5022
2021-12-14 00:00:00,Tuesday,December,Winter,348,1,2,697
2021-03-15 00:00:00,Monday,March,Spring,74,1,2,10033
2020-12-23 00:00:00,Wednesday,December,Winter,358,21,22,12383
2024-07-21 00:00:00,Sunday,July,Summer,203,23,0,5492
2023-01-03 00:00:00,Tuesday,January,Winter,3,20,21,12367
2023-02-07 00:00:00,Tuesday,February,Winter,38,17,18,4857
2024-06-02 00:00:00,Sunday,June,Summer,154,2,3,6195
2023-02-03 00:00:00,Friday,February,Winter,34,6,7,6280
2025-11-22 00:00:00,Saturday,November,Fall,326,18,19,10609
2023-02-08 00:00:00,Wednesday,February,Winter,39,9,10,6001
2023-12-28 00:00:00,Thursday,December,Winter,362,22,23,13567
2022-08-19 00:00:00,Friday,August,Summer,231,23,0,2636
2020-09-02 00:00:00,Wednesday,September,Fall,246,17,18,3171
2023-08-06 00:00:00,Sunday,August,Summer,218,9,10,14227
2020-06-09 00:00:00,Tuesday,June,Summer,161,19,20,3066
2021-08-25 00:00:00,Wednesday,August,Summer,237,10,11,6184
2022-12-05 00:00:00,Monday,December,Winter,339,5,6,745
2024-06-11 00:00:00,Tuesday,June,Summer,163,21,22,2556
2020-11-02 00:00:00,Monday,November,Fall,307,18,19,7368
2025-07-28 00:00:00,Monday,July,Summer,209,4,5,4142
2025-06-12 00:00:00,Thursday,June,Summer,163,7,8,7051
2024-01-20 00:00:00,Saturday,January,Winter,20,13,14,6955
2020-12-02 00:00:00,Wednesday,December,Winter,337,0,1,6005
2023-01-12 00:00:00,Thursday,January,Winter,12,13,14,18143
2023-12-07 00:00:00,Thursday,December,Winter,341,2,3,3871
2020-10-24 00:00:00,Saturday,October,Fall,298,4,5,6496
2021-05-26 00:00:00,Wednesday,May,Spring,146,14,15,10741
2020-04-16 00:00:00,Thursday,April,Spring,107,9,10,4412
2022-02-23 00:00:00,Wednesday,February,Winter,54,0,1,4731
2021-07-04 00:00:00,Sunday,July,Summer,185,1,2,945
2020-07-11 00:00:00,Saturday,July,Summer,193,22,23,3841
2022-09-06 00:00:00,Tuesday,September,Fall,249,10,11,5098
2021-04-08 00:00:00,Thursday,April,Spring,98,9,10,2512
2020-11-07 00:00:00,Saturday,November,Fall,312,19,20,4651
2024-09-06 00:00:00,Friday,September,Fall,250,23,0,3317
2022-05-09 00:00:00,Monday,May,Spring,129,15,16,5817
2023-10-12 00:00:00,Thursday,October,Fall,285,21,22,3414
2023-12-21 00:00:00,Thursday,December,Winter,355,10,11,18315
2020-04-15 00:00:00,Wednesday,April,Spring,106,11,12,7334
2021-07-03 00:00:00,Saturday,July,Summer,184,19,20,2491
2022-05-13 00:00:00,Friday,May,Spring,133,8,9,2490
2025-04-13 00:00:00,Sunday,April,Spring,103,4,5,9216
2020-07-30 00:00:00,Thursday,July,Summer,212,7,8,2458
2020-04-03 00:00:00,Friday,April,Spring,94,3,4,2210
2021-12-22 00:00:00,Wednesday,December,Winter,356,12,13,4599
2021-01-04 00:00:00,Monday,January,Winter,4,6,7,1576
2023-11-16 00:00:00,Thursday,November,Fall,320,19,20,10803
2024-03-14 00:00:00,Thursday,March,Spring,74,11,12,9275
2021-03-25 00:00:00,Thursday,March,Spring,84,0,1,2018
2024-05-25 00:00:00,Saturday,May,Spring,146,4,5,559
2023-12-18 00:00:00,Monday,December,Winter,352,19,20,3919
2022-06-06 00:00:00,Monday,June,Summer,157,2,3,2342
2024-07-20 00:00:00,Saturday,July,Summer,202,22,23,3228
2024-02-12 00:00:00,Monday,February,Winter,43,14,15,4159
2023-08-19 00:00:00,Saturday,August,Summer,231,12,13,7735
2025-07-27 00:00:00,Sunday,July,Summer,208,15,16,11229
2021-07-19 00:00:00,Monday,July,Summer,200,22,23,4238
2021-12-03 00:00:00,Friday,December,Winter,337,10,11,10812
2021-03-02 00:00:00,Tuesday,March,Spring,61,12,13,4176
2024-11-22 00:00:00,Friday,November,Fall,327,12,13,16368
2025-11-26 00:00:00,Wednesday,November,Fall,330,3,4,6726
2024-09-09 00:00:00,Monday,September,Fall,253,1,2,9715
2020-03-08 00:00:00,Sunday,March,Spring,68,2,3,8287
2023-07-11 00:00:00,Tuesday,July,Summer,192,8,9,3309
2022-08-19 00:00:00,Friday,August,Summer,231,22,23,2631
2020-09-05 00:00:00,Saturday,September,Fall,249,11,12,4275
2025-06-25 00:00:00,Wednesday,June,Summer,176,17,18,6948
2025-05-21 00:00:00,Wednesday,May,Spring,141,23,0,5000
2024-12-03 00:00:00,Tuesday,December,Winter,338,14,15,2679
2022-04-17 00:00:00,Sunday,April,Spring,107,7,8,5772
2020-09-10 00:00:00,Thursday,September,Fall,254,18,19,1696
2024-06-09 00:00:00,Sunday,June,Summer,161,11,12,3803
2024-05-18 00:00:00,Saturday,May,Spring,139,12,13,3094
2022-11-10 00:00:00,Thursday,November,Fall,314,22,23,4139
2022-09-27 00:00:00,Tuesday,September,Fall,270,5,6,6708
2024-05-16 00:00:00,Thursday,May,Spring,137,22,23,847
2021-10-13 00:00:00,Wednesday,October,Fall,286,19,20,1863
2022-10-19 00:00:00,Wednesday,October,Fall,292,16,17,8533
2020-01-15 00:00:00,Wednesday,January,Winter,15,18,19,5712
2024-03-15 00:00:00,Friday,March,Spring,75,13,14,18195
2020-10-06 00:00:00,Tuesday,October,Fall,280,2,3,10584
2021-07-27 00:00:00,Tuesday,July,Summer,208,20,21,3440
2025-02-19 00:00:00,Wednesday,February,Winter,50,21,22,7729
2020-10-29 00:00:00,Thursday,October,Fall,303,14,15,8306
2025-04-13 00:00:00,Sunday,April,Spring,103,9,10,8594
2022-01-22 00:00:00,Saturday,January,Winter,22,15,16,4368
2022-10-03 00:00:00,Monday,October,Fall,276,9,10,2282
2023-10-19 00:00:00,Thursday,October,Fall,292,3,4,9890
2020-09-02 00:00:00,Wednesday,September,Fall,246,8,9,1441
2022-02-01 00:00:00,Tuesday,February,Winter,32,18,19,12318
2024-07-26 00:00:00,Friday,July,Summer,208,5,6,1499
2023-02-27 00:00:00,Monday,February,Winter,58,21,22,11222
2020-02-09 00:00:00,Sunday,February,Winter,40,18,19,12401
2024-07-16 00:00:00,Tuesday,July,Summer,198,5,6,7839
2021-06-06 00:00:00,Sunday,June,Summer,157,4,5,1717
2021-05-05 00:00:00,Wednesday,May,Spring,125,23,0,3697
2020-02-17 00:00:00,Monday,February,Winter,48,12,13,11711
2021-06-20 00:00:00,Sunday,June,Summer,171,3,4,4138
2023-12-20 00:00:00,Wednesday,December,Winter,354,10,11,9444
2020-08-30 00:00:00,Sunday,August,Summer,243,20,21,4156
2021-07-26 00:00:00,Monday,July,Summer,207,16,17,7000
2022-09-09 00:00:00,Friday,September,Fall,252,16,17,14314
2023-07-28 00:00:00,Friday,July,Summer,209,1,2,4052
2025-11-27 00:00:00,Thursday,November,Fall,331,14,15,11395
2021-03-10 00:00:00,Wednesday,March,Spring,69,15,16,12784
2022-08-16 00:00:00,Tuesday,August,Summer,228,15,16,5725
2021-05-25 00:00:00,Tuesday,May,Spring,145,0,1,9649
2023-02-09 00:00:00,Thursday,February,Winter,40,9,10,2688
2020-03-19 00:00:00,Thursday,March,Spring,79,15,16,3544
2025-10-15 00:00:00,Wednesday,October,Fall,288,3,4,5298
2021-08-25 00:00:00,Wednesday,August,Summer,237,12,13,9861
2024-11-08 00:00:00,Friday,November,Fall,313,11,12,5752
2021-06-03 00:00:00,Thursday,June,Summer,154,4,5,1688
2020-02-16 00:00:00,Sunday,February,Winter,47,10,11,14158
2025-03-29 00:00:00,Saturday,March,Spring,88,7,8,9375
2021-11-24 00:00:00,Wednesday,November,Fall,328,14,15,2394
2025-11-02 00:00:00,Sunday,November,Fall,306,3,4,8264
2023-10-05 00:00:00,Thursday,October,Fall,278,5,6,1071
2021-09-09 00:00:00,Thursday,September,Fall,252,19,20,2632
2023-12-11 00:00:00,Monday,December,Winter,345,10,11,10839
2022-08-19 00:00:00,Friday,August,Summer,231,8,9,3436
2024-08-28 00:00:00,Wednesday,August,Summer,241,4,5,2065
2020-04-27 00:00:00,Monday,April,Spring,118,2,3,417
2022-03-25 00:00:00,Friday,March,Spring,84,7,8,4540
2024-04-24 00:00:00,Wednesday,April,Spring,115,7,8,4826
2021-08-01 00:00:00,Sunday,August,Summer,213,9,10,3739
2021-08-28 00:00:00,Saturday,August,Summer,240,1,2,4566
2024-12-13 00:00:00,Friday,December,Winter,348,20,21,686
2020-12-07 00:00:00,Monday,December,Winter,342,19,20,3185
2024-05-26 00:00:00,Sunday,May,Spring,147,14,15,7115
2022-06-16 00:00:00,Thursday,June,Summer,167,11,12,5985
2023-03-17 00:00:00,Friday,March,Spring,76,4,5,6670
2025-03-26 00:00:00,Wednesday,March,Spring,85,18,19,3645
2021-01-17 00:00:00,Sunday,January,Winter,17,9,10,6245
2022-03-18 00:00:00,Friday,March,Spring,77,0,1,6619
2025-11-22 00:00:00,Saturday,November,Fall,326,0,1,3067
2020-08-06 00:00:00,Thursday,August,Summer,219,19,20,1132
2021-03-10 00:00:00,Wednesday,March,Spring,69,4,5,2462
2022-11-28 00:00:00,Monday,November,Fall,332,2,3,4487
2024-06-23 00:00:00,Sunday,June,Summer,175,2,3,2516
2020-03-29 00:00:00,Sunday,March,Spring,89,12,13,15545
2025-08-05 00:00:00,Tuesday,August,Summer,217,23,0,4981
2020-12-16 00:00:00,Wednesday,December,Winter,351,13,14,7740
2023-12-31 00:00:00,Sunday,December,Winter,365,20,21,17068
2025-08-12 00:00:00,Tuesday,August,Summer,224,3,4,4431
2023-09-13 00:00:00,Wednesday,September,Fall,256,1,2,1285
2023-02-08 00:00:00,Wednesday,February,Winter,39,4,5,3397
2021-05-23 00:00:00,Sunday,May,Spring,143,21,22,7273
2025-07-31 00:00:00,Thursday,July,Summer,212,21,22,3693
2023-03-19 00:00:00,Sunday,March,Spring,78,7,8,3112
2023-02-07 00:00:00,Tuesday,February,Winter,38,8,9,8064
2021-08-08 00:00:00,Sunday,August,Summer,220,9,10,6573
2020-09-12 00:00:00,Saturday,September,Fall,256,18,19,1746
2023-12-17 00:00:00,Sunday,December,Winter,351,5,6,2111
2021-05-09 00:00:00,Sunday,May,Spring,129,13,14,10937
2021-03-24 00:00:00,Wednesday,March,Spring,83,22,23,2221
2024-05-28 00:00:00,Tuesday,May,Spring,149,19,20,7603
2025-01-06 00:00:00,Monday,January,Winter,6,1,2,18790
2024-11-16 00:00:00,Saturday,November,Fall,321,4,5,1285
2021-10-21 00:00:00,Thursday,October,Fall,294,9,10,11993
2021-05-09 00:00:00,Sunday,May,Spring,129,22,23,6320
2023-05-08 00:00:00,Monday,May,Spring,128,7,8,1709
2021-05-05 00:00:00,Wednesday,May,Spring,125,13,14,12083
2023-01-12 00:00:00,Thursday,January,Winter,12,15,16,16900
2023-08-08 00:00:00,Tuesday,August,Summer,220,15,16,9831
2024-12-09 00:00:00,Monday,December,Winter,344,15,16,13808
2021-04-25 00:00:00,Sunday,April,Spring,115,3,4,8232
2021-03-29 00:00:00,Monday,March,Spring,88,2,3,4546
2025-02-18 00:00:00,Tuesday,February,Winter,49,14,15,9825
2025-04-15 00:00:00,Tuesday,April,Spring,105,23,0,7561
2022-03-26 00:00:00,Saturday,March,Spring,85,18,19,8372
2024-09-10 00:00:00,Tuesday,September,Fall,254,13,14,16867
2022-01-06 00:00:00,Thursday,January,Winter,6,2,3,3292
2024-11-05 00:00:00,Tuesday,November,Fall,310,12,13,3849
2022-04-17 00:00:00,Sunday,April,Spring,107,10,11,7118
2022-08-16 00:00:00,Tuesday,August,Summer,228,2,3,788
2021-02-12 00:00:00,Friday,February,Winter,43,16,17,9076
2023-03-16 00:00:00,Thursday,March,Spring,75,14,15,12106
2021-07-13 00:00:00,Tuesday,July,Summer,194,18,19,7587
2022-06-19 00:00:00,Sunday,June,Summer,170,9,10,8414
2022-02-08 00:00:00,Tuesday,February,Winter,39,7,8,4617
2024-01-08 00:00:00,Monday,January,Winter,8,7,8,12237
2023-01-19 00:00:00,Thursday,January,Winter,19,21,22,1493
2025-09-24 00:00:00,Wednesday,September,Fall,267,6,7,6194
2023-07-26 00:00:00,Wednesday,July,Summer,207,9,10,4441
2022-08-09 00:00:00,Tuesday,August,Summer,221,10,11,7230
2023-12-09 00:00:00,Saturday,December,Winter,343,13,14,18217
2023-12-15 00:00:00,Friday,December,Winter,349,1,2,2695
2025-08-18 00:00:00,Monday,August,Summer,230,15,16,8406
2025-10-27 00:00:00,Monday,October,Fall,300,1,2,17402
2020-10-24 00:00:00,Saturday,October,Fall,298,14,15,13049
2024-05-31 00:00:00,Friday,May,Spring,152,7,8,6019
2023-01-27 00:00:00,Friday,January,Winter,27,8,9,8809
2023-04-05 00:00:00,Wednesday,April,Spring,95,14,15,8048
2022-09-17 00:00:00,Saturday,September,Fall,260,5,6,5089
2022-09-13 00:00:00,Tuesday,September,Fall,256,16,17,5218
2022-11-23 00:00:00,Wednesday,November,Fall,327,1,2,8016
2023-07-19 00:00:00,Wednesday,July,Summer,200,6,7,3665
2020-02-12 00:00:00,Wednesday,February,Winter,43,0,1,9249
2023-09-16 00:00:00,Saturday,September,Fall,259,17,18,4287
2025-07-22 00:00:00,Tuesday,July,Summer,203,9,10,11218
2024-01-10 00:00:00,Wednesday,January,Winter,10,5,6,2519
2021-11-30 00:00:00,Tuesday,November,Fall,334,22,23,12595
2021-04-01 00:00:00,Thursday,April,Spring,91,14,15,6136
2023-11-14 00:00:00,Tuesday,November,Fall,318,20,21,14411
2024-05-13 00:00:00,Monday,May,Spring,134,10,11,8299
2020-04-04 00:00:00,Saturday,April,Spring,95,5,6,1507
2023-12-13 00:00:00,Wednesday,December,Winter,347,23,0,8250
2020-02-14 00:00:00,Friday,February,Winter,45,18,19,3877
2023-04-18 00:00:00,Tuesday,April,Spring,108,9,10,7969
2024-06-03 00:00:00,Monday,June,Summer,155,6,7,2313
2021-02-06 00:00:00,Saturday,February,Winter,37,14,15,3721
2023-12-05 00:00:00,Tuesday,December,Winter,339,8,9,11763
2021-11-17 00:00:00,Wednesday,November,Fall,321,1,2,1735
2025-04-01 00:00:00,Tuesday,April,Spring,91,21,22,16314
2020-11-12 00:00:00,Thursday,November,Fall,317,23,0,3830
2023-03-29 00:00:00,Wednesday,March,Spring,88,20,21,10029
2025-08-18 00:00:00,Monday,August,Summer,230,1,2,6436
2023-01-16 00:00:00,Monday,January,Winter,16,18,19,10560
2023-06-25 00:00:00,Sunday,June,Summer,176,12,13,7617
2020-07-10 00:00:00,Friday,July,Summer,192,14,15,6004
2020-05-03 00:00:00,Sunday,May,Spring,124,18,19,2715
2023-07-11 00:00:00,Tuesday,July,Summer,192,2,3,1440
2025-01-19 00:00:00,Sunday,January,Winter,19,23,0,1247
2025-09-15 00:00:00,Monday,September,Fall,258,13,14,11829
2020-02-21 00:00:00,Friday,February,Winter,52,4,5,4526
2020-04-03 00:00:00,Friday,April,Spring,94,4,5,2045
2020-11-16 00:00:00,Monday,November,Fall,321,9,10,8791
2024-01-08 00:00:00,Monday,January,Winter,8,0,1,11527
2023-01-05 00:00:00,Thursday,January,Winter,5,17,18,5141
2022-02-13 00:00:00,Sunday,February,Winter,44,3,4,7754
2022-06-24 00:00:00,Friday,June,Summer,175,17,18,10605
2022-06-06 00:00:00,Monday,June,Summer,157,14,15,8772
2025-11-25 00:00:00,Tuesday,November,Fall,329,20,21,10545
2024-12-21 00:00:00,Saturday,December,Winter,356,10,11,11019
2025-07-04 00:00:00,Friday,July,Summer,185,14,15,10382
2025-04-03 00:00:00,Thursday,April,Spring,93,22,23,6607
2020-05-27 00:00:00,Wednesday,May,Spring,148,7,8,3233
2025-07-20 00:00:00,Sunday,July,Summer,201,19,20,9310
2025-08-03 00:00:00,Sunday,August,Summer,215,2,3,1880
2021-01-19 00:00:00,Tuesday,January,Winter,19,5,6,10754
2021-07-22 00:00:00,Thursday,July,Summer,203,19,20,3126
2022-11-12 00:00:00,Saturday,November,Fall,316,11,12,5451
2023-11-16 00:00:00,Thursday,November,Fall,320,3,4,3165
2020-11-25 00:00:00,Wednesday,November,Fall,330,17,18,2800
2020-03-23 00:00:00,Monday,March,Spring,83,19,20,6877
2025-07-21 00:00:00,Monday,July,Summer,202,3,4,9816
2025-09-19 00:00:00,Friday,September,Fall,262,1,2,2045
2022-06-05 00:00:00,Sunday,June,Summer,156,17,18,8606
2024-10-13 00:00:00,Sunday,October,Fall,287,23,0,3303
2023-04-08 00:00:00,Saturday,April,Spring,98,10,11,6560
2020-07-27 00:00:00,Monday,July,Summer,209,12,13,10256
2020-10-13 00:00:00,Tuesday,October,Fall,287,17,18,4407
2021-08-16 00:00:00,Monday,August,Summer,228,0,1,5226
2022-02-23 00:00:00,Wednesday,February,Winter,54,20,21,2068
2020-06-14 00:00:00,Sunday,June,Summer,166,1,2,4021
2022-02-24 00:00:00,Thursday,February,Winter,55,6,7,5440
2022-02-18 00:00:00,Friday,February,Winter,49,1,2,6858
2022-12-02 00:00:00,Friday,December,Winter,336,13,14,3589
2020-05-22 00:00:00,Friday,May,Spring,143,16,17,7240
2021-10-09 00:00:00,Saturday,October,Fall,282,8,9,2847
2021-10-13 00:00:00,Wednesday,October,Fall,286,0,1,3296
2022-04-09 00:00:00,Saturday,April,Spring,99,22,23,1982
2020-03-14 00:00:00,Saturday,March,Spring,74,9,10,5211
2025-09-11 00:00:00,Thursday,September,Fall,254,17,18,14879
2020-07-12 00:00:00,Sunday,July,Summer,194,18,19,4023
2025-10-15 00:00:00,Wednesday,October,Fall,288,10,11,6940
2025-03-17 00:00:00,Monday,March,Spring,76,16,17,14877
2020-08-07 00:00:00,Friday,August,Summer,220,21,22,1119
2020-04-13 00:00:00,Monday,April,Spring,104,5,6,4328
2020-05-31 00:00:00,Sunday,May,Spring,152,23,0,6056
2023-05-28 00:00:00,Sunday,May,Spring,148,17,18,6428
2022-08-23 00:00:00,Tuesday,August,Summer,235,4,5,1005
2020-07-30 00:00:00,Thursday,July,Summer,212,17,18,3388
2021-12-25 00:00:00,Saturday,December,Winter,359,7,8,1572
2024-11-16 00:00:00,Saturday,November,Fall,321,6,7,1374
2022-05-06 00:00:00,Friday,May,Spring,126,1,2,3436
2023-07-25 00:00:00,Tuesday,July,Summer,206,7,8,5855
2023-06-30 00:00:00,Friday,June,Summer,181,0,1,2447
2020-06-21 00:00:00,Sunday,June,Summer,173,1,2,1887
2020-03-30 00:00:00,Monday,March,Spring,90,23,0,7156
2022-11-07 00:00:00,Monday,November,Fall,311,5,6,11253
2025-08-02 00:00:00,Saturday,August,Summer,214,3,4,3930
2020-12-14 00:00:00,Monday,December,Winter,349,9,10,8267
2024-05-12 00:00:00,Sunday,May,Spring,133,7,8,4275
2020-01-12 00:00:00,Sunday,January,Winter,12,22,23,3733
2021-08-08 00:00:00,Sunday,August,Summer,220,1,2,7331
2022-05-11 00:00:00,Wednesday,May,Spring,131,5,6,3101
2023-10-01 00:00:00,Sunday,October,Fall,274,21,22,2395
2022-02-23 00:00:00,Wednesday,February,Winter,54,12,13,5805
2023-10-22 00:00:00,Sunday,October,Fall,295,23,0,3732
2024-06-14 00:00:00,Friday,June,Summer,166,12,13,12826
2025-03-04 00:00:00,Tuesday,March,Spring,63,15,16,6290
2024-06-23 00:00:00,Sunday,June,Summer,175,13,14,4302
2021-10-22 00:00:00,Friday,October,Fall,295,19,20,2834
2024-07-10 00:00:00,Wednesday,July,Summer,192,0,1,2264
2020-11-04 00:00:00,Wednesday,November,Fall,309,13,14,4014
2022-11-15 00:00:00,Tuesday,November,Fall,319,9,10,10782
2023-01-28 00:00:00,Saturday,January,Winter,28,23,0,2268
2024-04-19 00:00:00,Friday,April,Spring,110,11,12,16276
2024-07-23 00:00:00,Tuesday,July,Summer,205,13,14,14087
2023-10-06 00:00:00,Friday,October,Fall,279,20,21,1085
2022-07-07 00:00:00,Thursday,July,Summer,188,15,16,10600
2024-06-30 00:00:00,Sunday,June,Summer,182,6,7,3753
2021-05-05 00:00:00,Wednesday,May,Spring,125,12,13,11434
2022-10-09 00:00:00,Sunday,October,Fall,282,13,14,6807
2024-01-09 00:00:00,Tuesday,January,Winter,9,16,17,4360
2023-06-19 00:00:00,Monday,June,Summer,170,18,19,4195
2025-01-24 00:00:00,Friday,January,Winter,24,22,23,11288
2022-06-21 00:00:00,Tuesday,June,Summer,172,21,22,1796
2023-09-07 00:00:00,Thursday,September,Fall,250,7,8,2686
2023-06-24 00:00:00,Saturday,June,Summer,175,11,12,8244
2025-04-28 00:00:00,Monday,April,Spring,118,2,3,3071
2021-05-15 00:00:00,Saturday,May,Spring,135,5,6,4264
2023-05-25 00:00:00,Thursday,May,Spring,145,2,3,6906
2020-09-14 00:00:00,Monday,September,Fall,258,13,14,5071
2024-04-07 00:00:00,Sunday,April,Spring,98,22,23,5202
2022-06-21 00:00:00,Tuesday,June,Summer,172,4,5,3804
2025-07-04 00:00:00,Friday,July,Summer,185,3,4,5286
2021-09-21 00:00:00,Tuesday,September,Fall,264,19,20,2280
2024-03-04 00:00:00,Monday,March,Spring,64,9,10,6988
2021-07-27 00:00:00,Tuesday,July,Summer,208,22,23,3166
2025-04-09 00:00:00,Wednesday,April,Spring,99,1,2,5058
2021-07-04 00:00:00,Sunday,July,Summer,185,13,14,6911
2021-10-20 00:00:00,Wednesday,October,Fall,293,20,21,13048
2022-11-27 00:00:00,Sunday,November,Fall,331,20,21,7343
2025-03-17 00:00:00,Monday,March,Spring,76,14,15,15549
2024-03-14 00:00:00,Thursday,March,Spring,74,7,8,6363
2020-05-10 00:00:00,Sunday,May,Spring,131,18,19,4802
2020-12-27 00:00:00,Sunday,December,Winter,362,6,7,11736
2021-11-21 00:00:00,Sunday,November,Fall,325,9,10,1770
2025-11-28 00:00:00,Friday,November,Fall,332,15,16,7931
2021-12-09 00:00:00,Thursday,December,Winter,343,11,12,7038
2024-03-16 00:00:00,Saturday,March,Spring,76,22,23,2197
2020-08-05 00:00:00,Wednesday,August,Summer,218,16,17,4806
2025-04-06 00:00:00,Sunday,April,Spring,96,19,20,8524
2022-02-23 00:00:00,Wednesday,February,Winter,54,7,8,888
2020-12-22 00:00:00,Tuesday,December,Winter,357,7,8,10664
2023-06-10 00:00:00,Saturday,June,Summer,161,8,9,3002
2025-11-13 00:00:00,Thursday,November,Fall,317,6,7,10431
2022-03-16 00:00:00,Wednesday,March,Spring,75,2,3,4258
2025-09-16 00:00:00,Tuesday,September,Fall,259,2,3,11697
2020-11-21 00:00:00,Saturday,November,Fall,326,23,0,2372
2024-12-12 00:00:00,Thursday,December,Winter,347,5,6,3271
2023-06-15 00:00:00,Thursday,June,Summer,166,10,11,5298
2023-02-24 00:00:00,Friday,February,Winter,55,0,1,6635
2022-04-01 00:00:00,Friday,April,Spring,91,13,14,14543
2021-04-20 00:00:00,Tuesday,April,Spring,110,6,7,577
2024-06-17 00:00:00,Monday,June,Summer,169,21,22,1375
2021-06-29 00:00:00,Tuesday,June,Summer,180,8,9,2049
2023-05-07 00:00:00,Sunday,May,Spring,127,5,6,1473
2020-08-09 00:00:00,Sunday,August,Summer,222,4,5,1263
2024-11-09 00:00:00,Saturday,November,Fall,314,6,7,884
2024-07-03 00:00:00,Wednesday,July,Summer,185,15,16,12305
2020-02-26 00:00:00,Wednesday,February,Winter,57,19,20,6383
2025-07-08 00:00:00,Tuesday,July,Summer,189,10,11,10854
2023-12-27 00:00:00,Wednesday,December,Winter,361,16,17,13272
2025-02-08 00:00:00,Saturday,February,Winter,39,22,23,4543
2024-10-25 00:00:00,Friday,October,Fall,299,10,11,6611
2021-12-02 00:00:00,Thursday,December,Winter,336,7,8,7999
2024-05-10 00:00:00,Friday,May,Spring,131,3,4,5301
2023-01-31 00:00:00,Tuesday,January,Winter,31,10,11,6313
2024-02-28 00:00:00,Wednesday,February,Winter,59,9,10,4006
2022-10-27 00:00:00,Thursday,October,Fall,300,17,18,5638
2024-11-09 00:00:00,Saturday,November,Fall,314,21,22,622
2020-11-26 00:00:00,Thursday,November,Fall,331,7,8,2650
2022-12-12 00:00:00,Monday,December,Winter,346,16,17,3694
2022-01-08 00:00:00,Saturday,January,Winter,8,3,4,6540
2023-07-22 00:00:00,Saturday,July,Summer,203,5,6,1465
2020-12-21 00:00:00,Monday,December,Winter,356,13,14,12706
2021-02-16 00:00:00,Tuesday,February,Winter,47,20,21,9859
2020-08-18 00:00:00,Tuesday,August,Summer,231,22,23,728
2020-02-02 00:00:00,Sunday,February,Winter,33,16,17,11800
2020-04-22 00:00:00,Wednesday,April,Spring,113,20,21,2587
2020-06-05 00:00:00,Friday,June,Summer,157,7,8,5969
2024-05-23 00:00:00,Thursday,May,Spring,144,11,12,6613
2022-03-20 00:00:00,Sunday,March,Spring,79,1,2,6580
2024-05-19 00:00:00,Sunday,May,Spring,140,11,12,2794
2023-09-06 00:00:00,Wednesday,September,Fall,249,17,18,4611
2021-04-22 00:00:00,Thursday,April,Spring,112,16,17,8227
2025-07-21 00:00:00,Monday,July,Summer,202,19,20,13652
2020-10-26 00:00:00,Monday,October,Fall,300,9,10,7859
2025-09-26 00:00:00,Friday,September,Fall,269,15,16,4353
2020-07-28 00:00:00,Tuesday,July,Summer,210,6,7,3610
2024-01-16 00:00:00,Tuesday,January,Winter,16,4,5,1715
2020-10-26 00:00:00,Monday,October,Fall,300,20,21,7818
2024-03-26 00:00:00,Tuesday,March,Spring,86,0,1,8416
2023-11-28 00:00:00,Tuesday,November,Fall,332,8,9,7464
2024-11-14 00:00:00,Thursday,November,Fall,319,14,15,5909
2024-12-17 00:00:00,Tuesday,December,Winter,352,11,12,6713
2020-03-20 00:00:00,Friday,March,Spring,80,11,12,6937
2025-03-28 00:00:00,Friday,March,Spring,87,8,9,5489
2022-01-16 00:00:00,Sunday,January,Winter,16,1,2,1349
2021-08-17 00:00:00,Tuesday,August,Summer,229,8,9,2250
2025-10-22 00:00:00,Wednesday,October,Fall,295,12,13,6865
2020-01-25 00:00:00,Saturday,January,Winter,25,8,9,1579
2025-02-22 00:00:00,Saturday,February,Winter,53,0,1,11725
2023-04-10 00:00:00,Monday,April,Spring,100,10,11,7919
2021-10-20 00:00:00,Wednesday,October,Fall,293,14,15,14657
2020-01-30 00:00:00,Thursday,January,Winter,30,9,10,8402
2024-09-29 00:00:00,Sunday,September,Fall,273,13,14,6168
2020-11-15 00:00:00,Sunday,November,Fall,320,12,13,14508
2021-06-08 00:00:00,Tuesday,June,Summer,159,3,4,916
2020-12-12 00:00:00,Saturday,December,Winter,347,21,22,5943
2020-12-11 00:00:00,Friday,December,Winter,346,3,4,7153
2023-02-08 00:00:00,Wednesday,February,Winter,39,3,4,3513
2020-05-21 00:00:00,Thursday,May,Spring,142,20,21,600
2025-07-09 00:00:00,Wednesday,July,Summer,190,14,15,10461
2024-02-10 00:00:00,Saturday,February,Winter,41,7,8,4227
2023-07-07 00:00:00,Friday,July,Summer,188,16,17,8765
2020-01-03 00:00:00,Friday,January,Winter,3,13,14,9695
2020-12-06 00:00:00,Sunday,December,Winter,341,22,23,1374
2021-10-06 00:00:00,Wednesday,October,Fall,279,8,9,8548
2023-06-09 00:00:00,Friday,June,Summer,160,16,17,5753
2021-07-04 00:00:00,Sunday,July,Summer,185,12,13,6187
2021-02-19 00:00:00,Friday,February,Winter,50,5,6,4799
2021-11-24 00:00:00,Wednesday,November,Fall,328,5,6,4927
2021-12-15 00:00:00,Wednesday,December,Winter,349,4,5,1396
2025-01-25 00:00:00,Saturday,January,Winter,25,16,17,5724
2020-07-14 00:00:00,Tuesday,July,Summer,196,15,16,5718
2023-10-18 00:00:00,Wednesday,October,Fall,291,6,7,11303
2024-06-27 00:00:00,Thursday,June,Summer,179,18,19,7928
2021-04-24 00:00:00,Saturday,April,Spring,114,18,19,6916
2023-10-16 00:00:00,Monday,October,Fall,289,21,22,9973
2024-02-18 00:00:00,Sunday,February,Winter,49,22,23,6925
2020-05-08 00:00:00,Friday,May,Spring,129,8,9,3039
2024-03-12 00:00:00,Tuesday,March,Spring,72,7,8,5075
2020-03-14 00:00:00,Saturday,March,Spring,74,20,21,3300
2021-01-17 00:00:00,Sunday,January,Winter,17,7,8,5676
2022-01-03 00:00:00,Monday,January,Winter,3,13,14,12240
2020-08-07 00:00:00,Friday,August,Summer,220,5,6,2101
2023-09-26 00:00:00,Tuesday,September,Fall,269,11,12,6439
2025-07-28 00:00:00,Monday,July,Summer,209,19,20,6132
2025-07-19 00:00:00,Saturday,July,Summer,200,23,0,3954
2021-03-20 00:00:00,Saturday,March,Spring,79,18,19,4921
2021-08-25 00:00:00,Wednesday,August,Summer,237,5,6,4981
2021-05-16 00:00:00,Sunday,May,Spring,136,9,10,4884
2025-11-24 00:00:00,Monday,November,Fall,328,6,7,7424
2023-01-06 00:00:00,Friday,January,Winter,6,14,15,7958
2023-08-25 00:00:00,Friday,August,Summer,237,9,10,5505
2020-08-21 00:00:00,Friday,August,Summer,234,10,11,7837
2020-12-10 00:00:00,Thursday,December,Winter,345,15,16,2800
2022-12-24 00:00:00,Saturday,December,Winter,358,22,23,3971
2025-02-26 00:00:00,Wednesday,February,Winter,57,8,9,8242
2022-03-01 00:00:00,Tuesday,March,Spring,60,11,12,4988
2022-09-25 00:00:00,Sunday,September,Fall,268,21,22,1684
2022-11-26 00:00:00,Saturday,November,Fall,330,0,1,2624
2021-03-25 00:00:00,Thursday,March,Spring,84,9,10,3091
2025-01-18 00:00:00,Saturday,January,Winter,18,7,8,1399
2022-10-06 00:00:00,Thursday,October,Fall,279,7,8,1712
2025-05-20 00:00:00,Tuesday,May,Spring,140,0,1,6826
2020-10-05 00:00:00,Monday,October,Fall,279,16,17,10905
2020-01-31 00:00:00,Friday,January,Winter,31,21,22,8388
2021-01-10 00:00:00,Sunday,January,Winter,10,15,16,4559
2023-06-14 00:00:00,Wednesday,June,Summer,165,3,4,3197
2021-03-15 00:00:00,Monday,March,Spring,74,15,16,10846
2024-11-29 00:00:00,Friday,November,Fall,334,3,4,6487
2020-12-22 00:00:00,Tuesday,December,Winter,357,4,5,10281
2020-10-05 00:00:00,Monday,October,Fall,279,3,4,11256
2021-04-20 00:00:00,Tuesday,April,Spring,110,5,6,637
2020-08-25 00:00:00,Tuesday,August,Summer,238,21,22,9550
2023-11-24 00:00:00,Friday,November,Fall,328,18,19,10539
2025-06-20 00:00:00,Friday,June,Summer,171,5,6,5645
2024-08-31 00:00:00,Saturday,August,Summer,244,15,16,8116
2024-07-23 00:00:00,Tuesday,July,Summer,205,9,10,9773
2025-07-16 00:00:00,Wednesday,July,Summer,197,15,16,16069
2021-05-06 00:00:00,Thursday,May,Spring,126,15,16,8791
2020-10-10 00:00:00,Saturday,October,Fall,284,7,8,2346
2025-02-13 00:00:00,Thursday,February,Winter,44,14,15,4494
2025-09-29 00:00:00,Monday,September,Fall,272,23,0,2697
2021-10-27 00:00:00,Wednesday,October,Fall,300,3,4,2392
2022-06-01 00:00:00,Wednesday,June,Summer,152,5,6,1109
2020-07-24 00:00:00,Friday,July,Summer,206,4,5,1771
2020-04-29 00:00:00,Wednesday,April,Spring,120,22,23,5811
2023-03-30 00:00:00,Thursday,March,Spring,89,17,18,15694
2023-07-24 00:00:00,Monday,July,Summer,205,6,7,3944
2023-04-23 00:00:00,Sunday,April,Spring,113,23,0,9704
2022-10-12 00:00:00,Wednesday,October,Fall,285,1,2,1054
2021-03-12 00:00:00,Friday,March,Spring,71,3,4,10222
2022-07-12 00:00:00,Tuesday,July,Summer,193,2,3,3789
2020-12-22 00:00:00,Tuesday,December,Winter,357,23,0,7182
2024-02-13 00:00:00,Tuesday,February,Winter,44,8,9,5445
2024-05-03 00:00:00,Friday,May,Spring,124,20,21,2251
2022-12-05 00:00:00,Monday,December,Winter,339,11,12,3554
2023-12-18 00:00:00,Monday,December,Winter,352,12,13,5551
2021-06-10 00:00:00,Thursday,June,Summer,161,6,7,1116
2024-08-05 00:00:00,Monday,August,Summer,218,21,22,751
2021-11-24 00:00:00,Wednesday,November,Fall,328,1,2,6358
2025-08-31 00:00:00,Sunday,August,Summer,243,4,5,5964
2020-06-24 00:00:00,Wednesday,June,Summer,176,14,15,6958
2023-08-11 00:00:00,Friday,August,Summer,223,17,18,6263
2021-04-21 00:00:00,Wednesday,April,Spring,111,13,14,5395
2024-02-25 00:00:00,Sunday,February,Winter,56,2,3,8187
2024-07-22 00:00:00,Monday,July,Summer,204,2,3,4013
2022-08-06 00:00:00,Saturday,August,Summer,218,9,10,7062
2023-07-07 00:00:00,Friday,July,Summer,188,6,7,4525
2021-03-22 00:00:00,Monday,March,Spring,81,3,4,4256
2025-11-19 00:00:00,Wednesday,November,Fall,323,1,2,9964
2022-07-16 00:00:00,Saturday,July,Summer,197,10,11,6731
2022-08-03 00:00:00,Wednesday,August,Summer,215,22,23,1474
2025-05-03 00:00:00,Saturday,May,Spring,123,18,19,7626
2023-09-29 00:00:00,Friday,September,Fall,272,19,20,2198
2022-01-15 00:00:00,Saturday,January,Winter,15,19,20,651
2022-04-09 00:00:00,Saturday,April,Spring,99,4,5,4701
2022-10-09 00:00:00,Sunday,October,Fall,282,22,23,5394
2023-08-12 00:00:00,Saturday,August,Summer,224,15,16,9789
2025-07-02 00:00:00,Wednesday,July,Summer,183,22,23,5548
2023-05-16 00:00:00,Tuesday,May,Spring,136,23,0,7799
2020-07-31 00:00:00,Friday,July,Summer,213,18,19,4080
2020-04-23 00:00:00,Thursday,April,Spring,114,1,2,2669
2021-12-14 00:00:00,Tuesday,December,Winter,348,0,1,810
2020-03-11 00:00:00,Wednesday,March,Spring,71,12,13,12163
2024-07-26 00:00:00,Friday,July,Summer,208,21,22,506
2021-08-04 00:00:00,Wednesday,August,Summer,216,17,18,3345
2023-07-18 00:00:00,Tuesday,July,Summer,199,8,9,3434
2020-08-28 00:00:00,Friday,August,Summer,241,17,18,8079
2024-08-27 00:00:00,Tuesday,August,Summer,240,17,18,6209
2021-03-28 00:00:00,Sunday,March,Spring,87,9,10,5097
2023-12-16 00:00:00,Saturday,December,Winter,350,21,22,2504
2021-06-03 00:00:00,Thursday,June,Summer,154,16,17,3738
2021-10-15 00:00:00,Friday,October,Fall,288,8,9,1488
2024-10-05 00:00:00,Saturday,October,Fall,279,19,20,5905
2020-04-07 00:00:00,Tuesday,April,Spring,98,18,19,2681
2021-11-26 00:00:00,Friday,November,Fall,330,12,13,10802
2022-06-26 00:00:00,Sunday,June,Summer,177,8,9,1719
2020-03-19 00:00:00,Thursday,March,Spring,79,14,15,3939
2025-06-15 00:00:00,Sunday,June,Summer,166,14,15,4719
2022-11-17 00:00:00,Thursday,November,Fall,321,17,18,8379
2024-12-02 00:00:00,Monday,December,Winter,337,22,23,7331
2024-09-11 00:00:00,Wednesday,September,Fall,255,3,4,11638
2025-05-22 00:00:00,Thursday,May,Spring,142,21,22,4939
2024-10-16 00:00:00,Wednesday,October,Fall,290,3,4,11452
2020-12-02 00:00:00,Wednesday,December,Winter,337,12,13,2987
2025-11-06 00:00:00,Thursday,November,Fall,310,19,20,2440
2025-08-29 00:00:00,Friday,August,Summer,241,15,16,15987
2024-03-05 00:00:00,Tuesday,March,Spring,65,22,23,3012
2025-06-26 00:00:00,Thursday,June,Summer,177,23,0,3959
2023-10-20 00:00:00,Friday,October,Fall,293,8,9,4473
2025-09-21 00:00:00,Sunday,September,Fall,264,17,18,4316
2020-08-07 00:00:00,Friday,August,Summer,220,16,17,3640
2021-12-03 00:00:00,Friday,December,Winter,337,3,4,3110
2021-10-16 00:00:00,Saturday,October,Fall,289,10,11,3384
2025-08-30 00:00:00,Saturday,August,Summer,242,7,8,4396
2025-02-23 00:00:00,Sunday,February,Winter,54,22,23,11952
2020-10-20 00:00:00,Tuesday,October,Fall,294,16,17,9534
2024-12-26 00:00:00,Thursday,December,Winter,361,20,21,3449
2024-12-13 00:00:00,Friday,December,Winter,348,22,23,785
2022-07-16 00:00:00,Saturday,July,Summer,197,0,1,3960
2020-10-11 00:00:00,Sunday,October,Fall,285,3,4,3670
2024-07-26 00:00:00,Friday,July,Summer,208,15,16,7022
2023-09-29 00:00:00,Friday,September,Fall,272,6,7,8290
2023-12-20 00:00:00,Wednesday,December,Winter,354,13,14,11237
2020-07-11 00:00:00,Saturday,July,Summer,193,19,20,4072
2025-01-31 00:00:00,Friday,January,Winter,31,1,2,2272
2020-03-10 00:00:00,Tuesday,March,Spring,70,8,9,11993
2022-03-03 00:00:00,Thursday,March,Spring,62,4,5,1517
2024-03-07 00:00:00,Thursday,March,Spring,67,17,18,11067
2024-10-19 00:00:00,Saturday,October,Fall,293,22,23,3297
2020-05-21 00:00:00,Thursday,May,Spring,142,13,14,4337
2023-10-11 00:00:00,Wednesday,October,Fall,284,13,14,8576
2022-07-02 00:00:00,Saturday,July,Summer,183,0,1,754
2023-01-15 00:00:00,Sunday,January,Winter,15,21,22,14992
2022-07-19 00:00:00,Tuesday,July,Summer,200,3,4,5671
2022-10-22 00:00:00,Saturday,October,Fall,295,3,4,6189
2023-12-31 00:00:00,Sunday,December,Winter,365,5,6,17336
2022-04-04 00:00:00,Monday,April,Spring,94,3,4,2150
2022-03-02 00:00:00,Wednesday,March,Spring,61,1,2,2780
2021-09-24 00:00:00,Friday,September,Fall,267,4,5,475
2021-05-23 00:00:00,Sunday,May,Spring,143,23,0,9144
2020-09-29 00:00:00,Tuesday,September,Fall,273,5,6,1805
2024-03-09 00:00:00,Saturday,March,Spring,69,7,8,12796
2024-04-16 00:00:00,Tuesday,April,Spring,107,10,11,10158
2020-06-11 00:00:00,Thursday,June,Summer,163,12,13,4847
2022-02-01 00:00:00,Tuesday,February,Winter,32,0,1,6934
2024-08-30 00:00:00,Friday,August,Summer,243,3,4,2706
2021-06-27 00:00:00,Sunday,June,Summer,178,3,4,3872
2020-11-17 00:00:00,Tuesday,November,Fall,322,19,20,2225
2024-07-23 00:00:00,Tuesday,July,Summer,205,1,2,4890
2022-07-16 00:00:00,Saturday,July,Summer,197,2,3,3533
2025-07-08 00:00:00,Tuesday,July,Summer,189,20,21,3770
2022-10-19 00:00:00,Wednesday,October,Fall,292,17,18,7629
2020-06-16 00:00:00,Tuesday,June,Summer,168,20,21,1666
2025-01-10 00:00:00,Friday,January,Winter,10,15,16,3319
2020-09-10 00:00:00,Thursday,September,Fall,254,11,12,3052
2021-11-13 00:00:00,Saturday,November,Fall,317,8,9,5126
2025-04-22 00:00:00,Tuesday,April,Spring,112,13,14,7792
2020-05-15 00:00:00,Friday,May,Spring,136,5,6,6575
2024-03-25 00:00:00,Monday,March,Spring,85,15,16,10580
2023-01-26 00:00:00,Thursday,January,Winter,26,23,0,6312
2024-07-19 00:00:00,Friday,July,Summer,201,5,6,1335
2025-06-30 00:00:00,Monday,June,Summer,181,21,22,1192
2023-02-12 00:00:00,Sunday,February,Winter,43,0,1,3402
2022-09-27 00:00:00,Tuesday,September,Fall,270,6,7,6509
2020-07-27 00:00:00,Monday,July,Summer,209,15,16,11749
2023-07-10 00:00:00,Monday,July,Summer,191,13,14,8700
2025-01-20 00:00:00,Monday,January,Winter,20,2,3,1542
2023-03-28 00:00:00,Tuesday,March,Spring,87,16,17,9979
2021-10-04 00:00:00,Monday,October,Fall,277,8,9,5584
2024-06-09 00:00:00,Sunday,June,Summer,161,1,2,3464
2021-08-17 00:00:00,Tuesday,August,Summer,229,12,13,6878
2023-01-27 00:00:00,Friday,January,Winter,27,7,8,8252
2021-08-05 00:00:00,Thursday,August,Summer,217,14,15,8681
2025-07-21 00:00:00,Monday,July,Summer,202,23,0,7848
2025-05-27 00:00:00,Tuesday,May,Spring,147,17,18,15563
2024-02-22 00:00:00,Thursday,February,Winter,53,0,1,14343
2023-12-10 00:00:00,Sunday,December,Winter,344,0,1,16050
2021-06-18 00:00:00,Friday,June,Summer,169,1,2,3603
2025-04-25 00:00:00,Friday,April,Spring,115,10,11,7896
2021-07-05 00:00:00,Monday,July,Summer,186,0,1,2602
2021-07-07 00:00:00,Wednesday,July,Summer,188,23,0,1703
2020-12-12 00:00:00,Saturday,December,Winter,347,11,12,6348
2025-11-01 00:00:00,Saturday,November,Fall,305,16,17,9647
2024-01-22 00:00:00,Monday,January,Winter,22,20,21,14875
2025-08-28 00:00:00,Thursday,August,Summer,240,16,17,11353
2022-04-29 00:00:00,Friday,April,Spring,119,10,11,4724
2021-01-20 00:00:00,Wednesday,January,Winter,20,18,19,15051
2024-06-19 00:00:00,Wednesday,June,Summer,171,22,23,6935
2022-04-02 00:00:00,Saturday,April,Spring,92,16,17,12110
2024-08-08 00:00:00,Thursday,August,Summer,221,5,6,1189
2024-11-02 00:00:00,Saturday,November,Fall,307,18,19,3994
2021-09-06 00:00:00,Monday,September,Fall,249,15,16,5313
2020-03-28 00:00:00,Saturday,March,Spring,88,19,20,9382
2022-02-14 00:00:00,Monday,February,Winter,45,21,22,6029
2022-10-13 00:00:00,Thursday,October,Fall,286,17,18,4003
2024-07-15 00:00:00,Monday,July,Summer,197,16,17,10450
2023-04-22 00:00:00,Saturday,April,Spring,112,0,1,3755
2024-10-26 00:00:00,Saturday,October,Fall,300,16,17,2125
2025-01-25 00:00:00,Saturday,January,Winter,25,11,12,7875
2024-02-06 00:00:00,Tuesday,February,Winter,37,14,15,15869
2024-11-24 00:00:00,Sunday,November,Fall,329,18,19,19758
2022-12-04 00:00:00,Sunday,December,Winter,338,2,3,3252
2023-02-12 00:00:00,Sunday,February,Winter,43,14,15,6688
2020-01-31 00:00:00,Friday,January,Winter,31,4,5,7716
2020-11-29 00:00:00,Sunday,November,Fall,334,10,11,4788
2022-04-29 00:00:00,Friday,April,Spring,119,18,19,4816
2021-08-01 00:00:00,Sunday,August,Summer,213,16,17,6683
2020-03-15 00:00:00,Sunday,March,Spring,75,0,1,3612
2023-07-01 00:00:00,Saturday,July,Summer,182,21,22,7075
2023-03-02 00:00:00,Thursday,March,Spring,61,21,22,4877
2024-08-03 00:00:00,Saturday,August,Summer,216,7,8,3218
2024-11-19 00:00:00,Tuesday,November,Fall,324,20,21,12210
2024-01-08 00:00:00,Monday,January,Winter,8,6,7,12121
2024-12-21 00:00:00,Saturday,December,Winter,356,21,22,18922
2022-10-25 00:00:00,Tuesday,October,Fall,298,17,18,4158
2022-04-15 00:00:00,Friday,April,Spring,105,1,2,1942
2021-12-07 00:00:00,Tuesday,December,Winter,341,6,7,5150
2022-01-17 00:00:00,Monday,January,Winter,17,23,0,2215
2025-02-24 00:00:00,Monday,February,Winter,55,9,10,15311
2021-07-14 00:00:00,Wednesday,July,Summer,195,20,21,6824
2023-01-11 00:00:00,Wednesday,January,Winter,11,4,5,13408
2024-10-15 00:00:00,Tuesday,October,Fall,289,11,12,7313
2023-09-14 00:00:00,Thursday,September,Fall,257,20,21,983
2021-12-04 00:00:00,Saturday,December,Winter,338,13,14,14167
2021-05-10 00:00:00,Monday,May,Spring,130,21,22,1928
2021-07-31 00:00:00,Saturday,July,Summer,212,13,14,6027
2025-11-26 00:00:00,Wednesday,November,Fall,330,9,10,5852
2022-06-20 00:00:00,Monday,June,Summer,171,20,21,4764
2020-08-01 00:00:00,Saturday,August,Summer,214,13,14,4517
2022-09-30 00:00:00,Friday,September,Fall,273,17,18,8433
2024-06-10 00:00:00,Monday,June,Summer,162,13,14,16343
2024-09-08 00:00:00,Sunday,September,Fall,252,5,6,5635
2021-08-20 00:00:00,Friday,August,Summer,232,10,11,3653
2020-10-21 00:00:00,Wednesday,October,Fall,295,17,18,11801
2023-11-08 00:00:00,Wednesday,November,Fall,312,22,23,14010
2020-10-11 00:00:00,Sunday,October,Fall,285,7,8,3222
2023-08-04 00:00:00,Friday,August,Summer,216,11,12,7826
2021-05-15 00:00:00,Saturday,May,Spring,135,16,17,11074
2021-11-01 00:00:00,Monday,November,Fall,305,18,19,5774
2025-02-13 00:00:00,Thursday,February,Winter,44,4,5,1341
2022-02-20 00:00:00,Sunday,February,Winter,51,20,21,16004
2025-01-02 00:00:00,Thursday,January,Winter,2,6,7,7704
2023-01-23 00:00:00,Monday,January,Winter,23,4,5,4026
2022-03-15 00:00:00,Tuesday,March,Spring,74,0,1,5845
2022-12-01 00:00:00,Thursday,December,Winter,335,15,16,4324
2024-05-10 00:00:00,Friday,May,Spring,131,21,22,5155
2025-08-15 00:00:00,Friday,August,Summer,227,16,17,9881
2020-02-09 00:00:00,Sunday,February,Winter,40,11,12,15238
2024-05-21 00:00:00,Tuesday,May,Spring,142,21,22,3665
2024-05-11 00:00:00,Saturday,May,Spring,132,6,7,4326
2020-09-23 00:00:00,Wednesday,September,Fall,267,18,19,5813
2025-11-17 00:00:00,Monday,November,Fall,321,15,16,10323
2021-01-02 00:00:00,Saturday,January,Winter,2,0,1,1169
2023-08-08 00:00:00,Tuesday,August,Summer,220,23,0,2853
2023-05-18 00:00:00,Thursday,May,Spring,138,19,20,6720
2022-10-24 00:00:00,Monday,October,Fall,297,22,23,7627
2022-09-03 00:00:00,Saturday,September,Fall,246,20,21,1066
2024-11-29 00:00:00,Friday,November,Fall,334,14,15,7650
2020-04-04 00:00:00,Saturday,April,Spring,95,10,11,4136
2020-03-18 00:00:00,Wednesday,March,Spring,78,11,12,3727
2020-04-29 00:00:00,Wednesday,April,Spring,120,13,14,10092
2021-10-16 00:00:00,Saturday,October,Fall,289,16,17,3207
2021-10-06 00:00:00,Wednesday,October,Fall,279,17,18,8756
2025-02-26 00:00:00,Wednesday,February,Winter,57,11,12,13305
2021-03-01 00:00:00,Monday,March,Spring,60,13,14,5810
2022-11-24 00:00:00,Thursday,November,Fall,328,3,4,11415
2025-09-01 00:00:00,Monday,September,Fall,244,20,21,5387
2024-11-14 00:00:00,Thursday,November,Fall,319,21,22,3630
2021-03-20 00:00:00,Saturday,March,Spring,79,6,7,4488
2021-12-17 00:00:00,Friday,December,Winter,351,5,6,6817
2025-02-07 00:00:00,Friday,February,Winter,38,3,4,9958
2024-01-05 00:00:00,Friday,January,Winter,5,0,1,12301
2024-09-08 00:00:00,Sunday,September,Fall,252,12,13,11440
2020-07-27 00:00:00,Monday,July,Summer,209,8,9,3719
2023-02-17 00:00:00,Friday,February,Winter,48,13,14,13006
2024-07-22 00:00:00,Monday,July,Summer,204,5,6,3267
2024-09-07 00:00:00,Saturday,September,Fall,251,12,13,6652
2021-08-02 00:00:00,Monday,August,Summer,214,8,9,1835
2021-07-24 00:00:00,Saturday,July,Summer,205,18,19,5008
2022-06-26 00:00:00,Sunday,June,Summer,177,21,22,1353
2021-05-25 00:00:00,Tuesday,May,Spring,145,9,10,10972
2024-01-03 00:00:00,Wednesday,January,Winter,3,5,6,16091
2024-04-28 00:00:00,Sunday,April,Spring,119,18,19,4975
2022-02-10 00:00:00,Thursday,February,Winter,41,3,4,4390
2023-09-01 00:00:00,Friday,September,Fall,244,2,3,4835
2025-01-23 00:00:00,Thursday,January,Winter,23,8,9,6187
2022-08-12 00:00:00,Friday,August,Summer,224,9,10,4233
2022-06-06 00:00:00,Monday,June,Summer,157,0,1,3154
2021-04-26 00:00:00,Monday,April,Spring,116,23,0,6682
2022-08-21 00:00:00,Sunday,August,Summer,233,4,5,492
2025-07-29 00:00:00,Tuesday,July,Summer,210,17,18,9703
2020-01-14 00:00:00,Tuesday,January,Winter,14,1,2,12193
2020-11-23 00:00:00,Monday,November,Fall,328,6,7,197
2020-03-03 00:00:00,Tuesday,March,Spring,63,16,17,2913
2022-04-30 00:00:00,Saturday,April,Spring,120,23,0,4152
2025-08-28 00:00:00,Thursday,August,Summer,240,3,4,2154
2025-09-28 00:00:00,Sunday,September,Fall,271,17,18,3101
2020-04-26 00:00:00,Sunday,April,Spring,117,19,20,826
2020-04-26 00:00:00,Sunday,April,Spring,117,7,8,1234
2020-01-13 00:00:00,Monday,January,Winter,13,0,1,3124
2021-07-04 00:00:00,Sunday,July,Summer,185,8,9,1516
2022-08-20 00:00:00,Saturday,August,Summer,232,16,17,6307
2022-10-15 00:00:00,Saturday,October,Fall,288,21,22,4985
2024-11-04 00:00:00,Monday,November,Fall,309,20,21,2945
2024-05-27 00:00:00,Monday,May,Spring,148,1,2,2781
2021-05-03 00:00:00,Monday,May,Spring,123,7,8,1219
2023-06-25 00:00:00,Sunday,June,Summer,176,21,22,4990
2023-01-24 00:00:00,Tuesday,January,Winter,24,17,18,3120
2022-02-11 00:00:00,Friday,February,Winter,42,8,9,2704
2023-06-17 00:00:00,Saturday,June,Summer,168,22,23,1596
2021-09-25 00:00:00,Saturday,September,Fall,268,10,11,3100
2024-09-09 00:00:00,Monday,September,Fall,253,8,9,8509
2023-04-25 00:00:00,Tuesday,April,Spring,115,23,0,2732
2021-04-17 00:00:00,Saturday,April,Spring,107,20,21,5570
2022-08-01 00:00:00,Monday,August,Summer,213,23,0,1415
2021-07-14 00:00:00,Wednesday,July,Summer,195,18,19,7691
2025-10-14 00:00:00,Tuesday,October,Fall,287,10,11,8624
2020-02-21 00:00:00,Friday,February,Winter,52,14,15,8633
2024-10-24 00:00:00,Thursday,October,Fall,298,11,12,7285
2022-07-17 00:00:00,Sunday,July,Summer,198,2,3,6218
2022-08-15 00:00:00,Monday,August,Summer,227,12,13,7754
2020-08-23 00:00:00,Sunday,August,Summer,236,7,8,4453
2020-08-01 00:00:00,Saturday,August,Summer,214,6,7,1772
2025-07-03 00:00:00,Thursday,July,Summer,184,3,4,5681
2022-05-02 00:00:00,Monday,May,Spring,122,0,1,3281
2020-10-11 00:00:00,Sunday,October,Fall,285,0,1,4013
2021-05-15 00:00:00,Saturday,May,Spring,135,10,11,7542
2024-08-19 00:00:00,Monday,August,Summer,232,10,11,6872
2025-10-21 00:00:00,Tuesday,October,Fall,294,5,6,12221
2023-06-25 00:00:00,Sunday,June,Summer,176,11,12,7269
2024-09-15 00:00:00,Sunday,September,Fall,259,17,18,7756
2024-07-19 00:00:00,Friday,July,Summer,201,6,7,1367
2022-06-20 00:00:00,Monday,June,Summer,171,11,12,6635
2020-11-24 00:00:00,Tuesday,November,Fall,329,2,3,1825
2022-03-20 00:00:00,Sunday,March,Spring,79,4,5,4944
2020-05-26 00:00:00,Tuesday,May,Spring,147,15,16,7491
2025-09-09 00:00:00,Tuesday,September,Fall,252,20,21,2139
2020-01-23 00:00:00,Thursday,January,Winter,23,4,5,5821
2022-07-22 00:00:00,Friday,July,Summer,203,4,5,3155
2023-02-22 00:00:00,Wednesday,February,Winter,53,6,7,2969
2023-05-04 00:00:00,Thursday,May,Spring,124,18,19,7974
2022-03-29 00:00:00,Tuesday,March,Spring,88,15,16,3886
2025-01-24 00:00:00,Friday,January,Winter,24,13,14,19431
2025-03-17 00:00:00,Monday,March,Spring,76,21,22,11797
2024-11-04 00:00:00,Monday,November,Fall,309,4,5,2853
2023-01-11 00:00:00,Wednesday,January,Winter,11,10,11,10073
2022-06-21 00:00:00,Tuesday,June,Summer,172,15,16,4791
2020-07-02 00:00:00,Thursday,July,Summer,184,18,19,6452
2024-05-12 00:00:00,Sunday,May,Spring,133,14,15,4059
2021-03-11 00:00:00,Thursday,March,Spring,70,6,7,14266
2020-09-23 00:00:00,Wednesday,September,Fall,267,13,14,8641
2024-04-30 00:00:00,Tuesday,April,Spring,121,21,22,3124
2023-09-16 00:00:00,Saturday,September,Fall,259,22,23,2367
2025-05-04 00:00:00,Sunday,May,Spring,124,19,20,11985
2022-04-08 00:00:00,Friday,April,Spring,98,18,19,10607
2023-12-23 00:00:00,Saturday,December,Winter,357,16,17,14470
2025-08-11 00:00:00,Monday,August,Summer,223,22,23,5924
2021-07-16 00:00:00,Friday,July,Summer,197,17,18,7525
2020-02-11 00:00:00,Tuesday,February,Winter,42,7,8,11753
2024-11-09 00:00:00,Saturday,November,Fall,314,1,2,1782
2022-09-27 00:00:00,Tuesday,September,Fall,270,18,19,9228
2024-09-01 00:00:00,Sunday,September,Fall,245,8,9,4830
2020-11-01 00:00:00,Sunday,November,Fall,306,7,8,9246
2025-01-09 00:00:00,Thursday,January,Winter,9,7,8,14188
2024-12-31 00:00:00,Tuesday,December,Winter,366,1,2,2303
2025-01-06 00:00:00,Monday,January,Winter,6,0,1,18763
2024-01-30 00:00:00,Tuesday,January,Winter,30,14,15,7283
2021-04-18 00:00:00,Sunday,April,Spring,108,20,21,2015
2021-04-24 00:00:00,Saturday,April,Spring,114,15,16,8651
2021-10-27 00:00:00,Wednesday,October,Fall,300,19,20,2324
2020-07-02 00:00:00,Thursday,July,Summer,184,0,1,2474
2024-01-07 00:00:00,Sunday,January,Winter,7,4,5,7340
2024-01-18 00:00:00,Thursday,January,Winter,18,14,15,6969
2023-09-09 00:00:00,Saturday,September,Fall,252,1,2,1650
2025-03-17 00:00:00,Monday,March,Spring,76,10,11,11786
2024-10-20 00:00:00,Sunday,October,Fall,294,7,8,6846
2021-09-11 00:00:00,Saturday,September,Fall,254,16,17,4615
2024-03-12 00:00:00,Tuesday,March,Spring,72,15,16,12222
2020-08-06 00:00:00,Thursday,August,Summer,219,16,17,3605
2022-01-15 00:00:00,Saturday,January,Winter,15,1,2,847
2022-04-18 00:00:00,Monday,April,Spring,108,17,18,4269
2020-01-13 00:00:00,Monday,January,Winter,13,6,7,2987
2021-03-16 00:00:00,Tuesday,March,Spring,75,11,12,5314
2022-06-15 00:00:00,Wednesday,June,Summer,166,6,7,2328
2023-09-30 00:00:00,Saturday,September,Fall,273,12,13,6508
2024-10-29 00:00:00,Tuesday,October,Fall,303,21,22,685
2025-09-04 00:00:00,Thursday,September,Fall,247,20,21,6150
2023-08-21 00:00:00,Monday,August,Summer,233,15,16,6576
2020-04-19 00:00:00,Sunday,April,Spring,110,14,15,2914
2021-07-12 00:00:00,Monday,July,Summer,193,9,10,2663
2022-01-03 00:00:00,Monday,January,Winter,3,7,8,9393
2020-11-10 00:00:00,Tuesday,November,Fall,315,6,7,486
2025-02-03 00:00:00,Monday,February,Winter,34,23,0,1883
2025-03-31 00:00:00,Monday,March,Spring,90,0,1,4280
2024-07-12 00:00:00,Friday,July,Summer,194,17,18,8243
2024-06-14 00:00:00,Friday,June,Summer,166,17,18,12714
2025-09-21 00:00:00,Sunday,September,Fall,264,11,12,3451
2021-05-16 00:00:00,Sunday,May,Spring,136,23,0,9508
2022-03-07 00:00:00,Monday,March,Spring,66,5,6,6815
2022-08-10 00:00:00,Wednesday,August,Summer,222,10,11,6251
2023-03-07 00:00:00,Tuesday,March,Spring,66,5,6,5865
2025-03-14 00:00:00,Friday,March,Spring,73,15,16,7686
2024-10-04 00:00:00,Friday,October,Fall,278,7,8,4180
2022-12-15 00:00:00,Thursday,December,Winter,349,22,23,7205
2020-09-03 00:00:00,Thursday,September,Fall,247,0,1,931
2022-06-17 00:00:00,Friday,June,Summer,168,21,22,1078
2023-12-21 00:00:00,Thursday,December,Winter,355,18,19,17520
2023-03-02 00:00:00,Thursday,March,Spring,61,14,15,6558
2024-08-04 00:00:00,Sunday,August,Summer,217,20,21,1620
2024-12-29 00:00:00,Sunday,December,Winter,364,21,22,548
2024-11-14 00:00:00,Thursday,November,Fall,319,1,2,3831
2022-08-04 00:00:00,Thursday,August,Summer,216,9,10,3343
2022-04-26 00:00:00,Tuesday,April,Spring,116,0,1,2101
2022-05-16 00:00:00,Monday,May,Spring,136,5,6,5648
2020-01-09 00:00:00,Thursday,January,Winter,9,16,17,10435
2022-11-24 00:00:00,Thursday,November,Fall,328,14,15,9150
2024-01-20 00:00:00,Saturday,January,Winter,20,23,0,10670
2020-03-14 00:00:00,Saturday,March,Spring,74,22,23,3349
2020-03-10 00:00:00,Tuesday,March,Spring,70,22,23,11030
2024-05-26 00:00:00,Sunday,May,Spring,147,2,3,4508
2023-08-13 00:00:00,Sunday,August,Summer,225,1,2,1162
2022-03-28 00:00:00,Monday,March,Spring,87,6,7,1606
2020-10-12 00:00:00,Monday,October,Fall,286,14,15,4590
2024-10-22 00:00:00,Tuesday,October,Fall,296,10,11,3182
2020-10-19 00:00:00,Monday,October,Fall,293,11,12,5009
2021-09-12 00:00:00,Sunday,September,Fall,255,21,22,1376
2024-07-17 00:00:00,Wednesday,July,Summer,199,3,4,2046
2024-08-17 00:00:00,Saturday,August,Summer,230,1,2,1571
2023-08-13 00:00:00,Sunday,August,Summer,225,16,17,7801
2024-06-28 00:00:00,Friday,June,Summer,180,2,3,3695
2022-02-06 00:00:00,Sunday,February,Winter,37,4,5,13477
2021-03-31 00:00:00,Wednesday,March,Spring,90,10,11,4010
2023-10-25 00:00:00,Wednesday,October,Fall,298,11,12,11630
2024-07-23 00:00:00,Tuesday,July,Summer,205,23,0,2067
2023-03-18 00:00:00,Saturday,March,Spring,77,3,4,7204
2024-12-05 00:00:00,Thursday,December,Winter,340,23,0,18205
2024-01-08 00:00:00,Monday,January,Winter,8,2,3,11508
2020-06-11 00:00:00,Thursday,June,Summer,163,8,9,2692
2025-06-06 00:00:00,Friday,June,Summer,157,22,23,4429
2021-06-02 00:00:00,Wednesday,June,Summer,153,23,0,2032
2020-09-21 00:00:00,Monday,September,Fall,265,21,22,1334
2025-09-02 00:00:00,Tuesday,September,Fall,245,23,0,11315
2025-09-21 00:00:00,Sunday,September,Fall,264,20,21,4453
2021-08-09 00:00:00,Monday,August,Summer,221,10,11,6015
2021-03-16 00:00:00,Tuesday,March,Spring,75,2,3,3997
2022-10-18 00:00:00,Tuesday,October,Fall,291,13,14,5899
2021-12-26 00:00:00,Sunday,December,Winter,360,12,13,4600
2024-07-27 00:00:00,Saturday,July,Summer,209,2,3,455
2020-09-11 00:00:00,Friday,September,Fall,255,9,10,1917
2020-09-13 00:00:00,Sunday,September,Fall,257,19,20,705
2023-08-15 00:00:00,Tuesday,August,Summer,227,17,18,4625
2021-07-29 00:00:00,Thursday,July,Summer,210,5,6,4205
2024-05-19 00:00:00,Sunday,May,Spring,140,2,3,552
2023-03-30 00:00:00,Thursday,March,Spring,89,7,8,11130
2025-07-10 00:00:00,Thursday,July,Summer,191,16,17,11067
2025-08-09 00:00:00,Saturday,August,Summer,221,4,5,1139
2023-11-01 00:00:00,Wednesday,November,Fall,305,18,19,12788
2024-06-12 00:00:00,Wednesday,June,Summer,164,20,21,2252
2025-09-20 00:00:00,Saturday,September,Fall,263,5,6,6560
2020-05-01 00:00:00,Friday,May,Spring,122,0,1,7535
2020-01-21 00:00:00,Tuesday,January,Winter,21,11,12,2976
2025-06-29 00:00:00,Sunday,June,Summer,180,6,7,2536
2020-10-12 00:00:00,Monday,October,Fall,286,6,7,2120
2024-07-25 00:00:00,Thursday,July,Summer,207,12,13,9805
2023-06-05 00:00:00,Monday,June,Summer,156,13,14,9739
2023-06-09 00:00:00,Friday,June,Summer,160,7,8,4688
2025-09-04 00:00:00,Thursday,September,Fall,247,21,22,6077
2024-05-11 00:00:00,Saturday,May,Spring,132,23,0,4091
2025-03-24 00:00:00,Monday,March,Spring,83,10,11,5051
2023-07-26 00:00:00,Wednesday,July,Summer,207,7,8,2889
2024-08-06 00:00:00,Tuesday,August,Summer,219,20,21,2592
2025-04-22 00:00:00,Tuesday,April,Spring,112,5,6,1421
2024-08-27 00:00:00,Tuesday,August,Summer,240,11,12,8753
2021-07-11 00:00:00,Sunday,July,Summer,192,15,16,4877
2021-11-11 00:00:00,Thursday,November,Fall,315,7,8,1001
2025-02-25 00:00:00,Tuesday,February,Winter,56,0,1,4530
2025-04-02 00:00:00,Wednesday,April,Spring,92,11,12,18987
2020-07-22 00:00:00,Wednesday,July,Summer,204,6,7,3797
2020-02-05 00:00:00,Wednesday,February,Winter,36,16,17,2504
2020-03-30 00:00:00,Monday,March,Spring,90,20,21,8073
2020-05-11 00:00:00,Monday,May,Spring,132,4,5,9699
2021-11-05 00:00:00,Friday,November,Fall,309,2,3,3405
2020-08-30 00:00:00,Sunday,August,Summer,243,3,4,3012
2025-09-08 00:00:00,Monday,September,Fall,251,21,22,2307
2022-03-04 00:00:00,Friday,March,Spring,63,8,9,3630
2022-08-06 00:00:00,Saturday,August,Summer,218,2,3,5462
2024-12-13 00:00:00,Friday,December,Winter,348,19,20,698
2023-12-31 00:00:00,Sunday,December,Winter,365,17,18,17198
2025-09-04 00:00:00,Thursday,September,Fall,247,9,10,9465
2025-02-25 00:00:00,Tuesday,February,Winter,56,9,10,8542
2022-03-18 00:00:00,Friday,March,Spring,77,11,12,12613
2025-03-19 00:00:00,Wednesday,March,Spring,78,14,15,12452
2022-08-07 00:00:00,Sunday,August,Summer,219,0,1,7995
2025-03-24 00:00:00,Monday,March,Spring,83,4,5,747
2020-12-22 00:00:00,Tuesday,December,Winter,357,11,12,9500
2020-05-05 00:00:00,Tuesday,May,Spring,126,22,23,2517
2024-12-14 00:00:00,Saturday,December,Winter,349,7,8,2252
2023-02-03 00:00:00,Friday,February,Winter,34,21,22,4534
2022-11-12 00:00:00,Saturday,November,Fall,316,8,9,4144
2024-07-18 00:00:00,Thursday,July,Summer,200,11,12,7522
2020-03-09 00:00:00,Monday,March,Spring,69,6,7,6476
2021-06-28 00:00:00,Monday,June,Summer,179,12,13,4142
2022-03-24 00:00:00,Thursday,March,Spring,83,11,12,6783
2020-01-03 00:00:00,Friday,January,Winter,3,8,9,9177
2025-05-02 00:00:00,Friday,May,Spring,122,20,21,3054
2022-11-23 00:00:00,Wednesday,November,Fall,327,10,11,12239
2023-11-03 00:00:00,Friday,November,Fall,307,4,5,9640
2024-04-09 00:00:00,Tuesday,April,Spring,100,23,0,8241
2021-05-16 00:00:00,Sunday,May,Spring,136,19,20,9726
2025-02-14 00:00:00,Friday,February,Winter,45,5,6,5166
2022-10-23 00:00:00,Sunday,October,Fall,296,14,15,13158
2022-12-14 00:00:00,Wednesday,December,Winter,348,17,18,2357
2024-07-31 00:00:00,Wednesday,July,Summer,213,16,17,6848
2025-01-15 00:00:00,Wednesday,January,Winter,15,0,1,2675
2021-11-21 00:00:00,Sunday,November,Fall,325,21,22,5308
2023-11-12 00:00:00,Sunday,November,Fall,316,5,6,7747
2021-11-10 00:00:00,Wednesday,November,Fall,314,19,20,1095
2022-10-30 00:00:00,Sunday,October,Fall,303,15,16,4128
2021-01-12 00:00:00,Tuesday,January,Winter,12,13,14,11705
2023-11-17 00:00:00,Friday,November,Fall,321,5,6,4471
2022-07-03 00:00:00,Sunday,July,Summer,184,8,9,2588
2021-03-09 00:00:00,Tuesday,March,Spring,68,17,18,3112
2023-03-17 00:00:00,Friday,March,Spring,76,10,11,9438
2025-04-01 00:00:00,Tuesday,April,Spring,91,5,6,10726
2020-03-28 00:00:00,Saturday,March,Spring,88,2,3,2228
2022-01-29 00:00:00,Saturday,January,Winter,29,4,5,5616
2023-02-11 00:00:00,Saturday,February,Winter,42,1,2,2311
2020-05-19 00:00:00,Tuesday,May,Spring,140,22,23,3873
2023-05-08 00:00:00,Monday,May,Spring,128,20,21,1613
2021-04-23 00:00:00,Friday,April,Spring,113,9,10,4703
2025-10-13 00:00:00,Monday,October,Fall,286,19,20,6779
2020-01-08 00:00:00,Wednesday,January,Winter,8,12,13,5049
2023-11-13 00:00:00,Monday,November,Fall,317,4,5,10748
2021-06-30 00:00:00,Wednesday,June,Summer,181,5,6,2072
2023-08-28 00:00:00,Monday,August,Summer,240,3,4,3728
2021-09-02 00:00:00,Thursday,September,Fall,245,16,17,6041
2022-03-31 00:00:00,Thursday,March,Spring,90,7,8,5596
2023-01-14 00:00:00,Saturday,January,Winter,14,14,15,18425
2020-12-10 00:00:00,Thursday,December,Winter,345,17,18,3945
2025-01-06 00:00:00,Monday,January,Winter,6,8,9,18841
2024-02-05 00:00:00,Monday,February,Winter,36,14,15,9758
2024-11-04 00:00:00,Monday,November,Fall,309,14,15,4760
2022-11-10 00:00:00,Thursday,November,Fall,314,4,5,3540
2020-07-14 00:00:00,Tuesday,July,Summer,196,9,10,2423
2020-09-17 00:00:00,Thursday,September,Fall,261,0,1,4803
2021-07-12 00:00:00,Monday,July,Summer,193,15,16,4724
2020-05-22 00:00:00,Friday,May,Spring,143,10,11,5050
2021-01-18 00:00:00,Monday,January,Winter,18,14,15,5818
2022-09-22 00:00:00,Thursday,September,Fall,265,22,23,613
2021-02-22 00:00:00,Monday,February,Winter,53,7,8,6262
2020-03-22 00:00:00,Sunday,March,Spring,82,8,9,8856
2020-10-12 00:00:00,Monday,October,Fall,286,9,10,2453
2025-04-19 00:00:00,Saturday,April,Spring,109,15,16,4612
2025-08-25 00:00:00,Monday,August,Summer,237,22,23,1411
2022-04-20 00:00:00,Wednesday,April,Spring,110,4,5,4490
2020-12-09 00:00:00,Wednesday,December,Winter,344,14,15,2985
2020-07-22 00:00:00,Wednesday,July,Summer,204,14,15,4307
2023-05-21 00:00:00,Sunday,May,Spring,141,5,6,5032
2022-01-22 00:00:00,Saturday,January,Winter,22,6,7,2925
2021-12-01 00:00:00,Wednesday,December,Winter,335,11,12,12759
2021-01-11 00:00:00,Monday,January,Winter,11,2,3,1886
2020-03-09 00:00:00,Monday,March,Spring,69,5,6,7030
2024-02-26 00:00:00,Monday,February,Winter,57,16,17,13709
2022-03-07 00:00:00,Monday,March,Spring,66,18,19,5870
2021-10-11 00:00:00,Monday,October,Fall,284,10,11,4324
2025-09-01 00:00:00,Monday,September,Fall,244,13,14,12704
2020-10-02 00:00:00,Friday,October,Fall,276,22,23,3285
2024-12-20 00:00:00,Friday,December,Winter,355,11,12,8847
2022-08-07 00:00:00,Sunday,August,Summer,219,15,16,10239
2024-02-07 00:00:00,Wednesday,February,Winter,38,13,14,17700
2020-06-04 00:00:00,Thursday,June,Summer,156,16,17,6146
2021-10-13 00:00:00,Wednesday,October,Fall,286,7,8,2432
2020-02-09 00:00:00,Sunday,February,Winter,40,1,2,8445
2022-02-21 00:00:00,Monday,February,Winter,52,22,23,10192
2024-03-03 00:00:00,Sunday,March,Spring,63,5,6,3260
2025-07-17 00:00:00,Thursday,July,Summer,198,4,5,1257
2024-02-23 00:00:00,Friday,February,Winter,54,16,17,12084
2025-03-07 00:00:00,Friday,March,Spring,66,23,0,10966
2023-12-15 00:00:00,Friday,December,Winter,349,20,21,1834
2025-09-24 00:00:00,Wednesday,September,Fall,267,1,2,7488
2025-08-03 00:00:00,Sunday,August,Summer,215,8,9,4235
2025-11-20 00:00:00,Thursday,November,Fall,324,17,18,3840
2020-09-11 00:00:00,Friday,September,Fall,255,8,9,1169
2025-11-02 00:00:00,Sunday,November,Fall,306,6,7,8973
2022-09-22 00:00:00,Thursday,September,Fall,265,15,16,5500
2020-05-23 00:00:00,Saturday,May,Spring,144,15,16,8605
2022-12-20 00:00:00,Tuesday,December,Winter,354,0,1,13706
2024-11-22 00:00:00,Friday,November,Fall,327,0,1,5864
2022-11-13 00:00:00,Sunday,November,Fall,317,3,4,2267
2021-04-19 00:00:00,Monday,April,Spring,109,10,11,3728
2024-07-04 00:00:00,Thursday,July,Summer,186,6,7,7129
2023-06-26 00:00:00,Monday,June,Summer,177,21,22,3874
2023-10-22 00:00:00,Sunday,October,Fall,295,21,22,2996
2022-01-16 00:00:00,Sunday,January,Winter,16,13,14,5824
2020-09-07 00:00:00,Monday,September,Fall,251,23,0,1722
2022-05-23 00:00:00,Monday,May,Spring,143,7,8,3621
2025-10-04 00:00:00,Saturday,October,Fall,277,1,2,16699
2020-12-10 00:00:00,Thursday,December,Winter,345,20,21,6025
2021-05-01 00:00:00,Saturday,May,Spring,121,6,7,1335
2021-06-11 00:00:00,Friday,June,Summer,162,19,20,2701
2024-01-01 00:00:00,Monday,January,Winter,1,10,11,12702
2023-05-09 00:00:00,Tuesday,May,Spring,129,10,11,5818
2022-01-12 00:00:00,Wednesday,January,Winter,12,15,16,3844
2023-11-12 00:00:00,Sunday,November,Fall,316,3,4,7217
2022-11-02 00:00:00,Wednesday,November,Fall,306,1,2,10172
2020-09-08 00:00:00,Tuesday,September,Fall,252,13,14,4412
2021-04-16 00:00:00,Friday,April,Spring,106,0,1,6013
2022-11-15 00:00:00,Tuesday,November,Fall,319,2,3,6725
2022-12-23 00:00:00,Friday,December,Winter,357,19,20,13142
2022-04-13 00:00:00,Wednesday,April,Spring,103,9,10,2030
2023-04-21 00:00:00,Friday,April,Spring,111,15,16,7766
2025-03-03 00:00:00,Monday,March,Spring,62,20,21,3662
2022-11-11 00:00:00,Friday,November,Fall,315,11,12,6178
2023-06-10 00:00:00,Saturday,June,Summer,161,19,20,2892
2021-08-25 00:00:00,Wednesday,August,Summer,237,1,2,6301
2022-02-04 00:00:00,Friday,February,Winter,35,22,23,5142
2020-02-03 00:00:00,Monday,February,Winter,34,3,4,8082
2021-03-24 00:00:00,Wednesday,March,Spring,83,9,10,3598
2021-04-25 00:00:00,Sunday,April,Spring,115,1,2,8643
2024-06-15 00:00:00,Saturday,June,Summer,167,17,18,9554
2020-01-07 00:00:00,Tuesday,January,Winter,7,15,16,4202
2021-03-25 00:00:00,Thursday,March,Spring,84,5,6,1803
2021-04-11 00:00:00,Sunday,April,Spring,101,4,5,4909
2022-12-25 00:00:00,Sunday,December,Winter,359,14,15,9014
2025-09-09 00:00:00,Tuesday,September,Fall,252,19,20,2515
2020-06-28 00:00:00,Sunday,June,Summer,180,2,3,5007
2022-04-29 00:00:00,Friday,April,Spring,119,3,4,3276
2023-04-08 00:00:00,Saturday,April,Spring,98,7,8,3945
2023-03-19 00:00:00,Sunday,March,Spring,78,6,7,2707
2020-03-23 00:00:00,Monday,March,Spring,83,8,9,8097
2023-07-04 00:00:00,Tuesday,July,Summer,185,21,22,7479
2021-09-02 00:00:00,Thursday,September,Fall,245,6,7,5757
2024-05-01 00:00:00,Wednesday,May,Spring,122,4,5,1919
2024-08-10 00:00:00,Saturday,August,Summer,223,8,9,2611
2024-04-06 00:00:00,Saturday,April,Spring,97,4,5,13920
2020-07-28 00:00:00,Tuesday,July,Summer,210,15,16,7320
2023-09-12 00:00:00,Tuesday,September,Fall,255,14,15,4847
2022-06-20 00:00:00,Monday,June,Summer,171,7,8,3854
2024-04-30 00:00:00,Tuesday,April,Spring,121,4,5,3211
2021-07-19 00:00:00,Monday,July,Summer,200,8,9,3621
2024-11-02 00:00:00,Saturday,November,Fall,307,5,6,2593
2023-10-23 00:00:00,Monday,October,Fall,296,1,2,4629
2025-11-08 00:00:00,Saturday,November,Fall,312,22,23,2972
2022-07-17 00:00:00,Sunday,July,Summer,198,7,8,4452
2023-08-21 00:00:00,Monday,August,Summer,233,18,19,2986
2022-04-14 00:00:00,Thursday,April,Spring,104,19,20,1781
2023-11-02 00:00:00,Thursday,November,Fall,306,14,15,16663
2024-03-11 00:00:00,Monday,March,Spring,71,1,2,3569
2025-05-19 00:00:00,Monday,May,Spring,139,4,5,5554
2023-08-18 00:00:00,Friday,August,Summer,230,8,9,2753
2021-01-24 00:00:00,Sunday,January,Winter,24,15,16,9368
2025-11-04 00:00:00,Tuesday,November,Fall,308,19,20,14722
2025-01-02 00:00:00,Thursday,January,Winter,2,17,18,2940
2022-11-07 00:00:00,Monday,November,Fall,311,13,14,14582
2022-06-21 00:00:00,Tuesday,June,Summer,172,17,18,4256
2025-10-23 00:00:00,Thursday,October,Fall,296,10,11,21130
2021-12-04 00:00:00,Saturday,December,Winter,338,5,6,8479
2025-06-30 00:00:00,Monday,June,Summer,181,3,4,4201
2022-11-06 00:00:00,Sunday,November,Fall,310,20,21,11082
2021-10-22 00:00:00,Friday,October,Fall,295,15,16,7563
2024-09-26 00:00:00,Thursday,September,Fall,270,17,18,18099
2025-11-10 00:00:00,Monday,November,Fall,314,7,8,7424
2023-12-14 00:00:00,Thursday,December,Winter,348,3,4,7386
2025-01-30 00:00:00,Thursday,January,Winter,30,15,16,7524
2020-12-26 00:00:00,Saturday,December,Winter,361,6,7,2946
2025-09-22 00:00:00,Monday,September,Fall,265,17,18,8345
2024-12-10 00:00:00,Tuesday,December,Winter,345,1,2,10950
2020-12-01 00:00:00,Tuesday,December,Winter,336,4,5,7384
2021-09-23 00:00:00,Thursday,September,Fall,266,2,3,1187
2022-07-17 00:00:00,Sunday,July,Summer,198,14,15,8450
2020-07-20 00:00:00,Monday,July,Summer,202,17,18,4972
2023-09-10 00:00:00,Sunday,September,Fall,253,8,9,3618
2023-07-10 00:00:00,Monday,July,Summer,191,12,13,8155
2021-02-10 00:00:00,Wednesday,February,Winter,41,10,11,8366
2020-01-29 00:00:00,Wednesday,January,Winter,29,16,17,5091
2025-09-16 00:00:00,Tuesday,September,Fall,259,1,2,12139
2020-11-29 00:00:00,Sunday,November,Fall,334,23,0,1854
2022-09-20 00:00:00,Tuesday,September,Fall,263,10,11,4950
2020-08-22 00:00:00,Saturday,August,Summer,235,8,9,5453
2022-01-09 00:00:00,Sunday,January,Winter,9,2,3,13974
2020-06-04 00:00:00,Thursday,June,Summer,156,1,2,2997
2021-11-04 00:00:00,Thursday,November,Fall,308,18,19,3557
2023-01-14 00:00:00,Saturday,January,Winter,14,17,18,15699
2021-02-21 00:00:00,Sunday,February,Winter,52,18,19,6413
2021-05-02 00:00:00,Sunday,May,Spring,122,21,22,919
2025-05-30 00:00:00,Friday,May,Spring,150,4,5,790
2024-02-08 00:00:00,Thursday,February,Winter,39,15,16,17063
2023-03-22 00:00:00,Wednesday,March,Spring,81,7,8,10725
2023-04-22 00:00:00,Saturday,April,Spring,112,3,4,4253
2024-03-27 00:00:00,Wednesday,March,Spring,87,14,15,15606
2020-12-25 00:00:00,Friday,December,Winter,360,10,11,6831
2023-12-24 00:00:00,Sunday,December,Winter,358,4,5,10062
2024-05-24 00:00:00,Friday,May,Spring,145,13,14,5499
2020-04-28 00:00:00,Tuesday,April,Spring,119,18,19,7447
2025-08-20 00:00:00,Wednesday,August,Summer,232,22,23,3508
2022-01-24 00:00:00,Monday,January,Winter,24,1,2,3310
2023-04-20 00:00:00,Thursday,April,Spring,110,16,17,9461
2020-09-02 00:00:00,Wednesday,September,Fall,246,22,23,1225
2023-09-02 00:00:00,Saturday,September,Fall,245,20,21,2344
2020-09-10 00:00:00,Thursday,September,Fall,254,10,11,2771
2025-08-22 00:00:00,Friday,August,Summer,234,18,19,5766
2023-05-24 00:00:00,Wednesday,May,Spring,144,9,10,6816
2025-01-11 00:00:00,Saturday,January,Winter,11,9,10,2854
2024-02-28 00:00:00,Wednesday,February,Winter,59,0,1,4724
2020-03-06 00:00:00,Friday,March,Spring,66,14,15,8581
2020-08-18 00:00:00,Tuesday,August,Summer,231,18,19,3539
2022-02-18 00:00:00,Friday,February,Winter,49,3,4,9335
2021-09-03 00:00:00,Friday,September,Fall,246,14,15,3775
2020-03-24 00:00:00,Tuesday,March,Spring,84,23,0,7447
2024-08-25 00:00:00,Sunday,August,Summer,238,20,21,2137
2021-10-22 00:00:00,Friday,October,Fall,295,0,1,2121
2021-07-17 00:00:00,Saturday,July,Summer,198,19,20,5398
2022-10-30 00:00:00,Sunday,October,Fall,303,8,9,5100
2021-03-09 00:00:00,Tuesday,March,Spring,68,15,16,5136
2020-06-23 00:00:00,Tuesday,June,Summer,175,1,2,2034
2023-04-22 00:00:00,Saturday,April,Spring,112,1,2,4008
2024-07-12 00:00:00,Friday,July,Summer,194,12,13,7573
2024-09-05 00:00:00,Thursday,September,Fall,249,22,23,700
2021-04-16 00:00:00,Friday,April,Spring,106,1,2,5880
2022-05-17 00:00:00,Tuesday,May,Spring,137,2,3,2321
2024-10-01 00:00:00,Tuesday,October,Fall,275,23,0,4747
2021-09-27 00:00:00,Monday,September,Fall,270,8,9,6867
2020-04-03 00:00:00,Friday,April,Spring,94,8,9,2170
2023-01-17 00:00:00,Tuesday,January,Winter,17,23,0,4827
2024-11-07 00:00:00,Thursday,November,Fall,312,13,14,5149
2020-03-31 00:00:00,Tuesday,March,Spring,91,1,2,6769
2020-03-28 00:00:00,Saturday,March,Spring,88,22,23,11081
2024-09-14 00:00:00,Saturday,September,Fall,258,12,13,10121
2025-10-18 00:00:00,Saturday,October,Fall,291,16,17,7924
2021-10-31 00:00:00,Sunday,October,Fall,304,17,18,10469
2022-04-28 00:00:00,Thursday,April,Spring,118,15,16,7312
2024-01-24 00:00:00,Wednesday,January,Winter,24,19,20,6892
2021-06-24 00:00:00,Thursday,June,Summer,175,22,23,1974
2023-12-11 00:00:00,Monday,December,Winter,345,16,17,6768
2024-01-27 00:00:00,Saturday,January,Winter,27,11,12,5814
2022-08-15 00:00:00,Monday,August,Summer,227,14,15,8036
2021-01-29 00:00:00,Friday,January,Winter,29,3,4,13907
2020-09-05 00:00:00,Saturday,September,Fall,249,1,2,2121
2024-08-12 00:00:00,Monday,August,Summer,225,16,17,8871
2021-01-26 00:00:00,Tuesday,January,Winter,26,13,14,5482
2025-04-11 00:00:00,Friday,April,Spring,101,20,21,4837
2025-07-11 00:00:00,Friday,July,Summer,192,11,12,11758
2025-05-16 00:00:00,Friday,May,Spring,136,13,14,7092
2025-10-25 00:00:00,Saturday,October,Fall,298,16,17,9821
2021-01-31 00:00:00,Sunday,January,Winter,31,22,23,5906
2025-05-25 00:00:00,Sunday,May,Spring,145,13,14,9581
2022-07-05 00:00:00,Tuesday,July,Summer,186,9,10,4126
2020-11-19 00:00:00,Thursday,November,Fall,324,9,10,9061
2022-10-18 00:00:00,Tuesday,October,Fall,291,22,23,5538
2023-01-15 00:00:00,Sunday,January,Winter,15,3,4,10240
2022-05-02 00:00:00,Monday,May,Spring,122,20,21,3792
2020-10-08 00:00:00,Thursday,October,Fall,282,3,4,6421
2023-11-24 00:00:00,Friday,November,Fall,328,1,2,8505
2020-05-17 00:00:00,Sunday,May,Spring,138,10,11,4507
2022-03-18 00:00:00,Friday,March,Spring,77,3,4,6998
2023-10-28 00:00:00,Saturday,October,Fall,301,22,23,16635
2021-05-19 00:00:00,Wednesday,May,Spring,139,2,3,3258
2022-07-17 00:00:00,Sunday,July,Summer,198,20,21,2312
2023-07-22 00:00:00,Saturday,July,Summer,203,11,12,10194
2024-11-12 00:00:00,Tuesday,November,Fall,317,13,14,13235
2022-03-27 00:00:00,Sunday,March,Spring,86,9,10,4841
2022-04-05 00:00:00,Tuesday,April,Spring,95,17,18,9675
2023-08-29 00:00:00,Tuesday,August,Summer,241,20,21,1992
2025-06-23 00:00:00,Monday,June,Summer,174,22,23,3779
2020-02-09 00:00:00,Sunday,February,Winter,40,20,21,11896
2023-01-05 00:00:00,Thursday,January,Winter,5,6,7,7965
2023-09-15 00:00:00,Friday,September,Fall,258,20,21,3195
2023-09-15 00:00:00,Friday,September,Fall,258,23,0,4953
2020-11-14 00:00:00,Saturday,November,Fall,319,15,16,8436
2022-02-11 00:00:00,Friday,February,Winter,42,17,18,2107
2025-02-20 00:00:00,Thursday,February,Winter,51,4,5,7070
2025-06-28 00:00:00,Saturday,June,Summer,179,8,9,3941
2022-08-06 00:00:00,Saturday,August,Summer,218,4,5,5611
2020-05-24 00:00:00,Sunday,May,Spring,145,23,0,2435
2025-06-13 00:00:00,Friday,June,Summer,164,23,0,5332
2025-05-03 00:00:00,Saturday,May,Spring,123,16,17,10481
2024-11-22 00:00:00,Friday,November,Fall,327,7,8,9522
2021-08-22 00:00:00,Sunday,August,Summer,234,9,10,4991
2023-01-10 00:00:00,Tuesday,January,Winter,10,12,13,15075
2021-06-21 00:00:00,Monday,June,Summer,172,4,5,2933
2022-09-20 00:00:00,Tuesday,September,Fall,263,17,18,5469
2021-01-27 00:00:00,Wednesday,January,Winter,27,17,18,3743
2020-09-23 00:00:00,Wednesday,September,Fall,267,9,10,4073
2020-04-08 00:00:00,Wednesday,April,Spring,99,18,19,1595
2024-10-09 00:00:00,Wednesday,October,Fall,283,7,8,8883
2025-05-07 00:00:00,Wednesday,May,Spring,127,0,1,9348
2023-09-14 00:00:00,Thursday,September,Fall,257,21,22,1857
2020-02-11 00:00:00,Tuesday,February,Winter,42,5,6,11769
2020-01-17 00:00:00,Friday,January,Winter,17,12,13,8804
2025-03-24 00:00:00,Monday,March,Spring,83,14,15,6048
2024-08-07 00:00:00,Wednesday,August,Summer,220,10,11,5496
2025-05-15 00:00:00,Thursday,May,Spring,135,1,2,6358
2023-03-22 00:00:00,Wednesday,March,Spring,81,6,7,9994
2020-11-26 00:00:00,Thursday,November,Fall,331,16,17,1476
2020-05-13 00:00:00,Wednesday,May,Spring,134,20,21,7492
2025-03-18 00:00:00,Tuesday,March,Spring,77,1,2,12131
2025-11-06 00:00:00,Thursday,November,Fall,310,10,11,6247
2021-08-19 00:00:00,Thursday,August,Summer,231,3,4,1695
2020-02-23 00:00:00,Sunday,February,Winter,54,4,5,9644
2025-04-23 00:00:00,Wednesday,April,Spring,113,3,4,6268
2022-05-10 00:00:00,Tuesday,May,Spring,130,2,3,1193
2023-12-01 00:00:00,Friday,December,Winter,335,20,21,5060
2021-07-21 00:00:00,Wednesday,July,Summer,202,2,3,2864
2022-09-23 00:00:00,Friday,September,Fall,266,5,6,546
2023-01-03 00:00:00,Tuesday,January,Winter,3,10,11,6763
2024-12-07 00:00:00,Saturday,December,Winter,342,22,23,17557
2022-03-28 00:00:00,Monday,March,Spring,87,3,4,1693
2020-10-07 00:00:00,Wednesday,October,Fall,281,10,11,6946
2022-08-23 00:00:00,Tuesday,August,Summer,235,21,22,736
2023-05-27 00:00:00,Saturday,May,Spring,147,20,21,3594
2023-10-10 00:00:00,Tuesday,October,Fall,283,20,21,2170
2025-05-17 00:00:00,Saturday,May,Spring,137,4,5,4673
2020-05-21 00:00:00,Thursday,May,Spring,142,21,22,660
2023-03-15 00:00:00,Wednesday,March,Spring,74,7,8,2413
2024-12-14 00:00:00,Saturday,December,Winter,349,10,11,3475
2025-01-19 00:00:00,Sunday,January,Winter,19,14,15,3805
2021-12-29 00:00:00,Wednesday,December,Winter,363,1,2,9126
2025-01-29 00:00:00,Wednesday,January,Winter,29,1,2,17602
2024-01-22 00:00:00,Monday,January,Winter,22,2,3,16724
2023-08-21 00:00:00,Monday,August,Summer,233,8,9,2472
2022-09-16 00:00:00,Friday,September,Fall,259,21,22,5135
2023-04-21 00:00:00,Friday,April,Spring,111,7,8,3141
2023-04-22 00:00:00,Saturday,April,Spring,112,15,16,9856
2021-11-05 00:00:00,Friday,November,Fall,309,22,23,2244
2024-12-23 00:00:00,Monday,December,Winter,358,6,7,16444
2022-03-09 00:00:00,Wednesday,March,Spring,68,17,18,5318
2025-08-10 00:00:00,Sunday,August,Summer,222,23,0,7903
2023-02-17 00:00:00,Friday,February,Winter,48,1,2,7099
2020-08-29 00:00:00,Saturday,August,Summer,242,18,19,4957
2025-08-29 00:00:00,Friday,August,Summer,241,9,10,13975
2021-02-05 00:00:00,Friday,February,Winter,36,7,8,1837
2020-05-13 00:00:00,Wednesday,May,Spring,134,10,11,5295
2024-01-27 00:00:00,Saturday,January,Winter,27,1,2,1993
2025-02-13 00:00:00,Thursday,February,Winter,44,8,9,1808
2022-03-10 00:00:00,Thursday,March,Spring,69,20,21,6268
2022-07-02 00:00:00,Saturday,July,Summer,183,4,5,780
2022-02-11 00:00:00,Friday,February,Winter,42,21,22,2877
2022-12-18 00:00:00,Sunday,December,Winter,352,16,17,9972
2023-04-07 00:00:00,Friday,April,Spring,97,14,15,8432
2025-01-09 00:00:00,Thursday,January,Winter,9,12,13,13546
2020-12-19 00:00:00,Saturday,December,Winter,354,23,0,5475
2022-02-18 00:00:00,Friday,February,Winter,49,12,13,18336
2025-10-16 00:00:00,Thursday,October,Fall,289,7,8,5067
2020-09-29 00:00:00,Tuesday,September,Fall,273,23,0,648
2025-08-17 00:00:00,Sunday,August,Summer,229,3,4,5689
2022-09-29 00:00:00,Thursday,September,Fall,272,10,11,3096
2024-04-22 00:00:00,Monday,April,Spring,113,22,23,4627
2025-07-03 00:00:00,Thursday,July,Summer,184,23,0,6293
2020-10-01 00:00:00,Thursday,October,Fall,275,10,11,6509
2024-02-24 00:00:00,Saturday,February,Winter,55,2,3,7042
2024-06-26 00:00:00,Wednesday,June,Summer,178,23,0,1220
2022-11-17 00:00:00,Thursday,November,Fall,321,11,12,15564
2022-08-23 00:00:00,Tuesday,August,Summer,235,1,2,1180
2025-03-08 00:00:00,Saturday,March,Spring,67,12,13,14394
2020-04-25 00:00:00,Saturday,April,Spring,116,6,7,1918
2025-03-29 00:00:00,Saturday,March,Spring,88,13,14,14163
2021-03-20 00:00:00,Saturday,March,Spring,79,1,2,6045
2021-03-26 00:00:00,Friday,March,Spring,85,14,15,11408
2023-04-25 00:00:00,Tuesday,April,Spring,115,0,1,2929
2020-10-16 00:00:00,Friday,October,Fall,290,7,8,2998
2022-07-15 00:00:00,Friday,July,Summer,196,15,16,7499
2023-08-28 00:00:00,Monday,August,Summer,240,4,5,3258
2024-01-09 00:00:00,Tuesday,January,Winter,9,0,1,4857
2025-11-05 00:00:00,Wednesday,November,Fall,309,15,16,12356
2020-12-14 00:00:00,Monday,December,Winter,349,22,23,6487
2022-07-31 00:00:00,Sunday,July,Summer,212,23,0,3161
2023-01-14 00:00:00,Saturday,January,Winter,14,20,21,13584
2020-04-13 00:00:00,Monday,April,Spring,104,16,17,11122
2024-02-26 00:00:00,Monday,February,Winter,57,13,14,14168
2020-09-03 00:00:00,Thursday,September,Fall,247,6,7,1674
2020-12-21 00:00:00,Monday,December,Winter,356,16,17,11318
2023-04-24 00:00:00,Monday,April,Spring,114,0,1,9557
2023-04-30 00:00:00,Sunday,April,Spring,120,20,21,1754
2021-08-27 00:00:00,Friday,August,Summer,239,10,11,5627
2022-09-16 00:00:00,Friday,September,Fall,259,11,12,6902
2025-11-21 00:00:00,Friday,November,Fall,325,1,2,4563
2022-09-22 00:00:00,Thursday,September,Fall,265,13,14,6248
2021-06-26 00:00:00,Saturday,June,Summer,177,18,19,2918
2023-05-24 00:00:00,Wednesday,May,Spring,144,21,22,6974
2020-07-21 00:00:00,Tuesday,July,Summer,203,19,20,3934
2021-08-08 00:00:00,Sunday,August,Summer,220,12,13,9302
2021-03-05 00:00:00,Friday,March,Spring,64,12,13,9127
2022-07-28 00:00:00,Thursday,July,Summer,209,23,0,1995
2023-08-06 00:00:00,Sunday,August,Summer,218,1,2,13743
2022-12-02 00:00:00,Friday,December,Winter,336,15,16,3878
2023-10-11 00:00:00,Wednesday,October,Fall,284,17,18,6965
2022-11-20 00:00:00,Sunday,November,Fall,324,1,2,4543
2023-07-15 00:00:00,Saturday,July,Summer,196,10,11,11920
2023-02-09 00:00:00,Thursday,February,Winter,40,10,11,4291
2024-03-11 00:00:00,Monday,March,Spring,71,14,15,10464
2023-02-28 00:00:00,Tuesday,February,Winter,59,17,18,7747
2022-07-19 00:00:00,Tuesday,July,Summer,200,0,1,5843
2022-03-24 00:00:00,Thursday,March,Spring,83,23,0,5843
2021-07-31 00:00:00,Saturday,July,Summer,212,2,3,5229
2025-02-01 00:00:00,Saturday,February,Winter,32,5,6,3211
2020-08-29 00:00:00,Saturday,August,Summer,242,10,11,3727
2021-01-21 00:00:00,Thursday,January,Winter,21,3,4,12756
2022-07-03 00:00:00,Sunday,July,Summer,184,3,4,1428
2025-09-14 00:00:00,Sunday,September,Fall,257,0,1,5040
2021-12-22 00:00:00,Wednesday,December,Winter,356,8,9,3172
2021-02-06 00:00:00,Saturday,February,Winter,37,18,19,4300
2020-03-09 00:00:00,Monday,March,Spring,69,16,17,8263
2022-02-05 00:00:00,Saturday,February,Winter,36,7,8,3579
2025-10-31 00:00:00,Friday,October,Fall,304,20,21,14868
2025-04-07 00:00:00,Monday,April,Spring,97,18,19,5498
2021-08-02 00:00:00,Monday,August,Summer,214,2,3,1200
2025-06-11 00:00:00,Wednesday,June,Summer,162,17,18,8263
2022-10-25 00:00:00,Tuesday,October,Fall,298,13,14,5679
2022-10-21 00:00:00,Friday,October,Fall,294,5,6,9051
2025-10-20 00:00:00,Monday,October,Fall,293,13,14,19753
2025-08-14 00:00:00,Thursday,August,Summer,226,19,20,3576
2024-01-30 00:00:00,Tuesday,January,Winter,30,8,9,6919
2023-07-06 00:00:00,Thursday,July,Summer,187,9,10,3928
2020-06-08 00:00:00,Monday,June,Summer,160,14,15,5620
2021-10-07 00:00:00,Thursday,October,Fall,280,7,8,1491
2021-04-04 00:00:00,Sunday,April,Spring,94,4,5,5664
2020-11-26 00:00:00,Thursday,November,Fall,331,14,15,2923
2024-12-30 00:00:00,Monday,December,Winter,365,10,11,2306
2022-08-30 00:00:00,Tuesday,August,Summer,242,14,15,5938
2021-07-19 00:00:00,Monday,July,Summer,200,10,11,5500
2021-07-24 00:00:00,Saturday,July,Summer,205,8,9,4225
2021-02-21 00:00:00,Sunday,February,Winter,52,5,6,8883
2022-04-27 00:00:00,Wednesday,April,Spring,117,2,3,5575
2023-01-04 00:00:00,Wednesday,January,Winter,4,12,13,17318
2021-07-11 00:00:00,Sunday,July,Summer,192,0,1,1348
2025-11-04 00:00:00,Tuesday,November,Fall,308,20,21,14429
2022-09-12 00:00:00,Monday,September,Fall,255,8,9,3604
2022-09-02 00:00:00,Friday,September,Fall,245,6,7,1890
2021-05-05 00:00:00,Wednesday,May,Spring,125,9,10,9071
2021-01-29 00:00:00,Friday,January,Winter,29,19,20,11119
2023-11-26 00:00:00,Sunday,November,Fall,330,22,23,5154
2024-11-07 00:00:00,Thursday,November,Fall,312,20,21,3375
2021-08-03 00:00:00,Tuesday,August,Summer,215,19,20,1828
2022-04-19 00:00:00,Tuesday,April,Spring,109,8,9,2444
2021-08-08 00:00:00,Sunday,August,Summer,220,14,15,9714
2022-01-02 00:00:00,Sunday,January,Winter,2,6,7,8787
2024-02-05 00:00:00,Monday,February,Winter,36,21,22,8276
2021-07-11 00:00:00,Sunday,July,Summer,192,2,3,1192
2020-09-20 00:00:00,Sunday,September,Fall,264,21,22,2433
2024-11-11 00:00:00,Monday,November,Fall,316,11,12,6891
2024-07-31 00:00:00,Wednesday,July,Summer,213,4,5,2129
2020-03-21 00:00:00,Saturday,March,Spring,81,0,1,7735
2021-10-14 00:00:00,Thursday,October,Fall,287,14,15,5650
2025-01-19 00:00:00,Sunday,January,Winter,19,22,23,1188
2024-10-07 00:00:00,Monday,October,Fall,281,13,14,6044
2025-02-13 00:00:00,Thursday,February,Winter,44,2,3,1090
2022-06-11 00:00:00,Saturday,June,Summer,162,8,9,2423
2023-10-25 00:00:00,Wednesday,October,Fall,298,9,10,10380
2024-03-18 00:00:00,Monday,March,Spring,78,10,11,5581
2020-09-21 00:00:00,Monday,September,Fall,265,4,5,817
2025-11-28 00:00:00,Friday,November,Fall,332,7,8,7806
2020-04-07 00:00:00,Tuesday,April,Spring,98,4,5,1718
2020-03-02 00:00:00,Monday,March,Spring,62,10,11,5353
2020-07-23 00:00:00,Thursday,July,Summer,205,10,11,2720
2022-03-22 00:00:00,Tuesday,March,Spring,81,23,0,4199
2023-02-22 00:00:00,Wednesday,February,Winter,53,22,23,1437
2023-10-04 00:00:00,Wednesday,October,Fall,277,0,1,3511
2023-10-26 00:00:00,Thursday,October,Fall,299,17,18,4734
2023-02-25 00:00:00,Saturday,February,Winter,56,19,20,8542
2024-08-28 00:00:00,Wednesday,August,Summer,241,21,22,2163
2020-11-13 00:00:00,Friday,November,Fall,318,15,16,4593
2021-04-29 00:00:00,Thursday,April,Spring,119,16,17,3421
2024-04-15 00:00:00,Monday,April,Spring,106,21,22,14523
2024-02-17 00:00:00,Saturday,February,Winter,48,9,10,4037
2020-10-18 00:00:00,Sunday,October,Fall,292,22,23,912
2023-10-07 00:00:00,Saturday,October,Fall,280,10,11,6141
2021-07-17 00:00:00,Saturday,July,Summer,198,23,0,5090
2022-10-30 00:00:00,Sunday,October,Fall,303,20,21,2069
2021-02-02 00:00:00,Tuesday,February,Winter,33,10,11,11997
2020-06-25 00:00:00,Thursday,June,Summer,177,5,6,3558
2025-05-03 00:00:00,Saturday,May,Spring,123,17,18,9346
2021-11-12 00:00:00,Friday,November,Fall,316,0,1,934
2024-08-02 00:00:00,Friday,August,Summer,215,11,12,6672
2020-09-26 00:00:00,Saturday,September,Fall,270,20,21,8134
2023-09-21 00:00:00,Thursday,September,Fall,264,3,4,9550
2022-04-23 00:00:00,Saturday,April,Spring,113,9,10,6361
2021-01-02 00:00:00,Saturday,January,Winter,2,18,19,1837
2021-12-17 00:00:00,Friday,December,Winter,351,18,19,8144
2021-11-23 00:00:00,Tuesday,November,Fall,327,12,13,9900
2023-12-13 00:00:00,Wednesday,December,Winter,347,1,2,9953
2024-10-27 00:00:00,Sunday,October,Fall,301,9,10,3309
2025-09-07 00:00:00,Sunday,September,Fall,250,1,2,6555
2020-08-22 00:00:00,Saturday,August,Summer,235,2,3,5104
2022-07-30 00:00:00,Saturday,July,Summer,211,21,22,1951
2025-08-26 00:00:00,Tuesday,August,Summer,238,8,9,5983
2020-11-01 00:00:00,Sunday,November,Fall,306,11,12,13574
2025-06-20 00:00:00,Friday,June,Summer,171,10,11,8561
2023-09-22 00:00:00,Friday,September,Fall,265,12,13,11770
2025-01-20 00:00:00,Monday,January,Winter,20,5,6,1668
2021-10-20 00:00:00,Wednesday,October,Fall,293,5,6,10713
2020-12-20 00:00:00,Sunday,December,Winter,355,15,16,4461
2025-08-09 00:00:00,Saturday,August,Summer,221,19,20,5496
2024-11-20 00:00:00,Wednesday,November,Fall,325,3,4,8076
2025-07-02 00:00:00,Wednesday,July,Summer,183,17,18,11247
2020-01-23 00:00:00,Thursday,January,Winter,23,21,22,2993
2021-08-11 00:00:00,Wednesday,August,Summer,223,3,4,704
2020-06-10 00:00:00,Wednesday,June,Summer,162,16,17,3105
2021-08-09 00:00:00,Monday,August,Summer,221,6,7,2967
2020-11-05 00:00:00,Thursday,November,Fall,310,20,21,8082
2024-04-23 00:00:00,Tuesday,April,Spring,114,1,2,4273
2024-07-30 00:00:00,Tuesday,July,Summer,212,23,0,2765
2022-07-23 00:00:00,Saturday,July,Summer,204,15,16,6571
2020-12-25 00:00:00,Friday,December,Winter,360,1,2,6863
2024-08-08 00:00:00,Thursday,August,Summer,221,1,2,1289
2022-12-30 00:00:00,Friday,December,Winter,364,17,18,15843
2022-02-25 00:00:00,Friday,February,Winter,56,10,11,7997
2023-10-21 00:00:00,Saturday,October,Fall,294,12,13,20931
2021-07-21 00:00:00,Wednesday,July,Summer,202,5,6,1927
2023-11-15 00:00:00,Wednesday,November,Fall,319,10,11,10577
2023-01-09 00:00:00,Monday,January,Winter,9,17,18,13412
2021-11-08 00:00:00,Monday,November,Fall,312,7,8,1922
2021-04-14 00:00:00,Wednesday,April,Spring,104,22,23,5346
2021-06-27 00:00:00,Sunday,June,Summer,178,20,21,1366
2020-02-05 00:00:00,Wednesday,February,Winter,36,17,18,1746
2021-09-17 00:00:00,Friday,September,Fall,260,2,3,711
2023-12-29 00:00:00,Friday,December,Winter,363,6,7,12493
2022-12-02 00:00:00,Friday,December,Winter,336,1,2,2232
2021-07-23 00:00:00,Friday,July,Summer,204,13,14,7412
2025-01-26 00:00:00,Sunday,January,Winter,26,4,5,10046
2022-06-03 00:00:00,Friday,June,Summer,154,21,22,2859
2022-06-23 00:00:00,Thursday,June,Summer,174,0,1,1625
2021-04-23 00:00:00,Friday,April,Spring,113,17,18,7944
2022-03-23 00:00:00,Wednesday,March,Spring,82,16,17,5220
2023-04-03 00:00:00,Monday,April,Spring,93,1,2,5706
2023-06-16 00:00:00,Friday,June,Summer,167,8,9,2630
2024-11-16 00:00:00,Saturday,November,Fall,321,19,20,2040
2025-06-22 00:00:00,Sunday,June,Summer,173,13,14,5526
2023-02-24 00:00:00,Friday,February,Winter,55,11,12,6498
2020-10-17 00:00:00,Saturday,October,Fall,291,17,18,1367
2022-05-11 00:00:00,Wednesday,May,Spring,131,10,11,7976
2023-06-20 00:00:00,Tuesday,June,Summer,171,19,20,3357
2022-05-22 00:00:00,Sunday,May,Spring,142,23,0,3313
2024-10-30 00:00:00,Wednesday,October,Fall,304,6,7,1827
2020-02-20 00:00:00,Thursday,February,Winter,51,19,20,10617
2022-06-22 00:00:00,Wednesday,June,Summer,173,9,10,3779
2021-03-31 00:00:00,Wednesday,March,Spring,90,19,20,1121
2024-12-30 00:00:00,Monday,December,Winter,365,0,1,709
2020-03-20 00:00:00,Friday,March,Spring,80,10,11,6229
2021-12-25 00:00:00,Saturday,December,Winter,359,6,7,1843
2023-03-28 00:00:00,Tuesday,March,Spring,87,1,2,2283
2022-06-30 00:00:00,Thursday,June,Summer,181,15,16,5921
2025-07-24 00:00:00,Thursday,July,Summer,205,23,0,2166
2022-02-27 00:00:00,Sunday,February,Winter,58,20,21,6011
2025-03-16 00:00:00,Sunday,March,Spring,75,17,18,7970
2024-06-15 00:00:00,Saturday,June,Summer,167,11,12,10538
2023-01-13 00:00:00,Friday,January,Winter,13,19,20,10798
2020-02-10 00:00:00,Monday,February,Winter,41,16,17,13770
2021-11-08 00:00:00,Monday,November,Fall,312,17,18,1805
2025-01-10 00:00:00,Friday,January,Winter,10,16,17,2433
2020-06-02 00:00:00,Tuesday,June,Summer,154,23,0,1765
2022-12-18 00:00:00,Sunday,December,Winter,352,4,5,5927
2023-11-19 00:00:00,Sunday,November,Fall,323,11,12,16559
2020-04-14 00:00:00,Tuesday,April,Spring,105,4,5,7144
2024-06-21 00:00:00,Friday,June,Summer,173,10,11,5580
2021-05-21 00:00:00,Friday,May,Spring,141,6,7,8861
2021-06-25 00:00:00,Friday,June,Summer,176,1,2,2038
2023-10-09 00:00:00,Monday,October,Fall,282,11,12,5494
2024-04-11 00:00:00,Thursday,April,Spring,102,5,6,3540
2025-01-12 00:00:00,Sunday,January,Winter,12,6,7,3081
2024-12-28 00:00:00,Saturday,December,Winter,363,17,18,354
2020-07-20 00:00:00,Monday,July,Summer,202,4,5,2939
2020-05-18 00:00:00,Monday,May,Spring,139,5,6,1868
2022-02-06 00:00:00,Sunday,February,Winter,37,19,20,16044
2023-04-30 00:00:00,Sunday,April,Spring,120,5,6,3818
2024-02-29 00:00:00,Thursday,February,Winter,60,13,14,12775
2022-08-17 00:00:00,Wednesday,August,Summer,229,20,21,1406
2022-03-12 00:00:00,Saturday,March,Spring,71,2,3,9389
2020-03-21 00:00:00,Saturday,March,Spring,81,15,16,11152
2025-02-02 00:00:00,Sunday,February,Winter,33,9,10,3472
2022-02-14 00:00:00,Monday,February,Winter,45,5,6,11744
2023-08-09 00:00:00,Wednesday,August,Summer,221,20,21,1211
2024-02-23 00:00:00,Friday,February,Winter,54,8,9,14058
2020-06-30 00:00:00,Tuesday,June,Summer,182,0,1,3738
2023-08-14 00:00:00,Monday,August,Summer,226,17,18,7241
2022-04-10 00:00:00,Sunday,April,Spring,100,15,16,7678
2025-06-09 00:00:00,Monday,June,Summer,160,10,11,3733
2024-05-07 00:00:00,Tuesday,May,Spring,128,12,13,7214
2022-05-31 00:00:00,Tuesday,May,Spring,151,10,11,4174
2025-07-24 00:00:00,Thursday,July,Summer,205,0,1,2396
2024-03-14 00:00:00,Thursday,March,Spring,74,16,17,9218
2025-05-30 00:00:00,Friday,May,Spring,150,17,18,6501
2020-09-27 00:00:00,Sunday,September,Fall,271,22,23,5190
2022-09-27 00:00:00,Tuesday,September,Fall,270,14,15,13231
2020-01-27 00:00:00,Monday,January,Winter,27,2,3,8486
2021-06-28 00:00:00,Monday,June,Summer,179,17,18,3945
2020-10-03 00:00:00,Saturday,October,Fall,277,0,1,3195
2025-06-12 00:00:00,Thursday,June,Summer,163,11,12,5733
2025-09-02 00:00:00,Tuesday,September,Fall,245,17,18,15009
2023-06-04 00:00:00,Sunday,June,Summer,155,17,18,7894
2024-12-02 00:00:00,Monday,December,Winter,337,8,9,8193
2023-06-04 00:00:00,Sunday,June,Summer,155,20,21,5847
2023-03-25 00:00:00,Saturday,March,Spring,84,5,6,14863
2024-05-02 00:00:00,Thursday,May,Spring,123,12,13,12077
2024-09-18 00:00:00,Wednesday,September,Fall,262,21,22,8671
2025-10-09 00:00:00,Thursday,October,Fall,282,8,9,2496
2022-09-11 00:00:00,Sunday,September,Fall,254,2,3,664
2025-01-29 00:00:00,Wednesday,January,Winter,29,15,16,12248
2021-03-29 00:00:00,Monday,March,Spring,88,9,10,4622
2023-05-31 00:00:00,Wednesday,May,Spring,151,22,23,8211
2024-08-31 00:00:00,Saturday,August,Summer,244,23,0,5370
2023-11-06 00:00:00,Monday,November,Fall,310,1,2,12102
2021-03-25 00:00:00,Thursday,March,Spring,84,8,9,2635
2024-08-05 00:00:00,Monday,August,Summer,218,8,9,2548
2021-07-02 00:00:00,Friday,July,Summer,183,5,6,405
2025-01-27 00:00:00,Monday,January,Winter,27,4,5,18396
2020-05-15 00:00:00,Friday,May,Spring,136,18,19,4342
2021-09-06 00:00:00,Monday,September,Fall,249,4,5,1107
2021-10-24 00:00:00,Sunday,October,Fall,297,20,21,3398
2024-12-06 00:00:00,Friday,December,Winter,341,7,8,14357
2023-08-26 00:00:00,Saturday,August,Summer,238,22,23,1513
2020-05-04 00:00:00,Monday,May,Spring,125,16,17,5092
2022-10-17 00:00:00,Monday,October,Fall,290,7,8,7554
2022-08-02 00:00:00,Tuesday,August,Summer,214,10,11,5062
2025-04-13 00:00:00,Sunday,April,Spring,103,15,16,4463
2022-04-25 00:00:00,Monday,April,Spring,115,7,8,3208
2022-10-26 00:00:00,Wednesday,October,Fall,299,13,14,8890
2022-12-07 00:00:00,Wednesday,December,Winter,341,4,5,2473
2025-10-24 00:00:00,Friday,October,Fall,297,19,20,12506
2020-08-31 00:00:00,Monday,August,Summer,244,9,10,3237
2022-06-30 00:00:00,Thursday,June,Summer,181,17,18,5168
2025-11-04 00:00:00,Tuesday,November,Fall,308,15,16,12341
2022-08-17 00:00:00,Wednesday,August,Summer,229,21,22,1307
2020-12-08 00:00:00,Tuesday,December,Winter,343,11,12,2686
2020-03-24 00:00:00,Tuesday,March,Spring,84,1,2,6628
2023-07-21 00:00:00,Friday,July,Summer,202,14,15,8927
2023-06-28 00:00:00,Wednesday,June,Summer,179,0,1,2630
2022-09-14 00:00:00,Wednesday,September,Fall,257,12,13,5716
2020-05-29 00:00:00,Friday,May,Spring,150,15,16,7953
2022-08-19 00:00:00,Friday,August,Summer,231,17,18,7064
2025-08-17 00:00:00,Sunday,August,Summer,229,4,5,6032
2025-04-01 00:00:00,Tuesday,April,Spring,91,17,18,13004
2024-10-13 00:00:00,Sunday,October,Fall,287,9,10,2980
2022-04-05 00:00:00,Tuesday,April,Spring,95,12,13,9346
2021-04-29 00:00:00,Thursday,April,Spring,119,14,15,4221
2023-02-25 00:00:00,Saturday,February,Winter,56,14,15,9931
2023-07-19 00:00:00,Wednesday,July,Summer,200,17,18,11158
2022-10-10 00:00:00,Monday,October,Fall,283,1,2,4732
2021-04-17 00:00:00,Saturday,April,Spring,107,0,1,4306
2021-12-21 00:00:00,Tuesday,December,Winter,355,20,21,3015
2021-04-22 00:00:00,Thursday,April,Spring,112,21,22,6303
2025-11-23 00:00:00,Sunday,November,Fall,327,17,18,10653
2024-06-11 00:00:00,Tuesday,June,Summer,163,5,6,1874
2024-05-27 00:00:00,Monday,May,Spring,148,20,21,3315
2020-09-28 00:00:00,Monday,September,Fall,272,19,20,4208
2023-08-07 00:00:00,Monday,August,Summer,219,3,4,3593
2021-03-29 00:00:00,Monday,March,Spring,88,22,23,2491
2021-05-22 00:00:00,Saturday,May,Spring,142,21,22,5778
2021-11-19 00:00:00,Friday,November,Fall,323,14,15,3318
2025-01-27 00:00:00,Monday,January,Winter,27,5,6,18096
2025-08-13 00:00:00,Wednesday,August,Summer,225,9,10,4027
2021-09-14 00:00:00,Tuesday,September,Fall,257,17,18,3219
2022-05-08 00:00:00,Sunday,May,Spring,128,2,3,4076
2022-07-03 00:00:00,Sunday,July,Summer,184,2,3,1530
2021-07-24 00:00:00,Saturday,July,Summer,205,0,1,5890
2022-11-21 00:00:00,Monday,November,Fall,325,0,1,7993
2023-04-05 00:00:00,Wednesday,April,Spring,95,10,11,5948
2025-08-11 00:00:00,Monday,August,Summer,223,14,15,11543
2021-07-13 00:00:00,Tuesday,July,Summer,194,11,12,5885
2022-09-19 00:00:00,Monday,September,Fall,262,6,7,2502
2024-12-05 00:00:00,Thursday,December,Winter,340,17,18,15699
2025-11-01 00:00:00,Saturday,November,Fall,305,9,10,14047
2025-11-17 00:00:00,Monday,November,Fall,321,3,4,5317
2020-08-16 00:00:00,Sunday,August,Summer,229,20,21,1759
2023-01-22 00:00:00,Sunday,January,Winter,22,12,13,7106
2025-05-24 00:00:00,Saturday,May,Spring,144,17,18,13001
2021-01-21 00:00:00,Thursday,January,Winter,21,12,13,12248
2023-07-17 00:00:00,Monday,July,Summer,198,11,12,7791
2022-10-28 00:00:00,Friday,October,Fall,301,10,11,8983
2021-07-08 00:00:00,Thursday,July,Summer,189,0,1,1738
2021-06-06 00:00:00,Sunday,June,Summer,157,19,20,2910
2025-09-12 00:00:00,Friday,September,Fall,255,2,3,10052
2024-10-13 00:00:00,Sunday,October,Fall,287,15,16,5251
2023-02-13 00:00:00,Monday,February,Winter,44,5,6,3438
2023-04-21 00:00:00,Friday,April,Spring,111,16,17,7315
2024-12-22 00:00:00,Sunday,December,Winter,357,4,5,18507
2020-06-11 00:00:00,Thursday,June,Summer,163,19,20,3890
2021-10-17 00:00:00,Sunday,October,Fall,290,4,5,1793
2022-04-07 00:00:00,Thursday,April,Spring,97,9,10,16777
2024-11-25 00:00:00,Monday,November,Fall,330,19,20,6360
2024-05-30 00:00:00,Thursday,May,Spring,151,14,15,11924
2023-11-19 00:00:00,Sunday,November,Fall,323,14,15,17043
2024-02-04 00:00:00,Sunday,February,Winter,35,20,21,8328
2022-09-23 00:00:00,Friday,September,Fall,266,4,5,505
2023-05-17 00:00:00,Wednesday,May,Spring,137,15,16,13945
2024-05-02 00:00:00,Thursday,May,Spring,123,23,0,9680
2025-09-21 00:00:00,Sunday,September,Fall,264,12,13,4035
2025-08-28 00:00:00,Thursday,August,Summer,240,13,14,12192
2023-01-15 00:00:00,Sunday,January,Winter,15,18,19,14920
2024-03-30 00:00:00,Saturday,March,Spring,90,0,1,4270
2024-11-27 00:00:00,Wednesday,November,Fall,332,1,2,8974
2022-03-11 00:00:00,Friday,March,Spring,70,8,9,12227
2022-08-27 00:00:00,Saturday,August,Summer,239,23,0,4610
2025-11-09 00:00:00,Sunday,November,Fall,313,16,17,4511
2021-04-03 00:00:00,Saturday,April,Spring,93,2,3,9279
2022-07-05 00:00:00,Tuesday,July,Summer,186,12,13,7173
2020-10-02 00:00:00,Friday,October,Fall,276,16,17,4517
2024-03-03 00:00:00,Sunday,March,Spring,63,19,20,4860
2020-10-30 00:00:00,Friday,October,Fall,304,22,23,2173
2025-01-29 00:00:00,Wednesday,January,Winter,29,13,14,14188
2025-06-07 00:00:00,Saturday,June,Summer,158,2,3,5372
2022-07-17 00:00:00,Sunday,July,Summer,198,4,5,5437
2021-09-21 00:00:00,Tuesday,September,Fall,264,2,3,3038
2022-08-21 00:00:00,Sunday,August,Summer,233,15,16,5244
2022-10-28 00:00:00,Friday,October,Fall,301,1,2,7785
2025-03-14 00:00:00,Friday,March,Spring,73,1,2,2246
2024-04-22 00:00:00,Monday,April,Spring,113,23,0,4362
2021-08-15 00:00:00,Sunday,August,Summer,227,14,15,6192
2023-11-01 00:00:00,Wednesday,November,Fall,305,8,9,12856
2024-12-19 00:00:00,Thursday,December,Winter,354,5,6,17699
2024-09-15 00:00:00,Sunday,September,Fall,259,14,15,6259
2022-07-01 00:00:00,Friday,July,Summer,182,14,15,7548
2020-01-11 00:00:00,Saturday,January,Winter,11,4,5,2401
2021-09-07 00:00:00,Tuesday,September,Fall,250,14,15,7947
2022-12-04 00:00:00,Sunday,December,Winter,338,23,0,708
2025-07-27 00:00:00,Sunday,July,Summer,208,11,12,8163
2022-03-19 00:00:00,Saturday,March,Spring,78,3,4,11419
2023-06-13 00:00:00,Tuesday,June,Summer,164,12,13,7666
2020-10-31 00:00:00,Saturday,October,Fall,305,15,16,9419
2023-06-19 00:00:00,Monday,June,Summer,170,6,7,1407
2023-05-15 00:00:00,Monday,May,Spring,135,23,0,7719
2021-03-16 00:00:00,Tuesday,March,Spring,75,19,20,6005
2023-06-12 00:00:00,Monday,June,Summer,163,17,18,4747
2020-07-03 00:00:00,Friday,July,Summer,185,21,22,2958
2025-06-19 00:00:00,Thursday,June,Summer,170,20,21,5164
2020-02-12 00:00:00,Wednesday,February,Winter,43,7,8,8307
2024-09-07 00:00:00,Saturday,September,Fall,251,19,20,4461
2020-12-17 00:00:00,Thursday,December,Winter,352,17,18,2892
2021-10-04 00:00:00,Monday,October,Fall,277,22,23,6535
2021-02-27 00:00:00,Saturday,February,Winter,58,6,7,5900
2022-12-14 00:00:00,Wednesday,December,Winter,348,2,3,1972
2024-01-01 00:00:00,Monday,January,Winter,1,1,2,15228
2023-07-25 00:00:00,Tuesday,July,Summer,206,22,23,2896
2022-07-18 00:00:00,Monday,July,Summer,199,8,9,4324
2021-05-10 00:00:00,Monday,May,Spring,130,10,11,9543
2021-11-08 00:00:00,Monday,November,Fall,312,12,13,4759
2022-12-10 00:00:00,Saturday,December,Winter,344,5,6,1514
2020-06-25 00:00:00,Thursday,June,Summer,177,17,18,3179
2020-11-29 00:00:00,Sunday,November,Fall,334,2,3,4361
2023-08-05 00:00:00,Saturday,August,Summer,217,4,5,2376
2020-10-12 00:00:00,Monday,October,Fall,286,2,3,3229
2021-01-13 00:00:00,Wednesday,January,Winter,13,17,18,9862
2022-04-20 00:00:00,Wednesday,April,Spring,110,22,23,4403
2020-03-06 00:00:00,Friday,March,Spring,66,7,8,7635
2021-01-15 00:00:00,Friday,January,Winter,15,0,1,8913
2022-02-16 00:00:00,Wednesday,February,Winter,47,0,1,13892
2021-04-02 00:00:00,Friday,April,Spring,92,18,19,12278
2021-11-24 00:00:00,Wednesday,November,Fall,328,20,21,2080
2022-09-18 00:00:00,Sunday,September,Fall,261,13,14,11642
2025-08-05 00:00:00,Tuesday,August,Summer,217,18,19,11488
2022-04-16 00:00:00,Saturday,April,Spring,106,11,12,9283
2024-05-02 00:00:00,Thursday,May,Spring,123,20,21,11202
2022-12-01 00:00:00,Thursday,December,Winter,335,8,9,4364
2023-09-17 00:00:00,Sunday,September,Fall,260,12,13,7328
2025-06-21 00:00:00,Saturday,June,Summer,172,13,14,10245
2020-05-27 00:00:00,Wednesday,May,Spring,148,5,6,3501
2021-02-27 00:00:00,Saturday,February,Winter,58,16,17,10738
2024-03-26 00:00:00,Tuesday,March,Spring,86,21,22,8154
2022-08-26 00:00:00,Friday,August,Summer,238,16,17,6095
2022-07-13 00:00:00,Wednesday,July,Summer,194,21,22,1816
2020-01-23 00:00:00,Thursday,January,Winter,23,6,7,5026
2020-08-17 00:00:00,Monday,August,Summer,230,7,8,1942
2020-03-26 00:00:00,Thursday,March,Spring,86,9,10,7178
2024-03-06 00:00:00,Wednesday,March,Spring,66,21,22,1843
2025-04-30 00:00:00,Wednesday,April,Spring,120,23,0,5987
2020-02-14 00:00:00,Friday,February,Winter,45,7,8,3792
2022-08-26 00:00:00,Friday,August,Summer,238,18,19,4553
2025-04-22 00:00:00,Tuesday,April,Spring,112,6,7,1187
2022-12-01 00:00:00,Thursday,December,Winter,335,17,18,3675
2025-02-05 00:00:00,Wednesday,February,Winter,36,13,14,6610
2022-01-30 00:00:00,Sunday,January,Winter,30,17,18,1434
2021-09-29 00:00:00,Wednesday,September,Fall,272,21,22,3641
2024-05-13 00:00:00,Monday,May,Spring,134,6,7,1884
2020-08-30 00:00:00,Sunday,August,Summer,243,21,22,3777
2020-07-11 00:00:00,Saturday,July,Summer,193,16,17,5785
2025-09-29 00:00:00,Monday,September,Fall,272,12,13,8857
2024-06-28 00:00:00,Friday,June,Summer,180,8,9,3771
2020-05-09 00:00:00,Saturday,May,Spring,130,11,12,3231
2024-05-22 00:00:00,Wednesday,May,Spring,143,19,20,4870
2020-07-03 00:00:00,Friday,July,Summer,185,8,9,2944
2020-11-23 00:00:00,Monday,November,Fall,328,15,16,1643
2022-02-24 00:00:00,Thursday,February,Winter,55,1,2,3851
2025-03-07 00:00:00,Friday,March,Spring,66,7,8,9990
2020-05-26 00:00:00,Tuesday,May,Spring,147,6,7,3338
2023-01-12 00:00:00,Thursday,January,Winter,12,9,10,16699
2021-11-30 00:00:00,Tuesday,November,Fall,334,10,11,13024
2022-06-19 00:00:00,Sunday,June,Summer,170,3,4,10066
2022-12-07 00:00:00,Wednesday,December,Winter,341,7,8,2196
2022-07-21 00:00:00,Thursday,July,Summer,202,23,0,2858
2025-05-17 00:00:00,Saturday,May,Spring,137,22,23,3077
2024-12-15 00:00:00,Sunday,December,Winter,350,21,22,9775
2020-09-28 00:00:00,Monday,September,Fall,272,22,23,4092
2022-03-05 00:00:00,Saturday,March,Spring,64,11,12,5186
2025-07-04 00:00:00,Friday,July,Summer,185,12,13,10562
2024-06-20 00:00:00,Thursday,June,Summer,172,5,6,4917
2022-02-04 00:00:00,Friday,February,Winter,35,19,20,6944
2020-01-18 00:00:00,Saturday,January,Winter,18,10,11,2843
2021-05-26 00:00:00,Wednesday,May,Spring,146,21,22,2353
2024-10-30 00:00:00,Wednesday,October,Fall,304,7,8,2071
2020-08-18 00:00:00,Tuesday,August,Summer,231,2,3,1283
2022-05-23 00:00:00,Monday,May,Spring,143,13,14,9217
2025-04-28 00:00:00,Monday,April,Spring,118,3,4,3069
2024-07-09 00:00:00,Tuesday,July,Summer,191,4,5,5209
2025-10-20 00:00:00,Monday,October,Fall,293,17,18,17333
2020-03-09 00:00:00,Monday,March,Spring,69,12,13,9648
2025-03-14 00:00:00,Friday,March,Spring,73,2,3,2194
2020-09-16 00:00:00,Wednesday,September,Fall,260,6,7,526
2023-06-26 00:00:00,Monday,June,Summer,177,14,15,10618
2025-05-06 00:00:00,Tuesday,May,Spring,126,14,15,8761
2024-10-27 00:00:00,Sunday,October,Fall,301,3,4,1944
2024-09-06 00:00:00,Friday,September,Fall,250,4,5,1511
2020-10-18 00:00:00,Sunday,October,Fall,292,3,4,583
2020-08-12 00:00:00,Wednesday,August,Summer,225,14,15,4536
2021-07-14 00:00:00,Wednesday,July,Summer,195,23,0,7745
2024-01-21 00:00:00,Sunday,January,Winter,21,10,11,14443
2024-06-19 00:00:00,Wednesday,June,Summer,171,2,3,3425
2024-09-22 00:00:00,Sunday,September,Fall,266,22,23,3299
2022-01-06 00:00:00,Thursday,January,Winter,6,21,22,7422
2020-01-03 00:00:00,Friday,January,Winter,3,10,11,9189
2023-01-21 00:00:00,Saturday,January,Winter,21,3,4,6960
2021-09-04 00:00:00,Saturday,September,Fall,247,16,17,3636
2021-06-19 00:00:00,Saturday,June,Summer,170,14,15,4390
2021-04-11 00:00:00,Sunday,April,Spring,101,0,1,4255
2021-03-13 00:00:00,Saturday,March,Spring,72,13,14,17323
2025-09-15 00:00:00,Monday,September,Fall,258,11,12,11011
2024-05-09 00:00:00,Thursday,May,Spring,130,1,2,4350
2024-08-31 00:00:00,Saturday,August,Summer,244,14,15,8366
2025-05-22 00:00:00,Thursday,May,Spring,142,18,19,9293
2021-03-30 00:00:00,Tuesday,March,Spring,89,15,16,5587
2022-04-29 00:00:00,Friday,April,Spring,119,21,22,4703
2025-06-24 00:00:00,Tuesday,June,Summer,175,15,16,5446
2022-06-19 00:00:00,Sunday,June,Summer,170,2,3,10201
2020-04-01 00:00:00,Wednesday,April,Spring,92,17,18,3836
2020-06-08 00:00:00,Monday,June,Summer,160,4,5,1414
2025-11-13 00:00:00,Thursday,November,Fall,317,19,20,11859
2023-10-03 00:00:00,Tuesday,October,Fall,276,19,20,4989
2023-01-11 00:00:00,Wednesday,January,Winter,11,21,22,15556
2024-08-20 00:00:00,Tuesday,August,Summer,233,1,2,3390
2020-03-01 00:00:00,Sunday,March,Spring,61,14,15,8968
2021-08-14 00:00:00,Saturday,August,Summer,226,21,22,916
2021-12-14 00:00:00,Tuesday,December,Winter,348,2,3,587
2024-10-27 00:00:00,Sunday,October,Fall,301,1,2,1635
2021-07-30 00:00:00,Friday,July,Summer,211,1,2,1469
2025-04-16 00:00:00,Wednesday,April,Spring,106,6,7,3691
2020-10-04 00:00:00,Sunday,October,Fall,278,0,1,7366
2022-12-18 00:00:00,Sunday,December,Winter,352,6,7,6077
2021-07-09 00:00:00,Friday,July,Summer,190,21,22,370
2022-01-17 00:00:00,Monday,January,Winter,17,17,18,1397
2025-02-10 00:00:00,Monday,February,Winter,41,1,2,3221
2023-07-23 00:00:00,Sunday,July,Summer,204,15,16,9714
2020-05-01 00:00:00,Friday,May,Spring,122,5,6,6913
2023-05-12 00:00:00,Friday,May,Spring,132,18,19,5556
2022-12-21 00:00:00,Wednesday,December,Winter,355,19,20,11825
2020-01-04 00:00:00,Saturday,January,Winter,4,10,11,4479
2021-07-14 00:00:00,Wednesday,July,Summer,195,17,18,8231
2025-07-08 00:00:00,Tuesday,July,Summer,189,21,22,2398
2025-05-31 00:00:00,Saturday,May,Spring,151,1,2,837
2025-09-17 00:00:00,Wednesday,September,Fall,260,8,9,4458
2022-05-10 00:00:00,Tuesday,May,Spring,130,21,22,2140
2023-03-31 00:00:00,Friday,March,Spring,90,18,19,19093
2024-10-04 00:00:00,Friday,October,Fall,278,23,0,2882
2021-02-04 00:00:00,Thursday,February,Winter,35,2,3,4372
2020-01-03 00:00:00,Friday,January,Winter,3,11,12,9534
2020-08-31 00:00:00,Monday,August,Summer,244,23,0,1614
2025-09-08 00:00:00,Monday,September,Fall,251,9,10,3178
2022-11-11 00:00:00,Friday,November,Fall,315,18,19,3699
2024-10-21 00:00:00,Monday,October,Fall,295,15,16,8393
2022-07-04 00:00:00,Monday,July,Summer,185,15,16,6170
2025-02-01 00:00:00,Saturday,February,Winter,32,2,3,3863
2022-05-23 00:00:00,Monday,May,Spring,143,12,13,8430
2025-06-20 00:00:00,Friday,June,Summer,171,8,9,5469
2020-05-22 00:00:00,Friday,May,Spring,143,13,14,6982
2022-01-01 00:00:00,Saturday,January,Winter,1,23,0,5385
2022-10-29 00:00:00,Saturday,October,Fall,302,8,9,7385
2025-01-03 00:00:00,Friday,January,Winter,3,22,23,3446
2021-03-29 00:00:00,Monday,March,Spring,88,4,5,3859
2021-01-24 00:00:00,Sunday,January,Winter,24,13,14,9132
2021-10-06 00:00:00,Wednesday,October,Fall,279,6,7,8232
2023-11-26 00:00:00,Sunday,November,Fall,330,15,16,3911
2022-05-28 00:00:00,Saturday,May,Spring,148,9,10,5809
2024-02-05 00:00:00,Monday,February,Winter,36,4,5,7263
2025-01-28 00:00:00,Tuesday,January,Winter,28,7,8,18356
2023-02-22 00:00:00,Wednesday,February,Winter,53,17,18,2037
2024-02-17 00:00:00,Saturday,February,Winter,48,1,2,3267
2022-10-03 00:00:00,Monday,October,Fall,276,22,23,1692
2021-11-25 00:00:00,Thursday,November,Fall,329,17,18,2854
2025-02-24 00:00:00,Monday,February,Winter,55,10,11,15434
2021-11-20 00:00:00,Saturday,November,Fall,324,8,9,1106
2025-08-20 00:00:00,Wednesday,August,Summer,232,2,3,2739
2020-11-14 00:00:00,Saturday,November,Fall,319,18,19,10406
2025-07-23 00:00:00,Wednesday,July,Summer,204,16,17,6403
2021-09-29 00:00:00,Wednesday,September,Fall,272,20,21,3738
2024-01-23 00:00:00,Tuesday,January,Winter,23,20,21,17177
2025-04-10 00:00:00,Thursday,April,Spring,100,11,12,11510
2024-12-24 00:00:00,Tuesday,December,Winter,359,0,1,4716
2025-08-15 00:00:00,Friday,August,Summer,227,15,16,10700
2024-06-03 00:00:00,Monday,June,Summer,155,8,9,3377
2025-01-10 00:00:00,Friday,January,Winter,10,0,1,4208
2020-05-28 00:00:00,Thursday,May,Spring,149,7,8,3834
2024-02-02 00:00:00,Friday,February,Winter,33,6,7,5384
2021-04-15 00:00:00,Thursday,April,Spring,105,1,2,5298
2023-07-16 00:00:00,Sunday,July,Summer,197,1,2,10971
2022-07-04 00:00:00,Monday,July,Summer,185,0,1,3402
2022-12-15 00:00:00,Thursday,December,Winter,349,18,19,8325
2020-05-31 00:00:00,Sunday,May,Spring,152,13,14,8072
2020-11-08 00:00:00,Sunday,November,Fall,313,9,10,3896
2021-07-25 00:00:00,Sunday,July,Summer,206,10,11,5701
2020-02-15 00:00:00,Saturday,February,Winter,46,17,18,10164
2023-05-22 00:00:00,Monday,May,Spring,142,20,21,4807
2024-06-20 00:00:00,Thursday,June,Summer,172,21,22,2123
2022-01-24 00:00:00,Monday,January,Winter,24,7,8,3018
2021-08-30 00:00:00,Monday,August,Summer,242,23,0,4985
2021-10-07 00:00:00,Thursday,October,Fall,280,14,15,5955
2020-06-18 00:00:00,Thursday,June,Summer,170,14,15,5121
2020-02-17 00:00:00,Monday,February,Winter,48,5,6,6130
2020-03-30 00:00:00,Monday,March,Spring,90,1,2,11994
2025-07-03 00:00:00,Thursday,July,Summer,184,8,9,5437
2021-12-10 00:00:00,Friday,December,Winter,344,16,17,13856
2023-03-08 00:00:00,Wednesday,March,Spring,67,11,12,15972
2025-07-31 00:00:00,Thursday,July,Summer,212,19,20,6732
2023-05-27 00:00:00,Saturday,May,Spring,147,0,1,8791
2023-10-29 00:00:00,Sunday,October,Fall,302,5,6,14125
2024-04-21 00:00:00,Sunday,April,Spring,112,8,9,7076
2025-11-30 00:00:00,Sunday,November,Fall,334,8,9,4801
2022-01-23 00:00:00,Sunday,January,Winter,23,19,20,4009
2024-12-10 00:00:00,Tuesday,December,Winter,345,3,4,9960
2022-07-16 00:00:00,Saturday,July,Summer,197,13,14,8810
2020-08-23 00:00:00,Sunday,August,Summer,236,15,16,8621
2021-10-20 00:00:00,Wednesday,October,Fall,293,10,11,13349
2023-05-05 00:00:00,Friday,May,Spring,125,12,13,8234
2020-05-28 00:00:00,Thursday,May,Spring,149,13,14,7312
2022-12-23 00:00:00,Friday,December,Winter,357,8,9,9829
2025-09-10 00:00:00,Wednesday,September,Fall,253,16,17,6743
2023-01-01 00:00:00,Sunday,January,Winter,1,22,23,12955
2024-05-30 00:00:00,Thursday,May,Spring,151,23,0,5756
2024-11-07 00:00:00,Thursday,November,Fall,312,17,18,2897
2024-06-30 00:00:00,Sunday,June,Summer,182,19,20,4150
2020-07-26 00:00:00,Sunday,July,Summer,208,2,3,4286
2024-11-01 00:00:00,Friday,November,Fall,306,2,3,695
2024-04-05 00:00:00,Friday,April,Spring,96,3,4,8961
2020-11-16 00:00:00,Monday,November,Fall,321,18,19,4496
2022-12-15 00:00:00,Thursday,December,Winter,349,13,14,6526
2021-10-12 00:00:00,Tuesday,October,Fall,285,11,12,5020
2020-06-25 00:00:00,Thursday,June,Summer,177,4,5,3496
2023-06-21 00:00:00,Wednesday,June,Summer,172,18,19,2516
2025-04-17 00:00:00,Thursday,April,Spring,107,16,17,7819
2024-03-07 00:00:00,Thursday,March,Spring,67,22,23,12265
2025-08-01 00:00:00,Friday,August,Summer,213,21,22,4475
2025-09-13 00:00:00,Saturday,September,Fall,256,12,13,13818
2025-07-08 00:00:00,Tuesday,July,Summer,189,7,8,6101
2023-03-14 00:00:00,Tuesday,March,Spring,73,7,8,16522
2023-07-17 00:00:00,Monday,July,Summer,198,0,1,3144
2023-07-24 00:00:00,Monday,July,Summer,205,21,22,3610
2022-05-01 00:00:00,Sunday,May,Spring,121,15,16,6259
2021-10-16 00:00:00,Saturday,October,Fall,289,1,2,1687
2020-07-19 00:00:00,Sunday,July,Summer,201,1,2,1362
2024-09-22 00:00:00,Sunday,September,Fall,266,8,9,3775
2021-07-27 00:00:00,Tuesday,July,Summer,208,6,7,1578
2020-01-23 00:00:00,Thursday,January,Winter,23,2,3,6707
2023-07-07 00:00:00,Friday,July,Summer,188,11,12,8342
2022-01-23 00:00:00,Sunday,January,Winter,23,9,10,3207
2020-05-02 00:00:00,Saturday,May,Spring,123,9,10,4667
2022-06-22 00:00:00,Wednesday,June,Summer,173,2,3,3806
2024-08-15 00:00:00,Thursday,August,Summer,228,1,2,1851
2021-10-04 00:00:00,Monday,October,Fall,277,17,18,6267
2023-01-21 00:00:00,Saturday,January,Winter,21,14,15,10389
2021-10-05 00:00:00,Tuesday,October,Fall,278,16,17,12707
2025-04-08 00:00:00,Tuesday,April,Spring,98,22,23,5079
2021-08-16 00:00:00,Monday,August,Summer,228,6,7,4749
2020-01-18 00:00:00,Saturday,January,Winter,18,5,6,4645
2021-08-16 00:00:00,Monday,August,Summer,228,7,8,5046
2025-01-05 00:00:00,Sunday,January,Winter,5,18,19,18488
2020-10-25 00:00:00,Sunday,October,Fall,299,5,6,7800
2022-06-11 00:00:00,Saturday,June,Summer,162,11,12,5797
2024-05-09 00:00:00,Thursday,May,Spring,130,6,7,3436
2024-07-07 00:00:00,Sunday,July,Summer,189,20,21,3000
2023-07-11 00:00:00,Tuesday,July,Summer,192,14,15,9794
2020-06-16 00:00:00,Tuesday,June,Summer,168,21,22,1450
2022-10-22 00:00:00,Saturday,October,Fall,295,12,13,6219
2022-06-22 00:00:00,Wednesday,June,Summer,173,13,14,5622
2020-06-12 00:00:00,Friday,June,Summer,164,18,19,4969
2024-03-29 00:00:00,Friday,March,Spring,89,11,12,13290
2020-12-27 00:00:00,Sunday,December,Winter,362,12,13,13159
2021-07-01 00:00:00,Thursday,July,Summer,182,14,15,5041
2025-08-04 00:00:00,Monday,August,Summer,216,3,4,3303
2021-12-02 00:00:00,Thursday,December,Winter,336,19,20,4964
2023-04-24 00:00:00,Monday,April,Spring,114,14,15,10534
2022-09-15 00:00:00,Thursday,September,Fall,258,23,0,2156
2022-12-12 00:00:00,Monday,December,Winter,346,6,7,1038
2022-12-11 00:00:00,Sunday,December,Winter,345,6,7,2415
2021-05-30 00:00:00,Sunday,May,Spring,150,23,0,5191
2022-06-07 00:00:00,Tuesday,June,Summer,158,20,21,3487
2021-12-20 00:00:00,Monday,December,Winter,354,23,0,3377
2025-10-26 00:00:00,Sunday,October,Fall,299,1,2,10453
2023-04-02 00:00:00,Sunday,April,Spring,92,8,9,10121
2020-04-26 00:00:00,Sunday,April,Spring,117,20,21,466
2021-04-19 00:00:00,Monday,April,Spring,109,9,10,2735
2021-03-01 00:00:00,Monday,March,Spring,60,8,9,5349
2023-08-26 00:00:00,Saturday,August,Summer,238,17,18,5041
2024-09-23 00:00:00,Monday,September,Fall,267,8,9,4634
2023-03-21 00:00:00,Tuesday,March,Spring,80,16,17,8241
2020-07-29 00:00:00,Wednesday,July,Summer,211,11,12,3483
2024-11-14 00:00:00,Thursday,November,Fall,319,0,1,4003
2020-08-05 00:00:00,Wednesday,August,Summer,218,2,3,1003
2020-07-15 00:00:00,Wednesday,July,Summer,197,8,9,1905
2023-04-24 00:00:00,Monday,April,Spring,114,5,6,8273
2020-06-13 00:00:00,Saturday,June,Summer,165,8,9,2926
2020-01-04 00:00:00,Saturday,January,Winter,4,18,19,2983
2024-06-25 00:00:00,Tuesday,June,Summer,177,6,7,3497
2022-01-12 00:00:00,Wednesday,January,Winter,12,14,15,4731
2025-08-19 00:00:00,Tuesday,August,Summer,231,21,22,3579
2020-06-28 00:00:00,Sunday,June,Summer,180,0,1,4765
2025-03-08 00:00:00,Saturday,March,Spring,67,6,7,10878
2024-09-06 00:00:00,Friday,September,Fall,250,6,7,2426
2024-05-31 00:00:00,Friday,May,Spring,152,12,13,11737
2020-06-01 00:00:00,Monday,June,Summer,153,17,18,4261
2020-11-02 00:00:00,Monday,November,Fall,307,12,13,13394
2023-04-11 00:00:00,Tuesday,April,Spring,101,12,13,9998
2021-03-01 00:00:00,Monday,March,Spring,60,1,2,5776
2020-02-24 00:00:00,Monday,February,Winter,55,18,19,10814
2025-09-15 00:00:00,Monday,September,Fall,258,2,3,9831
2023-05-23 00:00:00,Tuesday,May,Spring,143,18,19,10411
2021-03-04 00:00:00,Thursday,March,Spring,63,21,22,3114
2022-03-20 00:00:00,Sunday,March,Spring,79,6,7,4720
2025-06-21 00:00:00,Saturday,June,Summer,172,14,15,9972
2023-08-12 00:00:00,Saturday,August,Summer,224,4,5,1660
2021-02-11 00:00:00,Thursday,February,Winter,42,14,15,8606
2020-12-16 00:00:00,Wednesday,December,Winter,351,8,9,6819
2022-01-23 00:00:00,Sunday,January,Winter,23,10,11,4428
2021-08-22 00:00:00,Sunday,August,Summer,234,23,0,2991
2024-10-27 00:00:00,Sunday,October,Fall,301,14,15,3213
2025-09-08 00:00:00,Monday,September,Fall,251,12,13,6498
2024-02-27 00:00:00,Tuesday,February,Winter,58,1,2,13652
2025-02-02 00:00:00,Sunday,February,Winter,33,19,20,1296
2022-11-19 00:00:00,Saturday,November,Fall,323,8,9,2689
2023-01-10 00:00:00,Tuesday,January,Winter,10,19,20,14924
2021-12-26 00:00:00,Sunday,December,Winter,360,10,11,4021
2021-07-26 00:00:00,Monday,July,Summer,207,17,18,6326
2023-07-10 00:00:00,Monday,July,Summer,191,8,9,2252
2022-03-18 00:00:00,Friday,March,Spring,77,1,2,6520
2024-03-26 00:00:00,Tuesday,March,Spring,86,6,7,4088
2021-12-25 00:00:00,Saturday,December,Winter,359,10,11,1761
2025-03-09 00:00:00,Sunday,March,Spring,68,4,5,9371
2025-11-21 00:00:00,Friday,November,Fall,325,22,23,3561
2024-08-28 00:00:00,Wednesday,August,Summer,241,11,12,8271
2022-04-09 00:00:00,Saturday,April,Spring,99,7,8,3140
2025-08-27 00:00:00,Wednesday,August,Summer,239,13,14,9935
2024-07-24 00:00:00,Wednesday,July,Summer,206,14,15,8396
2021-12-01 00:00:00,Wednesday,December,Winter,335,3,4,13696
2022-10-02 00:00:00,Sunday,October,Fall,275,14,15,11081
2021-06-02 00:00:00,Wednesday,June,Summer,153,18,19,5123
2025-08-25 00:00:00,Monday,August,Summer,237,0,1,4994
2025-06-21 00:00:00,Saturday,June,Summer,172,10,11,7971
2023-06-20 00:00:00,Tuesday,June,Summer,171,23,0,1043
2022-08-09 00:00:00,Tuesday,August,Summer,221,11,12,9212
2024-05-07 00:00:00,Tuesday,May,Spring,128,0,1,2917
2023-02-20 00:00:00,Monday,February,Winter,51,0,1,3125
2023-10-17 00:00:00,Tuesday,October,Fall,290,7,8,7154
2020-12-18 00:00:00,Friday,December,Winter,353,4,5,5875
2020-05-29 00:00:00,Friday,May,Spring,150,16,17,7583
2023-08-14 00:00:00,Monday,August,Summer,226,14,15,9682
2021-05-04 00:00:00,Tuesday,May,Spring,124,15,16,14449
2021-03-01 00:00:00,Monday,March,Spring,60,9,10,5489
2025-02-04 00:00:00,Tuesday,February,Winter,35,17,18,4150
2023-05-20 00:00:00,Saturday,May,Spring,140,16,17,9396
2021-02-20 00:00:00,Saturday,February,Winter,51,6,7,11021
2023-06-08 00:00:00,Thursday,June,Summer,159,23,0,4890
2021-08-11 00:00:00,Wednesday,August,Summer,223,8,9,1398
2022-04-16 00:00:00,Saturday,April,Spring,106,1,2,5425
2020-02-22 00:00:00,Saturday,February,Winter,53,15,16,11215
2020-09-20 00:00:00,Sunday,September,Fall,264,5,6,1430
2025-07-26 00:00:00,Saturday,July,Summer,207,16,17,12297
2020-07-07 00:00:00,Tuesday,July,Summer,189,16,17,4966
2024-10-14 00:00:00,Monday,October,Fall,288,7,8,4181
2021-01-10 00:00:00,Sunday,January,Winter,10,12,13,4787
2020-05-26 00:00:00,Tuesday,May,Spring,147,13,14,7674
2022-06-11 00:00:00,Saturday,June,Summer,162,10,11,4978
2021-11-15 00:00:00,Monday,November,Fall,319,3,4,3192
2024-02-17 00:00:00,Saturday,February,Winter,48,2,3,2933
2021-08-04 00:00:00,Wednesday,August,Summer,216,20,21,1904
2022-02-24 00:00:00,Thursday,February,Winter,55,4,5,4560
2021-04-25 00:00:00,Sunday,April,Spring,115,16,17,10672
2022-10-10 00:00:00,Monday,October,Fall,283,15,16,4814
2020-06-07 00:00:00,Sunday,June,Summer,159,13,14,4010
2023-03-20 00:00:00,Monday,March,Spring,79,21,22,1961
2022-04-16 00:00:00,Saturday,April,Spring,106,19,20,6468
2023-02-21 00:00:00,Tuesday,February,Winter,52,19,20,1282
2025-09-16 00:00:00,Tuesday,September,Fall,259,10,11,13417
2025-10-15 00:00:00,Wednesday,October,Fall,288,11,12,8271
2022-04-30 00:00:00,Saturday,April,Spring,120,2,3,4404
2023-03-16 00:00:00,Thursday,March,Spring,75,13,14,12494
2020-06-18 00:00:00,Thursday,June,Summer,170,13,14,4693
2022-05-13 00:00:00,Friday,May,Spring,133,11,12,5938
2020-11-05 00:00:00,Thursday,November,Fall,310,11,12,6089
2025-04-29 00:00:00,Tuesday,April,Spring,119,15,16,6311
2023-05-04 00:00:00,Thursday,May,Spring,124,23,0,3643
2025-11-17 00:00:00,Monday,November,Fall,321,0,1,5025
2021-07-01 00:00:00,Thursday,July,Summer,182,5,6,651
2023-03-15 00:00:00,Wednesday,March,Spring,74,11,12,6484
2023-09-15 00:00:00,Friday,September,Fall,258,10,11,5974
2023-12-22 00:00:00,Friday,December,Winter,356,23,0,13587
2021-03-22 00:00:00,Monday,March,Spring,81,4,5,4054
2022-12-12 00:00:00,Monday,December,Winter,346,22,23,6733
2023-09-03 00:00:00,Sunday,September,Fall,246,11,12,7094
2021-11-09 00:00:00,Tuesday,November,Fall,313,0,1,1819
2021-01-17 00:00:00,Sunday,January,Winter,17,12,13,7552
2023-06-21 00:00:00,Wednesday,June,Summer,172,7,8,1637
2021-05-20 00:00:00,Thursday,May,Spring,140,18,19,9869
2021-04-16 00:00:00,Friday,April,Spring,106,7,8,4456
2022-12-17 00:00:00,Saturday,December,Winter,351,9,10,3658
2022-05-08 00:00:00,Sunday,May,Spring,128,6,7,3605
2022-12-22 00:00:00,Thursday,December,Winter,356,12,13,14188
2021-07-11 00:00:00,Sunday,July,Summer,192,19,20,1524
2020-01-27 00:00:00,Monday,January,Winter,27,23,0,11841
2020-06-15 00:00:00,Monday,June,Summer,167,14,15,5662
2020-01-17 00:00:00,Friday,January,Winter,17,19,20,7060
2025-08-08 00:00:00,Friday,August,Summer,220,21,22,1377
2023-12-22 00:00:00,Friday,December,Winter,356,3,4,16098
2025-10-22 00:00:00,Wednesday,October,Fall,295,14,15,7599
2023-05-21 00:00:00,Sunday,May,Spring,141,11,12,5316
2025-06-14 00:00:00,Saturday,June,Summer,165,23,0,2727
2025-07-07 00:00:00,Monday,July,Summer,188,8,9,7413
2024-01-09 00:00:00,Tuesday,January,Winter,9,13,14,7152
2021-01-21 00:00:00,Thursday,January,Winter,21,5,6,11117
2024-03-28 00:00:00,Thursday,March,Spring,88,0,1,14268
2024-03-24 00:00:00,Sunday,March,Spring,84,9,10,14489
2022-05-11 00:00:00,Wednesday,May,Spring,131,7,8,3997
2021-06-20 00:00:00,Sunday,June,Summer,171,19,20,3126
2020-12-23 00:00:00,Wednesday,December,Winter,358,13,14,11166
2024-04-14 00:00:00,Sunday,April,Spring,105,11,12,3777
2025-10-17 00:00:00,Friday,October,Fall,290,1,2,5705
2023-08-24 00:00:00,Thursday,August,Summer,236,5,6,3806
2022-10-05 00:00:00,Wednesday,October,Fall,278,22,23,6523
2025-03-04 00:00:00,Tuesday,March,Spring,63,22,23,2922
2021-06-15 00:00:00,Tuesday,June,Summer,166,1,2,2375
2020-06-27 00:00:00,Saturday,June,Summer,179,14,15,11830
2020-01-22 00:00:00,Wednesday,January,Winter,22,23,0,6702
2023-09-01 00:00:00,Friday,September,Fall,244,0,1,4962
2024-07-27 00:00:00,Saturday,July,Summer,209,7,8,942
2024-09-12 00:00:00,Thursday,September,Fall,256,13,14,11222
2022-09-05 00:00:00,Monday,September,Fall,248,22,23,5367
2022-06-22 00:00:00,Wednesday,June,Summer,173,19,20,2962
2023-09-06 00:00:00,Wednesday,September,Fall,249,7,8,2356
2020-08-26 00:00:00,Wednesday,August,Summer,239,23,0,1950
2021-02-19 00:00:00,Friday,February,Winter,50,6,7,4981
2022-06-14 00:00:00,Tuesday,June,Summer,165,14,15,6715
2020-02-22 00:00:00,Saturday,February,Winter,53,13,14,12629
2022-09-14 00:00:00,Wednesday,September,Fall,257,11,12,5082
2024-06-15 00:00:00,Saturday,June,Summer,167,13,14,11056
2023-01-01 00:00:00,Sunday,January,Winter,1,7,8,9266
2021-09-05 00:00:00,Sunday,September,Fall,248,17,18,2963
2023-11-24 00:00:00,Friday,November,Fall,328,23,0,9503
2024-05-26 00:00:00,Sunday,May,Spring,147,0,1,3450
2025-09-23 00:00:00,Tuesday,September,Fall,266,4,5,4925
2022-08-28 00:00:00,Sunday,August,Summer,240,5,6,3796
2023-11-17 00:00:00,Friday,November,Fall,321,4,5,4902
2024-12-15 00:00:00,Sunday,December,Winter,350,12,13,9874
2020-08-22 00:00:00,Saturday,August,Summer,235,17,18,10771
2020-10-03 00:00:00,Saturday,October,Fall,277,2,3,2954
2024-06-04 00:00:00,Tuesday,June,Summer,156,22,23,4507
2024-05-03 00:00:00,Friday,May,Spring,124,15,16,10504
2020-02-06 00:00:00,Thursday,February,Winter,37,11,12,4762
2025-01-19 00:00:00,Sunday,January,Winter,19,3,4,931
2021-07-06 00:00:00,Tuesday,July,Summer,187,15,16,11191
2020-08-12 00:00:00,Wednesday,August,Summer,225,11,12,3755
2024-02-03 00:00:00,Saturday,February,Winter,34,12,13,7803
2025-10-07 00:00:00,Tuesday,October,Fall,280,9,10,3821
2024-10-19 00:00:00,Saturday,October,Fall,293,13,14,10146
2025-10-28 00:00:00,Tuesday,October,Fall,301,3,4,11254
2021-08-11 00:00:00,Wednesday,August,Summer,223,21,22,438
2024-02-05 00:00:00,Monday,February,Winter,36,22,23,8550
2022-09-28 00:00:00,Wednesday,September,Fall,271,23,0,2524
2024-12-18 00:00:00,Wednesday,December,Winter,353,8,9,15129
2022-02-06 00:00:00,Sunday,February,Winter,37,2,3,13175
2022-10-12 00:00:00,Wednesday,October,Fall,285,8,9,584
2022-07-26 00:00:00,Tuesday,July,Summer,207,21,22,2482
2021-05-28 00:00:00,Friday,May,Spring,148,14,15,5503
2023-09-13 00:00:00,Wednesday,September,Fall,256,19,20,1538
2025-10-29 00:00:00,Wednesday,October,Fall,302,11,12,7794
2024-07-02 00:00:00,Tuesday,July,Summer,184,13,14,8030
2024-12-04 00:00:00,Wednesday,December,Winter,339,23,0,6973
2021-04-14 00:00:00,Wednesday,April,Spring,104,1,2,4020
2023-02-04 00:00:00,Saturday,February,Winter,35,10,11,4372
2023-09-17 00:00:00,Sunday,September,Fall,260,3,4,2904
2023-04-19 00:00:00,Wednesday,April,Spring,109,4,5,7469
2021-05-29 00:00:00,Saturday,May,Spring,149,3,4,2960
2025-05-05 00:00:00,Monday,May,Spring,125,9,10,12112
2024-06-22 00:00:00,Saturday,June,Summer,174,0,1,4950
2020-05-09 00:00:00,Saturday,May,Spring,130,18,19,2119
2025-03-27 00:00:00,Thursday,March,Spring,86,18,19,3241
2022-03-05 00:00:00,Saturday,March,Spring,64,7,8,2368
2020-05-15 00:00:00,Friday,May,Spring,136,2,3,7692
2022-10-15 00:00:00,Saturday,October,Fall,288,9,10,11169
2023-07-05 00:00:00,Wednesday,July,Summer,186,5,6,9980
2022-03-18 00:00:00,Friday,March,Spring,77,9,10,9550
2022-01-15 00:00:00,Saturday,January,Winter,15,11,12,3590
2022-10-21 00:00:00,Friday,October,Fall,294,12,13,8623
2021-10-01 00:00:00,Friday,October,Fall,274,18,19,5384
2023-09-15 00:00:00,Friday,September,Fall,258,16,17,6137
2022-05-18 00:00:00,Wednesday,May,Spring,138,6,7,1431
2025-01-26 00:00:00,Sunday,January,Winter,26,7,8,10617
2021-04-06 00:00:00,Tuesday,April,Spring,96,4,5,4973
2024-06-05 00:00:00,Wednesday,June,Summer,157,15,16,8338
2023-05-27 00:00:00,Saturday,May,Spring,147,16,17,7001
2023-10-07 00:00:00,Saturday,October,Fall,280,14,15,8412
2025-06-19 00:00:00,Thursday,June,Summer,170,23,0,6656
2020-07-14 00:00:00,Tuesday,July,Summer,196,16,17,5502
2025-01-30 00:00:00,Thursday,January,Winter,30,9,10,6843
2020-04-18 00:00:00,Saturday,April,Spring,109,10,11,2403
2020-05-01 00:00:00,Friday,May,Spring,122,20,21,7607
2024-12-17 00:00:00,Tuesday,December,Winter,352,7,8,2584
2021-10-20 00:00:00,Wednesday,October,Fall,293,2,3,11312
2025-01-19 00:00:00,Sunday,January,Winter,19,13,14,4287
2020-01-19 00:00:00,Sunday,January,Winter,19,12,13,7168
2022-04-03 00:00:00,Sunday,April,Spring,93,12,13,8072
2022-11-26 00:00:00,Saturday,November,Fall,330,16,17,4098
2024-04-06 00:00:00,Saturday,April,Spring,97,11,12,11113
2024-06-29 00:00:00,Saturday,June,Summer,181,9,10,4606
2022-06-21 00:00:00,Tuesday,June,Summer,172,13,14,4725
2021-05-24 00:00:00,Monday,May,Spring,144,7,8,7606
2025-07-19 00:00:00,Saturday,July,Summer,200,22,23,3591
2023-01-24 00:00:00,Tuesday,January,Winter,24,6,7,7138
2023-01-05 00:00:00,Thursday,January,Winter,5,5,6,8718
2024-03-31 00:00:00,Sunday,March,Spring,91,15,16,12871
2021-10-20 00:00:00,Wednesday,October,Fall,293,4,5,10723
2020-10-08 00:00:00,Thursday,October,Fall,282,16,17,10734
2025-11-22 00:00:00,Saturday,November,Fall,326,4,5,4238
2021-02-09 00:00:00,Tuesday,February,Winter,40,7,8,1690
2022-12-11 00:00:00,Sunday,December,Winter,345,4,5,2435
2022-10-02 00:00:00,Sunday,October,Fall,275,10,11,8595
2021-12-11 00:00:00,Saturday,December,Winter,345,21,22,4734
2025-01-29 00:00:00,Wednesday,January,Winter,29,19,20,7676
2024-10-17 00:00:00,Thursday,October,Fall,291,16,17,3148
2020-02-15 00:00:00,Saturday,February,Winter,46,10,11,9345
2021-08-30 00:00:00,Monday,August,Summer,242,17,18,7498
2022-12-01 00:00:00,Thursday,December,Winter,335,2,3,3707
2023-09-24 00:00:00,Sunday,September,Fall,267,23,0,6907
2020-01-29 00:00:00,Wednesday,January,Winter,29,5,6,8170
2025-06-27 00:00:00,Friday,June,Summer,178,0,1,3718
2020-03-23 00:00:00,Monday,March,Spring,83,20,21,7815
2024-06-03 00:00:00,Monday,June,Summer,155,11,12,6838
2020-06-03 00:00:00,Wednesday,June,Summer,155,21,22,4054
2024-03-15 00:00:00,Friday,March,Spring,75,22,23,11551
2020-05-06 00:00:00,Wednesday,May,Spring,127,1,2,2902
2022-06-20 00:00:00,Monday,June,Summer,171,8,9,4120
2022-08-04 00:00:00,Thursday,August,Summer,216,8,9,2352
2025-06-05 00:00:00,Thursday,June,Summer,156,2,3,3520
2024-05-22 00:00:00,Wednesday,May,Spring,143,21,22,3246
2021-05-31 00:00:00,Monday,May,Spring,151,12,13,8251
2025-05-17 00:00:00,Saturday,May,Spring,137,16,17,5091
2023-06-08 00:00:00,Thursday,June,Summer,159,3,4,4963
2020-06-10 00:00:00,Wednesday,June,Summer,162,13,14,3476
2021-04-06 00:00:00,Tuesday,April,Spring,96,7,8,4483
2020-05-12 00:00:00,Tuesday,May,Spring,133,13,14,5427
2021-10-22 00:00:00,Friday,October,Fall,295,13,14,7756
2020-10-25 00:00:00,Sunday,October,Fall,299,20,21,5286
2024-11-10 00:00:00,Sunday,November,Fall,315,9,10,2337
2020-08-27 00:00:00,Thursday,August,Summer,240,3,4,746
2020-12-08 00:00:00,Tuesday,December,Winter,343,13,14,2927
2020-02-25 00:00:00,Tuesday,February,Winter,56,19,20,11340
2025-05-25 00:00:00,Sunday,May,Spring,145,22,23,7827
2024-10-29 00:00:00,Tuesday,October,Fall,303,8,9,2469
2023-06-12 00:00:00,Monday,June,Summer,163,2,3,1550
2022-06-11 00:00:00,Saturday,June,Summer,162,18,19,3464
2024-10-14 00:00:00,Monday,October,Fall,288,9,10,4669
2023-11-29 00:00:00,Wednesday,November,Fall,333,7,8,3138
2023-05-11 00:00:00,Thursday,May,Spring,131,19,20,3543
2022-05-30 00:00:00,Monday,May,Spring,150,5,6,3358
2023-04-20 00:00:00,Thursday,April,Spring,110,1,2,9578
2025-10-26 00:00:00,Sunday,October,Fall,299,15,16,14457
2021-06-03 00:00:00,Thursday,June,Summer,154,12,13,4373
2022-05-09 00:00:00,Monday,May,Spring,129,19,20,1377
2021-12-20 00:00:00,Monday,December,Winter,354,3,4,3033
2023-10-09 00:00:00,Monday,October,Fall,282,6,7,1355
2023-09-15 00:00:00,Friday,September,Fall,258,0,1,3113
2023-09-08 00:00:00,Friday,September,Fall,251,5,6,1193
2020-06-24 00:00:00,Wednesday,June,Summer,176,3,4,4927
2024-11-30 00:00:00,Saturday,November,Fall,335,2,3,4784
2025-04-14 00:00:00,Monday,April,Spring,104,4,5,625
2021-08-13 00:00:00,Friday,August,Summer,225,1,2,1385
2021-07-06 00:00:00,Tuesday,July,Summer,187,20,21,3252
2020-05-02 00:00:00,Saturday,May,Spring,123,6,7,4527
2021-09-25 00:00:00,Saturday,September,Fall,268,7,8,1626
2025-09-13 00:00:00,Saturday,September,Fall,256,23,0,5473
2022-05-03 00:00:00,Tuesday,May,Spring,123,20,21,3913
2022-05-31 00:00:00,Tuesday,May,Spring,151,6,7,629
2021-04-04 00:00:00,Sunday,April,Spring,94,20,21,1822
2022-05-02 00:00:00,Monday,May,Spring,122,14,15,6399
2022-04-22 00:00:00,Friday,April,Spring,112,6,7,4924
2021-12-06 00:00:00,Monday,December,Winter,340,13,14,6810
2021-12-11 00:00:00,Saturday,December,Winter,345,4,5,7205
2025-02-28 00:00:00,Friday,February,Winter,59,2,3,4602
2023-02-09 00:00:00,Thursday,February,Winter,40,0,1,2302
2020-10-16 00:00:00,Friday,October,Fall,290,12,13,4771
2023-10-17 00:00:00,Tuesday,October,Fall,290,19,20,9601
2025-10-21 00:00:00,Tuesday,October,Fall,294,0,1,16078
2023-11-07 00:00:00,Tuesday,November,Fall,311,15,16,10062
2025-10-30 00:00:00,Thursday,October,Fall,303,20,21,7973
2020-10-19 00:00:00,Monday,October,Fall,293,1,2,1282
2023-09-08 00:00:00,Friday,September,Fall,251,0,1,1364
2025-10-19 00:00:00,Sunday,October,Fall,292,18,19,12954
2022-11-13 00:00:00,Sunday,November,Fall,317,15,16,2623
2021-02-24 00:00:00,Wednesday,February,Winter,55,23,0,6614
2023-04-16 00:00:00,Sunday,April,Spring,106,14,15,10098
2024-08-19 00:00:00,Monday,August,Summer,232,21,22,2334
2024-03-01 00:00:00,Friday,March,Spring,61,20,21,13391
2025-04-25 00:00:00,Friday,April,Spring,115,23,0,5109
2025-06-05 00:00:00,Thursday,June,Summer,156,0,1,2919
2024-05-04 00:00:00,Saturday,May,Spring,125,20,21,3018
2023-08-19 00:00:00,Saturday,August,Summer,231,17,18,5543
2024-03-21 00:00:00,Thursday,March,Spring,81,9,10,3781
2021-04-05 00:00:00,Monday,April,Spring,95,1,2,3111
2021-05-19 00:00:00,Wednesday,May,Spring,139,22,23,3897
2023-12-21 00:00:00,Thursday,December,Winter,355,3,4,14043
2025-02-22 00:00:00,Saturday,February,Winter,53,4,5,10381
2021-02-07 00:00:00,Sunday,February,Winter,38,23,0,1739
2025-05-10 00:00:00,Saturday,May,Spring,130,6,7,7169
2025-02-25 00:00:00,Tuesday,February,Winter,56,14,15,13221
2024-07-02 00:00:00,Tuesday,July,Summer,184,2,3,2993
2023-05-25 00:00:00,Thursday,May,Spring,145,6,7,7649
2022-04-13 00:00:00,Wednesday,April,Spring,103,16,17,3243
2025-02-15 00:00:00,Saturday,February,Winter,46,18,19,3681
2022-04-19 00:00:00,Tuesday,April,Spring,109,5,6,2287
2021-02-14 00:00:00,Sunday,February,Winter,45,23,0,10047
2024-01-13 00:00:00,Saturday,January,Winter,13,2,3,2005
2024-06-23 00:00:00,Sunday,June,Summer,175,21,22,1679
2023-06-23 00:00:00,Friday,June,Summer,174,22,23,2045
2022-12-13 00:00:00,Tuesday,December,Winter,347,16,17,2696
2023-10-03 00:00:00,Tuesday,October,Fall,276,20,21,4434
2023-07-13 00:00:00,Thursday,July,Summer,194,15,16,9653
2020-04-19 00:00:00,Sunday,April,Spring,110,17,18,4146
2022-12-01 00:00:00,Thursday,December,Winter,335,19,20,3999
2025-06-23 00:00:00,Monday,June,Summer,174,19,20,9992
2020-09-08 00:00:00,Tuesday,September,Fall,252,1,2,1554
2024-07-03 00:00:00,Wednesday,July,Summer,185,18,19,9354
2025-07-25 00:00:00,Friday,July,Summer,206,3,4,2035
2021-06-20 00:00:00,Sunday,June,Summer,171,10,11,3778
2023-05-31 00:00:00,Wednesday,May,Spring,151,8,9,7123
2021-05-01 00:00:00,Saturday,May,Spring,121,11,12,3323
2023-04-02 00:00:00,Sunday,April,Spring,92,12,13,12812
2022-01-08 00:00:00,Saturday,January,Winter,8,10,11,10733
2024-02-23 00:00:00,Friday,February,Winter,54,13,14,16191
2021-01-22 00:00:00,Friday,January,Winter,22,17,18,3817
2025-07-05 00:00:00,Saturday,July,Summer,186,4,5,2489
2024-04-18 00:00:00,Thursday,April,Spring,109,12,13,8623
2024-10-24 00:00:00,Thursday,October,Fall,298,0,1,6796
2023-08-08 00:00:00,Tuesday,August,Summer,220,22,23,2582
2020-01-13 00:00:00,Monday,January,Winter,13,17,18,9926
2025-06-27 00:00:00,Friday,June,Summer,178,13,14,11541
2024-07-01 00:00:00,Monday,July,Summer,183,5,6,1695
2024-05-11 00:00:00,Saturday,May,Spring,132,21,22,3472
2025-09-07 00:00:00,Sunday,September,Fall,250,14,15,7231
2023-11-19 00:00:00,Sunday,November,Fall,323,13,14,17786
2020-12-11 00:00:00,Friday,December,Winter,346,18,19,6188
2020-08-28 00:00:00,Friday,August,Summer,241,5,6,4524
2025-02-04 00:00:00,Tuesday,February,Winter,35,13,14,8211
2020-02-09 00:00:00,Sunday,February,Winter,40,5,6,11052
2022-04-13 00:00:00,Wednesday,April,Spring,103,5,6,1227
2021-10-24 00:00:00,Sunday,October,Fall,297,22,23,3438
2024-10-24 00:00:00,Thursday,October,Fall,298,5,6,6302
2023-02-16 00:00:00,Thursday,February,Winter,47,6,7,4250
2024-06-11 00:00:00,Tuesday,June,Summer,163,4,5,1800
2020-10-16 00:00:00,Friday,October,Fall,290,23,0,1207
2020-06-28 00:00:00,Sunday,June,Summer,180,3,4,4867
2024-03-23 00:00:00,Saturday,March,Spring,83,11,12,12855
2025-08-13 00:00:00,Wednesday,August,Summer,225,3,4,1056
2022-07-04 00:00:00,Monday,July,Summer,185,1,2,3580
2022-04-18 00:00:00,Monday,April,Spring,108,15,16,5600
2025-08-18 00:00:00,Monday,August,Summer,230,16,17,7367
2024-11-17 00:00:00,Sunday,November,Fall,322,18,19,4964
2023-04-30 00:00:00,Sunday,April,Spring,120,23,0,1696
2020-03-20 00:00:00,Friday,March,Spring,80,2,3,3316
2023-12-15 00:00:00,Friday,December,Winter,349,12,13,4274
2021-11-28 00:00:00,Sunday,November,Fall,332,13,14,10375
2025-10-31 00:00:00,Friday,October,Fall,304,21,22,15246
2022-10-05 00:00:00,Wednesday,October,Fall,278,12,13,14483
2025-06-23 00:00:00,Monday,June,Summer,174,10,11,11567
2023-03-01 00:00:00,Wednesday,March,Spring,60,18,19,7450
2022-12-12 00:00:00,Monday,December,Winter,346,10,11,3288
2021-11-12 00:00:00,Friday,November,Fall,316,15,16,3879
2023-12-21 00:00:00,Thursday,December,Winter,355,12,13,19358
2024-10-25 00:00:00,Friday,October,Fall,299,2,3,6941
2023-02-24 00:00:00,Friday,February,Winter,55,18,19,3224
2022-07-08 00:00:00,Friday,July,Summer,189,11,12,7531
2020-11-08 00:00:00,Sunday,November,Fall,313,1,2,4275
2021-11-01 00:00:00,Monday,November,Fall,305,0,1,9125
2024-11-23 00:00:00,Saturday,November,Fall,328,0,1,8044
2024-12-23 00:00:00,Monday,December,Winter,358,5,6,17108
2023-11-15 00:00:00,Wednesday,November,Fall,319,21,22,4402
2020-07-29 00:00:00,Wednesday,July,Summer,211,13,14,4027
2020-03-01 00:00:00,Sunday,March,Spring,61,16,17,8574
2020-12-16 00:00:00,Wednesday,December,Winter,351,10,11,8045
2021-11-02 00:00:00,Tuesday,November,Fall,306,4,5,4888
2020-11-09 00:00:00,Monday,November,Fall,314,9,10,3308
2023-10-04 00:00:00,Wednesday,October,Fall,277,4,5,2628
2024-02-16 00:00:00,Friday,February,Winter,47,22,23,4567
2020-03-21 00:00:00,Saturday,March,Spring,81,11,12,10973
2021-08-08 00:00:00,Sunday,August,Summer,220,5,6,5042
2021-05-29 00:00:00,Saturday,May,Spring,149,5,6,2581
2023-09-08 00:00:00,Friday,September,Fall,251,14,15,7239
2024-01-16 00:00:00,Tuesday,January,Winter,16,2,3,1868
2025-06-26 00:00:00,Thursday,June,Summer,177,21,22,4580
2021-09-28 00:00:00,Tuesday,September,Fall,271,5,6,1599
2020-03-06 00:00:00,Friday,March,Spring,66,2,3,10808
2021-10-10 00:00:00,Sunday,October,Fall,283,5,6,1374
2025-06-07 00:00:00,Saturday,June,Summer,158,18,19,13408
2023-12-02 00:00:00,Saturday,December,Winter,336,11,12,4402
2020-06-09 00:00:00,Tuesday,June,Summer,161,20,21,2462
2025-07-14 00:00:00,Monday,July,Summer,195,19,20,8818
2021-02-05 00:00:00,Friday,February,Winter,36,21,22,2566
2023-02-02 00:00:00,Thursday,February,Winter,33,21,22,7011
2023-05-26 00:00:00,Friday,May,Spring,146,16,17,11645
2024-08-03 00:00:00,Saturday,August,Summer,216,14,15,10343
2022-10-14 00:00:00,Friday,October,Fall,287,0,1,3451
2025-08-12 00:00:00,Tuesday,August,Summer,224,12,13,10561
2022-03-28 00:00:00,Monday,March,Spring,87,7,8,1693
2025-05-02 00:00:00,Friday,May,Spring,122,4,5,3410
2025-04-13 00:00:00,Sunday,April,Spring,103,17,18,5953
2020-10-09 00:00:00,Friday,October,Fall,283,21,22,3453
2025-08-06 00:00:00,Wednesday,August,Summer,218,2,3,3916
2021-06-11 00:00:00,Friday,June,Summer,162,21,22,2176
2020-06-19 00:00:00,Friday,June,Summer,171,9,10,3181
2023-01-24 00:00:00,Tuesday,January,Winter,24,7,8,7104
2020-09-15 00:00:00,Tuesday,September,Fall,259,21,22,833
2023-07-24 00:00:00,Monday,July,Summer,205,7,8,4430
2025-07-06 00:00:00,Sunday,July,Summer,187,16,17,14176
2021-04-15 00:00:00,Thursday,April,Spring,105,12,13,9189
2025-03-22 00:00:00,Saturday,March,Spring,81,23,0,4464
2024-01-04 00:00:00,Thursday,January,Winter,4,11,12,11461
2023-02-17 00:00:00,Friday,February,Winter,48,7,8,8100
2024-05-20 00:00:00,Monday,May,Spring,141,4,5,1616
2024-01-27 00:00:00,Saturday,January,Winter,27,10,11,5738
2023-08-31 00:00:00,Thursday,August,Summer,243,15,16,10018
2021-02-19 00:00:00,Friday,February,Winter,50,3,4,4793
2021-07-08 00:00:00,Thursday,July,Summer,189,14,15,5195
2023-05-19 00:00:00,Friday,May,Spring,139,1,2,6367
2021-01-29 00:00:00,Friday,January,Winter,29,16,17,14125
2022-06-01 00:00:00,Wednesday,June,Summer,152,20,21,2172
2020-04-30 00:00:00,Thursday,April,Spring,121,16,17,14234
2021-09-22 00:00:00,Wednesday,September,Fall,265,21,22,2338
2024-02-02 00:00:00,Friday,February,Winter,33,4,5,4279
2022-07-24 00:00:00,Sunday,July,Summer,205,15,16,7307
2021-05-25 00:00:00,Tuesday,May,Spring,145,13,14,14393
2023-07-17 00:00:00,Monday,July,Summer,198,7,8,2338
2024-06-08 00:00:00,Saturday,June,Summer,160,9,10,4101
2022-07-19 00:00:00,Tuesday,July,Summer,200,8,9,5523
2020-11-16 00:00:00,Monday,November,Fall,321,10,11,9212
2024-02-02 00:00:00,Friday,February,Winter,33,23,0,6383
2020-06-25 00:00:00,Thursday,June,Summer,177,20,21,1654
2025-07-10 00:00:00,Thursday,July,Summer,191,22,23,3466
2022-06-03 00:00:00,Friday,June,Summer,154,5,6,2794
2020-06-18 00:00:00,Thursday,June,Summer,170,2,3,1786
2024-03-21 00:00:00,Thursday,March,Spring,81,4,5,2332
2023-04-25 00:00:00,Tuesday,April,Spring,115,1,2,2739
2022-01-07 00:00:00,Friday,January,Winter,7,9,10,9573
2023-04-18 00:00:00,Tuesday,April,Spring,108,12,13,12157
2023-03-26 00:00:00,Sunday,March,Spring,85,8,9,14251
2023-12-19 00:00:00,Tuesday,December,Winter,353,9,10,9075
2022-10-26 00:00:00,Wednesday,October,Fall,299,0,1,6850
2025-06-03 00:00:00,Tuesday,June,Summer,154,8,9,5477
2020-06-17 00:00:00,Wednesday,June,Summer,169,3,4,1304
2025-08-29 00:00:00,Friday,August,Summer,241,3,4,8790
2020-02-16 00:00:00,Sunday,February,Winter,47,15,16,13620
2020-09-15 00:00:00,Tuesday,September,Fall,259,4,5,3135
2022-02-07 00:00:00,Monday,February,Winter,38,14,15,6367
2021-09-18 00:00:00,Saturday,September,Fall,261,21,22,2374
2023-05-09 00:00:00,Tuesday,May,Spring,129,4,5,2754
2024-03-18 00:00:00,Monday,March,Spring,78,9,10,3934
2024-01-10 00:00:00,Wednesday,January,Winter,10,12,13,2707
2020-12-24 00:00:00,Thursday,December,Winter,359,2,3,10311
2024-06-10 00:00:00,Monday,June,Summer,162,8,9,7335
2022-11-09 00:00:00,Wednesday,November,Fall,313,1,2,9198
2024-11-11 00:00:00,Monday,November,Fall,316,1,2,2550
2022-12-05 00:00:00,Monday,December,Winter,339,19,20,1646
2020-01-06 00:00:00,Monday,January,Winter,6,22,23,6114
2023-08-21 00:00:00,Monday,August,Summer,233,21,22,1791
2020-01-12 00:00:00,Sunday,January,Winter,12,17,18,4993
2024-10-12 00:00:00,Saturday,October,Fall,286,18,19,6137
2020-11-09 00:00:00,Monday,November,Fall,314,13,14,2889
2022-09-13 00:00:00,Tuesday,September,Fall,256,0,1,2581
2020-03-29 00:00:00,Sunday,March,Spring,89,16,17,13630
2025-02-15 00:00:00,Saturday,February,Winter,46,22,23,5661
2025-08-27 00:00:00,Wednesday,August,Summer,239,0,1,2252
2023-07-12 00:00:00,Wednesday,July,Summer,193,22,23,3539
2025-01-02 00:00:00,Thursday,January,Winter,2,7,8,6369
2021-02-19 00:00:00,Friday,February,Winter,50,9,10,6811
2025-09-23 00:00:00,Tuesday,September,Fall,266,2,3,7896
2022-07-10 00:00:00,Sunday,July,Summer,191,8,9,4514
2021-03-26 00:00:00,Friday,March,Spring,85,5,6,3646
2021-10-15 00:00:00,Friday,October,Fall,288,6,7,1575
2025-02-07 00:00:00,Friday,February,Winter,38,15,16,10457
2025-10-10 00:00:00,Friday,October,Fall,283,18,19,3559
2023-06-22 00:00:00,Thursday,June,Summer,173,15,16,9514
2022-02-24 00:00:00,Thursday,February,Winter,55,22,23,7938
2025-01-15 00:00:00,Wednesday,January,Winter,15,16,17,3431
2021-07-28 00:00:00,Wednesday,July,Summer,209,4,5,3354
2025-05-05 00:00:00,Monday,May,Spring,125,15,16,15064
2023-02-12 00:00:00,Sunday,February,Winter,43,21,22,4192
2021-10-05 00:00:00,Tuesday,October,Fall,278,8,9,10165
2022-07-16 00:00:00,Saturday,July,Summer,197,19,20,4533
2023-05-02 00:00:00,Tuesday,May,Spring,122,16,17,8967
2021-05-22 00:00:00,Saturday,May,Spring,142,9,10,12712
2025-04-14 00:00:00,Monday,April,Spring,104,6,7,479
2022-08-19 00:00:00,Friday,August,Summer,231,11,12,6190
2020-11-12 00:00:00,Thursday,November,Fall,317,8,9,5261
2020-06-05 00:00:00,Friday,June,Summer,157,2,3,3265
2021-08-10 00:00:00,Tuesday,August,Summer,222,5,6,1248
2023-02-15 00:00:00,Wednesday,February,Winter,46,0,1,4757
2021-07-26 00:00:00,Monday,July,Summer,207,11,12,5093
2022-02-06 00:00:00,Sunday,February,Winter,37,10,11,17304
2020-12-20 00:00:00,Sunday,December,Winter,355,19,20,5429
2024-05-29 00:00:00,Wednesday,May,Spring,150,13,14,11498
2023-03-14 00:00:00,Tuesday,March,Spring,73,19,20,6322
2023-03-17 00:00:00,Friday,March,Spring,76,18,19,6610
2020-08-08 00:00:00,Saturday,August,Summer,221,5,6,1149
2021-05-02 00:00:00,Sunday,May,Spring,122,2,3,2502
2021-01-21 00:00:00,Thursday,January,Winter,21,16,17,11579
2020-07-04 00:00:00,Saturday,July,Summer,186,2,3,3974
2020-08-07 00:00:00,Friday,August,Summer,220,14,15,4514
2020-04-01 00:00:00,Wednesday,April,Spring,92,21,22,3851
2022-09-15 00:00:00,Thursday,September,Fall,258,6,7,1567
2023-02-16 00:00:00,Thursday,February,Winter,47,10,11,7146
2024-05-18 00:00:00,Saturday,May,Spring,139,0,1,677
2020-12-30 00:00:00,Wednesday,December,Winter,365,6,7,2807
2024-04-28 00:00:00,Sunday,April,Spring,119,12,13,8476
2021-03-23 00:00:00,Tuesday,March,Spring,82,15,16,3997
2023-11-26 00:00:00,Sunday,November,Fall,330,1,2,2638
2023-04-25 00:00:00,Tuesday,April,Spring,115,21,22,2248
2021-08-24 00:00:00,Tuesday,August,Summer,236,11,12,9610
2025-01-27 00:00:00,Monday,January,Winter,27,21,22,17504
2025-01-03 00:00:00,Friday,January,Winter,3,15,16,4264
2022-07-03 00:00:00,Sunday,July,Summer,184,23,0,3250
2022-04-27 00:00:00,Wednesday,April,Spring,117,18,19,7424
2022-10-17 00:00:00,Monday,October,Fall,290,20,21,1731
2024-12-24 00:00:00,Tuesday,December,Winter,359,20,21,2733
2025-07-05 00:00:00,Saturday,July,Summer,186,7,8,3504
2024-03-24 00:00:00,Sunday,March,Spring,84,12,13,17542
2021-03-05 00:00:00,Friday,March,Spring,64,9,10,5969
2023-04-18 00:00:00,Tuesday,April,Spring,108,0,1,7377
2020-02-20 00:00:00,Thursday,February,Winter,51,14,15,13570
2023-04-22 00:00:00,Saturday,April,Spring,112,21,22,4685
2021-06-30 00:00:00,Wednesday,June,Summer,181,22,23,1138
2023-09-15 00:00:00,Friday,September,Fall,258,5,6,2859
2021-06-27 00:00:00,Sunday,June,Summer,178,19,20,1928
2023-12-18 00:00:00,Monday,December,Winter,352,6,7,1983
2025-01-03 00:00:00,Friday,January,Winter,3,4,5,2458
2025-10-11 00:00:00,Saturday,October,Fall,284,2,3,3113
2022-09-17 00:00:00,Saturday,September,Fall,260,16,17,10338
2020-10-19 00:00:00,Monday,October,Fall,293,14,15,7098
2024-10-10 00:00:00,Thursday,October,Fall,284,7,8,7668
2022-04-26 00:00:00,Tuesday,April,Spring,116,5,6,2225
2023-05-08 00:00:00,Monday,May,Spring,128,14,15,6648
2021-11-11 00:00:00,Thursday,November,Fall,315,17,18,380
2023-11-23 00:00:00,Thursday,November,Fall,327,20,21,8437
2025-04-27 00:00:00,Sunday,April,Spring,117,17,18,5174
2025-09-27 00:00:00,Saturday,September,Fall,270,21,22,2138
2023-10-04 00:00:00,Wednesday,October,Fall,277,18,19,2050
2022-04-03 00:00:00,Sunday,April,Spring,93,6,7,4104
2020-08-25 00:00:00,Tuesday,August,Summer,238,1,2,723
2022-07-17 00:00:00,Sunday,July,Summer,198,23,0,4351
2025-10-03 00:00:00,Friday,October,Fall,276,13,14,11301
2021-08-06 00:00:00,Friday,August,Summer,218,11,12,11666
2021-05-14 00:00:00,Friday,May,Spring,134,10,11,6084
2024-04-22 00:00:00,Monday,April,Spring,113,15,16,11441
2021-09-12 00:00:00,Sunday,September,Fall,255,3,4,833
2025-05-21 00:00:00,Wednesday,May,Spring,141,12,13,9175
2020-09-21 00:00:00,Monday,September,Fall,265,15,16,2049
2021-02-07 00:00:00,Sunday,February,Winter,38,20,21,3072
2022-08-27 00:00:00,Saturday,August,Summer,239,18,19,4302
2022-11-04 00:00:00,Friday,November,Fall,308,8,9,6595
2022-09-18 00:00:00,Sunday,September,Fall,261,21,22,4391
2022-06-18 00:00:00,Saturday,June,Summer,169,10,11,5292
2021-10-22 00:00:00,Friday,October,Fall,295,3,4,2015
2020-04-29 00:00:00,Wednesday,April,Spring,120,12,13,9416
2023-02-13 00:00:00,Monday,February,Winter,44,3,4,3717
2022-05-07 00:00:00,Saturday,May,Spring,127,18,19,5564
2021-07-04 00:00:00,Sunday,July,Summer,185,6,7,932
2023-01-15 00:00:00,Sunday,January,Winter,15,4,5,11169
2023-02-16 00:00:00,Thursday,February,Winter,47,18,19,6891
2024-08-05 00:00:00,Monday,August,Summer,218,6,7,776
2021-05-16 00:00:00,Sunday,May,Spring,136,1,2,5170
2023-03-08 00:00:00,Wednesday,March,Spring,67,10,11,15041
2020-10-30 00:00:00,Friday,October,Fall,304,13,14,7334
2021-04-26 00:00:00,Monday,April,Spring,116,10,11,7918
2025-07-07 00:00:00,Monday,July,Summer,188,6,7,5004
2021-08-24 00:00:00,Tuesday,August,Summer,236,9,10,6030
2022-04-01 00:00:00,Friday,April,Spring,91,0,1,10193
2024-08-21 00:00:00,Wednesday,August,Summer,234,23,0,1351
2024-01-19 00:00:00,Friday,January,Winter,19,22,23,3386
2021-05-24 00:00:00,Monday,May,Spring,144,12,13,12352
2021-05-18 00:00:00,Tuesday,May,Spring,138,1,2,5826
2023-11-04 00:00:00,Saturday,November,Fall,308,14,15,17543
2024-07-14 00:00:00,Sunday,July,Summer,196,9,10,2112
2022-03-10 00:00:00,Thursday,March,Spring,69,9,10,5077
2024-03-10 00:00:00,Sunday,March,Spring,70,1,2,3791
2021-02-28 00:00:00,Sunday,February,Winter,59,23,0,6317
2025-04-23 00:00:00,Wednesday,April,Spring,113,0,1,4602
2025-06-16 00:00:00,Monday,June,Summer,167,8,9,4345
2021-03-26 00:00:00,Friday,March,Spring,85,7,8,4671
2022-08-03 00:00:00,Wednesday,August,Summer,215,7,8,1048
2023-11-01 00:00:00,Wednesday,November,Fall,305,7,8,12440
2022-11-21 00:00:00,Monday,November,Fall,325,12,13,10615
2020-09-23 00:00:00,Wednesday,September,Fall,267,21,22,7077
2021-07-21 00:00:00,Wednesday,July,Summer,202,9,10,2455
2025-05-25 00:00:00,Sunday,May,Spring,145,23,0,7409
2020-01-20 00:00:00,Monday,January,Winter,20,18,19,5481
2020-07-16 00:00:00,Thursday,July,Summer,198,23,0,1793
2025-04-11 00:00:00,Friday,April,Spring,101,3,4,4126
2023-07-30 00:00:00,Sunday,July,Summer,211,2,3,5343
2022-12-19 00:00:00,Monday,December,Winter,353,23,0,13567
2024-12-04 00:00:00,Wednesday,December,Winter,339,2,3,1630
2022-06-10 00:00:00,Friday,June,Summer,161,11,12,7582
2021-11-17 00:00:00,Wednesday,November,Fall,321,9,10,2394
2022-04-24 00:00:00,Sunday,April,Spring,114,3,4,2963
2023-05-28 00:00:00,Sunday,May,Spring,148,0,1,5726
2025-01-24 00:00:00,Friday,January,Winter,24,10,11,19742
2023-06-08 00:00:00,Thursday,June,Summer,159,11,12,8461
2024-11-19 00:00:00,Tuesday,November,Fall,324,7,8,18100
2022-07-10 00:00:00,Sunday,July,Summer,191,5,6,4280
2022-05-15 00:00:00,Sunday,May,Spring,135,7,8,4614
2022-09-28 00:00:00,Wednesday,September,Fall,271,9,10,4568
2021-02-17 00:00:00,Wednesday,February,Winter,48,12,13,11639
2024-10-09 00:00:00,Wednesday,October,Fall,283,12,13,12368
2025-06-04 00:00:00,Wednesday,June,Summer,155,14,15,8787
2020-11-04 00:00:00,Wednesday,November,Fall,309,11,12,3051
2022-02-26 00:00:00,Saturday,February,Winter,57,8,9,5296
2024-03-17 00:00:00,Sunday,March,Spring,77,12,13,8354
2023-02-15 00:00:00,Wednesday,February,Winter,46,14,15,5873
2020-07-31 00:00:00,Friday,July,Summer,213,8,9,3969
2022-04-15 00:00:00,Friday,April,Spring,105,9,10,3210
2020-12-12 00:00:00,Saturday,December,Winter,347,5,6,4914
2022-09-02 00:00:00,Friday,September,Fall,245,8,9,2497
2020-03-16 00:00:00,Monday,March,Spring,76,7,8,3407
2024-11-21 00:00:00,Thursday,November,Fall,326,15,16,9569
2021-08-07 00:00:00,Saturday,August,Summer,219,3,4,3328
2025-02-28 00:00:00,Friday,February,Winter,59,12,13,10622
2022-04-23 00:00:00,Saturday,April,Spring,113,3,4,5891
2025-01-07 00:00:00,Tuesday,January,Winter,7,4,5,14713
2021-10-25 00:00:00,Monday,October,Fall,298,23,0,3138
2021-11-07 00:00:00,Sunday,November,Fall,311,1,2,6691
2021-02-04 00:00:00,Thursday,February,Winter,35,19,20,3434
2020-02-22 00:00:00,Saturday,February,Winter,53,4,5,8062
2024-10-23 00:00:00,Wednesday,October,Fall,297,23,0,6864
2023-08-17 00:00:00,Thursday,August,Summer,229,0,1,2496
2025-03-02 00:00:00,Sunday,March,Spring,61,13,14,12215
2023-02-05 00:00:00,Sunday,February,Winter,36,0,1,3594
2024-02-07 00:00:00,Wednesday,February,Winter,38,7,8,17057
2023-06-20 00:00:00,Tuesday,June,Summer,171,13,14,7992
2020-01-13 00:00:00,Monday,January,Winter,13,4,5,2614
2024-09-22 00:00:00,Sunday,September,Fall,266,2,3,4342
2025-08-27 00:00:00,Wednesday,August,Summer,239,23,0,2306
2024-11-09 00:00:00,Saturday,November,Fall,314,22,23,654
2021-01-28 00:00:00,Thursday,January,Winter,28,5,6,10801
2024-11-08 00:00:00,Friday,November,Fall,313,4,5,2745
2024-06-27 00:00:00,Thursday,June,Summer,179,9,10,4237
2025-02-05 00:00:00,Wednesday,February,Winter,36,15,16,5425
2025-02-24 00:00:00,Monday,February,Winter,55,20,21,6233
2022-08-09 00:00:00,Tuesday,August,Summer,221,14,15,10463
2020-08-06 00:00:00,Thursday,August,Summer,219,0,1,1316
2022-12-20 00:00:00,Tuesday,December,Winter,354,16,17,8489
2022-05-06 00:00:00,Friday,May,Spring,126,13,14,6950
2025-05-23 00:00:00,Friday,May,Spring,143,2,3,3630
2022-01-29 00:00:00,Saturday,January,Winter,29,19,20,9050
2023-01-08 00:00:00,Sunday,January,Winter,8,4,5,11271
2024-12-07 00:00:00,Saturday,December,Winter,342,7,8,18470
2020-01-16 00:00:00,Thursday,January,Winter,16,7,8,5457
2022-06-08 00:00:00,Wednesday,June,Summer,159,17,18,10342
2021-05-20 00:00:00,Thursday,May,Spring,140,14,15,11590
2021-07-25 00:00:00,Sunday,July,Summer,206,8,9,3518
2020-05-07 00:00:00,Thursday,May,Spring,128,15,16,4042
2021-03-26 00:00:00,Friday,March,Spring,85,18,19,8689
2023-06-27 00:00:00,Tuesday,June,Summer,178,1,2,3541
2024-10-24 00:00:00,Thursday,October,Fall,298,1,2,6617
2020-08-24 00:00:00,Monday,August,Summer,237,15,16,6376
2021-10-23 00:00:00,Saturday,October,Fall,296,1,2,1627
2020-04-04 00:00:00,Saturday,April,Spring,95,23,0,6994
2023-02-02 00:00:00,Thursday,February,Winter,33,22,23,6620
2022-11-16 00:00:00,Wednesday,November,Fall,320,4,5,8639
2020-09-10 00:00:00,Thursday,September,Fall,254,6,7,1588
2022-03-09 00:00:00,Wednesday,March,Spring,68,19,20,5409
2025-07-23 00:00:00,Wednesday,July,Summer,204,4,5,981
2022-03-10 00:00:00,Thursday,March,Spring,69,15,16,6480
2021-12-04 00:00:00,Saturday,December,Winter,338,21,22,11148
2024-09-02 00:00:00,Monday,September,Fall,246,4,5,1417
2025-08-05 00:00:00,Tuesday,August,Summer,217,7,8,4930
2024-02-19 00:00:00,Monday,February,Winter,50,4,5,3561
2025-09-23 00:00:00,Tuesday,September,Fall,266,20,21,7015
2025-03-17 00:00:00,Monday,March,Spring,76,5,6,5480
2020-12-12 00:00:00,Saturday,December,Winter,347,0,1,6148
2022-06-02 00:00:00,Thursday,June,Summer,153,11,12,6196
2024-08-11 00:00:00,Sunday,August,Summer,224,20,21,4609
2021-07-27 00:00:00,Tuesday,July,Summer,208,17,18,6091
2022-10-01 00:00:00,Saturday,October,Fall,274,18,19,9643
2023-12-12 00:00:00,Tuesday,December,Winter,346,20,21,12126
2020-03-17 00:00:00,Tuesday,March,Spring,77,6,7,985
2024-06-05 00:00:00,Wednesday,June,Summer,157,21,22,2061
2021-06-20 00:00:00,Sunday,June,Summer,171,5,6,3261
2025-10-31 00:00:00,Friday,October,Fall,304,3,4,9983
2024-01-03 00:00:00,Wednesday,January,Winter,3,22,23,16866
2021-04-25 00:00:00,Sunday,April,Spring,115,2,3,8382
2024-01-23 00:00:00,Tuesday,January,Winter,23,10,11,10479
2023-06-12 00:00:00,Monday,June,Summer,163,5,6,1553
2022-02-19 00:00:00,Saturday,February,Winter,50,1,2,11830
2020-01-29 00:00:00,Wednesday,January,Winter,29,7,8,7825
2020-12-20 00:00:00,Sunday,December,Winter,355,18,19,5033
2020-06-02 00:00:00,Tuesday,June,Summer,154,15,16,3567
2024-05-28 00:00:00,Tuesday,May,Spring,149,8,9,6596
2023-01-30 00:00:00,Monday,January,Winter,30,9,10,7712
2020-05-04 00:00:00,Monday,May,Spring,125,18,19,4761
2021-11-01 00:00:00,Monday,November,Fall,305,12,13,12570
2020-03-26 00:00:00,Thursday,March,Spring,86,17,18,6738
2022-03-20 00:00:00,Sunday,March,Spring,79,11,12,5199
2021-11-09 00:00:00,Tuesday,November,Fall,313,18,19,1386
2020-06-02 00:00:00,Tuesday,June,Summer,154,6,7,1579
2021-03-14 00:00:00,Sunday,March,Spring,73,6,7,10061
2024-04-02 00:00:00,Tuesday,April,Spring,93,17,18,14399
2025-04-04 00:00:00,Friday,April,Spring,94,10,11,8357
2023-01-17 00:00:00,Tuesday,January,Winter,17,7,8,2989
2023-01-12 00:00:00,Thursday,January,Winter,12,8,9,16345
2022-09-22 00:00:00,Thursday,September,Fall,265,4,5,2032
2020-05-02 00:00:00,Saturday,May,Spring,123,7,8,4238
2024-09-26 00:00:00,Thursday,September,Fall,270,2,3,12285
2024-08-15 00:00:00,Thursday,August,Summer,228,16,17,9170
2024-12-19 00:00:00,Thursday,December,Winter,354,23,0,10852
2025-08-04 00:00:00,Monday,August,Summer,216,21,22,4350
2023-08-27 00:00:00,Sunday,August,Summer,239,20,21,4122
2023-05-25 00:00:00,Thursday,May,Spring,145,10,11,12510
2020-12-12 00:00:00,Saturday,December,Winter,347,2,3,5549
2023-09-11 00:00:00,Monday,September,Fall,254,7,8,1487
2024-02-29 00:00:00,Thursday,February,Winter,60,15,16,11785
2025-02-18 00:00:00,Tuesday,February,Winter,49,17,18,7911
2020-08-11 00:00:00,Tuesday,August,Summer,224,6,7,789
2021-07-12 00:00:00,Monday,July,Summer,193,21,22,3009
2022-12-10 00:00:00,Saturday,December,Winter,344,9,10,2001
2022-09-08 00:00:00,Thursday,September,Fall,251,1,2,3781
2024-04-13 00:00:00,Saturday,April,Spring,104,1,2,2145
2022-05-19 00:00:00,Thursday,May,Spring,139,11,12,8552
2024-05-15 00:00:00,Wednesday,May,Spring,136,1,2,3240
2024-01-04 00:00:00,Thursday,January,Winter,4,0,1,15949
2024-03-16 00:00:00,Saturday,March,Spring,76,4,5,7152
2024-04-17 00:00:00,Wednesday,April,Spring,108,2,3,5485
2023-10-10 00:00:00,Tuesday,October,Fall,283,23,0,2350
2021-07-20 00:00:00,Tuesday,July,Summer,201,17,18,5061
2024-06-28 00:00:00,Friday,June,Summer,180,19,20,2931
2022-10-17 00:00:00,Monday,October,Fall,290,4,5,8371
2024-05-04 00:00:00,Saturday,May,Spring,125,16,17,7097
2022-11-23 00:00:00,Wednesday,November,Fall,327,16,17,11998
2024-07-25 00:00:00,Thursday,July,Summer,207,14,15,10189
2023-11-22 00:00:00,Wednesday,November,Fall,326,0,1,7046
2023-05-23 00:00:00,Tuesday,May,Spring,143,13,14,11450
2024-10-17 00:00:00,Thursday,October,Fall,291,14,15,3422
2020-06-18 00:00:00,Thursday,June,Summer,170,15,16,5327
2020-09-16 00:00:00,Wednesday,September,Fall,260,19,20,4286
2024-09-01 00:00:00,Sunday,September,Fall,245,10,11,5454
2022-11-29 00:00:00,Tuesday,November,Fall,333,1,2,2348
2022-07-31 00:00:00,Sunday,July,Summer,212,0,1,2172
2022-11-11 00:00:00,Friday,November,Fall,315,22,23,4710
2024-10-24 00:00:00,Thursday,October,Fall,298,13,14,8418
2025-09-09 00:00:00,Tuesday,September,Fall,252,1,2,2328
2022-06-03 00:00:00,Friday,June,Summer,154,10,11,3195
2020-04-11 00:00:00,Saturday,April,Spring,102,12,13,4030
2025-03-28 00:00:00,Friday,March,Spring,87,6,7,2900
2024-09-24 00:00:00,Tuesday,September,Fall,268,1,2,5173
2021-05-29 00:00:00,Saturday,May,Spring,149,8,9,2818
2020-12-13 00:00:00,Sunday,December,Winter,348,17,18,8724
2024-12-21 00:00:00,Saturday,December,Winter,356,15,16,16264
2021-01-30 00:00:00,Saturday,January,Winter,30,9,10,7466
2023-04-28 00:00:00,Friday,April,Spring,118,19,20,4416
2023-02-22 00:00:00,Wednesday,February,Winter,53,8,9,3681
2024-07-04 00:00:00,Thursday,July,Summer,186,2,3,4917
2023-08-17 00:00:00,Thursday,August,Summer,229,22,23,3285
2025-03-01 00:00:00,Saturday,March,Spring,60,6,7,6964
2021-04-05 00:00:00,Monday,April,Spring,95,17,18,11176
2025-04-24 00:00:00,Thursday,April,Spring,114,3,4,2874
2023-01-01 00:00:00,Sunday,January,Winter,1,11,12,11352
2024-09-21 00:00:00,Saturday,September,Fall,265,18,19,3706
2022-02-06 00:00:00,Sunday,February,Winter,37,8,9,15231
2023-06-22 00:00:00,Thursday,June,Summer,173,12,13,8029
2022-06-19 00:00:00,Sunday,June,Summer,170,23,0,6609
2022-12-29 00:00:00,Thursday,December,Winter,363,7,8,14628
2021-10-08 00:00:00,Friday,October,Fall,281,16,17,7401
2021-03-03 00:00:00,Wednesday,March,Spring,62,15,16,2297
2022-08-25 00:00:00,Thursday,August,Summer,237,9,10,4102
2023-11-02 00:00:00,Thursday,November,Fall,306,12,13,15749
2023-04-28 00:00:00,Friday,April,Spring,118,15,16,11332
2024-03-19 00:00:00,Tuesday,March,Spring,79,8,9,2995
2025-10-18 00:00:00,Saturday,October,Fall,291,2,3,5298
2025-09-09 00:00:00,Tuesday,September,Fall,252,18,19,3952
2020-02-26 00:00:00,Wednesday,February,Winter,57,6,7,10052
2023-08-02 00:00:00,Wednesday,August,Summer,214,3,4,11426
2024-01-27 00:00:00,Saturday,January,Winter,27,4,5,2168
2022-12-29 00:00:00,Thursday,December,Winter,363,9,10,14107
2024-08-31 00:00:00,Saturday,August,Summer,244,5,6,4126
2025-01-12 00:00:00,Sunday,January,Winter,12,4,5,2882
2021-10-10 00:00:00,Sunday,October,Fall,283,12,13,5083
2025-03-06 00:00:00,Thursday,March,Spring,65,12,13,15080
2023-09-27 00:00:00,Wednesday,September,Fall,270,20,21,6093
2022-03-21 00:00:00,Monday,March,Spring,80,6,7,4047
2022-07-25 00:00:00,Monday,July,Summer,206,14,15,13252
2020-01-07 00:00:00,Tuesday,January,Winter,7,20,21,5559
2025-06-19 00:00:00,Thursday,June,Summer,170,12,13,5699
2023-10-02 00:00:00,Monday,October,Fall,275,22,23,9165
2025-10-22 00:00:00,Wednesday,October,Fall,295,6,7,4199
2020-08-20 00:00:00,Thursday,August,Summer,233,1,2,4652
2023-01-05 00:00:00,Thursday,January,Winter,5,8,9,6315
2021-04-15 00:00:00,Thursday,April,Spring,105,8,9,4765
2023-04-03 00:00:00,Monday,April,Spring,93,6,7,5730
2022-07-28 00:00:00,Thursday,July,Summer,209,16,17,4699
2022-03-16 00:00:00,Wednesday,March,Spring,75,22,23,4803
2024-02-11 00:00:00,Sunday,February,Winter,42,23,0,5948
2022-04-18 00:00:00,Monday,April,Spring,108,10,11,4102
2020-08-20 00:00:00,Thursday,August,Summer,233,0,1,4778
2021-05-30 00:00:00,Sunday,May,Spring,150,18,19,5283
2024-02-03 00:00:00,Saturday,February,Winter,34,0,1,5398
2022-02-02 00:00:00,Wednesday,February,Winter,33,12,13,7343
2022-08-11 00:00:00,Thursday,August,Summer,223,16,17,7985
2020-03-02 00:00:00,Monday,March,Spring,62,0,1,8237
2020-07-20 00:00:00,Monday,July,Summer,202,12,13,6001
2025-02-25 00:00:00,Tuesday,February,Winter,56,6,7,5499
2023-09-27 00:00:00,Wednesday,September,Fall,270,9,10,4720
2021-01-28 00:00:00,Thursday,January,Winter,28,7,8,13384
2021-04-11 00:00:00,Sunday,April,Spring,101,9,10,6470
2023-01-04 00:00:00,Wednesday,January,Winter,4,13,14,17387
2023-05-22 00:00:00,Monday,May,Spring,142,7,8,2460
2020-06-01 00:00:00,Monday,June,Summer,153,23,0,2810
2025-01-12 00:00:00,Sunday,January,Winter,12,7,8,3280
2020-12-28 00:00:00,Monday,December,Winter,363,14,15,9585
2024-03-26 00:00:00,Tuesday,March,Spring,86,11,12,5113
2021-05-05 00:00:00,Wednesday,May,Spring,125,3,4,6830
2022-02-03 00:00:00,Thursday,February,Winter,34,8,9,3193
2022-11-15 00:00:00,Tuesday,November,Fall,319,23,0,8025
2025-01-13 00:00:00,Monday,January,Winter,13,17,18,3745
2021-10-29 00:00:00,Friday,October,Fall,302,11,12,12826
2020-02-20 00:00:00,Thursday,February,Winter,51,21,22,9235
2020-09-11 00:00:00,Friday,September,Fall,255,20,21,978
2022-04-20 00:00:00,Wednesday,April,Spring,110,13,14,6149
2021-02-26 00:00:00,Friday,February,Winter,57,9,10,3431
2023-03-21 00:00:00,Tuesday,March,Spring,80,2,3,3815
2022-08-24 00:00:00,Wednesday,August,Summer,236,6,7,918
2023-03-04 00:00:00,Saturday,March,Spring,63,3,4,4696
2025-07-12 00:00:00,Saturday,July,Summer,193,6,7,3675
2021-08-08 00:00:00,Sunday,August,Summer,220,8,9,5143
2020-03-26 00:00:00,Thursday,March,Spring,86,11,12,9436
2023-04-14 00:00:00,Friday,April,Spring,104,18,19,9132
2022-02-24 00:00:00,Thursday,February,Winter,55,2,3,4044
2020-01-19 00:00:00,Sunday,January,Winter,19,21,22,7199
2025-09-28 00:00:00,Sunday,September,Fall,271,18,19,1930
2025-07-25 00:00:00,Friday,July,Summer,206,20,21,3699
2022-09-21 00:00:00,Wednesday,September,Fall,264,15,16,7231
2023-03-27 00:00:00,Monday,March,Spring,86,21,22,2171
2022-01-10 00:00:00,Monday,January,Winter,10,17,18,1854
2025-06-15 00:00:00,Sunday,June,Summer,166,11,12,3323
2025-09-27 00:00:00,Saturday,September,Fall,270,19,20,988
2024-06-05 00:00:00,Wednesday,June,Summer,157,16,17,5467
2022-01-31 00:00:00,Monday,January,Winter,31,12,13,16588
2025-05-10 00:00:00,Saturday,May,Spring,130,15,16,6026
2020-11-09 00:00:00,Monday,November,Fall,314,12,13,3129
2024-12-08 00:00:00,Sunday,December,Winter,343,9,10,17595
2021-03-04 00:00:00,Thursday,March,Spring,63,10,11,2510
2020-07-10 00:00:00,Friday,July,Summer,192,6,7,2854
2025-03-12 00:00:00,Wednesday,March,Spring,71,15,16,3819
2023-09-01 00:00:00,Friday,September,Fall,244,18,19,3528
2024-01-12 00:00:00,Friday,January,Winter,12,7,8,6614
2023-07-14 00:00:00,Friday,July,Summer,195,10,11,9021
2020-11-29 00:00:00,Sunday,November,Fall,334,14,15,3884
2023-11-03 00:00:00,Friday,November,Fall,307,20,21,11587
2024-07-15 00:00:00,Monday,July,Summer,197,2,3,806
2021-01-13 00:00:00,Wednesday,January,Winter,13,21,22,10124
2021-05-05 00:00:00,Wednesday,May,Spring,125,19,20,7103
2023-03-21 00:00:00,Tuesday,March,Spring,80,21,22,6853
2024-07-03 00:00:00,Wednesday,July,Summer,185,16,17,12507
2025-07-11 00:00:00,Friday,July,Summer,192,2,3,4561
2021-07-30 00:00:00,Friday,July,Summer,211,10,11,7443
2022-04-06 00:00:00,Wednesday,April,Spring,96,8,9,5703
2025-11-09 00:00:00,Sunday,November,Fall,313,10,11,6137
2024-02-08 00:00:00,Thursday,February,Winter,39,9,10,14578
2021-05-06 00:00:00,Thursday,May,Spring,126,23,0,2774
2021-10-23 00:00:00,Saturday,October,Fall,296,9,10,2533
2022-10-07 00:00:00,Friday,October,Fall,280,23,0,2893
2024-02-02 00:00:00,Friday,February,Winter,33,20,21,7591
2022-12-13 00:00:00,Tuesday,December,Winter,347,18,19,3271
2022-05-28 00:00:00,Saturday,May,Spring,148,23,0,6736
2023-04-08 00:00:00,Saturday,April,Spring,98,15,16,8121
2024-06-05 00:00:00,Wednesday,June,Summer,157,3,4,2600
2025-03-26 00:00:00,Wednesday,March,Spring,85,8,9,4117
2024-08-27 00:00:00,Tuesday,August,Summer,240,7,8,4362
2020-03-22 00:00:00,Sunday,March,Spring,82,5,6,8012
2022-04-26 00:00:00,Tuesday,April,Spring,116,22,23,5243
2023-05-19 00:00:00,Friday,May,Spring,139,15,16,10001
2022-01-24 00:00:00,Monday,January,Winter,24,3,4,2969
2022-02-01 00:00:00,Tuesday,February,Winter,32,8,9,7682
2024-12-16 00:00:00,Monday,December,Winter,351,4,5,7471
2023-12-16 00:00:00,Saturday,December,Winter,350,11,12,5289
2023-10-29 00:00:00,Sunday,October,Fall,302,17,18,13201
2022-01-06 00:00:00,Thursday,January,Winter,6,20,21,6842
2022-04-06 00:00:00,Wednesday,April,Spring,96,15,16,13079
2023-06-16 00:00:00,Friday,June,Summer,167,22,23,1185
2021-10-26 00:00:00,Tuesday,October,Fall,299,1,2,3058
2025-11-26 00:00:00,Wednesday,November,Fall,330,13,14,6697
2022-12-08 00:00:00,Thursday,December,Winter,342,12,13,2588
2021-01-25 00:00:00,Monday,January,Winter,25,7,8,5382
2020-03-30 00:00:00,Monday,March,Spring,90,18,19,11078
2023-12-08 00:00:00,Friday,December,Winter,342,12,13,5928
2022-09-03 00:00:00,Saturday,September,Fall,246,7,8,1564
2024-05-13 00:00:00,Monday,May,Spring,134,2,3,2486
2024-07-17 00:00:00,Wednesday,July,Summer,199,6,7,1311
2021-08-01 00:00:00,Sunday,August,Summer,213,14,15,6936
2024-07-25 00:00:00,Thursday,July,Summer,207,7,8,1757
2021-04-30 00:00:00,Friday,April,Spring,120,16,17,2380
2025-08-23 00:00:00,Saturday,August,Summer,235,17,18,7139
2021-10-12 00:00:00,Tuesday,October,Fall,285,21,22,3745
2020-12-29 00:00:00,Tuesday,December,Winter,364,2,3,6417
2023-01-06 00:00:00,Friday,January,Winter,6,1,2,7136
2025-04-18 00:00:00,Friday,April,Spring,108,14,15,7510
2021-10-27 00:00:00,Wednesday,October,Fall,300,15,16,5169
2023-12-09 00:00:00,Saturday,December,Winter,343,0,1,8230
2024-12-21 00:00:00,Saturday,December,Winter,356,0,1,11974
2025-01-05 00:00:00,Sunday,January,Winter,5,8,9,17589
2021-10-06 00:00:00,Wednesday,October,Fall,279,22,23,2961
2024-01-16 00:00:00,Tuesday,January,Winter,16,13,14,3645
2022-09-21 00:00:00,Wednesday,September,Fall,264,0,1,2874
2024-11-08 00:00:00,Friday,November,Fall,313,5,6,2488
2021-01-29 00:00:00,Friday,January,Winter,29,9,10,14288
2021-08-07 00:00:00,Saturday,August,Summer,219,1,2,2984
2024-07-23 00:00:00,Tuesday,July,Summer,205,20,21,4481
2025-06-27 00:00:00,Friday,June,Summer,178,6,7,2148
2020-10-09 00:00:00,Friday,October,Fall,283,6,7,2199
2020-08-15 00:00:00,Saturday,August,Summer,228,13,14,3858
2024-10-13 00:00:00,Sunday,October,Fall,287,19,20,846
2021-11-18 00:00:00,Thursday,November,Fall,322,0,1,1595
2021-04-29 00:00:00,Thursday,April,Spring,119,7,8,2584
2024-09-24 00:00:00,Tuesday,September,Fall,268,19,20,4603
2020-10-13 00:00:00,Tuesday,October,Fall,287,15,16,6503
2025-09-07 00:00:00,Sunday,September,Fall,250,2,3,6502
2024-03-28 00:00:00,Thursday,March,Spring,88,1,2,14376
2020-07-07 00:00:00,Tuesday,July,Summer,189,20,21,2114
2020-05-22 00:00:00,Friday,May,Spring,143,17,18,6372
2023-01-26 00:00:00,Thursday,January,Winter,26,10,11,5197
2020-04-25 00:00:00,Saturday,April,Spring,116,13,14,4085
2024-07-14 00:00:00,Sunday,July,Summer,196,10,11,2634
2024-12-11 00:00:00,Wednesday,December,Winter,346,14,15,6865
2023-10-20 00:00:00,Friday,October,Fall,293,18,19,7162
2022-07-31 00:00:00,Sunday,July,Summer,212,7,8,1873
2020-11-19 00:00:00,Thursday,November,Fall,324,22,23,4071
2023-05-13 00:00:00,Saturday,May,Spring,133,13,14,9897
2024-01-29 00:00:00,Monday,January,Winter,29,17,18,5859
2024-04-19 00:00:00,Friday,April,Spring,110,14,15,18551
2020-06-09 00:00:00,Tuesday,June,Summer,161,16,17,5018
2025-03-30 00:00:00,Sunday,March,Spring,89,21,22,6026
2020-07-04 00:00:00,Saturday,July,Summer,186,0,1,2880
2023-04-21 00:00:00,Friday,April,Spring,111,12,13,7908
2025-03-11 00:00:00,Tuesday,March,Spring,70,9,10,5850
2021-09-01 00:00:00,Wednesday,September,Fall,244,21,22,7034
2025-08-18 00:00:00,Monday,August,Summer,230,5,6,5172
2022-01-16 00:00:00,Sunday,January,Winter,16,11,12,5504
2020-04-08 00:00:00,Wednesday,April,Spring,99,22,23,690
2024-03-20 00:00:00,Wednesday,March,Spring,80,8,9,4474
2021-09-02 00:00:00,Thursday,September,Fall,245,8,9,6040
2025-06-06 00:00:00,Friday,June,Summer,157,5,6,8130
2025-04-05 00:00:00,Saturday,April,Spring,95,15,16,6317
2021-07-18 00:00:00,Sunday,July,Summer,199,5,6,4909
2020-05-30 00:00:00,Saturday,May,Spring,151,8,9,3028
2023-01-15 00:00:00,Sunday,January,Winter,15,2,3,9467
2022-09-08 00:00:00,Thursday,September,Fall,251,22,23,5397
2025-10-22 00:00:00,Wednesday,October,Fall,295,20,21,10734
2021-12-28 00:00:00,Tuesday,December,Winter,362,14,15,15685
2024-09-29 00:00:00,Sunday,September,Fall,273,22,23,10984
2020-06-14 00:00:00,Sunday,June,Summer,166,13,14,5704
2021-12-23 00:00:00,Thursday,December,Winter,357,10,11,9426
2024-03-18 00:00:00,Monday,March,Spring,78,23,0,933
2023-08-24 00:00:00,Thursday,August,Summer,236,15,16,13574
2021-10-29 00:00:00,Friday,October,Fall,302,9,10,12500
2025-06-16 00:00:00,Monday,June,Summer,167,17,18,8507
2024-10-07 00:00:00,Monday,October,Fall,281,14,15,6327
2021-08-25 00:00:00,Wednesday,August,Summer,237,2,3,6018
2023-03-03 00:00:00,Friday,March,Spring,62,6,7,4375
2024-07-22 00:00:00,Monday,July,Summer,204,22,23,3692
2025-08-12 00:00:00,Tuesday,August,Summer,224,19,20,3451
2023-04-18 00:00:00,Tuesday,April,Spring,108,1,2,7360
2024-03-25 00:00:00,Monday,March,Spring,85,4,5,1955
2022-01-17 00:00:00,Monday,January,Winter,17,14,15,3473
2024-05-05 00:00:00,Sunday,May,Spring,126,0,1,3218
2023-04-08 00:00:00,Saturday,April,Spring,98,21,22,3198
2022-08-01 00:00:00,Monday,August,Summer,213,16,17,6020
2024-03-05 00:00:00,Tuesday,March,Spring,65,10,11,9324
2025-06-02 00:00:00,Monday,June,Summer,153,7,8,2418
2024-11-04 00:00:00,Monday,November,Fall,309,7,8,2712
2025-08-11 00:00:00,Monday,August,Summer,223,4,5,5798
2023-12-25 00:00:00,Monday,December,Winter,359,18,19,12549
2022-04-13 00:00:00,Wednesday,April,Spring,103,23,0,1056
2024-10-13 00:00:00,Sunday,October,Fall,287,12,13,5958
2023-07-30 00:00:00,Sunday,July,Summer,211,19,20,8854
2020-09-14 00:00:00,Monday,September,Fall,258,5,6,2506
2023-11-14 00:00:00,Tuesday,November,Fall,318,23,0,12183
2024-08-25 00:00:00,Sunday,August,Summer,238,0,1,8078
2025-09-29 00:00:00,Monday,September,Fall,272,7,8,1685
2024-04-23 00:00:00,Tuesday,April,Spring,114,22,23,4207
2022-11-14 00:00:00,Monday,November,Fall,318,6,7,3756
2025-06-21 00:00:00,Saturday,June,Summer,172,5,6,3209
2024-01-02 00:00:00,Tuesday,January,Winter,2,22,23,17304
2020-04-29 00:00:00,Wednesday,April,Spring,120,14,15,11037
2021-01-04 00:00:00,Monday,January,Winter,4,1,2,1985
2025-10-26 00:00:00,Sunday,October,Fall,299,22,23,14963
2024-06-23 00:00:00,Sunday,June,Summer,175,8,9,3443
2022-12-04 00:00:00,Sunday,December,Winter,338,3,4,3339
2022-01-20 00:00:00,Thursday,January,Winter,20,5,6,3390
2020-06-21 00:00:00,Sunday,June,Summer,173,22,23,3262
2024-04-07 00:00:00,Sunday,April,Spring,98,3,4,9110
2024-05-21 00:00:00,Tuesday,May,Spring,142,6,7,1742
2023-03-08 00:00:00,Wednesday,March,Spring,67,22,23,14517
2021-08-26 00:00:00,Thursday,August,Summer,238,15,16,8587
2025-10-16 00:00:00,Thursday,October,Fall,289,1,2,4833
2020-11-06 00:00:00,Friday,November,Fall,311,15,16,5205
2022-10-20 00:00:00,Thursday,October,Fall,293,18,19,5532
2025-02-22 00:00:00,Saturday,February,Winter,53,16,17,8303
2021-11-08 00:00:00,Monday,November,Fall,312,19,20,1830
2024-04-16 00:00:00,Tuesday,April,Spring,107,15,16,10661
2022-04-07 00:00:00,Thursday,April,Spring,97,20,21,13977
2023-11-07 00:00:00,Tuesday,November,Fall,311,18,19,8342
2020-05-16 00:00:00,Saturday,May,Spring,137,23,0,4229
2021-12-08 00:00:00,Wednesday,December,Winter,342,17,18,4609
2022-04-27 00:00:00,Wednesday,April,Spring,117,8,9,5412
2025-01-31 00:00:00,Friday,January,Winter,31,23,0,3781
2022-12-26 00:00:00,Monday,December,Winter,360,15,16,8297
2023-05-15 00:00:00,Monday,May,Spring,135,20,21,8937
2022-02-22 00:00:00,Tuesday,February,Winter,53,14,15,14800
2023-06-03 00:00:00,Saturday,June,Summer,154,8,9,4876
2021-03-03 00:00:00,Wednesday,March,Spring,62,19,20,854
2020-06-18 00:00:00,Thursday,June,Summer,170,21,22,1799
2024-09-28 00:00:00,Saturday,September,Fall,272,16,17,7308
2020-06-13 00:00:00,Saturday,June,Summer,165,13,14,5636
2024-12-26 00:00:00,Thursday,December,Winter,361,7,8,2631
2020-07-28 00:00:00,Tuesday,July,Summer,210,23,0,2945
2020-09-12 00:00:00,Saturday,September,Fall,256,20,21,1281
2023-12-01 00:00:00,Friday,December,Winter,335,4,5,1917
2021-02-05 00:00:00,Friday,February,Winter,36,5,6,1882
2024-05-25 00:00:00,Saturday,May,Spring,146,21,22,1504
2023-02-08 00:00:00,Wednesday,February,Winter,39,0,1,4023
